Year,Date,County,Total,DEM,Green Party,Independent American,LIB,Natural Law Party,Nonpartisan,Other,REP
2017,2017-01-01,Carson City,29060,8926,,1561,313,,5000,253,13007
2017,2017-01-01,Churchill,13441,2658,,724,119,,2069,70,7801
2017,2017-01-01,Clark,1050443,454127,,42841,8838,,229069,12363,303205
2017,2017-01-01,Douglas,31600,7460,,1498,347,,4916,145,17234
2017,2017-01-01,Elko,24151,4294,,1321,275,,4632,109,13520
2017,2017-01-01,Esmeralda,580,107,,50,7,,75,4,337
2017,2017-01-01,Eureka,966,112,,61,6,,107,2,678
2017,2017-01-01,Humboldt,8084,1640,,411,76,,1529,54,4374
2017,2017-01-01,Lander,3053,578,,148,17,,532,11,1767
2017,2017-01-01,Lincoln,2733,652,,143,16,,324,10,1588
2017,2017-01-01,Lyon,33304,7919,,2274,356,,6022,242,16491
2017,2017-01-01,Mineral,2955,1057,,193,25,,463,14,1203
2017,2017-01-01,Nye,27617,7566,,1908,250,,4907,134,12852
2017,2017-01-01,Pershing,2524,607,,129,22,,491,8,1267
2017,2017-01-01,Storey,2957,748,,213,40,,496,13,1447
2017,2017-01-01,Washoe,266888,95586,,12272,3201,,52994,3852,98983
2017,2017-01-01,White Pine,4719,1292,,284,40,,824,20,2259
2017,2017-01-01,TOTALS,1505075,595329,,66031,13948,,314450,17304,498013
2017,2017-02-01,Carson City,29108,8930,,1562,315,,5030,253,13018
2017,2017-02-01,Churchill,12578,2459,,648,113,,1881,63,7414
2017,2017-02-01,Clark,1055023,455544,,43223,8926,,230568,12349,304413
2017,2017-02-01,Douglas,31694,7469,,1503,352,,4958,146,17266
2017,2017-02-01,Elko,24227,4294,,1326,279,,4666,109,13553
2017,2017-02-01,Esmeralda,581,106,,50,7,,75,4,339
2017,2017-02-01,Eureka,962,112,,61,6,,108,2,673
2017,2017-02-01,Humboldt,8142,1644,,422,76,,1539,53,4408
2017,2017-02-01,Lander,3052,576,,149,18,,532,11,1766
2017,2017-02-01,Lincoln,2711,640,,143,16,,323,10,1579
2017,2017-02-01,Lyon,33380,7924,,2277,359,,6048,242,16530
2017,2017-02-01,Mineral,2959,1056,,194,25,,466,14,1204
2017,2017-02-01,Nye,27475,7510,,1900,251,,4884,132,12798
2017,2017-02-01,Pershing,2533,606,,130,23,,499,9,1266
2017,2017-02-01,Storey,2960,746,,213,40,,497,14,1450
2017,2017-02-01,Washoe,265869,94946,,12247,3208,,52845,3835,98788
2017,2017-02-01,White Pine,4628,1261,,277,37,,802,21,2230
2017,2017-02-01,TOTALS,1507882,595823,,66325,14051,,315721,17267,498695
2017,2017-03-01,Carson City,29167,8937,,1563,317,,5052,254,13044
2017,2017-03-01,Churchill,12626,2466,,649,115,,1905,62,7429
2017,2017-03-01,Clark,1022664,441182,,42000,8647,,223150,11883,295802
2017,2017-03-01,Douglas,31792,7481,,1514,354,,4999,148,17296
2017,2017-03-01,Elko,24327,4309,,1337,282,,4695,110,13594
2017,2017-03-01,Esmeralda,579,107,,50,6,,76,4,336
2017,2017-03-01,Eureka,965,114,,61,6,,107,2,675
2017,2017-03-01,Humboldt,8169,1647,,426,75,,1549,53,4419
2017,2017-03-01,Lander,3064,579,,151,18,,536,11,1769
2017,2017-03-01,Lincoln,2714,640,,143,16,,325,11,1579
2017,2017-03-01,Lyon,33449,7934,,2286,363,,6064,246,16556
2017,2017-03-01,Mineral,2959,1054,,195,25,,468,14,1203
2017,2017-03-01,Nye,27614,7516,,1908,255,,4939,136,12860
2017,2017-03-01,Pershing,2541,607,,134,23,,501,9,1267
2017,2017-03-01,Storey,2979,746,,214,40,,499,16,1464
2017,2017-03-01,Washoe,265682,94786,,12259,3227,,52872,3813,98725
2017,2017-03-01,White Pine,4619,1255,,276,37,,801,20,2230
2017,2017-03-01,TOTALS,1475910,581360,,65166,13806,,308538,16792,490248
2017,2017-04-01,Carson City,29249,8957,,1576,322,,5076,254,13064
2017,2017-04-01,Churchill,12650,2474,,649,116,,1915,62,7434
2017,2017-04-01,Clark,1027177,442674,,42312,8735,,224429,12247,296780
2017,2017-04-01,Douglas,31895,7493,,1533,355,,5040,148,17326
2017,2017-04-01,Elko,21664,3782,,1143,257,,4120,91,12271
2017,2017-04-01,Esmeralda,581,108,,50,6,,78,4,335
2017,2017-04-01,Eureka,965,114,,61,5,,111,2,672
2017,2017-04-01,Humboldt,8238,1653,,430,77,,1574,52,4452
2017,2017-04-01,Lander,3067,579,,152,18,,541,11,1766
2017,2017-04-01,Lincoln,2720,641,,145,16,,328,11,1579
2017,2017-04-01,Lyon,33484,7937,,2294,366,,6073,246,16568
2017,2017-04-01,Mineral,2427,858,,146,16,,365,13,1029
2017,2017-04-01,Nye,27989,7598,,1948,264,,5007,140,13032
2017,2017-04-01,Pershing,2542,607,,134,23,,505,9,1264
2017,2017-04-01,Storey,2986,747,,215,40,,503,16,1465
2017,2017-04-01,Washoe,263129,93676,,12114,3217,,52367,3756,97999
2017,2017-04-01,White Pine,4517,1235,,266,35,,778,17,2186
2017,2017-04-01,TOTALS,1475280,581133,,65168,13868,,308810,17079,489222
2017,2017-05-01,Carson City,29356,8982,,1588,326,,5130,256,13074
2017,2017-05-01,Churchill,12702,2470,,650,119,,1950,63,7450
2017,2017-05-01,Clark,1030925,443796,,42571,8804,,225641,12577,297536
2017,2017-05-01,Douglas,31998,7496,,1540,356,,5079,148,17379
2017,2017-05-01,Elko,21902,3814,,1156,261,,4200,92,12379
2017,2017-05-01,Esmeralda,582,109,,50,6,,77,4,336
2017,2017-05-01,Eureka,969,113,,61,5,,111,2,677
2017,2017-05-01,Humboldt,8268,1656,,434,78,,1586,52,4462
2017,2017-05-01,Lander,3068,578,,152,19,,545,10,1764
2017,2017-05-01,Lincoln,2728,639,,146,16,,331,11,1585
2017,2017-05-01,Lyon,33615,7948,,2304,371,,6117,248,16627
2017,2017-05-01,Mineral,2439,855,,149,16,,373,13,1033
2017,2017-05-01,Nye,28100,7617,,1972,263,,5036,144,13068
2017,2017-05-01,Pershing,2546,606,,134,23,,506,9,1268
2017,2017-05-01,Storey,2985,743,,215,39,,501,16,1471
2017,2017-05-01,Washoe,259382,92283,,11911,3163,,51676,3678,96671
2017,2017-05-01,White Pine,4530,1231,,268,35,,786,19,2191
2017,2017-05-01,TOTALS,1476095,580936,,65301,13900,,309645,17342,488971
2017,2017-06-01,Carson City,29341,8983,,1604,325,,5138,254,13037
2017,2017-06-01,Churchill,12751,2475,,649,125,,1974,63,7465
2017,2017-06-01,Clark,1037246,445598,,42909,8926,,227383,13224,299206
2017,2017-06-01,Douglas,32058,7511,,1546,357,,5093,149,17402
2017,2017-06-01,Elko,22100,3836,,1173,264,,4249,94,12484
2017,2017-06-01,Esmeralda,585,110,,51,7,,77,4,336
2017,2017-06-01,Eureka,974,113,,63,5,,114,2,677
2017,2017-06-01,Humboldt,8291,1662,,438,80,,1596,52,4463
2017,2017-06-01,Lander,3078,582,,153,18,,551,11,1763
2017,2017-06-01,Lincoln,2726,633,,147,16,,335,11,1584
2017,2017-06-01,Lyon,33783,7960,,2328,373,,6176,251,16695
2017,2017-06-01,Mineral,2440,852,,149,16,,377,13,1033
2017,2017-06-01,Nye,28040,7545,,1982,261,,5047,144,13061
2017,2017-06-01,Pershing,2554,604,,136,23,,504,9,1278
2017,2017-06-01,Storey,2992,742,,216,40,,504,16,1474
2017,2017-06-01,Washoe,248761,88198,,11221,3042,,49264,3503,93533
2017,2017-06-01,White Pine,4539,1226,,271,35,,788,19,2200
2017,2017-06-01,TOTALS,1472259,578630,,65036,13913,,309170,17819,487691
2017,2017-07-01,Carson City,29420,8999,,1597,330,,5169,252,13073
2017,2017-07-01,Churchill,12776,2475,,651,127,,1990,63,7470
2017,2017-07-01,Clark,1041467,446550,,43213,9025,,228572,14013,300094
2017,2017-07-01,Douglas,32226,7536,,1558,358,,5157,150,17467
2017,2017-07-01,Elko,22219,3848,,1183,264,,4282,96,12546
2017,2017-07-01,Esmeralda,586,111,,51,7,,76,4,337
2017,2017-07-01,Eureka,979,114,,63,5,,114,2,681
2017,2017-07-01,Humboldt,8308,1662,,438,79,,1599,52,4478
2017,2017-07-01,Lander,3088,581,,155,19,,558,12,1763
2017,2017-07-01,Lincoln,2728,633,,149,16,,335,11,1584
2017,2017-07-01,Lyon,33820,7952,,2335,371,,6181,253,16728
2017,2017-07-01,Mineral,2437,850,,149,16,,376,13,1033
2017,2017-07-01,Nye,27792,7440,,1961,263,,5001,146,12981
2017,2017-07-01,Pershing,2564,604,,136,23,,505,10,1286
2017,2017-07-01,Storey,2998,740,,214,40,,504,16,1484
2017,2017-07-01,Washoe,250283,88527,,11328,3069,,49798,3502,94059
2017,2017-07-01,White Pine,4523,1226,,267,34,,776,19,2201
2017,2017-07-01,TOTALS,1478214,579848,,65448,14046,,310993,18614,489265
2017,2017-08-01,Carson City,29629,9053,,1610,331,,5192,253,13190
2017,2017-08-01,Churchill,12828,2468,,649,129,,2015,64,7503
2017,2017-08-01,Clark,1046935,447561,,43509,9109,,232071,12686,301999
2017,2017-08-01,Douglas,32437,7561,,1564,365,,5190,152,17605
2017,2017-08-01,Elko,22278,3856,,1184,264,,4321,96,12557
2017,2017-08-01,Esmeralda,588,110,,51,7,,77,4,339
2017,2017-08-01,Eureka,976,115,,61,6,,114,1,679
2017,2017-08-01,Humboldt,7590,1497,,385,71,,1408,41,4188
2017,2017-08-01,Lander,3086,581,,157,20,,556,12,1760
2017,2017-08-01,Lincoln,2726,632,,149,16,,334,11,1584
2017,2017-08-01,Lyon,33645,7884,,2318,373,,6134,250,16686
2017,2017-08-01,Mineral,2442,851,,151,16,,377,13,1034
2017,2017-08-01,Nye,27482,7300,,1938,265,,4934,149,12896
2017,2017-08-01,Pershing,2568,604,,136,23,,505,10,1290
2017,2017-08-01,Storey,3005,737,,216,40,,510,16,1486
2017,2017-08-01,Washoe,250296,88423,,11365,3090,,49997,3478,93943
2017,2017-08-01,White Pine,4493,1218,,264,33,,776,19,2183
2017,2017-08-01,TOTALS,1483004,580451,,65707,14158,,314511,17255,490922
2017,2017-09-01,Carson City,29807,9091,,1610,327,,5217,254,13308
2017,2017-09-01,Churchill,12897,2476,,652,131,,2034,64,7540
2017,2017-09-01,Clark,1052309,448937,,43750,9198,,234131,12515,303778
2017,2017-09-01,Douglas,32543,7582,,1568,366,,5208,151,17668
2017,2017-09-01,Elko,22394,3863,,1194,267,,4367,95,12608
2017,2017-09-01,Esmeralda,586,109,,51,7,,77,4,338
2017,2017-09-01,Eureka,973,112,,61,5,,113,1,681
2017,2017-09-01,Humboldt,7022,1379,,352,67,,1264,38,3922
2017,2017-09-01,Lander,3085,582,,157,20,,559,12,1755
2017,2017-09-01,Lincoln,2736,629,,150,16,,342,11,1588
2017,2017-09-01,Lyon,33814,7898,,2313,379,,6177,249,16798
2017,2017-09-01,Mineral,2449,854,,152,16,,379,13,1035
2017,2017-09-01,Nye,27168,7182,,1918,265,,4884,153,12766
2017,2017-09-01,Pershing,2581,608,,136,23,,509,10,1295
2017,2017-09-01,Storey,3007,734,,215,40,,508,16,1494
2017,2017-09-01,Washoe,249011,87893,,11328,3080,,49816,3437,93457
2017,2017-09-01,White Pine,4502,1217,,262,34,,782,20,2187
2017,2017-09-01,TOTALS,1486884,581146,,65869,14241,,316367,17043,492218
2017,2017-10-01,Carson City,29958,9111,,1610,327,,5250,252,13408
2017,2017-10-01,Churchill,12846,2456,,651,130,,2018,63,7528
2017,2017-10-01,Clark,1014905,431169,,41981,8829,,224771,11551,296604
2017,2017-10-01,Douglas,32697,7599,,1570,376,,5250,148,17754
2017,2017-10-01,Elko,22463,3874,,1207,273,,4383,94,12632
2017,2017-10-01,Esmeralda,581,108,,50,7,,76,4,336
2017,2017-10-01,Eureka,978,113,,62,5,,116,1,681
2017,2017-10-01,Humboldt,7060,1381,,352,67,,1287,38,3935
2017,2017-10-01,Lander,3079,578,,157,21,,560,13,1750
2017,2017-10-01,Lincoln,2734,627,,151,16,,343,11,1586
2017,2017-10-01,Lyon,33788,7861,,2302,379,,6164,249,16833
2017,2017-10-01,Mineral,2469,856,,155,18,,383,14,1043
2017,2017-10-01,Nye,27213,7134,,1930,272,,4912,153,12812
2017,2017-10-01,Pershing,2568,606,,135,24,,503,10,1290
2017,2017-10-01,Storey,3017,729,,216,42,,509,16,1505
2017,2017-10-01,Washoe,249933,88113,,11365,3107,,50028,3432,93888
2017,2017-10-01,White Pine,4505,1215,,262,34,,781,20,2193
2017,2017-10-01,TOTALS,1450794,563530,,64156,13927,,307334,16069,485778
2017,2017-11-01,Carson City,29920,9081,,1612,329,,5248,247,13403
2017,2017-11-01,Churchill,12901,2465,,653,129,,2027,61,7566
2017,2017-11-01,Clark,1020815,432627,,42240,8956,,226891,11529,298572
2017,2017-11-01,Douglas,32840,7617,,1577,381,,5273,149,17843
2017,2017-11-01,Elko,22572,3886,,1216,278,,4427,95,12670
2017,2017-11-01,Esmeralda,576,107,,50,7,,75,4,333
2017,2017-11-01,Eureka,986,112,,65,5,,118,1,685
2017,2017-11-01,Humboldt,7089,1381,,353,69,,1303,39,3944
2017,2017-11-01,Lander,3084,582,,158,21,,562,13,1748
2017,2017-11-01,Lincoln,2744,629,,151,16,,345,11,1592
2017,2017-11-01,Lyon,33902,7862,,2312,384,,6193,252,16899
2017,2017-11-01,Mineral,2468,851,,157,18,,385,14,1043
2017,2017-11-01,Nye,27279,7127,,1936,272,,4933,151,12860
2017,2017-11-01,Pershing,2594,608,,135,24,,511,10,1306
2017,2017-11-01,Storey,3028,731,,216,42,,515,16,1508
2017,2017-11-01,Washoe,250557,88217,,11376,3112,,50146,3412,94294
2017,2017-11-01,White Pine,4510,1210,,263,34,,785,20,2198
2017,2017-11-01,TOTALS,1457865,565093,,64470,14077,,309737,16024,488464
2017,2017-12-01,Carson City,28656,8716,,1514,312,,4969,232,12913
2017,2017-12-01,Churchill,12956,2476,,657,129,,2029,61,7604
2017,2017-12-01,Clark,1025762,433929,,42519,9037,,228765,11519,299993
2017,2017-12-01,Douglas,32990,7648,,1589,386,,5307,151,17909
2017,2017-12-01,Elko,22667,3891,,1222,279,,4457,96,12722
2017,2017-12-01,Esmeralda,573,105,,50,7,,75,4,332
2017,2017-12-01,Eureka,968,109,,64,5,,115,1,674
2017,2017-12-01,Humboldt,6981,1351,,347,69,,1283,39,3892
2017,2017-12-01,Lander,2817,532,,139,19,,505,10,1612
2017,2017-12-01,Lincoln,2751,625,,150,15,,349,11,1601
2017,2017-12-01,Lyon,34006,7858,,2315,388,,6207,253,16985
2017,2017-12-01,Mineral,2471,849,,157,18,,387,14,1046
2017,2017-12-01,Nye,27405,7148,,1947,274,,4971,152,12913
2017,2017-12-01,Pershing,2604,606,,137,24,,511,10,1316
2017,2017-12-01,Storey,3033,730,,214,42,,518,15,1514
2017,2017-12-01,Washoe,250660,88127,,11376,3146,,50175,3385,94451
2017,2017-12-01,White Pine,4510,1204,,267,34,,788,20,2197
2017,2017-12-01,TOTALS,1461810,565904,,64664,14184,,311411,15973,489674
2018,2018-01-01,Carson City,28824,8749,,1532,318,,5003,232,12990
2018,2018-01-01,Churchill,13033,2496,,662,131,,2046,61,7637
2018,2018-01-01,Clark,1031381,435494,,42783,9126,,230406,11510,302062
2018,2018-01-01,Douglas,33047,7639,,1593,391,,5315,149,17960
2018,2018-01-01,Elko,22743,3902,,1225,283,,4498,96,12739
2018,2018-01-01,Esmeralda,574,107,,48,7,,77,4,331
2018,2018-01-01,Eureka,951,102,,61,5,,114,1,668
2018,2018-01-01,Humboldt,7017,1360,,354,69,,1294,38,3902
2018,2018-01-01,Lander,2824,531,,139,19,,503,10,1622
2018,2018-01-01,Lincoln,2755,626,,151,16,,348,11,1603
2018,2018-01-01,Lyon,33794,7785,,2300,389,,6174,248,16898
2018,2018-01-01,Mineral,2479,847,,157,18,,389,14,1054
2018,2018-01-01,Nye,27496,7165,,1963,274,,4995,159,12940
2018,2018-01-01,Pershing,2602,603,,137,25,,508,9,1320
2018,2018-01-01,Storey,3039,725,,215,43,,521,15,1520
2018,2018-01-01,Washoe,251598,88433,,11437,3175,,50441,3370,94742
2018,2018-01-01,White Pine,4514,1203,,267,33,,789,20,2202
2018,2018-01-01,TOTALS,1468671,567767,,65024,14322,,313421,15947,492190
2018,2018-02-01,Carson City,28939,8780,,1539,320,,5035,231,13034
2018,2018-02-01,Churchill,13064,2499,,663,133,,2056,61,7652
2018,2018-02-01,Clark,1036264,436743,,42937,9192,,231571,11489,304332
2018,2018-02-01,Douglas,36929,8604,,1850,442,,6252,192,19589
2018,2018-02-01,Elko,22773,3898,,1231,283,,4515,97,12749
2018,2018-02-01,Esmeralda,574,107,,48,8,,75,5,331
2018,2018-02-01,Eureka,949,101,,59,6,,110,1,672
2018,2018-02-01,Humboldt,7068,1358,,356,70,,1309,39,3936
2018,2018-02-01,Lander,2827,531,,138,19,,505,10,1624
2018,2018-02-01,Lincoln,2761,624,,153,16,,349,11,1608
2018,2018-02-01,Lyon,33786,7749,,2294,391,,6183,247,16922
2018,2018-02-01,Mineral,2491,845,,160,18,,394,13,1061
2018,2018-02-01,Nye,27520,7145,,1962,275,,5006,158,12974
2018,2018-02-01,Pershing,2455,568,,118,21,,473,9,1266
2018,2018-02-01,Storey,3025,716,,215,44,,520,15,1515
2018,2018-02-01,Washoe,252158,88608,,11463,3185,,50584,3367,94951
2018,2018-02-01,White Pine,4533,1207,,266,33,,794,20,2213
2018,2018-02-01,TOTALS,1478116,570083,,65452,14456,,315731,15965,496429
2018,2018-03-01,Carson City,29072,8812,,1550,320,,5072,231,13087
2018,2018-03-01,Churchill,13123,2499,,670,133,,2078,61,7682
2018,2018-03-01,Clark,971944,408790,,40315,8601,,213648,9385,291205
2018,2018-03-01,Douglas,36050,8369,,1808,426,,6102,190,19155
2018,2018-03-01,Elko,22869,3905,,1236,285,,4556,102,12785
2018,2018-03-01,Esmeralda,577,108,,48,8,,74,5,334
2018,2018-03-01,Eureka,948,99,,59,5,,110,1,674
2018,2018-03-01,Humboldt,7110,1363,,364,71,,1325,38,3949
2018,2018-03-01,Lander,2848,528,,138,19,,505,10,1648
2018,2018-03-01,Lincoln,2767,622,,154,16,,349,11,1615
2018,2018-03-01,Lyon,33883,7767,,2300,396,,6222,246,16952
2018,2018-03-01,Mineral,2491,842,,160,17,,397,13,1062
2018,2018-03-01,Nye,27455,7098,,1960,273,,4982,152,12990
2018,2018-03-01,Pershing,2367,552,,113,19,,453,8,1222
2018,2018-03-01,Storey,3030,713,,216,43,,520,15,1523
2018,2018-03-01,Washoe,254004,89322,,11551,3223,,51121,3360,95427
2018,2018-03-01,White Pine,4471,1193,,264,32,,774,20,2188
2018,2018-03-01,TOTALS,1415009,542582,,62906,13887,,298288,13848,483498
2018,2018-04-01,Carson City,29235,8867,,1553,320,,5123,231,13141
2018,2018-04-01,Churchill,13186,2508,,673,137,,2091,62,7715
2018,2018-04-01,Clark,982338,413422,,40820,8761,,216694,9445,293196
2018,2018-04-01,Douglas,36297,8414,,1817,430,,6154,188,19294
2018,2018-04-01,Elko,22691,3886,,1234,286,,4568,104,12613
2018,2018-04-01,Esmeralda,585,108,,48,8,,77,5,339
2018,2018-04-01,Eureka,956,102,,61,5,,112,1,675
2018,2018-04-01,Humboldt,7142,1364,,368,71,,1336,38,3965
2018,2018-04-01,Lander,2871,519,,137,19,,506,10,1680
2018,2018-04-01,Lincoln,2753,614,,152,16,,345,12,1614
2018,2018-04-01,Lyon,34077,7795,,2308,404,,6255,248,17067
2018,2018-04-01,Mineral,2510,840,,161,17,,401,13,1078
2018,2018-04-01,Nye,27580,7111,,1957,275,,5002,156,13079
2018,2018-04-01,Pershing,2371,541,,112,19,,452,8,1239
2018,2018-04-01,Storey,3042,712,,219,44,,523,15,1529
2018,2018-04-01,Washoe,255654,89923,,11585,3246,,51681,3357,95862
2018,2018-04-01,White Pine,4464,1186,,267,31,,764,19,2197
2018,2018-04-01,TOTALS,1427752,547912,,63472,14089,,302084,13912,486283
2018,2018-05-01,Carson City,29471,8950,,1557,327,,5146,227,13264
2018,2018-05-01,Churchill,13282,2521,,672,136,,2116,61,7776
2018,2018-05-01,Clark,996375,419042,,41574,8937,,220596,9544,296682
2018,2018-05-01,Douglas,33452,7638,,1612,378,,5522,155,18147
2018,2018-05-01,Elko,23350,3988,,1279,301,,4665,103,13014
2018,2018-05-01,Esmeralda,587,103,,53,8,,76,6,341
2018,2018-05-01,Eureka,974,99,,61,6,,117,1,690
2018,2018-05-01,Humboldt,7202,1373,,378,72,,1353,36,3990
2018,2018-05-01,Lander,2962,515,,142,20,,530,11,1744
2018,2018-05-01,Lincoln,2774,592,,152,16,,348,12,1654
2018,2018-05-01,Lyon,34349,7803,,2307,410,,6320,241,17268
2018,2018-05-01,Mineral,2523,840,,162,17,,400,14,1090
2018,2018-05-01,Nye,27813,7121,,1947,284,,5019,153,13289
2018,2018-05-01,Pershing,2424,516,,113,19,,450,8,1318
2018,2018-05-01,Storey,3085,718,,218,44,,528,15,1562
2018,2018-05-01,Washoe,257675,90588,,11662,3302,,52252,3326,96545
2018,2018-05-01,White Pine,4488,1136,,264,30,,770,20,2268
2018,2018-05-01,TOTALS,1442786,553543,,64153,14307,,306208,13933,490642
2018,2018-06-01,Carson City,29695,9016,,1556,337,,5169,230,13387
2018,2018-06-01,Churchill,13380,2526,,676,137,,2145,61,7835
2018,2018-06-01,Clark,1013425,427080,,42097,9117,,223652,9844,301635
2018,2018-06-01,Douglas,33589,7660,,1615,378,,5552,154,18230
2018,2018-06-01,Elko,23416,4000,,1284,302,,4684,103,13043
2018,2018-06-01,Esmeralda,589,102,,53,9,,76,6,343
2018,2018-06-01,Eureka,983,99,,61,6,,120,1,696
2018,2018-06-01,Humboldt,7202,1374,,378,72,,1353,36,3989
2018,2018-06-01,Lander,3021,521,,152,21,,534,12,1781
2018,2018-06-01,Lincoln,2789,590,,149,17,,352,12,1669
2018,2018-06-01,Lyon,34649,7858,,2315,418,,6353,241,17464
2018,2018-06-01,Mineral,2525,837,,162,16,,402,14,1094
2018,2018-06-01,Nye,27848,7126,,1941,286,,5022,152,13321
2018,2018-06-01,Pershing,2434,522,,111,19,,450,8,1324
2018,2018-06-01,Storey,3101,716,,214,45,,536,15,1575
2018,2018-06-01,Washoe,258676,90997,,11691,3316,,52536,3330,96806
2018,2018-06-01,White Pine,4511,1142,,265,30,,774,20,2280
2018,2018-06-01,TOTALS,1461833,562166,,64720,14526,,309710,14239,496472
2018,2018-07-01,Carson City,29998,9098,,1558,340,,5224,229,13549
2018,2018-07-01,Churchill,13441,2527,,680,138,,2165,59,7872
2018,2018-07-01,Clark,1020367,429678,,42300,9237,,225613,9946,303593
2018,2018-07-01,Douglas,33688,7693,,1621,377,,5568,155,18274
2018,2018-07-01,Elko,23628,4016,,1299,305,,4734,110,13164
2018,2018-07-01,Esmeralda,589,102,,53,9,,76,6,343
2018,2018-07-01,Eureka,996,99,,62,6,,123,1,705
2018,2018-07-01,Humboldt,7253,1371,,374,72,,1369,34,4033
2018,2018-07-01,Lander,2929,507,,141,19,,509,10,1743
2018,2018-07-01,Lincoln,2791,590,,147,18,,353,12,1671
2018,2018-07-01,Lyon,34881,7859,,2316,428,,6421,242,17615
2018,2018-07-01,Mineral,2528,836,,161,17,,403,13,1098
2018,2018-07-01,Nye,28118,7177,,1947,286,,5040,157,13511
2018,2018-07-01,Pershing,2444,520,,115,19,,450,8,1332
2018,2018-07-01,Storey,3114,722,,215,45,,537,15,1580
2018,2018-07-01,Washoe,256009,90287,,11506,3248,,52031,3218,95719
2018,2018-07-01,White Pine,4505,1141,,261,31,,772,20,2280
2018,2018-07-01,TOTALS,1467279,564223,,64756,14595,,311388,14235,498082
2018,2018-08-01,Carson City,30221,9122,,1563,341,,5279,227,13689
2018,2018-08-01,Churchill,13309,2474,,673,136,,2150,59,7817
2018,2018-08-01,Clark,1043842,438554,,43148,9545,,233082,9961,309552
2018,2018-08-01,Douglas,34231,7766,,1623,391,,5648,154,18649
2018,2018-08-01,Elko,23702,4011,,1304,308,,4759,108,13212
2018,2018-08-01,Esmeralda,588,102,,53,9,,76,6,342
2018,2018-08-01,Eureka,1010,101,,66,6,,126,1,710
2018,2018-08-01,Humboldt,7280,1369,,374,73,,1375,33,4056
2018,2018-08-01,Lander,2940,504,,145,20,,514,10,1747
2018,2018-08-01,Lincoln,2808,596,,149,17,,357,12,1677
2018,2018-08-01,Lyon,34900,7800,,2296,433,,6419,241,17711
2018,2018-08-01,Mineral,2553,840,,165,19,,412,11,1106
2018,2018-08-01,Nye,28252,7153,,1949,287,,5124,156,13583
2018,2018-08-01,Pershing,2460,519,,116,20,,458,8,1339
2018,2018-08-01,Storey,3120,726,,213,44,,539,15,1583
2018,2018-08-01,Washoe,258300,90969,,11566,3277,,52703,3220,96565
2018,2018-08-01,White Pine,4481,1130,,258,29,,765,20,2279
2018,2018-08-01,TOTALS,1493997,573736,,65661,14955,,319786,14242,505617
2018,2018-09-01,Carson City,30644,9244,,1569,350,,5396,227,13858
2018,2018-09-01,Churchill,13418,2487,,677,139,,2174,59,7882
2018,2018-09-01,Clark,1061683,445068,,43543,9737,,239470,9952,313913
2018,2018-09-01,Douglas,34689,7883,,1637,400,,5747,153,18869
2018,2018-09-01,Elko,23980,4043,,1322,311,,4864,107,13333
2018,2018-09-01,Esmeralda,588,100,,53,9,,76,6,344
2018,2018-09-01,Eureka,1014,101,,68,6,,125,1,713
2018,2018-09-01,Humboldt,7444,1401,,380,74,,1417,34,4138
2018,2018-09-01,Lander,2967,511,,147,20,,519,10,1760
2018,2018-09-01,Lincoln,2813,591,,150,15,,353,12,1692
2018,2018-09-01,Lyon,35221,7837,,2299,438,,6526,237,17884
2018,2018-09-01,Mineral,2566,839,,162,21,,420,10,1114
2018,2018-09-01,Nye,28594,7211,,1975,292,,5209,164,13743
2018,2018-09-01,Pershing,2485,522,,117,19,,459,8,1360
2018,2018-09-01,Storey,3152,736,,212,48,,556,14,1586
2018,2018-09-01,Washoe,263260,92577,,11699,3324,,54354,3270,98036
2018,2018-09-01,White Pine,4520,1132,,263,30,,776,19,2300
2018,2018-09-01,TOTALS,1519038,582283,,66273,15233,,328441,14283,512525
2018,2018-10-01,Carson City,31449,9450,,1590,364,,5620,231,14194
2018,2018-10-01,Churchill,13712,2508,,696,142,,2253,58,8055
2018,2018-10-01,Clark,1094325,458424,,44667,9996,,250144,9845,321249
2018,2018-10-01,Douglas,35236,7988,,1654,409,,5899,150,19136
2018,2018-10-01,Elko,24338,4092,,1331,312,,4955,111,13537
2018,2018-10-01,Esmeralda,586,99,,53,9,,76,6,343
2018,2018-10-01,Eureka,1020,104,,66,6,,129,1,714
2018,2018-10-01,Humboldt,7612,1427,,394,74,,1457,37,4223
2018,2018-10-01,Lander,2983,509,,147,20,,522,10,1775
2018,2018-10-01,Lincoln,2821,589,,147,15,,354,13,1703
2018,2018-10-01,Lyon,35875,7930,,2320,451,,6685,245,18244
2018,2018-10-01,Mineral,2604,849,,162,22,,428,9,1134
2018,2018-10-01,Nye,29017,7298,,2001,302,,5301,162,13953
2018,2018-10-01,Pershing,2516,530,,117,20,,462,8,1379
2018,2018-10-01,Storey,3209,745,,214,48,,577,14,1611
2018,2018-10-01,Washoe,269042,94496,,11816,3366,,56400,3297,99667
2018,2018-10-01,White Pine,4583,1136,,269,32,,793,19,2334
2018,2018-10-01,TOTALS,1560928,598174,,67644,15588,,342055,14216,523251
2018,2018-11-01,Carson City,31731,9534,,1614,367,,5683,234,14299
2018,2018-11-01,Churchill,13898,2536,,708,146,,2298,60,8150
2018,2018-11-01,Clark,1115525,468307,,45614,10238,,255339,10021,326006
2018,2018-11-01,Douglas,35676,8085,,1684,414,,6014,155,19324
2018,2018-11-01,Elko,24473,4108,,1338,314,,4996,111,13606
2018,2018-11-01,Esmeralda,586,99,,53,9,,77,6,342
2018,2018-11-01,Eureka,1020,101,,67,6,,129,1,716
2018,2018-11-01,Humboldt,7653,1431,,398,74,,1466,37,4247
2018,2018-11-01,Lander,3003,510,,148,20,,528,10,1787
2018,2018-11-01,Lincoln,2822,588,,147,15,,355,14,1703
2018,2018-11-01,Lyon,36102,7943,,2340,463,,6746,246,18364
2018,2018-11-01,Mineral,2599,845,,162,21,,428,9,1134
2018,2018-11-01,Nye,29227,7320,,2015,301,,5355,163,14073
2018,2018-11-01,Pershing,2521,530,,117,20,,462,8,1384
2018,2018-11-01,Storey,3225,750,,213,49,,583,14,1616
2018,2018-11-01,Washoe,271307,95331,,11951,3409,,57084,3328,100204
2018,2018-11-01,White Pine,4627,1131,,272,32,,809,19,2364
2018,2018-11-01,TOTALS,1585995,609149,,68841,15898,,348352,14436,529319
2018,2018-12-01,Carson City,32017,9596,,1646,375,,5783,234,14383
2018,2018-12-01,Churchill,13921,2539,,716,147,,2296,60,8163
2018,2018-12-01,Clark,1109212,466012,,45397,10164,,253414,9797,324428
2018,2018-12-01,Douglas,35847,8105,,1704,415,,6081,159,19383
2018,2018-12-01,Elko,24776,4148,,1360,313,,5083,111,13761
2018,2018-12-01,Esmeralda,586,99,,53,9,,77,6,342
2018,2018-12-01,Eureka,1014,100,,67,6,,131,1,709
2018,2018-12-01,Humboldt,7803,1444,,408,76,,1517,38,4320
2018,2018-12-01,Lander,3008,513,,146,19,,532,10,1788
2018,2018-12-01,Lincoln,2822,588,,147,15,,354,14,1704
2018,2018-12-01,Lyon,36283,7972,,2353,466,,6798,248,18446
2018,2018-12-01,Mineral,2651,863,,168,21,,439,9,1151
2018,2018-12-01,Nye,29410,7347,,2025,303,,5401,165,14169
2018,2018-12-01,Pershing,2544,527,,119,19,,464,8,1407
2018,2018-12-01,Storey,3238,753,,213,50,,587,15,1620
2018,2018-12-01,Washoe,272584,95732,,12060,3441,,57514,3294,100543
2018,2018-12-01,White Pine,4639,1129,,272,34,,814,18,2372
2018,2018-12-01,TOTALS,1582355,607467,,68854,15873,,347285,14187,528689
2019,2019-01-01,Carson City,31990,9596,,1643,380,,5798,233,14340
2019,2019-01-01,Churchill,13927,2539,,716,147,,2301,59,8165
2019,2019-01-01,Clark,1116785,468412,,45923,10269,,255675,9755,326751
2019,2019-01-01,Douglas,35841,8090,,1703,416,,6096,159,19377
2019,2019-01-01,Elko,24747,4136,,1357,312,,5072,112,13758
2019,2019-01-01,Esmeralda,586,99,,53,9,,77,6,342
2019,2019-01-01,Eureka,1014,100,,66,6,,131,1,710
2019,2019-01-01,Humboldt,7786,1441,,407,75,,1515,38,4310
2019,2019-01-01,Lander,2996,508,,145,19,,531,10,1783
2019,2019-01-01,Lincoln,2827,588,,147,13,,356,14,1709
2019,2019-01-01,Lyon,36280,7967,,2346,466,,6812,249,18440
2019,2019-01-01,Mineral,2656,859,,169,21,,438,9,1160
2019,2019-01-01,Nye,29370,7343,,2024,302,,5391,164,14146
2019,2019-01-01,Pershing,2539,526,,119,19,,464,8,1403
2019,2019-01-01,Storey,3225,745,,213,50,,583,15,1619
2019,2019-01-01,Washoe,272854,95770,,12101,3456,,57654,3285,100588
2019,2019-01-01,White Pine,4624,1122,,272,34,,807,18,2371
2019,2019-01-01,TOTALS,1590047,609841,,69404,15994,,349701,14135,530972
2019,2019-02-01,Carson City,32086,9628,,1655,381,,5834,234,14354
2019,2019-02-01,Churchill,13993,2546,,724,148,,2319,59,8197
2019,2019-02-01,Clark,1122829,470504,,46271,10356,,257497,9755,328446
2019,2019-02-01,Douglas,35917,8097,,1715,416,,6127,161,19401
2019,2019-02-01,Elko,22902,3909,,1242,285,,4564,102,12800
2019,2019-02-01,Esmeralda,584,99,,53,9,,77,6,340
2019,2019-02-01,Eureka,1017,100,,66,6,,131,1,713
2019,2019-02-01,Humboldt,7812,1434,,410,76,,1526,37,4329
2019,2019-02-01,Lander,3004,508,,146,19,,534,10,1787
2019,2019-02-01,Lincoln,2816,582,,148,13,,360,13,1700
2019,2019-02-01,Lyon,36383,7981,,2358,473,,6835,250,18486
2019,2019-02-01,Mineral,2653,856,,169,21,,439,9,1159
2019,2019-02-01,Nye,29547,7369,,2035,303,,5442,164,14234
2019,2019-02-01,Pershing,2538,524,,119,19,,463,8,1405
2019,2019-02-01,Storey,3253,756,,214,50,,586,15,1632
2019,2019-02-01,Washoe,273354,95773,,12158,3479,,57869,3247,100828
2019,2019-02-01,White Pine,4474,1092,,257,32,,761,18,2314
2019,2019-02-01,TOTALS,1595162,611758,,69740,16086,,351364,14089,532125
2019,2019-03-01,Carson City,31945,9586,,1633,375,,5815,232,14304
2019,2019-03-01,Churchill,14048,2554,,725,149,,2337,61,8222
2019,2019-03-01,Clark,1061054,444575,,43578,9603,,242501,9044,311753
2019,2019-03-01,Douglas,35927,8067,,1720,418,,6139,163,19420
2019,2019-03-01,Elko,24838,4135,,1369,316,,5101,109,13808
2019,2019-03-01,Esmeralda,586,102,,51,9,,78,6,340
2019,2019-03-01,Eureka,1013,98,,67,6,,132,1,709
2019,2019-03-01,Humboldt,7867,1441,,417,76,,1547,37,4349
2019,2019-03-01,Lander,3013,508,,147,19,,537,10,1792
2019,2019-03-01,Lincoln,2818,580,,149,13,,360,13,1703
2019,2019-03-01,Lyon,36490,7990,,2363,476,,6846,252,18563
2019,2019-03-01,Mineral,2649,855,,170,21,,436,9,1158
2019,2019-03-01,Nye,29663,7392,,2045,302,,5483,165,14276
2019,2019-03-01,Pershing,2548,522,,124,20,,466,8,1408
2019,2019-03-01,Storey,3260,755,,215,50,,589,15,1636
2019,2019-03-01,Washoe,274100,95970,,12203,3487,,58116,3240,101084
2019,2019-03-01,White Pine,4493,1089,,257,31,,768,18,2330
2019,2019-03-01,TOTALS,1536312,586219,,67233,15371,,337251,13383,516855
2019,2019-04-01,Carson City,32082,9602,,1645,378,,5865,232,14360
2019,2019-04-01,Churchill,14092,2556,,725,151,,2360,63,8237
2019,2019-04-01,Clark,1067275,446545,,43908,9688,,244343,9038,313753
2019,2019-04-01,Douglas,36031,8082,,1728,421,,6164,163,19473
2019,2019-04-01,Elko,24917,4131,,1376,322,,5146,108,13834
2019,2019-04-01,Esmeralda,587,102,,51,9,,79,6,340
2019,2019-04-01,Eureka,1022,97,,67,6,,133,1,718
2019,2019-04-01,Humboldt,7894,1448,,420,76,,1548,38,4364
2019,2019-04-01,Lander,3024,513,,148,20,,537,10,1796
2019,2019-04-01,Lincoln,2816,575,,148,13,,359,13,1708
2019,2019-04-01,Lyon,36610,7996,,2371,476,,6878,253,18636
2019,2019-04-01,Mineral,2657,853,,172,21,,437,9,1165
2019,2019-04-01,Nye,29728,7385,,2042,302,,5505,168,14326
2019,2019-04-01,Pershing,2558,519,,125,21,,477,8,1408
2019,2019-04-01,Storey,3277,757,,216,50,,593,15,1646
2019,2019-04-01,Washoe,274728,96136,,12259,3500,,58252,3230,101351
2019,2019-04-01,White Pine,4524,1097,,259,32,,771,18,2347
2019,2019-04-01,TOTALS,1543822,588394,,67660,15486,,339447,13373,519462
2019,2019-05-01,Carson City,32359,9645,,1677,385,,5940,232,14480
2019,2019-05-01,Churchill,14202,2565,,739,151,,2388,64,8295
2019,2019-05-01,Clark,1079663,451372,,44584,9862,,247924,9066,316855
2019,2019-05-01,Douglas,36266,8122,,1753,427,,6223,163,19578
2019,2019-05-01,Elko,25109,4149,,1385,322,,5203,109,13941
2019,2019-05-01,Esmeralda,588,101,,51,9,,81,6,340
2019,2019-05-01,Eureka,1034,98,,68,6,,137,1,724
2019,2019-05-01,Humboldt,7966,1453,,419,77,,1570,37,4410
2019,2019-05-01,Lander,3053,514,,150,21,,545,10,1813
2019,2019-05-01,Lincoln,2830,572,,148,13,,364,14,1719
2019,2019-05-01,Lyon,36862,8024,,2391,482,,6946,252,18767
2019,2019-05-01,Mineral,2652,848,,174,21,,434,9,1166
2019,2019-05-01,Nye,29967,7402,,2047,306,,5564,172,14476
2019,2019-05-01,Pershing,2566,519,,128,22,,481,8,1408
2019,2019-05-01,Storey,3329,764,,217,50,,607,15,1676
2019,2019-05-01,Washoe,276808,96698,,12367,3542,,58885,3228,102088
2019,2019-05-01,White Pine,4531,1090,,258,32,,774,18,2359
2019,2019-05-01,TOTALS,1559785,593936,,68556,15728,,344066,13404,524095
2019,2019-06-01,Carson City,32426,9679,,1685,387,,5971,233,14471
2019,2019-06-01,Churchill,14263,2576,,750,156,,2400,65,8316
2019,2019-06-01,Clark,1086756,454080,,45067,9986,,250169,9073,318381
2019,2019-06-01,Douglas,36356,8136,,1752,429,,6245,162,19632
2019,2019-06-01,Elko,25210,4158,,1390,323,,5231,110,13998
2019,2019-06-01,Esmeralda,590,102,,51,9,,82,6,340
2019,2019-06-01,Eureka,1033,99,,67,6,,137,1,723
2019,2019-06-01,Humboldt,8007,1458,,422,77,,1583,37,4430
2019,2019-06-01,Lander,3053,514,,150,21,,546,10,1812
2019,2019-06-01,Lincoln,2828,572,,148,13,,364,14,1717
2019,2019-06-01,Lyon,37008,8033,,2414,481,,7008,253,18819
2019,2019-06-01,Mineral,2655,850,,174,21,,431,9,1170
2019,2019-06-01,Nye,29980,7363,,2055,309,,5575,175,14503
2019,2019-06-01,Pershing,2576,521,,127,23,,486,8,1411
2019,2019-06-01,Storey,3340,765,,218,52,,609,15,1681
2019,2019-06-01,Washoe,277852,97016,,12428,3556,,59235,3230,102387
2019,2019-06-01,White Pine,4535,1087,,260,32,,779,19,2358
2019,2019-06-01,TOTALS,1568468,597009,,69158,15881,,346851,13420,526149
2019,2019-07-01,Carson City,32402,9695,,1690,385,,5960,231,14441
2019,2019-07-01,Churchill,14137,2556,,747,155,,2378,63,8238
2019,2019-07-01,Clark,1088013,454600,,45177,10026,,250593,9046,318571
2019,2019-07-01,Douglas,36328,8118,,1756,428,,6246,161,19619
2019,2019-07-01,Elko,25243,4154,,1394,325,,5246,112,14012
2019,2019-07-01,Esmeralda,582,101,,50,9,,81,6,335
2019,2019-07-01,Eureka,1033,99,,68,6,,139,1,720
2019,2019-07-01,Humboldt,8009,1455,,424,77,,1582,36,4435
2019,2019-07-01,Lander,3048,512,,150,20,,544,10,1812
2019,2019-07-01,Lincoln,2828,565,,148,13,,364,14,1724
2019,2019-07-01,Lyon,36670,7952,,2395,475,,6949,252,18647
2019,2019-07-01,Mineral,2658,848,,174,21,,435,9,1171
2019,2019-07-01,Nye,29723,7280,,2045,308,,5526,173,14391
2019,2019-07-01,Pershing,2575,520,,129,23,,485,8,1410
2019,2019-07-01,Storey,3320,761,,215,51,,607,15,1671
2019,2019-07-01,Washoe,273707,95686,,12226,3490,,58315,3203,100787
2019,2019-07-01,White Pine,4538,1081,,259,33,,782,19,2364
2019,2019-07-01,TOTALS,1564814,595983,,69047,15845,,346232,13359,524348
2019,2019-08-01,Carson City,32673,9759,,1716,397,,6049,234,14518
2019,2019-08-01,Churchill,14159,2552,,748,157,,2381,63,8258
2019,2019-08-01,Clark,1098549,458796,,45874,10190,,253730,9064,320895
2019,2019-08-01,Douglas,36624,8189,,1756,432,,6341,161,19745
2019,2019-08-01,Elko,25472,4186,,1406,332,,5314,116,14118
2019,2019-08-01,Esmeralda,581,100,,49,9,,83,6,334
2019,2019-08-01,Eureka,1044,100,,70,6,,137,1,730
2019,2019-08-01,Humboldt,8109,1475,,435,78,,1615,36,4470
2019,2019-08-01,Lander,3081,520,,151,20,,558,11,1821
2019,2019-08-01,Lincoln,2834,564,,148,13,,367,14,1728
2019,2019-08-01,Lyon,36941,7982,,2413,484,,7034,248,18780
2019,2019-08-01,Mineral,2668,848,,175,21,,440,9,1175
2019,2019-08-01,Nye,29618,7218,,2033,313,,5533,172,14349
2019,2019-08-01,Pershing,2595,521,,128,23,,493,7,1423
2019,2019-08-01,Storey,3353,758,,214,52,,623,15,1691
2019,2019-08-01,Washoe,276402,96675,,12390,3539,,59087,3206,101505
2019,2019-08-01,White Pine,4590,1080,,264,34,,802,19,2391
2019,2019-08-01,TOTALS,1579293,601323,,69970,16100,,350587,13382,527931
2019,2019-09-01,Carson City,32828,9812,,1738,396,,6090,236,14556
2019,2019-09-01,Churchill,14188,2565,,749,156,,2404,65,8249
2019,2019-09-01,Clark,1066450,446205,,44603,9761,,245105,8658,312118
2019,2019-09-01,Douglas,36769,8220,,1773,432,,6369,163,19812
2019,2019-09-01,Elko,25509,4185,,1417,334,,5339,117,14117
2019,2019-09-01,Esmeralda,580,100,,50,9,,83,6,332
2019,2019-09-01,Eureka,1042,101,,69,6,,135,1,730
2019,2019-09-01,Humboldt,8140,1485,,443,80,,1619,37,4476
2019,2019-09-01,Lander,3061,518,,149,18,,556,11,1809
2019,2019-09-01,Lincoln,2795,554,,144,14,,366,14,1703
2019,2019-09-01,Lyon,37134,8002,,2423,491,,7077,247,18894
2019,2019-09-01,Mineral,2649,842,,175,20,,435,9,1168
2019,2019-09-01,Nye,29686,7234,,2025,317,,5552,172,14386
2019,2019-09-01,Pershing,2605,526,,129,22,,496,7,1425
2019,2019-09-01,Storey,3346,755,,212,51,,625,15,1688
2019,2019-09-01,Washoe,277481,97301,,12446,3559,,59360,3187,101628
2019,2019-09-01,White Pine,4602,1073,,266,35,,802,18,2408
2019,2019-09-01,TOTALS,1548865,589478,,68811,15701,,342413,12963,519499
2019,2019-10-01,Carson City,32742,9792,,1728,396,,6108,235,14483
2019,2019-10-01,Churchill,14161,2563,,750,157,,2407,64,8220
2019,2019-10-01,Clark,1078969,452093,,45233,9926,,248146,8669,314902
2019,2019-10-01,Douglas,36988,8264,,1783,436,,6442,163,19900
2019,2019-10-01,Elko,18269,2995,,890,209,,3434,63,10678
2019,2019-10-01,Esmeralda,568,98,,47,9,,81,6,327
2019,2019-10-01,Eureka,1048,101,,69,6,,134,2,736
2019,2019-10-01,Humboldt,8126,1482,,441,79,,1605,38,4481
2019,2019-10-01,Lander,3069,517,,153,18,,561,10,1810
2019,2019-10-01,Lincoln,2805,550,,145,14,,368,13,1715
2019,2019-10-01,Lyon,37274,8018,,2420,493,,7115,250,18978
2019,2019-10-01,Mineral,2659,841,,177,20,,436,9,1176
2019,2019-10-01,Nye,29355,7143,,1983,308,,5476,164,14281
2019,2019-10-01,Pershing,2617,528,,129,22,,504,7,1427
2019,2019-10-01,Storey,3340,756,,210,48,,623,15,1688
2019,2019-10-01,Washoe,278152,97627,,12525,3568,,59657,3158,101617
2019,2019-10-01,White Pine,4622,1071,,267,37,,805,18,2424
2019,2019-10-01,TOTALS,1554764,594439,,68950,15746,,343902,12884,518843
2019,2019-11-01,Carson City,32883,9857,,1738,396,,6140,235,14517
2019,2019-11-01,Churchill,14205,2569,,755,157,,2413,63,8248
2019,2019-11-01,Clark,1086627,455700,,45762,10030,,249942,8663,316530
2019,2019-11-01,Douglas,37092,8279,,1782,438,,6479,161,19953
2019,2019-11-01,Elko,18848,3059,,931,217,,3601,67,10973
2019,2019-11-01,Esmeralda,551,95,,46,9,,77,6,318
2019,2019-11-01,Eureka,1016,94,,65,4,,126,2,725
2019,2019-11-01,Humboldt,6740,1198,,344,57,,1220,26,3895
2019,2019-11-01,Lander,3073,516,,153,18,,554,11,1821
2019,2019-11-01,Lincoln,2799,551,,145,14,,366,13,1710
2019,2019-11-01,Lyon,37446,8052,,2432,494,,7161,251,19056
2019,2019-11-01,Mineral,2669,844,,181,21,,437,9,1177
2019,2019-11-01,Nye,29487,7169,,1997,312,,5493,162,14354
2019,2019-11-01,Pershing,2627,529,,129,22,,508,7,1432
2019,2019-11-01,Storey,3343,758,,210,47,,627,15,1686
2019,2019-11-01,Washoe,279697,98299,,12608,3601,,60035,3149,102005
2019,2019-11-01,White Pine,4630,1074,,267,36,,802,18,2433
2019,2019-11-01,TOTALS,1563733,598643,,69545,15873,,345981,12858,520833
2019,2019-12-01,Carson City,33032,9890,,1766,400,,6168,235,14573
2019,2019-12-01,Churchill,14242,2565,,755,159,,2429,66,8268
2019,2019-12-01,Clark,1094949,459331,,46347,10129,,252120,8680,318342
2019,2019-12-01,Douglas,37246,8313,,1791,443,,6522,155,20022
2019,2019-12-01,Elko,19588,3170,,977,224,,3797,68,11352
2019,2019-12-01,Esmeralda,552,95,,46,9,,77,6,319
2019,2019-12-01,Eureka,1013,91,,65,4,,127,2,724
2019,2019-12-01,Humboldt,6780,1193,,346,57,,1231,26,3927
2019,2019-12-01,Lander,3075,516,,152,18,,558,11,1820
2019,2019-12-01,Lincoln,2804,550,,145,14,,367,13,1715
2019,2019-12-01,Lyon,37573,8065,,2433,499,,7205,252,19119
2019,2019-12-01,Mineral,2676,847,,180,21,,436,9,1183
2019,2019-12-01,Nye,29592,7188,,2005,314,,5511,163,14411
2019,2019-12-01,Pershing,2635,530,,130,22,,508,7,1438
2019,2019-12-01,Storey,3363,761,,211,47,,633,15,1696
2019,2019-12-01,Washoe,280975,98818,,12698,3624,,60365,3151,102319
2019,2019-12-01,White Pine,4645,1076,,268,37,,805,18,2441
2019,2019-12-01,TOTALS,1574740,602999,,70315,16021,,348859,12877,523669
2020,2020-01-01,Carson City,33440,9980,,1779,415,,6426,232,14608
2020,2020-01-01,Churchill,14433,2581,,775,163,,2545,68,8301
2020,2020-01-01,Clark,1115854,465847,,47150,10258,,262674,8714,321211
2020,2020-01-01,Douglas,37597,8402,,1805,443,,6678,157,20112
2020,2020-01-01,Elko,20029,3217,,1015,235,,3985,74,11503
2020,2020-01-01,Esmeralda,551,95,,46,9,,77,6,318
2020,2020-01-01,Eureka,1017,88,,64,4,,134,2,725
2020,2020-01-01,Humboldt,6970,1211,,359,59,,1306,27,4008
2020,2020-01-01,Lander,3090,518,,151,19,,571,10,1821
2020,2020-01-01,Lincoln,2830,549,,146,14,,386,13,1722
2020,2020-01-01,Lyon,38276,8109,,2444,505,,7753,251,19214
2020,2020-01-01,Mineral,2719,848,,179,23,,462,9,1198
2020,2020-01-01,Nye,30122,7249,,2025,319,,5775,167,14587
2020,2020-01-01,Pershing,2672,538,,128,23,,524,7,1452
2020,2020-01-01,Storey,3391,764,,207,48,,656,14,1702
2020,2020-01-01,Washoe,284183,99833,,12792,3650,,62065,3154,102689
2020,2020-01-01,White Pine,4715,1082,,270,37,,838,18,2470
2020,2020-01-01,TOTALS,1601889,610911,,71335,16224,,362855,12923,527641
2020,2020-02-01,Carson City,33861,10203,,1774,421,,6588,226,14649
2020,2020-02-01,Churchill,14685,2666,,767,162,,2664,66,8360
2020,2020-02-01,Clark,1101619,462702,,45850,9806,,258516,8028,316717
2020,2020-02-01,Douglas,37941,8594,,1798,437,,6761,156,20195
2020,2020-02-01,Elko,20555,3311,,1033,241,,4162,73,11735
2020,2020-02-01,Esmeralda,553,98,,45,9,,77,6,318
2020,2020-02-01,Eureka,1026,87,,64,4,,137,2,732
2020,2020-02-01,Humboldt,7170,1226,,361,58,,1378,27,4120
2020,2020-02-01,Lander,3133,529,,148,18,,579,10,1849
2020,2020-02-01,Lincoln,2839,542,,146,13,,393,12,1733
2020,2020-02-01,Lyon,38841,8198,,2476,506,,8016,250,19395
2020,2020-02-01,Mineral,2760,856,,183,23,,478,10,1210
2020,2020-02-01,Nye,30618,7357,,2041,318,,5969,161,14772
2020,2020-02-01,Pershing,2694,542,,128,23,,533,7,1461
2020,2020-02-01,Storey,3423,772,,207,50,,674,15,1705
2020,2020-02-01,Washoe,288060,102588,,12848,3633,,62655,3133,103203
2020,2020-02-01,White Pine,4779,1084,,271,35,,874,17,2498
2020,2020-02-01,TOTALS,1594557,611355,,70140,15757,,360454,12199,524652
2020,2020-03-01,Carson City,34207,10476,,1763,419,,6625,220,14704
2020,2020-03-01,Churchill,14812,2671,,775,160,,2732,67,8407
2020,2020-03-01,Clark,1118491,472202,,46362,9841,,262646,8010,319430
2020,2020-03-01,Douglas,38119,8806,,1772,431,,6718,146,20246
2020,2020-03-01,Elko,20836,3428,,1042,242,,4201,72,11851
2020,2020-03-01,Esmeralda,551,93,,45,9,,76,6,322
2020,2020-03-01,Eureka,1033,90,,65,4,,143,2,729
2020,2020-03-01,Humboldt,7290,1263,,361,59,,1395,28,4184
2020,2020-03-01,Lander,3159,537,,148,18,,591,10,1855
2020,2020-03-01,Lincoln,2842,544,,146,13,,398,12,1729
2020,2020-03-01,Lyon,39079,8346,,2452,501,,8096,249,19435
2020,2020-03-01,Mineral,2775,857,,181,23,,493,10,1211
2020,2020-03-01,Nye,30748,7434,,2026,321,,5961,156,14850
2020,2020-03-01,Pershing,2730,560,,130,24,,549,7,1460
2020,2020-03-01,Storey,3444,790,,208,49,,679,14,1704
2020,2020-03-01,Washoe,289939,104212,,12849,3612,,62710,3079,103477
2020,2020-03-01,White Pine,4817,1085,,267,37,,885,18,2525
2020,2020-03-01,TOTALS,1614872,623394,,70592,15763,,364898,12106,528119
2020,2020-04-01,Carson City,34288,10477,,1763,419,,6646,221,14762
2020,2020-04-01,Churchill,14818,2671,,772,159,,2726,68,8422
2020,2020-04-01,Clark,1124788,474242,,46764,9874,,264594,8089,321225
2020,2020-04-01,Douglas,38226,8820,,1760,429,,6621,147,20449
2020,2020-04-01,Elko,20898,3412,,1047,244,,4217,71,11907
2020,2020-04-01,Esmeralda,547,92,,45,9,,76,6,319
2020,2020-04-01,Eureka,1040,91,,66,4,,148,1,730
2020,2020-04-01,Humboldt,7410,1257,,366,63,,1398,29,4297
2020,2020-04-01,Lander,3166,535,,151,18,,592,9,1861
2020,2020-04-01,Lincoln,2846,539,,148,13,,391,12,1743
2020,2020-04-01,Lyon,38975,8310,,2446,504,,8081,248,19386
2020,2020-04-01,Mineral,2781,856,,182,23,,492,11,1217
2020,2020-04-01,Nye,30817,7421,,2026,322,,5964,158,14926
2020,2020-04-01,Pershing,2734,557,,131,24,,547,7,1468
2020,2020-04-01,Storey,3449,790,,209,49,,683,14,1704
2020,2020-04-01,Washoe,290806,104548,,12902,3628,,62970,3091,103667
2020,2020-04-01,White Pine,4826,1079,,267,36,,878,18,2548
2020,2020-04-01,TOTALS,1622415,625697,,71045,15818,,367024,12200,530631
2020,2020-05-01,Carson City,34353,10477,,1766,425,,6644,221,14820
2020,2020-05-01,Churchill,14890,2683,,774,158,,2730,70,8475
2020,2020-05-01,Clark,1131205,476473,,47063,9915,,265920,8105,323729
2020,2020-05-01,Douglas,38349,8763,,1725,424,,6502,141,20794
2020,2020-05-01,Elko,21168,3442,,1070,247,,4270,70,12069
2020,2020-05-01,Esmeralda,548,91,,43,9,,75,6,324
2020,2020-05-01,Eureka,1042,90,,66,4,,150,1,731
2020,2020-05-01,Humboldt,7502,1256,,364,67,,1401,29,4385
2020,2020-05-01,Lander,3185,537,,149,18,,589,9,1883
2020,2020-05-01,Lincoln,2843,525,,148,12,,389,12,1757
2020,2020-05-01,Lyon,39085,8326,,2445,505,,8105,244,19460
2020,2020-05-01,Mineral,2799,861,,183,23,,497,10,1225
2020,2020-05-01,Nye,30992,7427,,2030,319,,5976,158,15082
2020,2020-05-01,Pershing,2744,557,,132,24,,546,7,1478
2020,2020-05-01,Storey,3419,788,,203,47,,676,14,1691
2020,2020-05-01,Washoe,291430,104691,,12918,3639,,63083,3088,104011
2020,2020-05-01,White Pine,4825,1064,,262,34,,860,18,2587
2020,2020-05-01,TOTALS,1630379,628051,,71341,15870,,368413,12203,534501
2020,2020-06-01,Carson City,34641,10521,,1778,441,,6793,220,14888
2020,2020-06-01,Churchill,15026,2689,,784,163,,2802,74,8514
2020,2020-06-01,Clark,1143974,481276,,47784,10060,,270202,8169,326483
2020,2020-06-01,Douglas,38428,8770,,1723,412,,6571,140,20812
2020,2020-06-01,Elko,21478,3477,,1083,252,,4395,72,12199
2020,2020-06-01,Esmeralda,555,91,,45,9,,78,6,326
2020,2020-06-01,Eureka,1047,88,,66,4,,151,1,737
2020,2020-06-01,Humboldt,7621,1272,,361,69,,1446,30,4443
2020,2020-06-01,Lander,3203,538,,151,19,,601,9,1885
2020,2020-06-01,Lincoln,2859,518,,149,10,,393,12,1777
2020,2020-06-01,Lyon,39393,8341,,2456,510,,8283,246,19557
2020,2020-06-01,Mineral,2840,863,,183,25,,534,10,1225
2020,2020-06-01,Nye,31227,7442,,2046,322,,6078,155,15184
2020,2020-06-01,Pershing,2756,558,,134,24,,548,8,1484
2020,2020-06-01,Storey,3425,779,,203,47,,677,14,1705
2020,2020-06-01,Washoe,267124,96388,,11724,3216,,56926,2593,96277
2020,2020-06-01,White Pine,4860,1062,,265,35,,868,18,2612
2020,2020-06-01,TOTALS,1620457,624673,,70935,15618,,367346,11777,530108
2020,2020-07-01,Carson City,34968,10559,,1790,439,,6969,229,14982
2020,2020-07-01,Churchill,14811,2609,,763,149,,2848,72,8370
2020,2020-07-01,Clark,1157857,483862,,48396,10258,,276976,8218,330147
2020,2020-07-01,Douglas,36019,8158,,1596,384,,6128,125,19628
2020,2020-07-01,Elko,22010,3517,,1112,271,,4613,76,12421
2020,2020-07-01,Esmeralda,563,91,,46,9,,81,6,330
2020,2020-07-01,Eureka,1046,86,,65,4,,152,1,738
2020,2020-07-01,Humboldt,7804,1288,,368,69,,1526,31,4522
2020,2020-07-01,Lander,3231,532,,153,20,,616,9,1901
2020,2020-07-01,Lincoln,2874,516,,153,10,,402,13,1780
2020,2020-07-01,Lyon,37913,7919,,2317,496,,8073,230,18878
2020,2020-07-01,Mineral,2880,864,,183,25,,564,10,1234
2020,2020-07-01,Nye,31333,7416,,2049,325,,6178,157,15208
2020,2020-07-01,Pershing,2785,560,,133,24,,560,8,1500
2020,2020-07-01,Storey,3454,786,,203,47,,693,15,1710
2020,2020-07-01,Washoe,281140,100572,,12465,3495,,61069,2829,100710
2020,2020-07-01,White Pine,4902,1056,,269,39,,890,19,2629
2020,2020-07-01,TOTALS,1645590,630391,,72061,16064,,378338,12048,536688
2020,2020-08-01,Carson City,35588,10686,,1838,446,,7187,243,15188
2020,2020-08-01,Churchill,14699,2551,,738,158,,2886,76,8290
2020,2020-08-01,Clark,1186526,491860,,49867,10479,,285849,9938,338533
2020,2020-08-01,Douglas,36695,8301,,1643,391,,6262,149,19949
2020,2020-08-01,Elko,22851,3566,,1148,282,,4884,94,12877
2020,2020-08-01,Esmeralda,573,89,,45,8,,84,8,339
2020,2020-08-01,Eureka,1057,82,,66,4,,155,1,749
2020,2020-08-01,Humboldt,7989,1284,,372,70,,1585,38,4640
2020,2020-08-01,Lander,3112,495,,142,23,,588,14,1850
2020,2020-08-01,Lincoln,2886,507,,155,11,,401,13,1799
2020,2020-08-01,Lyon,37746,7716,,2294,484,,8134,268,18850
2020,2020-08-01,Mineral,2951,867,,185,26,,606,13,1254
2020,2020-08-01,Nye,31935,7499,,2081,326,,6354,185,15490
2020,2020-08-01,Pershing,2829,558,,137,24,,568,8,1534
2020,2020-08-01,Storey,3500,790,,210,48,,704,19,1729
2020,2020-08-01,Washoe,286529,101763,,12799,3565,,62918,3091,102393
2020,2020-08-01,White Pine,4970,1051,,274,39,,919,22,2665
2020,2020-08-01,TOTALS,1682436,639665,,73994,16384,,390084,14180,548129
2020,2020-09-01,Carson City,36659,10886,,1912,458,,7495,291,15617
2020,2020-09-01,Churchill,15252,2578,,778,164,,3079,90,8563
2020,2020-09-01,Clark,1231351,504100,,52389,10937,,299943,13123,350859
2020,2020-09-01,Douglas,38017,8541,,1708,401,,6598,187,20582
2020,2020-09-01,Elko,23914,3663,,1188,302,,5205,128,13428
2020,2020-09-01,Esmeralda,533,78,,44,10,,77,8,316
2020,2020-09-01,Eureka,1106,84,,69,6,,169,3,775
2020,2020-09-01,Humboldt,8382,1319,,396,80,,1683,53,4851
2020,2020-09-01,Lander,3188,498,,149,24,,605,16,1896
2020,2020-09-01,Lincoln,2962,511,,156,10,,412,13,1860
2020,2020-09-01,Lyon,38907,7845,,2336,503,,8467,309,19447
2020,2020-09-01,Mineral,3019,866,,191,29,,632,16,1285
2020,2020-09-01,Nye,32951,7603,,2132,332,,6600,231,16053
2020,2020-09-01,Pershing,2736,533,,127,24,,540,10,1502
2020,2020-09-01,Storey,3575,801,,212,53,,719,25,1765
2020,2020-09-01,Washoe,294825,103760,,13274,3694,,65945,3429,104723
2020,2020-09-01,White Pine,5100,1058,,280,40,,956,23,2743
2020,2020-09-01,TOTALS,1742477,654724,,77341,17067,,409125,17955,566265
2020,2020-10-01,Carson City,37480,11106,,1968,468,,7709,307,15922
2020,2020-10-01,Churchill,15802,2627,,810,180,,3266,106,8813
2020,2020-10-01,Clark,1291793,524223,,56227,11413,,316076,14102,369752
2020,2020-10-01,Douglas,38917,8701,,1763,417,,6800,210,21026
2020,2020-10-01,Elko,25370,3799,,1262,322,,5636,174,14177
2020,2020-10-01,Esmeralda,562,80,,46,10,,92,7,327
2020,2020-10-01,Eureka,1151,81,,73,7,,177,5,808
2020,2020-10-01,Humboldt,8763,1354,,416,85,,1806,60,5042
2020,2020-10-01,Lander,3319,508,,157,27,,624,18,1985
2020,2020-10-01,Lincoln,3033,509,,162,11,,416,14,1921
2020,2020-10-01,Lyon,40263,8011,,2407,523,,8926,351,20045
2020,2020-10-01,Mineral,3148,901,,195,29,,693,19,1311
2020,2020-10-01,Nye,34052,7748,,2213,339,,6966,285,16501
2020,2020-10-01,Pershing,2843,544,,130,26,,572,11,1560
2020,2020-10-01,Storey,3613,799,,211,54,,739,28,1782
2020,2020-10-01,Washoe,305954,107283,,13936,3882,,69146,3639,108068
2020,2020-10-01,White Pine,5293,1058,,297,40,,991,31,2876
2020,2020-10-01,TOTALS,1821356,679332,,82273,17833,,430635,19367,591916
2020,2020-11-01,Carson City,37665,11137,,1974,473,,7796,317,15968
2020,2020-11-01,Churchill,16139,2648,,833,184,,3359,120,8995
2020,2020-11-01,Clark,1324696,532407,,57779,11752,,329139,16950,376669
2020,2020-11-01,Douglas,39478,8719,,1792,427,,7050,278,21212
2020,2020-11-01,Elko,26722,3942,,1346,338,,6004,201,14891
2020,2020-11-01,Esmeralda,575,80,,47,10,,91,7,340
2020,2020-11-01,Eureka,1167,82,,79,7,,181,4,814
2020,2020-11-01,Humboldt,9146,1402,,444,90,,1910,68,5232
2020,2020-11-01,Lander,3365,512,,156,31,,643,19,2004
2020,2020-11-01,Lincoln,3075,511,,168,11,,428,17,1940
2020,2020-11-01,Lyon,40847,8046,,2449,529,,9136,390,20297
2020,2020-11-01,Mineral,3222,914,,200,30,,732,22,1324
2020,2020-11-01,Nye,34479,7760,,2242,346,,7126,320,16685
2020,2020-11-01,Pershing,2887,548,,134,26,,594,12,1573
2020,2020-11-01,Storey,3665,796,,217,53,,754,31,1814
2020,2020-11-01,Washoe,313037,108464,,14239,3990,,72124,4605,109615
2020,2020-11-01,White Pine,5386,1057,,307,43,,1016,34,2929
2020,2020-11-01,TOTALS,1865551,689025,,84406,18340,,448083,23395,602302
2020,2020-12-01,Carson City,38246,11186,,2003,476,,8156,410,16015
2020,2020-12-01,Churchill,16244,2645,,835,187,,3442,132,9003
2020,2020-12-01,Clark,1284587,512946,,55752,11210,,319825,19265,365589
2020,2020-12-01,Douglas,39627,8711,,1805,434,,7153,319,21205
2020,2020-12-01,Elko,26941,3950,,1347,343,,6109,236,14956
2020,2020-12-01,Esmeralda,577,80,,48,10,,92,7,340
2020,2020-12-01,Eureka,1162,82,,81,7,,178,4,810
2020,2020-12-01,Humboldt,9068,1383,,434,91,,1904,76,5180
2020,2020-12-01,Lander,3338,496,,155,32,,625,17,2013
2020,2020-12-01,Lincoln,3083,504,,169,11,,431,17,1951
2020,2020-12-01,Lyon,41048,8028,,2457,532,,9281,430,20320
2020,2020-12-01,Mineral,3244,915,,200,30,,748,25,1326
2020,2020-12-01,Nye,34160,7622,,2183,343,,7177,352,16483
2020,2020-12-01,Pershing,2914,548,,134,26,,612,14,1580
2020,2020-12-01,Storey,3678,795,,219,55,,765,33,1811
2020,2020-12-01,Washoe,313332,108176,,14308,3996,,72491,4889,109472
2020,2020-12-01,White Pine,5086,989,,290,33,,938,34,2802
2020,2020-12-01,TOTALS,1826335,669056,,82420,17816,,439927,26260,590856
2021,2021-01-01,Carson City,38373,11167,,2058,486,,8303,468,15891
2021,2021-01-01,Churchill,13572,2236,,680,144,,2554,120,7838
2021,2021-01-01,Clark,1258775,499736,,55332,10937,,315321,23073,354376
2021,2021-01-01,Douglas,39360,8594,,1841,449,,7212,359,20905
2021,2021-01-01,Elko,27188,3968,,1375,345,,6255,275,14970
2021,2021-01-01,Esmeralda,575,77,,48,10,,97,7,336
2021,2021-01-01,Eureka,1172,82,,83,7,,184,5,811
2021,2021-01-01,Humboldt,8385,1283,,398,78,,1622,78,4926
2021,2021-01-01,Lander,3345,493,,154,33,,640,17,2008
2021,2021-01-01,Lincoln,3083,497,,170,12,,438,19,1947
2021,2021-01-01,Lyon,41056,7960,,2482,530,,9461,484,20139
2021,2021-01-01,Mineral,3055,858,,190,26,,738,24,1219
2021,2021-01-01,Nye,33583,7413,,2162,344,,7196,385,16083
2021,2021-01-01,Pershing,2908,546,,137,26,,614,15,1570
2021,2021-01-01,Storey,3692,795,,227,57,,780,37,1796
2021,2021-01-01,Washoe,314173,108056,,14442,4037,,73733,5385,108520
2021,2021-01-01,White Pine,5089,988,,293,33,,945,39,2791
2021,2021-01-01,TOTALS,1797384,654749,,82072,17554,,436093,30790,576126
2021,2021-02-01,Carson City,38511,11157,,2066,489,,8459,511,15829
2021,2021-02-01,Churchill,13732,2238,,696,143,,2662,140,7853
2021,2021-02-01,Clark,1266803,500098,,55818,11012,,320337,25806,353732
2021,2021-02-01,Douglas,39407,8550,,1853,452,,7331,391,20830
2021,2021-02-01,Elko,27387,3978,,1387,354,,6387,308,14973
2021,2021-02-01,Esmeralda,553,70,,44,10,,97,7,325
2021,2021-02-01,Eureka,1147,81,,80,7,,183,7,789
2021,2021-02-01,Humboldt,8442,1288,,401,77,,1673,83,4920
2021,2021-02-01,Lander,3361,489,,158,32,,652,18,2012
2021,2021-02-01,Lincoln,3084,497,,170,14,,440,22,1941
2021,2021-02-01,Lyon,41020,7898,,2491,526,,9597,512,19996
2021,2021-02-01,Mineral,2542,742,,146,24,,556,20,1054
2021,2021-02-01,Nye,32781,7099,,2108,327,,7165,416,15666
2021,2021-02-01,Pershing,2918,549,,137,27,,628,17,1560
2021,2021-02-01,Storey,3119,676,,175,50,,626,34,1558
2021,2021-02-01,Washoe,315648,108257,,14570,4068,,74601,5816,108336
2021,2021-02-01,White Pine,5099,982,,292,33,,963,39,2790
2021,2021-02-01,TOTALS,1805554,654649,,82592,17645,,442357,34147,574164
2021,2021-03-01,Carson City,38469,11071,,2054,492,,8567,559,15726
2021,2021-03-01,Churchill,13881,2240,,701,149,,2786,157,7848
2021,2021-03-01,Clark,1270767,497499,,55990,11052,,325462,28959,351805
2021,2021-03-01,Douglas,39400,8491,,1862,457,,7414,437,20739
2021,2021-03-01,Elko,27419,3960,,1382,346,,6476,337,14918
2021,2021-03-01,Esmeralda,549,69,,44,10,,98,7,321
2021,2021-03-01,Eureka,1086,77,,72,6,,161,7,763
2021,2021-03-01,Humboldt,8537,1297,,405,80,,1720,89,4946
2021,2021-03-01,Lander,3370,483,,156,33,,664,22,2012
2021,2021-03-01,Lincoln,3068,488,,169,14,,449,24,1924
2021,2021-03-01,Lyon,40616,7729,,2449,522,,9682,551,19683
2021,2021-03-01,Mineral,2578,742,,147,25,,587,20,1057
2021,2021-03-01,Nye,28200,5931,,1763,261,,5816,423,14006
2021,2021-03-01,Pershing,2870,537,,131,26,,624,20,1532
2021,2021-03-01,Storey,3139,674,,178,48,,644,36,1559
2021,2021-03-01,Washoe,316386,107783,,14606,4079,,75772,6253,107893
2021,2021-03-01,White Pine,4577,870,,253,26,,813,38,2577
2021,2021-03-01,TOTALS,1804912,649941,,82362,17626,,447735,37939,569309
2021,2021-04-01,Carson City,36436,10484,,1917,451,,8169,581,14834
2021,2021-04-01,Churchill,14062,2242,,705,151,,2889,187,7888
2021,2021-04-01,Clark,1281390,497519,,56318,11166,,332829,31907,351651
2021,2021-04-01,Douglas,39457,8463,,1864,456,,7528,466,20680
2021,2021-04-01,Elko,25018,3556,,1249,301,,5633,337,13942
2021,2021-04-01,Esmeralda,556,68,,44,10,,106,7,321
2021,2021-04-01,Eureka,1092,75,,73,5,,171,7,761
2021,2021-04-01,Humboldt,8632,1310,,413,81,,1765,96,4967
2021,2021-04-01,Lander,3380,486,,158,33,,670,23,2010
2021,2021-04-01,Lincoln,2896,433,,158,11,,416,28,1850
2021,2021-04-01,Lyon,40552,7645,,2428,518,,9819,598,19544
2021,2021-04-01,Mineral,2614,742,,149,26,,617,22,1058
2021,2021-04-01,Nye,28413,5896,,1766,264,,6040,463,13984
2021,2021-04-01,Pershing,2894,541,,131,26,,640,23,1533
2021,2021-04-01,Storey,3159,673,,179,51,,655,40,1561
2021,2021-04-01,Washoe,317994,107754,,14707,4094,,76930,6687,107822
2021,2021-04-01,White Pine,4655,871,,261,26,,864,41,2592
2021,2021-04-01,TOTALS,1813200,648758,,82520,17670,,455741,41513,566998
2021,2021-05-01,Carson City,36661,10466,,1933,459,,8355,626,14822
2021,2021-05-01,Churchill,14190,2249,,704,156,,2983,196,7902
2021,2021-05-01,Clark,1291119,497779,,56661,11241,,339232,34446,351760
2021,2021-05-01,Douglas,39589,8471,,1860,455,,7654,508,20641
2021,2021-05-01,Elko,24699,3489,,1234,287,,5629,354,13706
2021,2021-05-01,Esmeralda,566,65,,45,10,,118,7,321
2021,2021-05-01,Eureka,1099,75,,75,5,,173,8,763
2021,2021-05-01,Humboldt,8693,1318,,416,82,,1797,98,4982
2021,2021-05-01,Lander,3383,487,,157,34,,677,23,2005
2021,2021-05-01,Lincoln,2615,387,,131,9,,360,29,1699
2021,2021-05-01,Lyon,40372,7535,,2398,513,,9904,635,19387
2021,2021-05-01,Mineral,2649,741,,148,26,,648,26,1060
2021,2021-05-01,Nye,28801,5915,,1778,271,,6264,504,14069
2021,2021-05-01,Pershing,2927,539,,132,26,,658,24,1548
2021,2021-05-01,Storey,3186,672,,180,52,,673,47,1562
2021,2021-05-01,Washoe,319162,107599,,14750,4110,,77858,7152,107693
2021,2021-05-01,White Pine,4707,875,,262,28,,893,46,2603
2021,2021-05-01,TOTALS,1824418,648662,,82864,17764,,463876,44729,566523
2021,2021-06-01,Carson City,36878,10479,,1933,458,,8538,664,14806
2021,2021-06-01,Churchill,14369,2248,,710,159,,3097,210,7945
2021,2021-06-01,Clark,1302135,498369,,57044,11314,,346240,36990,352178
2021,2021-06-01,Douglas,39772,8485,,1865,457,,7762,544,20659
2021,2021-06-01,Elko,24998,3501,,1250,287,,5815,392,13753
2021,2021-06-01,Esmeralda,576,66,,45,10,,125,7,323
2021,2021-06-01,Eureka,1107,75,,76,5,,181,8,762
2021,2021-06-01,Humboldt,8781,1323,,421,84,,1846,107,5000
2021,2021-06-01,Lander,3397,487,,155,34,,686,28,2007
2021,2021-06-01,Lincoln,2635,389,,131,9,,367,32,1707
2021,2021-06-01,Lyon,39992,7404,,2360,511,,9925,669,19123
2021,2021-06-01,Mineral,2691,741,,148,27,,680,26,1069
2021,2021-06-01,Nye,29225,5928,,1791,276,,6532,545,14153
2021,2021-06-01,Pershing,2949,539,,136,26,,672,24,1552
2021,2021-06-01,Storey,3218,675,,182,54,,695,47,1565
2021,2021-06-01,Washoe,320537,107515,,14812,4126,,78846,7533,107705
2021,2021-06-01,White Pine,4757,877,,264,28,,930,49,2609
2021,2021-06-01,TOTALS,1838017,649101,,83323,17865,,472937,47875,566916
2021,2021-07-01,Carson City,37240,10503,,1942,462,,8775,718,14840
2021,2021-07-01,Churchill,14549,2252,,713,165,,3233,220,7966
2021,2021-07-01,Clark,1314738,499089,,57404,11381,,354469,39767,352628
2021,2021-07-01,Douglas,39958,8473,,1879,462,,7876,591,20677
2021,2021-07-01,Elko,25360,3507,,1258,290,,6050,428,13827
2021,2021-07-01,Esmeralda,581,66,,45,10,,130,7,323
2021,2021-07-01,Eureka,1114,75,,75,5,,190,9,760
2021,2021-07-01,Humboldt,8870,1327,,427,86,,1895,118,5017
2021,2021-07-01,Lander,3420,484,,156,34,,697,31,2018
2021,2021-07-01,Lincoln,2661,383,,131,9,,384,37,1717
2021,2021-07-01,Lyon,40342,7380,,2363,519,,10185,724,19171
2021,2021-07-01,Mineral,2725,741,,149,27,,707,28,1073
2021,2021-07-01,Nye,29688,5944,,1804,280,,6806,595,14259
2021,2021-07-01,Pershing,2978,541,,138,26,,692,25,1556
2021,2021-07-01,Storey,3249,674,,187,55,,709,47,1577
2021,2021-07-01,Washoe,322592,107474,,14892,4156,,80231,8063,107776
2021,2021-07-01,White Pine,4803,879,,265,30,,964,54,2611
2021,2021-07-01,TOTALS,1854868,649792,,83828,17997,,483993,51462,567796
2021,2021-08-01,Carson City,37523,10518,,1948,466,,9000,726,14865
2021,2021-08-01,Churchill,14685,2250,,721,166,,3330,240,7978
2021,2021-08-01,Clark,1326100,499691,,57741,11458,,362242,42076,352892
2021,2021-08-01,Douglas,40162,8467,,1878,469,,8021,647,20680
2021,2021-08-01,Elko,25693,3539,,1262,292,,6230,434,13936
2021,2021-08-01,Esmeralda,587,65,,43,11,,139,7,322
2021,2021-08-01,Eureka,1102,73,,74,5,,196,8,746
2021,2021-08-01,Humboldt,8938,1334,,435,84,,1927,126,5032
2021,2021-08-01,Lander,3437,488,,155,33,,706,35,2020
2021,2021-08-01,Lincoln,2672,379,,131,10,,393,41,1718
2021,2021-08-01,Lyon,40637,7374,,2375,521,,10395,752,19220
2021,2021-08-01,Mineral,2768,739,,149,27,,748,30,1075
2021,2021-08-01,Nye,29911,5908,,1806,289,,7059,631,14218
2021,2021-08-01,Pershing,2983,539,,137,27,,693,26,1561
2021,2021-08-01,Storey,3277,673,,188,54,,730,46,1586
2021,2021-08-01,Washoe,323947,107279,,14945,4186,,81369,8481,107687
2021,2021-08-01,White Pine,5185,935,,284,36,,1128,59,2743
2021,2021-08-01,TOTALS,1869607,650251,,84272,18134,,494306,54365,568279
2021,2021-09-01,Carson City,37732,10513,,1962,461,,9205,731,14860
2021,2021-09-01,Churchill,14850,2253,,729,167,,3431,251,8019
2021,2021-09-01,Clark,1271850,476022,,55092,10703,,351533,43138,335362
2021,2021-09-01,Douglas,40202,8433,,1870,466,,8124,665,20644
2021,2021-09-01,Elko,25969,3547,,1268,298,,6396,430,14030
2021,2021-09-01,Esmeralda,598,65,,44,11,,146,6,326
2021,2021-09-01,Eureka,1105,73,,73,5,,197,7,750
2021,2021-09-01,Humboldt,9028,1336,,436,85,,1978,135,5058
2021,2021-09-01,Lander,3442,487,,151,33,,724,34,2013
2021,2021-09-01,Lincoln,2659,378,,125,10,,395,42,1709
2021,2021-09-01,Lyon,40877,7344,,2376,522,,10629,790,19216
2021,2021-09-01,Mineral,2792,738,,150,26,,770,31,1077
2021,2021-09-01,Nye,30280,5925,,1821,291,,7279,661,14303
2021,2021-09-01,Pershing,2994,537,,138,28,,707,27,1557
2021,2021-09-01,Storey,3292,673,,187,55,,738,49,1590
2021,2021-09-01,Washoe,313015,103262,,14383,3956,,79062,8644,103708
2021,2021-09-01,White Pine,5286,936,,290,39,,1176,64,2781
2021,2021-09-01,TOTALS,1805971,622522,,81095,17156,,482490,55705,547003
2021,2021-10-01,Carson City,37977,10511,,1976,467,,9400,740,14883
2021,2021-10-01,Churchill,14979,2250,,722,167,,3521,256,8063
2021,2021-10-01,Clark,1284482,477831,,55617,10791,,358890,44860,336493
2021,2021-10-01,Douglas,40111,8364,,1855,461,,8181,684,20566
2021,2021-10-01,Elko,26221,3568,,1282,300,,6534,423,14114
2021,2021-10-01,Esmeralda,604,65,,45,11,,149,7,327
2021,2021-10-01,Eureka,1114,74,,72,5,,206,8,749
2021,2021-10-01,Humboldt,9090,1338,,438,85,,2015,137,5077
2021,2021-10-01,Lander,3426,478,,150,37,,729,35,1997
2021,2021-10-01,Lincoln,2681,375,,128,10,,406,44,1718
2021,2021-10-01,Lyon,41168,7307,,2396,526,,10862,833,19244
2021,2021-10-01,Mineral,2813,738,,150,26,,785,32,1082
2021,2021-10-01,Nye,30652,5932,,1838,292,,7545,693,14352
2021,2021-10-01,Pershing,3011,536,,139,29,,718,26,1563
2021,2021-10-01,Storey,3301,672,,190,56,,750,54,1579
2021,2021-10-01,Washoe,315458,103561,,14517,3974,,80423,8939,104044
2021,2021-10-01,White Pine,5069,901,,274,32,,1133,63,2666
2021,2021-10-01,TOTALS,1822157,624501,,81789,17269,,492247,57834,548517
2021,2021-11-01,Carson City,38099,10496,,1978,471,,9510,734,14910
2021,2021-11-01,Churchill,15079,2241,,727,169,,3604,259,8079
2021,2021-11-01,Clark,1294532,479196,,56145,10867,,365886,44668,337770
2021,2021-11-01,Douglas,40109,8337,,1838,462,,8260,678,20534
2021,2021-11-01,Elko,26454,3559,,1300,305,,6684,414,14192
2021,2021-11-01,Esmeralda,605,65,,45,11,,149,7,328
2021,2021-11-01,Eureka,1124,74,,73,5,,209,8,755
2021,2021-11-01,Humboldt,9132,1333,,438,86,,2067,135,5073
2021,2021-11-01,Lander,3434,469,,149,37,,743,34,2002
2021,2021-11-01,Lincoln,2701,376,,126,10,,418,43,1728
2021,2021-11-01,Lyon,41330,7280,,2398,522,,11049,821,19260
2021,2021-11-01,Mineral,2838,731,,156,26,,803,30,1092
2021,2021-11-01,Nye,30355,5832,,1802,286,,7626,665,14144
2021,2021-11-01,Pershing,3019,532,,137,29,,729,26,1566
2021,2021-11-01,Storey,3312,668,,188,57,,767,55,1577
2021,2021-11-01,Washoe,317426,103767,,14642,4016,,81699,8853,104449
2021,2021-11-01,White Pine,5102,896,,276,33,,1159,62,2676
2021,2021-11-01,TOTALS,1834651,625852,,82418,17392,,501362,57492,550135
2021,2021-12-01,Carson City,38239,10471,,1983,473,,9676,727,14909
2021,2021-12-01,Churchill,15215,2240,,738,170,,3696,238,8133
2021,2021-12-01,Clark,1305652,480696,,56605,10960,,373824,44207,339360
2021,2021-12-01,Douglas,40256,8325,,1839,468,,8384,670,20570
2021,2021-12-01,Elko,26709,3577,,1316,308,,6832,409,14267
2021,2021-12-01,Esmeralda,607,66,,45,11,,150,7,328
2021,2021-12-01,Eureka,1122,74,,71,6,,211,7,753
2021,2021-12-01,Humboldt,9193,1341,,439,88,,2095,134,5096
2021,2021-12-01,Lander,3452,463,,150,37,,761,33,2008
2021,2021-12-01,Lincoln,2706,375,,126,10,,424,43,1728
2021,2021-12-01,Lyon,41639,7266,,2406,531,,11302,805,19329
2021,2021-12-01,Mineral,2864,728,,157,26,,826,30,1097
2021,2021-12-01,Nye,30801,5876,,1816,288,,7931,601,14289
2021,2021-12-01,Pershing,3029,530,,136,29,,745,26,1563
2021,2021-12-01,Storey,3334,670,,191,55,,781,56,1581
2021,2021-12-01,Washoe,319045,103876,,14758,4015,,82925,8733,104738
2021,2021-12-01,White Pine,5106,892,,278,34,,1166,57,2679
2021,2021-12-01,TOTALS,1848969,627466,,83054,17509,,511729,56783,552428
2022,2022-01-01,Carson City,38398,10475,,1978,470,,9846,707,14922
2022,2022-01-01,Churchill,15311,2231,,742,173,,3793,236,8136
2022,2022-01-01,Clark,1313535,481308,,56922,11026,,380280,43643,340356
2022,2022-01-01,Douglas,40546,8347,,1860,471,,8554,627,20687
2022,2022-01-01,Elko,26938,3584,,1314,315,,6962,403,14360
2022,2022-01-01,Esmeralda,610,66,,45,12,,153,8,326
2022,2022-01-01,Eureka,1111,75,,69,6,,214,7,740
2022,2022-01-01,Humboldt,9260,1344,,446,86,,2136,133,5115
2022,2022-01-01,Lander,3464,461,,155,37,,767,32,2012
2022,2022-01-01,Lincoln,2722,375,,129,10,,430,42,1736
2022,2022-01-01,Lyon,41870,7240,,2407,536,,11524,792,19371
2022,2022-01-01,Mineral,2891,725,,158,26,,851,29,1102
2022,2022-01-01,Nye,31117,5877,,1835,293,,8171,580,14361
2022,2022-01-01,Pershing,3031,528,,137,27,,754,25,1560
2022,2022-01-01,Storey,3350,666,,188,55,,791,54,1596
2022,2022-01-01,Washoe,306551,99950,,14149,3777,,79688,7696,101291
2022,2022-01-01,White Pine,5158,893,,280,36,,1206,54,2689
2022,2022-01-01,TOTALS,1845863,624145,,82814,17356,,516120,55068,550360
2022,2022-02-01,Carson City,38542,10466,,1975,474,,10021,677,14929
2022,2022-02-01,Churchill,15160,2196,,734,168,,3786,228,8048
2022,2022-02-01,Clark,1322871,482147,,57298,11096,,387378,43389,341563
2022,2022-02-01,Douglas,40732,8352,,1865,472,,8717,614,20712
2022,2022-02-01,Elko,27021,3568,,1313,319,,7081,381,14359
2022,2022-02-01,Esmeralda,610,64,,46,12,,152,8,328
2022,2022-02-01,Eureka,1115,75,,69,6,,221,7,737
2022,2022-02-01,Humboldt,9274,1340,,442,86,,2157,132,5117
2022,2022-02-01,Lander,3465,458,,152,37,,777,32,2009
2022,2022-02-01,Lincoln,2710,372,,129,11,,426,41,1731
2022,2022-02-01,Lyon,42064,7211,,2418,549,,11712,788,19386
2022,2022-02-01,Mineral,2917,725,,159,26,,870,28,1109
2022,2022-02-01,Nye,31223,5849,,1825,296,,8364,572,14317
2022,2022-02-01,Pershing,3038,529,,135,26,,757,24,1567
2022,2022-02-01,Storey,3371,662,,188,55,,803,52,1611
2022,2022-02-01,Washoe,308306,100095,,14239,3793,,80984,7600,101595
2022,2022-02-01,White Pine,5170,892,,283,35,,1210,52,2698
2022,2022-02-01,TOTALS,1857589,625001,,83270,17461,,525416,54625,551816
2022,2022-03-01,Carson City,38779,10456,,1981,482,,10213,669,14978
2022,2022-03-01,Churchill,15170,2162,,731,164,,3861,225,8027
2022,2022-03-01,Clark,1251508,453996,,53643,10191,,370002,39938,323738
2022,2022-03-01,Douglas,40673,8341,,1865,470,,8728,610,20659
2022,2022-03-01,Elko,25701,3356,,1230,301,,6783,355,13676
2022,2022-03-01,Esmeralda,616,62,,46,12,,160,8,328
2022,2022-03-01,Eureka,1113,74,,68,6,,218,8,739
2022,2022-03-01,Humboldt,9268,1322,,439,86,,2178,132,5111
2022,2022-03-01,Lander,3473,452,,156,35,,778,32,2020
2022,2022-03-01,Lincoln,2722,369,,131,11,,433,41,1737
2022,2022-03-01,Lyon,42213,7170,,2403,551,,11955,781,19353
2022,2022-03-01,Mineral,2955,724,,159,27,,907,27,1111
2022,2022-03-01,Nye,30852,5727,,1789,286,,8399,548,14103
2022,2022-03-01,Pershing,3052,530,,137,27,,762,22,1574
2022,2022-03-01,Storey,3401,656,,189,54,,814,51,1637
2022,2022-03-01,Washoe,309352,100013,,14274,3785,,82037,7516,101727
2022,2022-03-01,White Pine,5195,882,,286,34,,1249,50,2694
2022,2022-03-01,TOTALS,1786043,596292,,79527,16522,,509477,51013,533212
2022,2022-04-01,Carson City,39027,10478,,1989,485,,10397,666,15012
2022,2022-04-01,Churchill,15291,2156,,734,167,,3939,225,8070
2022,2022-04-01,Clark,1267430,457366,,54317,10315,,378911,39868,326653
2022,2022-04-01,Douglas,41061,8319,,1867,466,,8944,598,20867
2022,2022-04-01,Elko,26019,3368,,1230,304,,6962,354,13801
2022,2022-04-01,Esmeralda,615,61,,46,13,,159,8,328
2022,2022-04-01,Eureka,1122,74,,68,6,,222,10,742
2022,2022-04-01,Humboldt,9370,1323,,438,89,,2225,137,5158
2022,2022-04-01,Lander,3522,422,,144,35,,782,32,2107
2022,2022-04-01,Lincoln,2738,362,,131,12,,441,41,1751
2022,2022-04-01,Lyon,42555,7145,,2411,552,,12233,779,19435
2022,2022-04-01,Mineral,2973,723,,157,27,,919,27,1120
2022,2022-04-01,Nye,30937,5667,,1752,285,,8534,543,14156
2022,2022-04-01,Pershing,3075,529,,135,27,,773,22,1589
2022,2022-04-01,Storey,3426,657,,187,55,,822,50,1655
2022,2022-04-01,Washoe,311265,100192,,14318,3789,,83234,7457,102275
2022,2022-04-01,White Pine,5229,879,,285,35,,1275,50,2705
2022,2022-04-01,TOTALS,1805655,599721,,80209,16662,,520772,50867,537424
2022,2022-05-01,Carson City,39153,10479,,1975,483,,10413,656,15147
2022,2022-05-01,Churchill,15469,2161,,735,169,,4024,223,8157
2022,2022-05-01,Clark,1279597,460709,,54397,10325,,383150,39583,331433
2022,2022-05-01,Douglas,41471,8361,,1863,465,,8950,584,21248
2022,2022-05-01,Elko,26231,3364,,1233,306,,7096,353,13879
2022,2022-05-01,Esmeralda,621,62,,44,13,,159,8,335
2022,2022-05-01,Eureka,1139,73,,68,7,,228,10,753
2022,2022-05-01,Humboldt,9474,1325,,435,89,,2260,134,5231
2022,2022-05-01,Lander,3559,413,,151,35,,779,30,2151
2022,2022-05-01,Lincoln,2768,349,,132,13,,449,40,1785
2022,2022-05-01,Lyon,42977,7167,,2409,547,,12453,770,19631
2022,2022-05-01,Mineral,2997,719,,158,27,,933,27,1133
2022,2022-05-01,Nye,31499,5699,,1761,289,,8774,539,14437
2022,2022-05-01,Pershing,3086,522,,129,27,,780,22,1606
2022,2022-05-01,Storey,3459,655,,184,53,,827,48,1692
2022,2022-05-01,Washoe,312307,100380,,14234,3783,,83468,7376,103066
2022,2022-05-01,White Pine,5251,870,,287,35,,1286,51,2722
2022,2022-05-01,TOTALS,1821058,603308,,80195,16666,,526029,50454,544406
2022,2022-06-01,Carson City,39315,10477,,1938,476,,10498,631,15295
2022,2022-06-01,Churchill,15645,2164,,721,168,,4037,216,8339
2022,2022-06-01,Clark,1291446,464828,,53860,10258,,383894,38274,340332
2022,2022-06-01,Douglas,41453,8331,,1818,458,,8885,546,21415
2022,2022-06-01,Elko,26616,3381,,1240,307,,7253,346,14089
2022,2022-06-01,Esmeralda,622,59,,41,13,,145,8,356
2022,2022-06-01,Eureka,1154,73,,68,7,,232,10,764
2022,2022-06-01,Humboldt,9602,1321,,435,90,,2313,127,5316
2022,2022-06-01,Lander,3585,409,,151,35,,784,29,2177
2022,2022-06-01,Lincoln,2797,337,,131,12,,455,34,1828
2022,2022-06-01,Lyon,43299,7147,,2383,548,,12583,756,19882
2022,2022-06-01,Mineral,3034,719,,158,27,,943,25,1162
2022,2022-06-01,Nye,32140,5752,,1754,292,,8990,526,14826
2022,2022-06-01,Pershing,3109,524,,127,28,,791,19,1620
2022,2022-06-01,Storey,3491,651,,178,54,,809,42,1757
2022,2022-06-01,Washoe,315376,100870,,14137,3781,,84782,7180,104626
2022,2022-06-01,White Pine,5279,852,,289,35,,1293,50,2760
2022,2022-06-01,TOTALS,1837963,607895,,79429,16589,,528687,48819,556544
2022,2022-07-01,Carson City,39466,10452,,1937,477,,10664,626,15310
2022,2022-07-01,Churchill,15502,2128,,705,170,,4026,212,8261
2022,2022-07-01,Clark,1296393,463293,,54033,10218,,392989,37288,338572
2022,2022-07-01,Douglas,39422,7838,,1693,420,,8450,504,20517
2022,2022-07-01,Elko,26898,3397,,1259,311,,7411,344,14176
2022,2022-07-01,Esmeralda,629,60,,42,13,,146,8,360
2022,2022-07-01,Eureka,1158,72,,68,7,,241,10,760
2022,2022-07-01,Humboldt,9689,1318,,437,91,,2366,126,5351
2022,2022-07-01,Lander,3544,407,,146,34,,772,28,2157
2022,2022-07-01,Lincoln,2804,332,,133,13,,457,32,1837
2022,2022-07-01,Lyon,43322,7102,,2371,541,,12709,739,19860
2022,2022-07-01,Mineral,3052,721,,160,28,,947,25,1171
2022,2022-07-01,Nye,32562,5779,,1774,299,,9226,528,14956
2022,2022-07-01,Pershing,3131,526,,130,27,,800,19,1629
2022,2022-07-01,Storey,3521,652,,177,55,,834,42,1761
2022,2022-07-01,Washoe,292680,93646,,13000,3385,,77650,6521,98478
2022,2022-07-01,White Pine,5113,819,,276,32,,1253,47,2686
2022,2022-07-01,TOTALS,1818886,598542,,78341,16121,,530941,47099,547842
2022,2022-08-01,Carson City,36523,9784,39.0,1782,434,3.0,9678,534,14269
2022,2022-08-01,Churchill,14980,2060,12.0,688,155,0.0,3843,183,8039
2022,2022-08-01,Clark,1267154,453868,1038.0,52851,9895,0.0,382222,34779,332501
2022,2022-08-01,Douglas,39513,7853,30.0,1720,421,8.0,8481,458,20542
2022,2022-08-01,Elko,26972,3398,13.0,1259,318,3.0,7446,329,14206
2022,2022-08-01,Esmeralda,618,60,3.0,37,12,2.0,142,4,358
2022,2022-08-01,Eureka,1154,71,0.0,69,7,0.0,239,10,758
2022,2022-08-01,Humboldt,9616,1307,4.0,434,91,0.0,2352,118,5310
2022,2022-08-01,Lander,3444,395,1.0,143,32,0.0,751,26,2096
2022,2022-08-01,Lincoln,2794,324,3.0,133,13,0.0,454,28,1839
2022,2022-08-01,Lyon,41751,6872,36.0,2275,513,8.0,12176,663,19208
2022,2022-08-01,Mineral,3020,711,2.0,160,27,1.0,934,22,1163
2022,2022-08-01,Nye,32583,5780,23.0,1783,301,2.0,9210,503,14981
2022,2022-08-01,Pershing,3120,522,1.0,131,27,1.0,791,16,1631
2022,2022-08-01,Storey,3489,645,3.0,177,56,0.0,823,38,1747
2022,2022-08-01,Washoe,287678,92015,444.0,12807,3320,39.0,76373,5919,96761
2022,2022-08-01,White Pine,5075,810,2.0,273,33,0.0,1245,44,2668
2022,2022-08-01,TOTALS,1779484,586475,1654.0,76722,15655,67.0,517160,43674,538077
2022,2022-09-01,Carson City,36837,9821,,1792,441,,9853,575,14355
2022,2022-09-01,Churchill,15150,2069,,692,156,,3941,192,8100
2022,2022-09-01,Clark,1286142,458940,,53629,10024,,392670,35699,335180
2022,2022-09-01,Douglas,39826,7887,,1732,429,,8632,493,20653
2022,2022-09-01,Elko,27298,3410,,1273,319,,7625,349,14322
2022,2022-09-01,Esmeralda,619,61,,34,12,,144,9,359
2022,2022-09-01,Eureka,1164,71,,70,6,,247,10,760
2022,2022-09-01,Humboldt,9679,1303,,432,91,,2395,122,5336
2022,2022-09-01,Lander,3456,390,,142,33,,750,27,2114
2022,2022-09-01,Lincoln,2815,323,,133,13,,457,31,1858
2022,2022-09-01,Lyon,42054,6875,,2288,520,,12414,697,19260
2022,2022-09-01,Mineral,3039,708,,159,28,,953,23,1168
2022,2022-09-01,Nye,33019,5818,,1803,306,,9475,528,15089
2022,2022-09-01,Pershing,3142,521,,132,27,,801,18,1643
2022,2022-09-01,Storey,3486,637,,176,55,,840,40,1738
2022,2022-09-01,Washoe,292812,93256,,13138,3404,,78444,6434,98136
2022,2022-09-01,White Pine,5112,813,,279,33,,1252,45,2690
2022,2022-09-01,TOTALS,1805650,592903,,77904,15897,,530893,45292,542761
2022,2022-10-01,Carson City,37442,9957,,1817,451,,10097,575,14545
2022,2022-10-01,Churchill,15546,2115,,705,161,,4142,197,8226
2022,2022-10-01,Clark,1318389,467644,,54749,10245,,409110,35476,341165
2022,2022-10-01,Douglas,40493,8006,,1761,442,,8849,490,20945
2022,2022-10-01,Elko,27900,3445,,1299,322,,7947,347,14540
2022,2022-10-01,Esmeralda,624,63,,34,12,,145,9,361
2022,2022-10-01,Eureka,1177,70,,71,6,,252,10,768
2022,2022-10-01,Humboldt,9852,1323,,440,91,,2487,121,5390
2022,2022-10-01,Lander,3551,406,,147,33,,778,28,2159
2022,2022-10-01,Lincoln,2855,324,,134,14,,466,31,1886
2022,2022-10-01,Lyon,43017,6943,,2320,531,,12970,691,19562
2022,2022-10-01,Mineral,3104,710,,162,27,,995,25,1185
2022,2022-10-01,Nye,33912,5918,,1852,317,,9929,531,15365
2022,2022-10-01,Pershing,3196,525,,135,27,,839,19,1651
2022,2022-10-01,Storey,3546,643,,179,56,,865,40,1763
2022,2022-10-01,Washoe,304147,96628,,13752,3561,,82657,6600,100949
2022,2022-10-01,White Pine,5229,820,,287,34,,1302,46,2740
2022,2022-10-01,TOTALS,1853980,605540,,79844,16330,,553830,45236,553200
2022,2022-11-01,Carson City,38065,10036,,1849,461,,10436,571,14712
2022,2022-11-01,Churchill,15881,2145,,721,169,,4236,194,8416
2022,2022-11-01,Clark,1350860,476382,,56608,10519,,422456,35113,349782
2022,2022-11-01,Douglas,40662,7995,,1777,446,,8936,490,21018
2022,2022-11-01,Elko,28481,3540,,1333,330,,8177,347,14754
2022,2022-11-01,Esmeralda,623,62,,34,12,,147,9,359
2022,2022-11-01,Eureka,1180,69,,72,6,,253,9,771
2022,2022-11-01,Humboldt,9968,1349,,452,89,,2519,122,5437
2022,2022-11-01,Lander,3582,410,,152,34,,788,28,2170
2022,2022-11-01,Lincoln,2891,328,,138,14,,484,30,1897
2022,2022-11-01,Lyon,43331,6943,,2329,540,,13111,680,19728
2022,2022-11-01,Mineral,3126,713,,162,27,,999,26,1199
2022,2022-11-01,Nye,34264,5943,,1868,322,,10114,524,15493
2022,2022-11-01,Pershing,3203,534,,134,27,,842,17,1649
2022,2022-11-01,Storey,3576,647,,176,57,,881,40,1775
2022,2022-11-01,Washoe,312113,98924,,14126,3663,,85611,6621,103168
2022,2022-11-01,White Pine,5320,821,,295,35,,1332,44,2793
2022,2022-11-01,TOTALS,1897126,616841,,82226,16751,,571322,44865,565121
2022,2022-12-01,Carson City,38245,10040,,1865,467,,10605,571,14697
2022,2022-12-01,Churchill,15870,2132,,726,167,,4268,192,8385
2022,2022-12-01,Clark,1358534,476945,,57124,10573,,428770,34975,350147
2022,2022-12-01,Douglas,40952,8007,,1799,445,,9163,488,21050
2022,2022-12-01,Elko,28726,3551,,1351,335,,8294,348,14847
2022,2022-12-01,Esmeralda,619,62,,34,12,,146,9,356
2022,2022-12-01,Eureka,1177,67,,71,6,,257,9,767
2022,2022-12-01,Humboldt,9794,1326,,436,86,,2474,119,5353
2022,2022-12-01,Lander,3593,408,,151,34,,800,28,2172
2022,2022-12-01,Lincoln,2904,328,,140,14,,493,30,1899
2022,2022-12-01,Lyon,43461,6907,,2329,535,,13326,679,19685
2022,2022-12-01,Mineral,3150,717,,161,28,,1016,25,1203
2022,2022-12-01,Nye,34176,5896,,1860,312,,10158,511,15439
2022,2022-12-01,Pershing,3141,527,,134,26,,824,16,1614
2022,2022-12-01,Storey,3590,637,,177,58,,893,40,1785
2022,2022-12-01,Washoe,313039,99111,,14249,3668,,86032,6608,103371
2022,2022-12-01,White Pine,5253,812,,291,35,,1317,43,2755
2022,2022-12-01,TOTALS,1906224,617473,,82898,16801,,578836,44691,565525
2023,2023-01-01,Carson City,37001,9761,,1798,444,,10172,538,14288
2023,2023-01-01,Churchill,15672,2101,,710,165,,4264,183,8249
2023,2023-01-01,Clark,1317645,461862,,55463,10141,,415404,33245,341530
2023,2023-01-01,Douglas,41170,8012,,1811,450,,9329,485,21083
2023,2023-01-01,Elko,28894,3554,,1353,342,,8405,346,14894
2023,2023-01-01,Esmeralda,617,62,,33,13,,145,9,355
2023,2023-01-01,Eureka,1182,68,,71,5,,261,9,768
2023,2023-01-01,Humboldt,9826,1327,,431,86,,2511,119,5352
2023,2023-01-01,Lander,3599,409,,150,35,,806,28,2171
2023,2023-01-01,Lincoln,2913,326,,140,14,,503,30,1900
2023,2023-01-01,Lyon,43577,6902,,2325,538,,13457,682,19673
2023,2023-01-01,Mineral,3161,713,,159,28,,1037,25,1199
2023,2023-01-01,Nye,34420,5900,,1888,317,,10339,508,15468
2023,2023-01-01,Pershing,3027,508,,131,25,,773,16,1574
2023,2023-01-01,Storey,3606,642,,181,58,,903,40,1782
2023,2023-01-01,Washoe,300317,95123,,13665,3488,,82334,6189,99518
2023,2023-01-01,White Pine,5265,799,,290,36,,1330,43,2767
2023,2023-01-01,TOTALS,1851892,598069,,80599,16185,,561973,42495,552571
2023,2023-02-01,Carson City,37359,9767,,1832,450,,10450,538,14322
2023,2023-02-01,Churchill,15786,2100,,722,166,,4351,183,8264
2023,2023-02-01,Clark,1327240,463179,,55924,10216,,422250,33230,342441
2023,2023-02-01,Douglas,41328,8014,,1827,453,,9470,483,21081
2023,2023-02-01,Elko,29090,3566,,1366,346,,8524,346,14942
2023,2023-02-01,Esmeralda,617,62,,34,13,,145,9,354
2023,2023-02-01,Eureka,1190,69,,70,5,,267,9,770
2023,2023-02-01,Humboldt,9863,1327,,432,84,,2549,118,5353
2023,2023-02-01,Lander,3604,406,,149,35,,808,29,2177
2023,2023-02-01,Lincoln,2911,325,,140,14,,505,30,1897
2023,2023-02-01,Lyon,43499,6846,,2323,544,,13498,680,19608
2023,2023-02-01,Mineral,3183,715,,160,28,,1056,25,1199
2023,2023-02-01,Nye,34690,5918,,1910,318,,10515,511,15518
2023,2023-02-01,Pershing,3051,508,,131,26,,786,16,1584
2023,2023-02-01,Storey,3614,641,,184,58,,915,40,1776
2023,2023-02-01,Washoe,301039,95082,,13727,3496,,83011,6185,99538
2023,2023-02-01,White Pine,5296,797,,292,36,,1354,43,2774
2023,2023-02-01,TOTALS,1863360,599322,,81223,16288,,570454,42475,553598
2023,2023-03-01,Carson City,37560,9760,,1842,455,,10640,536,14327
2023,2023-03-01,Churchill,15953,2110,,730,169,,4471,181,8292
2023,2023-03-01,Clark,1339048,464868,,56422,10286,,430628,33249,343595
2023,2023-03-01,Douglas,41432,8009,,1846,456,,9567,476,21078
2023,2023-03-01,Elko,29170,3555,,1369,348,,8590,341,14967
2023,2023-03-01,Esmeralda,621,62,,33,14,,145,9,358
2023,2023-03-01,Eureka,1170,68,,70,6,,259,8,759
2023,2023-03-01,Humboldt,9943,1329,,433,87,,2591,117,5386
2023,2023-03-01,Lander,3622,405,,148,34,,829,29,2177
2023,2023-03-01,Lincoln,2925,326,,140,14,,520,30,1895
2023,2023-03-01,Lyon,43834,6843,,2339,546,,13769,680,19657
2023,2023-03-01,Mineral,3095,701,,163,29,,1008,20,1174
2023,2023-03-01,Nye,35230,5958,,1939,323,,10846,513,15651
2023,2023-03-01,Pershing,3063,509,,133,25,,798,15,1583
2023,2023-03-01,Storey,3606,638,,181,58,,926,40,1763
2023,2023-03-01,Washoe,302729,95283,,13841,3520,,84167,6175,99743
2023,2023-03-01,White Pine,5274,787,,290,36,,1354,43,2764
2023,2023-03-01,TOTALS,1878275,601211,,81919,16406,,581108,42462,555169
2023,2023-04-01,Carson City,37747,9765,,1837,458,,10819,536,14332
2023,2023-04-01,Churchill,16048,2112,,730,170,,4553,182,8301
2023,2023-04-01,Clark,1349384,466127,,56962,10359,,438159,33247,344530
2023,2023-04-01,Douglas,41510,8004,,1852,456,,9648,477,21073
2023,2023-04-01,Elko,19357,2443,,892,212,,4425,157,11228
2023,2023-04-01,Esmeralda,624,62,,33,15,,145,9,360
2023,2023-04-01,Eureka,918,57,,43,5,,157,6,650
2023,2023-04-01,Humboldt,9954,1324,,436,90,,2621,115,5368
2023,2023-04-01,Lander,3517,392,,139,33,,805,28,2120
2023,2023-04-01,Lincoln,2938,327,,140,14,,523,30,1904
2023,2023-04-01,Lyon,44057,6850,,2346,547,,13966,673,19675
2023,2023-04-01,Mineral,2259,575,,119,19,,553,13,980
2023,2023-04-01,Nye,35225,5928,,1937,318,,10938,511,15593
2023,2023-04-01,Pershing,3082,507,,134,25,,810,15,1591
2023,2023-04-01,Storey,3640,643,,182,58,,944,40,1773
2023,2023-04-01,Washoe,304521,95587,,13931,3550,,85238,6191,100024
2023,2023-04-01,White Pine,3981,653,,201,22,,806,22,2277
2023,2023-04-01,TOTALS,1878762,601356,,81914,16351,,585110,42252,551779
2023,2023-05-01,Carson City,37876,9748,,1846,467,,10954,533,14328
2023,2023-05-01,Churchill,16182,2111,,734,173,,4647,182,8335
2023,2023-05-01,Clark,1359144,467305,,57509,10412,,445353,33201,345364
2023,2023-05-01,Douglas,40942,7895,,1825,444,,9517,464,20797
2023,2023-05-01,Elko,19913,2490,,932,218,,4651,163,11459
2023,2023-05-01,Esmeralda,623,62,,33,15,,145,9,359
2023,2023-05-01,Eureka,939,58,,44,5,,169,6,657
2023,2023-05-01,Humboldt,7303,1013,,301,58,,1510,57,4364
2023,2023-05-01,Lander,3413,380,,132,31,,790,27,2053
2023,2023-05-01,Lincoln,2386,266,,110,11,,358,16,1625
2023,2023-05-01,Lyon,44277,6829,,2345,551,,14179,667,19706
2023,2023-05-01,Mineral,2301,580,,119,19,,581,14,988
2023,2023-05-01,Nye,26265,4806,,1461,212,,6594,274,12918
2023,2023-05-01,Pershing,3095,507,,134,26,,811,15,1602
2023,2023-05-01,Storey,3640,641,,182,60,,945,39,1773
2023,2023-05-01,Washoe,306346,95792,,14046,3573,,86479,6189,100267
2023,2023-05-01,White Pine,4047,657,,205,23,,845,22,2295
2023,2023-05-01,TOTALS,1878692,601140,,81958,16298,,588528,41878,548890
2023,2023-06-01,Carson City,37992,9730,,1856,471,,11053,531,14351
2023,2023-06-01,Churchill,16297,2117,,742,174,,4724,182,8358
2023,2023-06-01,Clark,1362094,466192,,57609,10388,,450394,32905,344606
2023,2023-06-01,Douglas,41140,7874,,1848,444,,9672,461,20841
2023,2023-06-01,Elko,20781,2586,,973,227,,4974,172,11849
2023,2023-06-01,Esmeralda,617,61,,33,15,,143,9,356
2023,2023-06-01,Eureka,944,57,,44,5,,172,6,660
2023,2023-06-01,Humboldt,7425,1027,,307,60,,1578,59,4394
2023,2023-06-01,Lander,3419,378,,136,33,,795,27,2050
2023,2023-06-01,Lincoln,2405,267,,111,11,,374,16,1626
2023,2023-06-01,Lyon,44544,6834,,2354,548,,14409,669,19730
2023,2023-06-01,Mineral,2345,578,,124,19,,608,14,1002
2023,2023-06-01,Nye,26819,4845,,1492,220,,6929,278,13055
2023,2023-06-01,Pershing,3115,507,,137,26,,821,15,1609
2023,2023-06-01,Storey,3652,643,,182,60,,954,39,1774
2023,2023-06-01,Washoe,307983,96005,,14188,3578,,87447,6171,100594
2023,2023-06-01,White Pine,4092,660,,207,23,,867,22,2313
2023,2023-06-01,TOTALS,1885664,600361,,82343,16302,,595914,41576,549168
2023,2023-07-01,Carson City,38173,9737,,1866,473,,11215,531,14351
2023,2023-07-01,Churchill,16399,2121,,746,177,,4795,181,8379
2023,2023-07-01,Clark,1371558,467306,,58026,10469,,457233,32864,345660
2023,2023-07-01,Douglas,41277,7889,,1859,448,,9780,458,20843
2023,2023-07-01,Elko,21177,2607,,1000,232,,5162,173,12003
2023,2023-07-01,Esmeralda,617,61,,34,14,,143,9,356
2023,2023-07-01,Eureka,953,59,,41,5,,178,6,664
2023,2023-07-01,Humboldt,7570,1047,,316,59,,1643,60,4445
2023,2023-07-01,Lander,3424,376,,137,33,,801,27,2050
2023,2023-07-01,Lincoln,2428,268,,113,11,,384,17,1635
2023,2023-07-01,Lyon,44761,6827,,2368,546,,14568,663,19789
2023,2023-07-01,Mineral,2355,579,,124,19,,620,15,998
2023,2023-07-01,Nye,27704,4947,,1543,232,,7404,289,13289
2023,2023-07-01,Pershing,3123,506,,136,26,,827,15,1613
2023,2023-07-01,Storey,3676,642,,186,60,,963,39,1786
2023,2023-07-01,Washoe,309715,96248,,14307,3607,,88483,6187,100883
2023,2023-07-01,White Pine,4184,662,,215,23,,913,25,2346
2023,2023-07-01,TOTALS,1899094,601882,,83017,16434,,605112,41559,551090
2023,2023-08-01,Carson City,38311,9729,,1881,474,,11360,524,14343
2023,2023-08-01,Churchill,16513,2122,,749,176,,4880,185,8401
2023,2023-08-01,Clark,1373629,466131,,58068,10437,,461521,32511,344961
2023,2023-08-01,Douglas,41501,7901,,1863,454,,9921,458,20904
2023,2023-08-01,Elko,21550,2632,,1011,234,,5354,177,12142
2023,2023-08-01,Esmeralda,616,60,,35,14,,143,9,355
2023,2023-08-01,Eureka,968,60,,44,5,,179,6,674
2023,2023-08-01,Humboldt,7695,1050,,322,59,,1718,61,4485
2023,2023-08-01,Lander,3446,375,,139,34,,814,27,2057
2023,2023-08-01,Lincoln,2437,265,,113,11,,392,17,1639
2023,2023-08-01,Lyon,45078,6834,,2383,544,,14832,663,19822
2023,2023-08-01,Mineral,2408,582,,127,20,,656,16,1007
2023,2023-08-01,Nye,27791,4904,,1539,228,,7571,289,13260
2023,2023-08-01,Pershing,3152,507,,136,26,,845,15,1623
2023,2023-08-01,Storey,3699,647,,185,60,,975,39,1793
2023,2023-08-01,Washoe,311708,96485,,14415,3614,,89778,6222,101194
2023,2023-08-01,White Pine,4214,662,,215,23,,950,23,2341
2023,2023-08-01,TOTALS,1904716,600946,,83225,16413,,611889,41242,551001
2023,2023-09-01,Carson City,38509,9729,,1887,477,,11505,524,14387
2023,2023-09-01,Churchill,16599,2119,,752,177,,4951,185,8415
2023,2023-09-01,Clark,1384551,467303,,58491,10485,,469844,32483,345945
2023,2023-09-01,Douglas,41628,7893,,1879,451,,10026,455,20924
2023,2023-09-01,Elko,21870,2647,,1020,237,,5537,179,12250
2023,2023-09-01,Esmeralda,612,59,,35,13,,143,9,353
2023,2023-09-01,Eureka,975,59,,45,5,,182,6,678
2023,2023-09-01,Humboldt,7794,1054,,326,60,,1786,61,4507
2023,2023-09-01,Lander,3444,371,,138,35,,817,26,2057
2023,2023-09-01,Lincoln,2464,265,,115,11,,403,18,1652
2023,2023-09-01,Lyon,45270,6824,,2392,543,,15019,660,19832
2023,2023-09-01,Mineral,2445,586,,124,20,,683,16,1016
2023,2023-09-01,Nye,27881,4881,,1536,231,,7726,284,13223
2023,2023-09-01,Pershing,3167,506,,137,26,,858,15,1625
2023,2023-09-01,Storey,3717,648,,186,61,,996,39,1787
2023,2023-09-01,Washoe,313640,96822,,14577,3631,,90813,6245,101552
2023,2023-09-01,White Pine,4255,668,,218,24,,971,22,2352
2023,2023-09-01,TOTALS,1918821,602434,,83858,16487,,622260,41227,552555
2023,2023-10-01,Carson City,38728,9737,,1896,483,,11678,520,14414
2023,2023-10-01,Churchill,16686,2120,,760,174,,5015,184,8433
2023,2023-10-01,Clark,1391347,467240,,58882,10527,,476347,32375,345976
2023,2023-10-01,Douglas,41862,7904,,1908,453,,10151,449,20997
2023,2023-10-01,Elko,22185,2665,,1035,243,,5695,181,12366
2023,2023-10-01,Esmeralda,609,59,,35,13,,143,9,350
2023,2023-10-01,Eureka,981,59,,46,5,,182,6,683
2023,2023-10-01,Humboldt,7892,1059,,331,60,,1850,61,4531
2023,2023-10-01,Lander,3382,360,,132,35,,801,26,2028
2023,2023-10-01,Lincoln,2475,266,,119,12,,410,18,1650
2023,2023-10-01,Lyon,45702,6864,,2405,550,,15298,654,19931
2023,2023-10-01,Mineral,2463,587,,126,19,,689,16,1026
2023,2023-10-01,Nye,28381,4922,,1584,236,,7995,291,13353
2023,2023-10-01,Pershing,3176,504,,137,26,,867,15,1627
2023,2023-10-01,Storey,3724,646,,187,60,,1007,39,1785
2023,2023-10-01,Washoe,315260,96887,,14711,3653,,92011,6239,101759
2023,2023-10-01,White Pine,4300,670,,223,25,,990,23,2369
2023,2023-10-01,TOTALS,1929153,602549,,84517,16574,,631129,41106,553278
2023,2023-11-01,Carson City,38902,9719,,1903,484,,11815,518,14463
2023,2023-11-01,Churchill,16793,2122,,763,175,,5092,184,8457
2023,2023-11-01,Clark,1366764,456538,,57914,10247,,470371,31303,340391
2023,2023-11-01,Douglas,41982,7907,,1915,452,,10192,441,21075
2023,2023-11-01,Elko,22498,2696,,1054,245,,5826,184,12493
2023,2023-11-01,Esmeralda,609,59,,35,13,,143,9,350
2023,2023-11-01,Eureka,987,60,,47,6,,184,6,684
2023,2023-11-01,Humboldt,7998,1074,,337,61,,1885,61,4580
2023,2023-11-01,Lander,3402,362,,132,35,,812,26,2035
2023,2023-11-01,Lincoln,2478,262,,120,13,,416,18,1649
2023,2023-11-01,Lyon,46014,6895,,2418,549,,15495,648,20009
2023,2023-11-01,Mineral,2490,590,,128,20,,705,16,1031
2023,2023-11-01,Nye,28797,4957,,1600,240,,8229,294,13477
2023,2023-11-01,Pershing,3187,503,,136,26,,876,15,1631
2023,2023-11-01,Storey,3746,645,,190,60,,1026,40,1785
2023,2023-11-01,Washoe,316796,97007,,14842,3667,,92970,6228,102082
2023,2023-11-01,White Pine,4351,666,,224,26,,1020,22,2393
2023,2023-11-01,TOTALS,1907794,592062,,83758,16319,,627057,40013,548585
2023,2023-12-01,Carson City,39223,9739,,1915,483,,12006,513,14567
2023,2023-12-01,Churchill,16880,2122,,753,175,,5125,179,8526
2023,2023-12-01,Clark,1379482,458442,,58320,10314,,477689,31320,343397
2023,2023-12-01,Douglas,42149,7915,,1918,443,,10229,436,21208
2023,2023-12-01,Elko,22815,2721,,1069,243,,5937,182,12663
2023,2023-12-01,Esmeralda,606,60,,35,13,,142,9,347
2023,2023-12-01,Eureka,995,62,,47,5,,186,7,688
2023,2023-12-01,Humboldt,8087,1082,,332,61,,1904,62,4646
2023,2023-12-01,Lander,3406,360,,134,35,,817,26,2034
2023,2023-12-01,Lincoln,2494,264,,121,14,,422,18,1655
2023,2023-12-01,Lyon,46368,6898,,2408,546,,15696,645,20175
2023,2023-12-01,Mineral,2521,589,,126,19,,721,16,1050
2023,2023-12-01,Nye,29235,5008,,1618,243,,8455,298,13613
2023,2023-12-01,Pershing,3198,503,,136,26,,890,15,1628
2023,2023-12-01,Storey,3754,647,,188,59,,1032,39,1789
2023,2023-12-01,Washoe,318375,97099,,14960,3657,,93887,6197,102575
2023,2023-12-01,White Pine,4412,675,,216,26,,1040,22,2433
2023,2023-12-01,TOTALS,1924000,594186,,84296,16362,,636178,39984,552994
2024,2024-01-01,Carson City,39269,9749,,1913,473,,11959,505,14670
2024,2024-01-01,Churchill,16987,2112,,752,175,,5159,177,8612
2024,2024-01-01,Clark,1386117,459999,,58254,10277,,478665,31172,347750
2024,2024-01-01,Douglas,42215,7920,,1870,442,,10087,428,21468
2024,2024-01-01,Elko,23180,2750,,1068,248,,6070,177,12867
2024,2024-01-01,Esmeralda,612,59,,36,13,,141,9,354
2024,2024-01-01,Eureka,1017,62,,46,6,,197,7,699
2024,2024-01-01,Humboldt,8230,1094,,329,60,,1938,58,4751
2024,2024-01-01,Lander,3425,360,,131,35,,816,26,2057
2024,2024-01-01,Lincoln,2506,258,,119,15,,423,18,1673
2024,2024-01-01,Lyon,46711,6925,,2407,542,,15772,633,20432
2024,2024-01-01,Mineral,2555,589,,121,19,,737,17,1072
2024,2024-01-01,Nye,29691,5039,,1626,244,,8635,296,13851
2024,2024-01-01,Pershing,3207,504,,134,25,,884,15,1645
2024,2024-01-01,Storey,3770,643,,186,56,,1044,39,1802
2024,2024-01-01,Washoe,319072,97202,,14907,3641,,93654,6126,103542
2024,2024-01-01,White Pine,4492,678,,221,25,,1046,24,2498
2024,2024-01-01,TOTALS,1933056,595943,,84120,16296,,637227,39727,559743
2024,2024-02-01,Carson City,39700,9786,,1930,464,,12207,498,14815
2024,2024-02-01,Churchill,16957,2076,,760,173,,5186,172,8590
2024,2024-02-01,Clark,1396042,461368,,58179,10251,,484651,30808,350785
2024,2024-02-01,Douglas,42404,7939,,1878,442,,10149,421,21575
2024,2024-02-01,Elko,23537,2769,,1077,249,,6192,178,13072
2024,2024-02-01,Esmeralda,610,59,,35,13,,140,9,354
2024,2024-02-01,Eureka,1025,62,,48,7,,197,7,704
2024,2024-02-01,Humboldt,8341,1101,,335,60,,1973,58,4814
2024,2024-02-01,Lander,3447,361,,130,34,,828,28,2066
2024,2024-02-01,Lincoln,2521,256,,120,15,,432,18,1680
2024,2024-02-01,Lyon,46929,6933,,2394,538,,15832,623,20609
2024,2024-02-01,Mineral,2606,594,,131,20,,751,15,1095
2024,2024-02-01,Nye,30164,5088,,1655,244,,8825,286,14066
2024,2024-02-01,Pershing,3222,501,,135,25,,887,17,1657
2024,2024-02-01,Storey,3791,641,,186,57,,1052,39,1816
2024,2024-02-01,Washoe,311481,91814,,15056,3649,,95799,6083,99080
2024,2024-02-01,White Pine,4448,660,,218,25,,1023,22,2500
2024,2024-02-01,TOTALS,1937225,592008,,84267,16266,,646124,39282,559278
2024,2024-03-01,Carson City,39928,9813,,1946,466,,12337,498,14868
2024,2024-03-01,Churchill,16847,2010,,770,175,,5286,172,8434
2024,2024-03-01,Clark,1409852,463442,,59035,10321,,493966,30458,352630
2024,2024-03-01,Douglas,42713,7930,,1894,443,,10368,418,21660
2024,2024-03-01,Elko,23867,2784,,1095,253,,6367,178,13190
2024,2024-03-01,Esmeralda,609,58,,35,12,,142,9,353
2024,2024-03-01,Eureka,1042,62,,47,8,,203,8,714
2024,2024-03-01,Humboldt,8468,1114,,343,60,,2035,58,4858
2024,2024-03-01,Lander,3472,362,,130,35,,842,28,2075
2024,2024-03-01,Lincoln,2532,254,,121,15,,437,18,1687
2024,2024-03-01,Lyon,47205,6931,,2410,539,,16045,617,20663
2024,2024-03-01,Mineral,2645,596,,131,21,,780,14,1103
2024,2024-03-01,Nye,30566,5108,,1694,246,,9101,287,14130
2024,2024-03-01,Pershing,3230,493,,134,24,,896,16,1667
2024,2024-03-01,Storey,3806,642,,187,57,,1063,39,1818
2024,2024-03-01,Washoe,324708,97818,,15222,3665,,97030,6089,104884
2024,2024-03-01,White Pine,4444,660,,218,26,,1030,23,2487
2024,2024-03-01,TOTALS,1965934,600077,,85412,16366,,657928,38930,567221
2024,2024-04-01,Carson City,40252,9814,,1968,463,,12590,494,14923
2024,2024-04-01,Churchill,16998,2022,,775,177,,5384,171,8469
2024,2024-04-01,Clark,1423545,466181,,60029,10375,,501508,30434,355018
2024,2024-04-01,Douglas,42906,7942,,1911,445,,10474,414,21720
2024,2024-04-01,Elko,24192,2806,,1113,262,,6527,180,13304
2024,2024-04-01,Esmeralda,606,56,,35,12,,141,9,353
2024,2024-04-01,Eureka,1049,63,,48,8,,204,8,718
2024,2024-04-01,Humboldt,8567,1117,,351,62,,2082,57,4898
2024,2024-04-01,Lander,3503,362,,131,35,,853,27,2095
2024,2024-04-01,Lincoln,2541,251,,121,16,,446,18,1689
2024,2024-04-01,Lyon,47483,6944,,2446,549,,16174,610,20760
2024,2024-04-01,Mineral,2678,601,,130,21,,797,14,1115
2024,2024-04-01,Nye,31030,5131,,1726,250,,9369,291,14263
2024,2024-04-01,Pershing,3244,487,,136,23,,905,16,1677
2024,2024-04-01,Storey,3828,642,,189,58,,1079,39,1821
2024,2024-04-01,Washoe,326305,97839,,15346,3683,,98397,6088,104952
2024,2024-04-01,White Pine,4508,659,,222,26,,1070,23,2508
2024,2024-04-01,TOTALS,1983235,602917,,86677,16465,,668000,38893,570283
2024,2024-05-01,Carson City,40287,9805,,1977,459,,12632,487,14927
2024,2024-05-01,Churchill,17161,2045,,777,174,,5451,171,8543
2024,2024-05-01,Clark,1434542,468651,,60817,10456,,506403,30453,357762
2024,2024-05-01,Douglas,43081,7942,,1924,443,,10523,409,21840
2024,2024-05-01,Elko,24540,2833,,1123,263,,6711,181,13429
2024,2024-05-01,Esmeralda,605,56,,35,12,,142,9,351
2024,2024-05-01,Eureka,1061,63,,48,8,,212,8,722
2024,2024-05-01,Humboldt,8698,1128,,353,66,,2134,56,4961
2024,2024-05-01,Lander,3503,367,,130,35,,848,27,2096
2024,2024-05-01,Lincoln,2555,249,,124,16,,455,17,1694
2024,2024-05-01,Lyon,47791,6937,,2455,547,,16377,605,20870
2024,2024-05-01,Mineral,2716,602,,132,22,,820,14,1126
2024,2024-05-01,Nye,31536,5163,,1758,253,,9637,297,14428
2024,2024-05-01,Pershing,3261,486,,134,23,,910,17,1691
2024,2024-05-01,Storey,3841,635,,191,57,,1090,39,1829
2024,2024-05-01,Washoe,327740,98036,,15446,3681,,99051,6082,105444
2024,2024-05-01,White Pine,4555,660,,221,26,,1094,23,2531
2024,2024-05-01,TOTALS,1997473,605658,,87645,16541,,674490,38895,574244
2024,2024-06-01,Carson City,40652,9837,,1997,460,,12849,486,15023
2024,2024-06-01,Churchill,17278,2057,,781,172,,5495,169,8604
2024,2024-06-01,Clark,1449289,470959,,61156,10477,,515050,30337,361310
2024,2024-06-01,Douglas,40921,7462,,1805,403,,10086,368,20797
2024,2024-06-01,Elko,24864,2845,,1133,266,,6874,185,13561
2024,2024-06-01,Esmeralda,608,56,,35,12,,140,9,356
2024,2024-06-01,Eureka,1069,64,,47,8,,221,8,721
2024,2024-06-01,Humboldt,8832,1143,,359,66,,2197,56,5011
2024,2024-06-01,Lander,3525,365,,129,35,,859,28,2109
2024,2024-06-01,Lincoln,2589,245,,125,15,,467,17,1720
2024,2024-06-01,Lyon,48080,6937,,2474,547,,16542,595,20985
2024,2024-06-01,Mineral,2657,580,,132,19,,810,13,1103
2024,2024-06-01,Nye,32635,5288,,1820,265,,10094,309,14859
2024,2024-06-01,Pershing,3188,460,,135,23,,914,17,1639
2024,2024-06-01,Storey,3858,640,,191,57,,1091,38,1841
2024,2024-06-01,Washoe,330685,98446,,15641,3691,,100675,6036,106196
2024,2024-06-01,White Pine,4558,664,,220,25,,1095,24,2530
2024,2024-06-01,TOTALS,2015288,608048,,88180,16541,,685459,38695,578365
2024,2024-07-01,Carson City,38263,9338,,1903,434,,11864,454,14270
2024,2024-07-01,Churchill,16920,2037,,749,160,,5228,158,8588
2024,2024-07-01,Clark,1465118,473682,,62684,10647,,523114,30315,364676
2024,2024-07-01,Douglas,42062,7666,,1869,412,,10315,384,21416
2024,2024-07-01,Elko,24882,2857,,1136,264,,6882,179,13564
2024,2024-07-01,Esmeralda,604,56,,35,12,,141,9,351
2024,2024-07-01,Eureka,1064,64,,47,8,,220,7,718
2024,2024-07-01,Humboldt,8445,1103,,345,63,,2054,53,4827
2024,2024-07-01,Lander,3544,367,,134,35,,870,27,2111
2024,2024-07-01,Lincoln,2585,246,,125,14,,466,16,1718
2024,2024-07-01,Lyon,47677,6870,,2448,540,,16398,581,20840
2024,2024-07-01,Mineral,2703,587,,137,20,,834,13,1112
2024,2024-07-01,Nye,32050,5224,,1798,265,,9840,291,14632
2024,2024-07-01,Pershing,3110,457,,132,22,,861,15,1623
2024,2024-07-01,Storey,3763,623,,193,50,,1061,35,1801
2024,2024-07-01,Washoe,323902,96493,,15322,3566,,98206,5801,104514
2024,2024-07-01,White Pine,4601,662,,225,27,,1111,24,2552
2024,2024-07-01,TOTALS,2021293,608332,,89282,16539,,689465,38362,579313
2024,2024-08-01,Carson City,38807,9431,,1939,446,,11865,651,14475
2024,2024-08-01,Churchill,16724,2034,,743,153,,4999,271,8524
2024,2024-08-01,Clark,1390956,450280,,60172,9977,,490877,28114,351536
2024,2024-08-01,Douglas,41142,7521,,1849,404,,9834,477,21057
2024,2024-08-01,Elko,24446,2814,,1114,263,,6606,280,13369
2024,2024-08-01,Esmeralda,541,53,,31,10,,118,10,319
2024,2024-08-01,Eureka,1078,63,,47,8,,217,19,724
2024,2024-08-01,Humboldt,8632,1120,,357,64,,2083,92,4916
2024,2024-08-01,Lander,3395,354,,128,34,,798,32,2049
2024,2024-08-01,Lincoln,2582,244,,126,14,,463,16,1719
2024,2024-08-01,Lyon,46199,6667,,2372,523,,15543,784,20310
2024,2024-08-01,Mineral,2753,592,,139,20,,856,18,1128
2024,2024-08-01,Nye,32290,5260,,1809,265,,9757,487,14712
2024,2024-08-01,Pershing,3153,464,,136,22,,855,48,1628
2024,2024-08-01,Storey,3644,604,,185,47,,1015,44,1749
2024,2024-08-01,Washoe,323748,96254,,15375,3532,,97471,6720,104396
2024,2024-08-01,White Pine,4679,667,,238,24,,1115,47,2588
2024,2024-08-01,TOTALS,1944769,584422,,86760,15806,,654472,38110,565199
2024,2024-09-01,Carson City,39275,9582,,1967,452,,11920,728,14626
2024,2024-09-01,Churchill,16925,2054,,766,154,,5010,265,8676
2024,2024-09-01,Clark,1413864,457142,,61045,10066,,499560,28271,357780
2024,2024-09-01,Douglas,41584,7616,,1881,408,,9824,566,21289
2024,2024-09-01,Elko,24999,2888,,1147,265,,6681,333,13685
2024,2024-09-01,Esmeralda,543,54,,33,10,,118,10,318
2024,2024-09-01,Eureka,1093,64,,47,8,,216,21,737
2024,2024-09-01,Humboldt,8783,1139,,370,64,,2100,104,5006
2024,2024-09-01,Lander,3441,362,,130,34,,812,37,2066
2024,2024-09-01,Lincoln,2617,247,,128,13,,472,19,1738
2024,2024-09-01,Lyon,46822,6792,,2437,527,,15502,901,20663
2024,2024-09-01,Mineral,2804,599,,136,20,,886,21,1142
2024,2024-09-01,Nye,32927,5386,,1861,274,,9726,681,14999
2024,2024-09-01,Pershing,3188,462,,143,21,,854,61,1647
2024,2024-09-01,Storey,3675,605,,185,49,,1029,42,1765
2024,2024-09-01,Washoe,327793,97555,,15727,3551,,97775,7681,105504
2024,2024-09-01,White Pine,4757,676,,245,26,,1128,53,2629
2024,2024-09-01,TOTALS,1975090,593223,,88248,15942,,663613,39794,574270
2024,2024-10-01,Carson City,39712,9694,,1996,455,,11915,750,14902
2024,2024-10-01,Churchill,17326,2095,,786,151,,5004,287,9003
2024,2024-10-01,Clark,1461178,470538,,63858,10193,,510883,28149,377557
2024,2024-10-01,Douglas,42169,7728,,1943,413,,9833,600,21652
2024,2024-10-01,Elko,26060,3023,,1209,268,,6848,381,14331
2024,2024-10-01,Esmeralda,619,56,,38,11,,140,11,363
2024,2024-10-01,Eureka,1127,65,,51,8,,229,14,760
2024,2024-10-01,Humboldt,9047,1154,,386,67,,2138,107,5195
2024,2024-10-01,Lander,3488,368,,132,36,,811,37,2104
2024,2024-10-01,Lincoln,2676,253,,134,13,,478,17,1781
2024,2024-10-01,Lyon,47219,6880,,2470,526,,15324,900,21119
2024,2024-10-01,Mineral,2868,605,,144,20,,904,18,1177
2024,2024-10-01,Nye,33802,5503,,1947,284,,9777,767,15524
2024,2024-10-01,Pershing,3258,469,,146,21,,853,62,1707
2024,2024-10-01,Storey,3694,602,,188,47,,1022,40,1795
2024,2024-10-01,Washoe,335974,100227,,16333,3553,,98680,8140,109041
2024,2024-10-01,White Pine,4949,694,,276,26,,1143,67,2743
2024,2024-10-01,TOTALS,2035166,609954,,92037,16092,,675982,40347,600754
2024,2024-11-01,Carson City,40759,9894,,2064,462,,12167,831,15341
2024,2024-11-01,Churchill,17832,2149,,817,153,,5023,397,9293
2024,2024-11-01,Clark,1513781,484748,,66579,10524,,530546,28919,392465
2024,2024-11-01,Douglas,42714,7746,,1994,415,,9875,733,21951
2024,2024-11-01,Elko,27281,3165,,1276,279,,7059,530,14972
2024,2024-11-01,Esmeralda,630,56,,39,11,,140,13,371
2024,2024-11-01,Eureka,1178,67,,54,10,,230,19,798
2024,2024-11-01,Humboldt,9431,1172,,392,71,,2192,145,5459
2024,2024-11-01,Lander,3566,376,,128,37,,837,39,2149
2024,2024-11-01,Lincoln,2745,256,,137,15,,482,21,1834
2024,2024-11-01,Lyon,48137,7010,,2539,537,,15255,1074,21722
2024,2024-11-01,Mineral,2986,621,,148,21,,958,16,1222
2024,2024-11-01,Nye,34295,5535,,2018,289,,9724,957,15772
2024,2024-11-01,Pershing,3294,475,,152,21,,859,65,1722
2024,2024-11-01,Storey,3766,604,,193,49,,1038,41,1841
2024,2024-11-01,Washoe,341967,101991,,16728,3595,,99476,9257,110920
2024,2024-11-01,White Pine,5106,693,,289,30,,1162,81,2851
2024,2024-11-01,TOTALS,2099468,626558,,95547,16519,,697023,43138,620683
2024,2024-12-01,Carson City,41117,9943,,2079,464,,12223,922,15486
2024,2024-12-01,Churchill,17889,2152,,818,154,,5028,427,9310
2024,2024-12-01,Clark,1519080,484616,,66907,10541,,535306,28695,393015
2024,2024-12-01,Douglas,42907,7761,,2005,417,,9885,806,22033
2024,2024-12-01,Elko,28262,3270,,1328,291,,7323,582,15468
2024,2024-12-01,Esmeralda,625,56,,39,10,,140,13,367
2024,2024-12-01,Eureka,1188,69,,54,10,,232,19,804
2024,2024-12-01,Humboldt,9487,1175,,393,72,,2203,163,5481
2024,2024-12-01,Lander,3591,374,,132,37,,849,39,2160
2024,2024-12-01,Lincoln,2752,257,,136,15,,486,22,1836
2024,2024-12-01,Lyon,48341,7008,,2545,537,,15298,1183,21770
2024,2024-12-01,Mineral,3016,623,,150,20,,971,16,1236
2024,2024-12-01,Nye,34273,5519,,2014,290,,9636,1105,15709
2024,2024-12-01,Pershing,3289,475,,153,20,,858,66,1717
2024,2024-12-01,Storey,3797,607,,196,50,,1049,43,1852
2024,2024-12-01,Washoe,343134,101950,,16780,3583,,99490,10053,111278
2024,2024-12-01,White Pine,5099,683,,290,30,,1166,81,2849
2024,2024-12-01,TOTALS,2107847,626538,,96019,16541,,702143,44235,622371
2025,2025-01-01,Carson City,41350,9917,,2102,469,,12244,1114,15504
2025,2025-01-01,Churchill,18123,2167,,831,157,,5062,534,9372
2025,2025-01-01,Clark,1494858,476027,,65293,10241,,527825,27842,387630
2025,2025-01-01,Douglas,43257,7765,,2023,415,,9926,997,22131
2025,2025-01-01,Elko,29077,3347,,1358,296,,7691,637,15748
2025,2025-01-01,Esmeralda,619,56,,38,10,,139,15,361
2025,2025-01-01,Eureka,1215,70,,54,10,,237,25,819
2025,2025-01-01,Humboldt,9913,1225,,415,74,,2454,79,5666
2025,2025-01-01,Lander,3639,375,,133,37,,878,43,2173
2025,2025-01-01,Lincoln,2837,264,,140,15,,503,45,1870
2025,2025-01-01,Lyon,48738,7023,,2552,539,,15322,1477,21825
2025,2025-01-01,Mineral,2997,618,,150,19,,972,13,1225
2025,2025-01-01,Nye,35375,5610,,2065,304,,9918,1476,16002
2025,2025-01-01,Pershing,3323,474,,152,20,,859,94,1724
2025,2025-01-01,Storey,3792,602,,193,50,,1052,54,1841
2025,2025-01-01,Washoe,346870,102110,,17053,3595,,100047,12340,111725
2025,2025-01-01,White Pine,5221,702,,297,30,,1190,79,2923
2025,2025-01-01,TOTALS,2091204,618352,,94849,16281,,696319,46864,618539
2025,2025-02-01,Carson City,41472,9905,,2112,470,,12244,1241,15500
2025,2025-02-01,Churchill,18198,2155,,842,160,,5056,596,9389
2025,2025-02-01,Clark,1504535,475898,,65398,10250,,537446,27870,387673
2025,2025-02-01,Douglas,43462,7773,,2024,413,,9983,1129,22140
2025,2025-02-01,Elko,29346,3345,,1366,297,,7923,623,15792
2025,2025-02-01,Esmeralda,620,55,,39,11,,139,19,357
2025,2025-02-01,Eureka,1220,69,,54,11,,236,32,818
2025,2025-02-01,Humboldt,9924,1224,,409,74,,2514,73,5630
2025,2025-02-01,Lander,3655,376,,132,37,,900,39,2171
2025,2025-02-01,Lincoln,2850,263,,139,15,,501,58,1874
2025,2025-02-01,Lyon,49144,7058,,2560,540,,15424,1683,21879
2025,2025-02-01,Mineral,3019,620,,150,19,,994,13,1223
2025,2025-02-01,Nye,35289,5566,,2046,302,,9860,1736,15779
2025,2025-02-01,Pershing,3348,469,,151,20,,864,117,1727
2025,2025-02-01,Storey,3803,602,,193,51,,1066,52,1839
2025,2025-02-01,Washoe,341016,100580,,16691,3502,,96716,13367,110160
2025,2025-02-01,White Pine,5255,698,,298,30,,1219,79,2931
2025,2025-02-01,TOTALS,2096156,616656,,94604,16202,,703085,48727,616882
2025,2025-03-01,Carson City,36389,9045,,1868,384,,10336,361,14395
2025,2025-03-01,Churchill,18302,2152,,847,160,,5550,199,9394
2025,2025-03-01,Clark,1516042,475952,,65537,10265,,548567,27897,387824
2025,2025-03-01,Douglas,43627,7775,,2023,413,,10782,488,22146
2025,2025-03-01,Elko,29657,3362,,1374,300,,8554,232,15835
2025,2025-03-01,Esmeralda,629,55,,38,11,,155,11,359
2025,2025-03-01,Eureka,1223,69,,55,11,,262,15,811
2025,2025-03-01,Humboldt,10020,1221,,411,75,,2613,69,5631
2025,2025-03-01,Lander,3679,376,,132,37,,937,25,2172
2025,2025-03-01,Lincoln,2853,262,,139,16,,534,30,1872
2025,2025-03-01,Lyon,49430,7070,,2567,538,,16779,596,21880
2025,2025-03-01,Mineral,3039,616,,155,19,,1023,8,1218
2025,2025-03-01,Nye,35460,5529,,2034,302,,10737,1174,15684
2025,2025-03-01,Pershing,3358,466,,152,19,,970,28,1723
2025,2025-03-01,Storey,3775,600,,189,51,,1089,26,1820
2025,2025-03-01,Washoe,341906,100298,,16641,3498,,104868,6756,109845
2025,2025-03-01,White Pine,5293,693,,298,30,,1315,27,2930
2025,2025-03-01,TOTALS,2104682,615541,,94460,16129,,725071,37942,615539
2025,2025-04-01,Carson City,36874,9098,,1886,386,,10677,372,14455
2025,2025-04-01,Churchill,18203,2132,,831,157,,5556,203,9324
2025,2025-04-01,Clark,1527417,476044,,65626,10278,,559711,27947,387811
2025,2025-04-01,Douglas,43588,7716,,2014,406,,10994,475,21983
2025,2025-04-01,Elko,29939,3367,,1375,305,,8797,232,15863
2025,2025-04-01,Esmeralda,645,57,,38,11,,163,9,367
2025,2025-04-01,Eureka,1224,69,,55,10,,266,15,809
2025,2025-04-01,Humboldt,10132,1229,,412,76,,2694,71,5650
2025,2025-04-01,Lander,3688,375,,131,37,,948,25,2172
2025,2025-04-01,Lincoln,2870,266,,138,16,,547,30,1873
2025,2025-04-01,Lyon,49639,7073,,2566,541,,17017,586,21856
2025,2025-04-01,Mineral,3065,618,,156,19,,1045,8,1219
2025,2025-04-01,Nye,37331,5684,,2108,312,,11728,1207,16292
2025,2025-04-01,Pershing,3369,465,,152,20,,984,28,1720
2025,2025-04-01,Storey,3807,594,,187,50,,1147,27,1802
2025,2025-04-01,Washoe,348690,101156,,16878,3558,,109543,6874,110681
2025,2025-04-01,White Pine,5325,695,,296,33,,1344,26,2931
2025,2025-04-01,TOTALS,2125806,616638,,94849,16215,,743161,38135,616808
2025,2025-05-01,Carson City,36983,9050,,1874,386,,10907,370,14396
2025,2025-05-01,Churchill,18305,2123,,825,155,,5716,202,9284
2025,2025-05-01,Clark,1538842,476286,,65703,10300,,570608,27958,387987
2025,2025-05-01,Douglas,43459,7677,,1994,406,,11027,475,21880
2025,2025-05-01,Elko,30195,3377,,1373,304,,9013,236,15892
2025,2025-05-01,Esmeralda,640,55,,36,11,,166,9,363
2025,2025-05-01,Eureka,1228,70,,56,9,,272,14,807
2025,2025-05-01,Humboldt,10193,1226,,413,76,,2764,71,5643
2025,2025-05-01,Lander,3712,375,,131,37,,973,25,2171
2025,2025-05-01,Lincoln,2887,266,,139,16,,563,30,1873
2025,2025-05-01,Lyon,49139,6968,,2517,535,,16933,563,21623
2025,2025-05-01,Mineral,3098,623,,157,20,,1068,8,1222
2025,2025-05-01,Nye,37711,5522,,2068,303,,12732,1165,15921
2025,2025-05-01,Pershing,3384,466,,149,20,,1007,29,1713
2025,2025-05-01,Storey,3519,547,,167,46,,1037,19,1703
2025,2025-05-01,Washoe,345792,99688,,16548,3484,,110141,6687,109244
2025,2025-05-01,White Pine,5155,677,,287,31,,1271,25,2864
2025,2025-05-01,TOTALS,2134242,614996,,94437,16139,,756198,37886,614586
2025,2025-06-01,Carson City,37247,9054,,1875,387,,11142,374,14415
2025,2025-06-01,Churchill,16399,1961,,746,136,,4593,167,8796
2025,2025-06-01,Clark,1549348,476310,,65816,10314,,581015,27980,387913
2025,2025-06-01,Douglas,43400,7646,,1979,406,,11078,472,21819
2025,2025-06-01,Elko,30468,3372,,1375,308,,9278,233,15902
2025,2025-06-01,Esmeralda,509,41,,21,7,,123,7,310
2025,2025-06-01,Eureka,1247,70,,57,9,,289,14,808
2025,2025-06-01,Humboldt,9819,1192,,390,70,,2569,71,5527
2025,2025-06-01,Lander,3737,374,,132,36,,1006,25,2164
2025,2025-06-01,Lincoln,2892,264,,141,16,,569,28,1874
2025,2025-06-01,Lyon,41740,6107,,2142,430,,12969,401,19691
2025,2025-06-01,Mineral,3128,623,,158,20,,1103,9,1215
2025,2025-06-01,Nye,37395,5412,,2013,299,,12978,1132,15561
2025,2025-06-01,Pershing,3385,464,,150,19,,1021,28,1703
2025,2025-06-01,Storey,3540,559,,176,46,,989,19,1751
2025,2025-06-01,Washoe,345114,98837,,16379,3436,,111452,6572,108438
2025,2025-06-01,White Pine,5181,673,,281,30,,1324,25,2848
2025,2025-06-01,TOTALS,2134549,612959,,93831,15969,,763498,37557,610735
2025,2025-07-01,Carson City,37542,9061,,1892,387,,11411,373,14418
2025,2025-07-01,Churchill,16553,1961,,744,136,,4753,167,8792
2025,2025-07-01,Clark,1558399,476091,,65861,10314,,590423,27927,387783
2025,2025-07-01,Douglas,40912,7309,,1842,362,,9835,422,21142
2025,2025-07-01,Elko,28116,3157,,1257,274,,8045,208,15175
2025,2025-07-01,Esmeralda,529,41,,22,7,,136,8,315
2025,2025-07-01,Eureka,1166,65,,54,7,,251,13,776
2025,2025-07-01,Humboldt,9930,1197,,394,71,,2649,71,5548
2025,2025-07-01,Lander,3685,368,,130,34,,996,24,2133
2025,2025-07-01,Lincoln,2780,253,,132,14,,522,25,1834
2025,2025-07-01,Lyon,42172,6117,,2146,438,,13331,400,19740
2025,2025-07-01,Mineral,2884,583,,149,20,,949,8,1175
2025,2025-07-01,Nye,33695,4970,,1787,251,,11113,1043,14531
2025,2025-07-01,Pershing,2821,386,,127,14,,740,23,1531
2025,2025-07-01,Storey,3559,563,,175,47,,1009,19,1746
2025,2025-07-01,Washoe,346466,98431,,16288,3409,,113850,6488,108000
2025,2025-07-01,White Pine,5231,658,,280,29,,1442,25,2797
2025,2025-07-01,TOTALS,2136440,611211,,93280,15814,,771455,37244,607436
2025,2025-08-01,Carson City,37790,9081,,1892,388,,11606,383,14440
2025,2025-08-01,Churchill,16643,1971,,746,136,,4821,169,8800
2025,2025-08-01,Clark,1567603,476314,,65873,10315,,599338,27925,387838
2025,2025-08-01,Douglas,41112,7301,,1854,363,,10002,417,21175
2025,2025-08-01,Elko,28340,3163,,1261,275,,8216,209,15216
2025,2025-08-01,Esmeralda,530,41,,24,7,,140,8,310
2025,2025-08-01,Eureka,1179,65,,54,7,,262,12,779
2025,2025-08-01,Humboldt,10049,1204,,398,73,,2743,72,5559
2025,2025-08-01,Lander,3701,368,,131,34,,1010,24,2134
2025,2025-08-01,Lincoln,2800,251,,133,14,,538,25,1839
2025,2025-08-01,Lyon,42556,6145,,2154,440,,13643,398,19776
2025,2025-08-01,Mineral,2889,580,,150,18,,958,9,1174
2025,2025-08-01,Nye,34522,5038,,1805,255,,11657,1041,14726
2025,2025-08-01,Pershing,2853,387,,127,14,,769,24,1532
2025,2025-08-01,Storey,3575,558,,176,47,,1029,19,1746
2025,2025-08-01,Washoe,344148,97334,,16028,3352,,114243,6363,106828
2025,2025-08-01,White Pine,5275,656,,280,30,,1463,26,2820
2025,2025-08-01,TOTALS,2145565,610457,,93086,15768,,782438,37124,606692
2025,2025-09-01,Carson City,38019,9075,,1891,391,,11808,386,14468
2025,2025-09-01,Churchill,16630,1962,,738,137,,4862,168,8763
2025,2025-09-01,Clark,1534319,463847,,63769,9841,,589205,26796,380861
2025,2025-09-01,Douglas,41197,7259,,1851,362,,10143,422,21160
2025,2025-09-01,Elko,28527,3168,,1268,274,,8368,209,15240
2025,2025-09-01,Esmeralda,529,41,,24,7,,139,8,310
2025,2025-09-01,Eureka,1182,62,,55,7,,265,12,781
2025,2025-09-01,Humboldt,10100,1206,,400,73,,2792,71,5558
2025,2025-09-01,Lander,3714,367,,132,34,,1022,24,2135
2025,2025-09-01,Lincoln,2820,251,,132,15,,550,25,1847
2025,2025-09-01,Lyon,42846,6131,,2154,443,,13914,395,19809
2025,2025-09-01,Mineral,2911,576,,150,20,,979,9,1177
2025,2025-09-01,Nye,35915,5235,,1893,263,,12470,690,15364
2025,2025-09-01,Pershing,2871,389,,127,14,,783,24,1534
2025,2025-09-01,Storey,3578,558,,177,47,,1038,19,1739
2025,2025-09-01,Washoe,344921,97210,,16005,3352,,115257,6374,106723
2025,2025-09-01,White Pine,5265,645,,281,30,,1487,25,2797
2025,2025-09-01,TOTALS,2115344,597982,,91047,15310,,775082,35657,600266
2025,2025-10-01,Carson City,38314,9120,,1905,395,,11937,404,14553
2025,2025-10-01,Churchill,16590,1959,,736,138,,4803,155,8799
2025,2025-10-01,Clark,1545602,464022,,63892,9851,,599931,26826,381080
2025,2025-10-01,Douglas,40877,7201,,1849,350,,10074,308,21095
2025,2025-10-01,Elko,28830,3180,,1276,274,,8597,211,15292
2025,2025-10-01,Esmeralda,544,44,,24,7,,149,8,312
2025,2025-10-01,Eureka,1192,64,,57,7,,273,8,783
2025,2025-10-01,Humboldt,10144,1205,,400,73,,2840,72,5554
2025,2025-10-01,Lander,3739,365,,134,34,,1041,23,2142
2025,2025-10-01,Lincoln,2831,249,,131,16,,575,13,1847
2025,2025-10-01,Lyon,43218,6147,,2165,447,,14170,388,19901
2025,2025-10-01,Mineral,2962,578,,155,20,,1014,8,1187
2025,2025-10-01,Nye,36409,5464,,1998,282,,12345,288,16032
2025,2025-10-01,Pershing,2887,391,,128,16,,790,22,1540
2025,2025-10-01,Storey,3603,571,,178,48,,1020,18,1768
2025,2025-10-01,Washoe,346658,97175,,16032,3347,,116862,6396,106846
2025,2025-10-01,White Pine,5232,658,,283,31,,1394,25,2841
2025,2025-10-01,TOTALS,2129632,598393,,91343,15336,,787815,35173,601572
2025,2025-11-01,Carson City,37719,8962,,1867,384,,11819,395,14292
2025,2025-11-01,Churchill,16684,1961,,736,139,,4885,159,8804
2025,2025-11-01,Clark,1552241,464091,,63896,9848,,606661,26837,380908
2025,2025-11-01,Douglas,41095,7210,,1857,353,,10496,52,21127
2025,2025-11-01,Elko,29088,3179,,1282,273,,8823,213,15318
2025,2025-11-01,Esmeralda,554,43,,25,8,,151,8,319
2025,2025-11-01,Eureka,1201,66,,58,7,,279,8,783
2025,2025-11-01,Humboldt,10192,1208,,401,76,,2880,73,5554
2025,2025-11-01,Lander,3659,358,,130,34,,1014,22,2101
2025,2025-11-01,Lincoln,2842,249,,131,16,,584,13,1849
2025,2025-11-01,Lyon,43309,6132,,2175,447,,14243,384,19928
2025,2025-11-01,Mineral,2984,578,,155,21,,1040,7,1183
2025,2025-11-01,Nye,36689,5469,,1999,283,,12640,280,16018
2025,2025-11-01,Pershing,2916,394,,129,17,,805,22,1549
2025,2025-11-01,Storey,3620,570,,181,48,,1034,18,1769
2025,2025-11-01,Washoe,315325,91843,,14950,3010,,97140,5592,102790
2025,2025-11-01,White Pine,5243,652,,280,31,,1421,25,2834
2025,2025-11-01,TOTALS,2105361,592965,,90252,14995,,775915,34108,597126
2025,2025-12-01,Carson City,38029,8978,,1884,387,,12072,401,14307
2025,2025-12-01,Churchill,16781,1967,,738,139,,4969,156,8812
2025,2025-12-01,Clark,1563344,464384,,63979,9869,,617338,26861,380913
2025,2025-12-01,Douglas,41328,7210,,1861,354,,10709,54,21140
2025,2025-12-01,Elko,28751,3131,,1251,265,,8845,212,15047
2025,2025-12-01,Esmeralda,554,43,,25,8,,151,8,319
2025,2025-12-01,Eureka,1210,65,,60,6,,286,8,785
2025,2025-12-01,Humboldt,10080,1192,,392,76,,2917,69,5434
2025,2025-12-01,Lander,3686,356,,131,34,,1038,22,2105
2025,2025-12-01,Lincoln,2843,246,,130,16,,587,13,1851
2025,2025-12-01,Lyon,43004,6031,,2135,445,,14404,373,19616
2025,2025-12-01,Mineral,2976,568,,154,20,,1052,9,1173
2025,2025-12-01,Nye,36244,5363,,1971,283,,12667,276,15684
2025,2025-12-01,Pershing,2950,393,,131,17,,836,22,1551
2025,2025-12-01,Storey,3650,572,,183,48,,1050,18,1779
2025,2025-12-01,Washoe,315749,91876,,14986,3004,,97474,5586,102823
2025,2025-12-01,White Pine,5274,654,,280,31,,1458,26,2825
2025,2025-12-01,TOTALS,2116453,593029,,90291,15002,,787853,34114,596164
2026,2026-01-01,Carson City,38324,8992,,1897,385,,12311,406,14333
2026,2026-01-01,Churchill,16927,1966,,743,138,,5102,155,8823
2026,2026-01-01,Clark,1573587,464946,,64064,9885,,626963,26921,380808
2026,2026-01-01,Douglas,41549,7223,,1870,353,,10896,43,21164
2026,2026-01-01,Elko,28987,3146,,1247,266,,9041,215,15072
2026,2026-01-01,Esmeralda,552,42,,25,8,,150,8,319
2026,2026-01-01,Eureka,1216,64,,61,6,,291,8,786
2026,2026-01-01,Humboldt,10167,1191,,396,75,,2986,72,5447
2026,2026-01-01,Lander,3701,355,,130,34,,1046,22,2114
2026,2026-01-01,Lincoln,2828,243,,130,16,,586,12,1841
2026,2026-01-01,Lyon,43298,6048,,2142,446,,14617,369,19676
2026,2026-01-01,Mineral,2961,564,,150,19,,1061,9,1158
2026,2026-01-01,Nye,36507,5386,,1976,284,,12850,278,15733
2026,2026-01-01,Pershing,2951,393,,131,17,,845,22,1543
2026,2026-01-01,Storey,3689,578,,184,48,,1071,17,1791
2026,2026-01-01,Washoe,316203,91951,,15007,2991,,97744,5587,102923
2026,2026-01-01,White Pine,5311,652,,283,29,,1496,26,2825
2026,2026-01-01,TOTALS,2128758,593740,,90436,15000,,799056,34170,596356
2026,2026-02-01,Carson City,38370,8989,,1886,383,,12419,404,14289
2026,2026-02-01,Churchill,16987,1973,,741,139,,5169,159,8806
2026,2026-02-01,Clark,1580237,464872,,64074,9864,,634662,26915,379850
2026,2026-02-01,Douglas,41553,7200,,1866,344,,10957,44,21142
2026,2026-02-01,Elko,29210,3161,,1256,266,,9245,211,15071
2026,2026-02-01,Esmeralda,577,42,,25,8,,174,9,319
2026,2026-02-01,Eureka,1223,62,,62,6,,300,8,785
2026,2026-02-01,Humboldt,10204,1184,,399,74,,3038,71,5438
2026,2026-02-01,Lander,3713,355,,131,34,,1064,22,2107
2026,2026-02-01,Lincoln,2812,241,,124,14,,591,11,1831
2026,2026-02-01,Lyon,43529,6074,,2147,450,,14812,363,19683
2026,2026-02-01,Mineral,2988,564,,152,19,,1076,9,1168
2026,2026-02-01,Nye,36992,5426,,1986,292,,13200,273,15815
2026,2026-02-01,Pershing,2949,387,,133,17,,852,22,1538
2026,2026-02-01,Storey,3671,576,,182,48,,1066,17,1782
2026,2026-02-01,Washoe,320167,92170,,15078,3003,,101474,5618,102824
2026,2026-02-01,White Pine,5198,636,,272,29,,1474,23,2764
2026,2026-02-01,TOTALS,2140380,593912,,90514,14990,,811573,34179,595212
2026,2026-03-01,Carson City,38278,8966,,1870,387,,12451,403,14201
2026,2026-03-01,Churchill,16911,1972,,730,139,,5178,157,8735
2026,2026-03-01,Clark,1488114,437614,,59583,9081,,597264,24956,359616
2026,2026-03-01,Douglas,41525,7189,,1855,344,,11020,46,21071
2026,2026-03-01,Elko,29099,3136,,1242,262,,9341,207,14911
2026,2026-03-01,Esmeralda,576,43,,25,7,,178,9,314
2026,2026-03-01,Eureka,1221,64,,61,6,,303,8,779
2026,2026-03-01,Humboldt,10172,1178,,400,74,,3075,70,5375
2026,2026-03-01,Lander,3659,348,,127,31,,1055,20,2078
2026,2026-03-01,Lincoln,2823,240,,125,14,,603,11,1830
2026,2026-03-01,Lyon,43311,5993,,2104,445,,14955,349,19465
2026,2026-03-01,Mineral,3011,562,,154,19,,1110,9,1157
2026,2026-03-01,Nye,36598,5341,,1955,284,,13142,271,15605
2026,2026-03-01,Pershing,2991,382,,133,17,,880,21,1558
2026,2026-03-01,Storey,3625,574,,179,46,,1060,17,1749
2026,2026-03-01,Washoe,313631,89496,,14561,2866,,101548,5404,99756
2026,2026-03-01,White Pine,5207,635,,265,29,,1506,21,2751
2026,2026-03-01,TOTALS,2040752,563733,,85369,14051,,774669,31979,570951
2026,2026-04-01,Carson City,38613,9066,,1879,386,,12603,400,14279
2026,2026-04-01,Churchill,17055,1991,,727,139,,5273,158,8767
2026,2026-04-01,Clark,1501785,441110,,59942,9121,,605127,25078,361407
2026,2026-04-01,Douglas,41776,7222,,1855,341,,11142,45,21171
2026,2026-04-01,Elko,29428,3190,,1245,264,,9527,209,14993
2026,2026-04-01,Esmeralda,616,46,,27,8,,192,9,334
2026,2026-04-01,Eureka,1238,65,,61,6,,315,8,783
2026,2026-04-01,Humboldt,10289,1180,,401,77,,3162,73,5396
2026,2026-04-01,Lander,3673,348,,125,32,,1066,18,2084
2026,2026-04-01,Lincoln,2843,239,,128,14,,611,11,1840
2026,2026-04-01,Lyon,43807,6045,,2112,448,,15234,341,19627
2026,2026-04-01,Mineral,2924,551,,151,19,,1059,9,1135
2026,2026-04-01,Nye,36970,5413,,1957,287,,13320,267,15726
2026,2026-04-01,Pershing,3005,379,,135,17,,887,21,1566
2026,2026-04-01,Storey,3666,587,,178,44,,1084,17,1756
2026,2026-04-01,Washoe,318606,90709,,14679,2883,,103995,5452,100888
2026,2026-04-01,White Pine,5263,637,,266,30,,1539,21,2770
2026,2026-04-01,TOTALS,2061557,568778,,85868,14116,,786136,32137,574522
2026,2026-05-01,Carson City,38713,9140,,1875,384,,12603,399,14312
2026,2026-05-01,Churchill,17109,1993,,726,141,,5307,157,8785
2026,2026-05-01,Clark,1508310,444955,,59813,9096,,606425,24998,363023
2026,2026-05-01,Douglas,41855,7278,,1836,339,,11107,44,21251
2026,2026-05-01,Elko,29531,3207,,1244,266,,9579,208,15027
2026,2026-05-01,Esmeralda,625,44,,27,8,,190,9,347
2026,2026-05-01,Eureka,1242,65,,61,6,,315,8,787
2026,2026-05-01,Humboldt,10358,1182,,403,77,,3198,74,5424
2026,2026-05-01,Lander,3684,350,,125,33,,1060,17,2099
2026,2026-05-01,Lincoln,2856,241,,129,13,,609,11,1853
2026,2026-05-01,Lyon,43946,6078,,2082,445,,15240,335,19766
2026,2026-05-01,Mineral,2940,552,,150,19,,1069,9,1141
2026,2026-05-01,Nye,37123,5430,,1958,286,,13347,260,15842
2026,2026-05-01,Pershing,3018,381,,134,17,,890,19,1577
2026,2026-05-01,Storey,3687,591,,183,44,,1089,17,1763
2026,2026-05-01,Washoe,321228,92006,,14668,2895,,104313,5407,101939
2026,2026-05-01,White Pine,5289,635,,268,30,,1532,23,2801
2026,2026-05-01,TOTALS,2071514,574128,,85682,14099,,787873,31995,577737
2026,2026-06-01,Carson City,39216,9350,,1828,379,,12762,394,14503
2026,2026-06-01,Churchill,17355,2001,,725,149,,5462,160,8858
2026,2026-06-01,Clark,1522503,451030,,59524,9070,,613155,24758,364966
2026,2026-06-01,Douglas,42244,7328,,1822,342,,11324,49,21379
2026,2026-06-01,Elko,29680,3250,,1253,265,,9662,209,15041
2026,2026-06-01,Esmeralda,618,43,,24,8,,185,9,349
2026,2026-06-01,Eureka,1264,67,,59,6,,323,8,801
2026,2026-06-01,Humboldt,10518,1190,,402,77,,3329,73,5447
2026,2026-06-01,Lander,3719,354,,126,33,,1073,17,2116
2026,2026-06-01,Lincoln,2900,238,,127,13,,626,11,1885
2026,2026-06-01,Lyon,44536,6141,,2081,437,,15616,322,19939
2026,2026-06-01,Mineral,2968,556,,151,19,,1093,8,1141
2026,2026-06-01,Nye,37793,5475,,1950,285,,13762,250,16071
2026,2026-06-01,Pershing,3052,380,,130,17,,902,19,1604
2026,2026-06-01,Storey,3680,580,,180,45,,1091,16,1768
2026,2026-06-01,Washoe,325708,93307,,14610,2878,,106829,5363,102721
2026,2026-06-01,White Pine,5355,630,,273,30,,1571,22,2829
2026,2026-06-01,TOTALS,2093109,581920,,85265,14053,,798765,31688,581418
2026,2026-07-01,Carson City,39084,9228,,1836,379,,12994,396,14251
2026,2026-07-01,Churchill,17162,1972,,717,151,,5422,158,8742
2026,2026-07-01,Clark,1539205,452551,,59777,9108,,627163,24873,365733
2026,2026-07-01,Douglas,41624,7191,,1785,336,,11148,46,21118
2026,2026-07-01,Elko,30147,3255,,1269,267,,10100,210,15046
2026,2026-07-01,Esmeralda,615,42,,24,8,,185,9,347
2026,2026-07-01,Eureka,1274,66,,60,6,,329,7,806
2026,2026-07-01,Humboldt,10364,1181,,398,75,,3303,74,5333
2026,2026-07-01,Lander,3739,354,,127,32,,1092,17,2117
2026,2026-07-01,Lincoln,2855,234,,120,13,,625,10,1853
2026,2026-07-01,Lyon,44685,6133,,2078,436,,15782,320,19936
2026,2026-07-01,Mineral,2963,555,,148,18,,1099,9,1134
2026,2026-07-01,Nye,38112,5498,,1961,285,,13995,244,16129
2026,2026-07-01,Pershing,3066,377,,130,18,,926,18,1597
2026,2026-07-01,Storey,3673,574,,180,45,,1113,14,1747
2026,2026-07-01,Washoe,328424,93686,,14678,2894,,108753,5413,103000
2026,2026-07-01,White Pine,5274,608,,272,28,,1567,20,2779
2026,2026-07-01,TOTALS,2112266,583505,,85560,14099,,815596,31838,581668
2026,2026-08-01,Carson City,39390,9266,,1845,376,,13226,396,14281
2026,2026-08-01,Churchill,16968,1946,,696,149,,5391,158,8628
2026,2026-08-01,Clark,1497321,440358,,57696,8720,,610333,24065,356149
2026,2026-08-01,Douglas,41391,7131,,1766,336,,11144,46,20968
2026,2026-08-01,Elko,29220,3155,,1214,265,,9794,205,14587
2026,2026-08-01,Esmeralda,593,38,,22,8,,177,9,339
2026,2026-08-01,Eureka,1265,64,,60,6,,325,7,803
2026,2026-08-01,Humboldt,10280,1170,,389,76,,3330,70,5245
2026,2026-08-01,Lander,3597,336,,122,31,,1046,17,2045
2026,2026-08-01,Lincoln,2826,229,,121,12,,618,9,1837
2026,2026-08-01,Lyon,43499,5980,,2030,422,,15310,302,19455
2026,2026-08-01,Mineral,2986,548,,148,18,,1123,9,1140
2026,2026-08-01,Nye,36907,5357,,1892,273,,13506,225,15654
2026,2026-08-01,Pershing,3002,374,,123,17,,911,14,1563
2026,2026-08-01,Storey,3636,569,,181,46,,1101,15,1724
2026,2026-08-01,Washoe,323945,92212,,14327,2836,,107866,5239,101465
2026,2026-08-01,White Pine,5310,604,,271,29,,1604,20,2782
2026,2026-08-01,TOTALS,2062136,569337,,82903,13620,,796805,30806,568665
