Year,Date,County,Total,REP,DEM,LIB,Independent American,Nonpartisan,Other,Green Party,Natural Law Party
2017,2017-01-01,Carson City,29060,13007,8926,313,1561,5000,253,,
2017,2017-01-01,Churchill,13441,7801,2658,119,724,2069,70,,
2017,2017-01-01,Clark,1050443,303205,454127,8838,42841,229069,12363,,
2017,2017-01-01,Douglas,31600,17234,7460,347,1498,4916,145,,
2017,2017-01-01,Elko,24151,13520,4294,275,1321,4632,109,,
2017,2017-01-01,Esmeralda,580,337,107,7,50,75,4,,
2017,2017-01-01,Eureka,966,678,112,6,61,107,2,,
2017,2017-01-01,Humboldt,8084,4374,1640,76,411,1529,54,,
2017,2017-01-01,Lander,3053,1767,578,17,148,532,11,,
2017,2017-01-01,Lincoln,2733,1588,652,16,143,324,10,,
2017,2017-01-01,Lyon,33304,16491,7919,356,2274,6022,242,,
2017,2017-01-01,Mineral,2955,1203,1057,25,193,463,14,,
2017,2017-01-01,Nye,27617,12852,7566,250,1908,4907,134,,
2017,2017-01-01,Pershing,2524,1267,607,22,129,491,8,,
2017,2017-01-01,Storey,2957,1447,748,40,213,496,13,,
2017,2017-01-01,Washoe,266888,98983,95586,3201,12272,52994,3852,,
2017,2017-01-01,White Pine,4719,2259,1292,40,284,824,20,,
2017,2017-01-01,TOTALS,1505075,498013,595329,13948,66031,314450,17304,,
2017,2017-02-01,Carson City,29108,13018,8930,315,1562,5030,253,,
2017,2017-02-01,Churchill,12578,7414,2459,113,648,1881,63,,
2017,2017-02-01,Clark,1055023,304413,455544,8926,43223,230568,12349,,
2017,2017-02-01,Douglas,31694,17266,7469,352,1503,4958,146,,
2017,2017-02-01,Elko,24227,13553,4294,279,1326,4666,109,,
2017,2017-02-01,Esmeralda,581,339,106,7,50,75,4,,
2017,2017-02-01,Eureka,962,673,112,6,61,108,2,,
2017,2017-02-01,Humboldt,8142,4408,1644,76,422,1539,53,,
2017,2017-02-01,Lander,3052,1766,576,18,149,532,11,,
2017,2017-02-01,Lincoln,2711,1579,640,16,143,323,10,,
2017,2017-02-01,Lyon,33380,16530,7924,359,2277,6048,242,,
2017,2017-02-01,Mineral,2959,1204,1056,25,194,466,14,,
2017,2017-02-01,Nye,27475,12798,7510,251,1900,4884,132,,
2017,2017-02-01,Pershing,2533,1266,606,23,130,499,9,,
2017,2017-02-01,Storey,2960,1450,746,40,213,497,14,,
2017,2017-02-01,Washoe,265869,98788,94946,3208,12247,52845,3835,,
2017,2017-02-01,White Pine,4628,2230,1261,37,277,802,21,,
2017,2017-02-01,TOTALS,1507882,498695,595823,14051,66325,315721,17267,,
2017,2017-03-01,Carson City,29167,13044,8937,317,1563,5052,254,,
2017,2017-03-01,Churchill,12626,7429,2466,115,649,1905,62,,
2017,2017-03-01,Clark,1022664,295802,441182,8647,42000,223150,11883,,
2017,2017-03-01,Douglas,31792,17296,7481,354,1514,4999,148,,
2017,2017-03-01,Elko,24327,13594,4309,282,1337,4695,110,,
2017,2017-03-01,Esmeralda,579,336,107,6,50,76,4,,
2017,2017-03-01,Eureka,965,675,114,6,61,107,2,,
2017,2017-03-01,Humboldt,8169,4419,1647,75,426,1549,53,,
2017,2017-03-01,Lander,3064,1769,579,18,151,536,11,,
2017,2017-03-01,Lincoln,2714,1579,640,16,143,325,11,,
2017,2017-03-01,Lyon,33449,16556,7934,363,2286,6064,246,,
2017,2017-03-01,Mineral,2959,1203,1054,25,195,468,14,,
2017,2017-03-01,Nye,27614,12860,7516,255,1908,4939,136,,
2017,2017-03-01,Pershing,2541,1267,607,23,134,501,9,,
2017,2017-03-01,Storey,2979,1464,746,40,214,499,16,,
2017,2017-03-01,Washoe,265682,98725,94786,3227,12259,52872,3813,,
2017,2017-03-01,White Pine,4619,2230,1255,37,276,801,20,,
2017,2017-03-01,TOTALS,1475910,490248,581360,13806,65166,308538,16792,,
2017,2017-04-01,Carson City,29249,13064,8957,322,1576,5076,254,,
2017,2017-04-01,Churchill,12650,7434,2474,116,649,1915,62,,
2017,2017-04-01,Clark,1027177,296780,442674,8735,42312,224429,12247,,
2017,2017-04-01,Douglas,31895,17326,7493,355,1533,5040,148,,
2017,2017-04-01,Elko,21664,12271,3782,257,1143,4120,91,,
2017,2017-04-01,Esmeralda,581,335,108,6,50,78,4,,
2017,2017-04-01,Eureka,965,672,114,5,61,111,2,,
2017,2017-04-01,Humboldt,8238,4452,1653,77,430,1574,52,,
2017,2017-04-01,Lander,3067,1766,579,18,152,541,11,,
2017,2017-04-01,Lincoln,2720,1579,641,16,145,328,11,,
2017,2017-04-01,Lyon,33484,16568,7937,366,2294,6073,246,,
2017,2017-04-01,Mineral,2427,1029,858,16,146,365,13,,
2017,2017-04-01,Nye,27989,13032,7598,264,1948,5007,140,,
2017,2017-04-01,Pershing,2542,1264,607,23,134,505,9,,
2017,2017-04-01,Storey,2986,1465,747,40,215,503,16,,
2017,2017-04-01,Washoe,263129,97999,93676,3217,12114,52367,3756,,
2017,2017-04-01,White Pine,4517,2186,1235,35,266,778,17,,
2017,2017-04-01,TOTALS,1475280,489222,581133,13868,65168,308810,17079,,
2017,2017-05-01,Carson City,29356,13074,8982,326,1588,5130,256,,
2017,2017-05-01,Churchill,12702,7450,2470,119,650,1950,63,,
2017,2017-05-01,Clark,1030925,297536,443796,8804,42571,225641,12577,,
2017,2017-05-01,Douglas,31998,17379,7496,356,1540,5079,148,,
2017,2017-05-01,Elko,21902,12379,3814,261,1156,4200,92,,
2017,2017-05-01,Esmeralda,582,336,109,6,50,77,4,,
2017,2017-05-01,Eureka,969,677,113,5,61,111,2,,
2017,2017-05-01,Humboldt,8268,4462,1656,78,434,1586,52,,
2017,2017-05-01,Lander,3068,1764,578,19,152,545,10,,
2017,2017-05-01,Lincoln,2728,1585,639,16,146,331,11,,
2017,2017-05-01,Lyon,33615,16627,7948,371,2304,6117,248,,
2017,2017-05-01,Mineral,2439,1033,855,16,149,373,13,,
2017,2017-05-01,Nye,28100,13068,7617,263,1972,5036,144,,
2017,2017-05-01,Pershing,2546,1268,606,23,134,506,9,,
2017,2017-05-01,Storey,2985,1471,743,39,215,501,16,,
2017,2017-05-01,Washoe,259382,96671,92283,3163,11911,51676,3678,,
2017,2017-05-01,White Pine,4530,2191,1231,35,268,786,19,,
2017,2017-05-01,TOTALS,1476095,488971,580936,13900,65301,309645,17342,,
2017,2017-06-01,Carson City,29341,13037,8983,325,1604,5138,254,,
2017,2017-06-01,Churchill,12751,7465,2475,125,649,1974,63,,
2017,2017-06-01,Clark,1037246,299206,445598,8926,42909,227383,13224,,
2017,2017-06-01,Douglas,32058,17402,7511,357,1546,5093,149,,
2017,2017-06-01,Elko,22100,12484,3836,264,1173,4249,94,,
2017,2017-06-01,Esmeralda,585,336,110,7,51,77,4,,
2017,2017-06-01,Eureka,974,677,113,5,63,114,2,,
2017,2017-06-01,Humboldt,8291,4463,1662,80,438,1596,52,,
2017,2017-06-01,Lander,3078,1763,582,18,153,551,11,,
2017,2017-06-01,Lincoln,2726,1584,633,16,147,335,11,,
2017,2017-06-01,Lyon,33783,16695,7960,373,2328,6176,251,,
2017,2017-06-01,Mineral,2440,1033,852,16,149,377,13,,
2017,2017-06-01,Nye,28040,13061,7545,261,1982,5047,144,,
2017,2017-06-01,Pershing,2554,1278,604,23,136,504,9,,
2017,2017-06-01,Storey,2992,1474,742,40,216,504,16,,
2017,2017-06-01,Washoe,248761,93533,88198,3042,11221,49264,3503,,
2017,2017-06-01,White Pine,4539,2200,1226,35,271,788,19,,
2017,2017-06-01,TOTALS,1472259,487691,578630,13913,65036,309170,17819,,
2017,2017-07-01,Carson City,29420,13073,8999,330,1597,5169,252,,
2017,2017-07-01,Churchill,12776,7470,2475,127,651,1990,63,,
2017,2017-07-01,Clark,1041467,300094,446550,9025,43213,228572,14013,,
2017,2017-07-01,Douglas,32226,17467,7536,358,1558,5157,150,,
2017,2017-07-01,Elko,22219,12546,3848,264,1183,4282,96,,
2017,2017-07-01,Esmeralda,586,337,111,7,51,76,4,,
2017,2017-07-01,Eureka,979,681,114,5,63,114,2,,
2017,2017-07-01,Humboldt,8308,4478,1662,79,438,1599,52,,
2017,2017-07-01,Lander,3088,1763,581,19,155,558,12,,
2017,2017-07-01,Lincoln,2728,1584,633,16,149,335,11,,
2017,2017-07-01,Lyon,33820,16728,7952,371,2335,6181,253,,
2017,2017-07-01,Mineral,2437,1033,850,16,149,376,13,,
2017,2017-07-01,Nye,27792,12981,7440,263,1961,5001,146,,
2017,2017-07-01,Pershing,2564,1286,604,23,136,505,10,,
2017,2017-07-01,Storey,2998,1484,740,40,214,504,16,,
2017,2017-07-01,Washoe,250283,94059,88527,3069,11328,49798,3502,,
2017,2017-07-01,White Pine,4523,2201,1226,34,267,776,19,,
2017,2017-07-01,TOTALS,1478214,489265,579848,14046,65448,310993,18614,,
2017,2017-08-01,Carson City,29629,13190,9053,331,1610,5192,253,,
2017,2017-08-01,Churchill,12828,7503,2468,129,649,2015,64,,
2017,2017-08-01,Clark,1046935,301999,447561,9109,43509,232071,12686,,
2017,2017-08-01,Douglas,32437,17605,7561,365,1564,5190,152,,
2017,2017-08-01,Elko,22278,12557,3856,264,1184,4321,96,,
2017,2017-08-01,Esmeralda,588,339,110,7,51,77,4,,
2017,2017-08-01,Eureka,976,679,115,6,61,114,1,,
2017,2017-08-01,Humboldt,7590,4188,1497,71,385,1408,41,,
2017,2017-08-01,Lander,3086,1760,581,20,157,556,12,,
2017,2017-08-01,Lincoln,2726,1584,632,16,149,334,11,,
2017,2017-08-01,Lyon,33645,16686,7884,373,2318,6134,250,,
2017,2017-08-01,Mineral,2442,1034,851,16,151,377,13,,
2017,2017-08-01,Nye,27482,12896,7300,265,1938,4934,149,,
2017,2017-08-01,Pershing,2568,1290,604,23,136,505,10,,
2017,2017-08-01,Storey,3005,1486,737,40,216,510,16,,
2017,2017-08-01,Washoe,250296,93943,88423,3090,11365,49997,3478,,
2017,2017-08-01,White Pine,4493,2183,1218,33,264,776,19,,
2017,2017-08-01,TOTALS,1483004,490922,580451,14158,65707,314511,17255,,
2017,2017-09-01,Carson City,29807,13308,9091,327,1610,5217,254,,
2017,2017-09-01,Churchill,12897,7540,2476,131,652,2034,64,,
2017,2017-09-01,Clark,1052309,303778,448937,9198,43750,234131,12515,,
2017,2017-09-01,Douglas,32543,17668,7582,366,1568,5208,151,,
2017,2017-09-01,Elko,22394,12608,3863,267,1194,4367,95,,
2017,2017-09-01,Esmeralda,586,338,109,7,51,77,4,,
2017,2017-09-01,Eureka,973,681,112,5,61,113,1,,
2017,2017-09-01,Humboldt,7022,3922,1379,67,352,1264,38,,
2017,2017-09-01,Lander,3085,1755,582,20,157,559,12,,
2017,2017-09-01,Lincoln,2736,1588,629,16,150,342,11,,
2017,2017-09-01,Lyon,33814,16798,7898,379,2313,6177,249,,
2017,2017-09-01,Mineral,2449,1035,854,16,152,379,13,,
2017,2017-09-01,Nye,27168,12766,7182,265,1918,4884,153,,
2017,2017-09-01,Pershing,2581,1295,608,23,136,509,10,,
2017,2017-09-01,Storey,3007,1494,734,40,215,508,16,,
2017,2017-09-01,Washoe,249011,93457,87893,3080,11328,49816,3437,,
2017,2017-09-01,White Pine,4502,2187,1217,34,262,782,20,,
2017,2017-09-01,TOTALS,1486884,492218,581146,14241,65869,316367,17043,,
2017,2017-10-01,Carson City,29958,13408,9111,327,1610,5250,252,,
2017,2017-10-01,Churchill,12846,7528,2456,130,651,2018,63,,
2017,2017-10-01,Clark,1014905,296604,431169,8829,41981,224771,11551,,
2017,2017-10-01,Douglas,32697,17754,7599,376,1570,5250,148,,
2017,2017-10-01,Elko,22463,12632,3874,273,1207,4383,94,,
2017,2017-10-01,Esmeralda,581,336,108,7,50,76,4,,
2017,2017-10-01,Eureka,978,681,113,5,62,116,1,,
2017,2017-10-01,Humboldt,7060,3935,1381,67,352,1287,38,,
2017,2017-10-01,Lander,3079,1750,578,21,157,560,13,,
2017,2017-10-01,Lincoln,2734,1586,627,16,151,343,11,,
2017,2017-10-01,Lyon,33788,16833,7861,379,2302,6164,249,,
2017,2017-10-01,Mineral,2469,1043,856,18,155,383,14,,
2017,2017-10-01,Nye,27213,12812,7134,272,1930,4912,153,,
2017,2017-10-01,Pershing,2568,1290,606,24,135,503,10,,
2017,2017-10-01,Storey,3017,1505,729,42,216,509,16,,
2017,2017-10-01,Washoe,249933,93888,88113,3107,11365,50028,3432,,
2017,2017-10-01,White Pine,4505,2193,1215,34,262,781,20,,
2017,2017-10-01,TOTALS,1450794,485778,563530,13927,64156,307334,16069,,
2017,2017-11-01,Carson City,29920,13403,9081,329,1612,5248,247,,
2017,2017-11-01,Churchill,12901,7566,2465,129,653,2027,61,,
2017,2017-11-01,Clark,1020815,298572,432627,8956,42240,226891,11529,,
2017,2017-11-01,Douglas,32840,17843,7617,381,1577,5273,149,,
2017,2017-11-01,Elko,22572,12670,3886,278,1216,4427,95,,
2017,2017-11-01,Esmeralda,576,333,107,7,50,75,4,,
2017,2017-11-01,Eureka,986,685,112,5,65,118,1,,
2017,2017-11-01,Humboldt,7089,3944,1381,69,353,1303,39,,
2017,2017-11-01,Lander,3084,1748,582,21,158,562,13,,
2017,2017-11-01,Lincoln,2744,1592,629,16,151,345,11,,
2017,2017-11-01,Lyon,33902,16899,7862,384,2312,6193,252,,
2017,2017-11-01,Mineral,2468,1043,851,18,157,385,14,,
2017,2017-11-01,Nye,27279,12860,7127,272,1936,4933,151,,
2017,2017-11-01,Pershing,2594,1306,608,24,135,511,10,,
2017,2017-11-01,Storey,3028,1508,731,42,216,515,16,,
2017,2017-11-01,Washoe,250557,94294,88217,3112,11376,50146,3412,,
2017,2017-11-01,White Pine,4510,2198,1210,34,263,785,20,,
2017,2017-11-01,TOTALS,1457865,488464,565093,14077,64470,309737,16024,,
2017,2017-12-01,Carson City,28656,12913,8716,312,1514,4969,232,,
2017,2017-12-01,Churchill,12956,7604,2476,129,657,2029,61,,
2017,2017-12-01,Clark,1025762,299993,433929,9037,42519,228765,11519,,
2017,2017-12-01,Douglas,32990,17909,7648,386,1589,5307,151,,
2017,2017-12-01,Elko,22667,12722,3891,279,1222,4457,96,,
2017,2017-12-01,Esmeralda,573,332,105,7,50,75,4,,
2017,2017-12-01,Eureka,968,674,109,5,64,115,1,,
2017,2017-12-01,Humboldt,6981,3892,1351,69,347,1283,39,,
2017,2017-12-01,Lander,2817,1612,532,19,139,505,10,,
2017,2017-12-01,Lincoln,2751,1601,625,15,150,349,11,,
2017,2017-12-01,Lyon,34006,16985,7858,388,2315,6207,253,,
2017,2017-12-01,Mineral,2471,1046,849,18,157,387,14,,
2017,2017-12-01,Nye,27405,12913,7148,274,1947,4971,152,,
2017,2017-12-01,Pershing,2604,1316,606,24,137,511,10,,
2017,2017-12-01,Storey,3033,1514,730,42,214,518,15,,
2017,2017-12-01,Washoe,250660,94451,88127,3146,11376,50175,3385,,
2017,2017-12-01,White Pine,4510,2197,1204,34,267,788,20,,
2017,2017-12-01,TOTALS,1461810,489674,565904,14184,64664,311411,15973,,
2018,2018-01-01,Carson City,28824,12990,8749,318,1532,5003,232,,
2018,2018-01-01,Churchill,13033,7637,2496,131,662,2046,61,,
2018,2018-01-01,Clark,1031381,302062,435494,9126,42783,230406,11510,,
2018,2018-01-01,Douglas,33047,17960,7639,391,1593,5315,149,,
2018,2018-01-01,Elko,22743,12739,3902,283,1225,4498,96,,
2018,2018-01-01,Esmeralda,574,331,107,7,48,77,4,,
2018,2018-01-01,Eureka,951,668,102,5,61,114,1,,
2018,2018-01-01,Humboldt,7017,3902,1360,69,354,1294,38,,
2018,2018-01-01,Lander,2824,1622,531,19,139,503,10,,
2018,2018-01-01,Lincoln,2755,1603,626,16,151,348,11,,
2018,2018-01-01,Lyon,33794,16898,7785,389,2300,6174,248,,
2018,2018-01-01,Mineral,2479,1054,847,18,157,389,14,,
2018,2018-01-01,Nye,27496,12940,7165,274,1963,4995,159,,
2018,2018-01-01,Pershing,2602,1320,603,25,137,508,9,,
2018,2018-01-01,Storey,3039,1520,725,43,215,521,15,,
2018,2018-01-01,Washoe,251598,94742,88433,3175,11437,50441,3370,,
2018,2018-01-01,White Pine,4514,2202,1203,33,267,789,20,,
2018,2018-01-01,TOTALS,1468671,492190,567767,14322,65024,313421,15947,,
2018,2018-02-01,Carson City,28939,13034,8780,320,1539,5035,231,,
2018,2018-02-01,Churchill,13064,7652,2499,133,663,2056,61,,
2018,2018-02-01,Clark,1036264,304332,436743,9192,42937,231571,11489,,
2018,2018-02-01,Douglas,36929,19589,8604,442,1850,6252,192,,
2018,2018-02-01,Elko,22773,12749,3898,283,1231,4515,97,,
2018,2018-02-01,Esmeralda,574,331,107,8,48,75,5,,
2018,2018-02-01,Eureka,949,672,101,6,59,110,1,,
2018,2018-02-01,Humboldt,7068,3936,1358,70,356,1309,39,,
2018,2018-02-01,Lander,2827,1624,531,19,138,505,10,,
2018,2018-02-01,Lincoln,2761,1608,624,16,153,349,11,,
2018,2018-02-01,Lyon,33786,16922,7749,391,2294,6183,247,,
2018,2018-02-01,Mineral,2491,1061,845,18,160,394,13,,
2018,2018-02-01,Nye,27520,12974,7145,275,1962,5006,158,,
2018,2018-02-01,Pershing,2455,1266,568,21,118,473,9,,
2018,2018-02-01,Storey,3025,1515,716,44,215,520,15,,
2018,2018-02-01,Washoe,252158,94951,88608,3185,11463,50584,3367,,
2018,2018-02-01,White Pine,4533,2213,1207,33,266,794,20,,
2018,2018-02-01,TOTALS,1478116,496429,570083,14456,65452,315731,15965,,
2018,2018-03-01,Carson City,29072,13087,8812,320,1550,5072,231,,
2018,2018-03-01,Churchill,13123,7682,2499,133,670,2078,61,,
2018,2018-03-01,Clark,971944,291205,408790,8601,40315,213648,9385,,
2018,2018-03-01,Douglas,36050,19155,8369,426,1808,6102,190,,
2018,2018-03-01,Elko,22869,12785,3905,285,1236,4556,102,,
2018,2018-03-01,Esmeralda,577,334,108,8,48,74,5,,
2018,2018-03-01,Eureka,948,674,99,5,59,110,1,,
2018,2018-03-01,Humboldt,7110,3949,1363,71,364,1325,38,,
2018,2018-03-01,Lander,2848,1648,528,19,138,505,10,,
2018,2018-03-01,Lincoln,2767,1615,622,16,154,349,11,,
2018,2018-03-01,Lyon,33883,16952,7767,396,2300,6222,246,,
2018,2018-03-01,Mineral,2491,1062,842,17,160,397,13,,
2018,2018-03-01,Nye,27455,12990,7098,273,1960,4982,152,,
2018,2018-03-01,Pershing,2367,1222,552,19,113,453,8,,
2018,2018-03-01,Storey,3030,1523,713,43,216,520,15,,
2018,2018-03-01,Washoe,254004,95427,89322,3223,11551,51121,3360,,
2018,2018-03-01,White Pine,4471,2188,1193,32,264,774,20,,
2018,2018-03-01,TOTALS,1415009,483498,542582,13887,62906,298288,13848,,
2018,2018-04-01,Carson City,29235,13141,8867,320,1553,5123,231,,
2018,2018-04-01,Churchill,13186,7715,2508,137,673,2091,62,,
2018,2018-04-01,Clark,982338,293196,413422,8761,40820,216694,9445,,
2018,2018-04-01,Douglas,36297,19294,8414,430,1817,6154,188,,
2018,2018-04-01,Elko,22691,12613,3886,286,1234,4568,104,,
2018,2018-04-01,Esmeralda,585,339,108,8,48,77,5,,
2018,2018-04-01,Eureka,956,675,102,5,61,112,1,,
2018,2018-04-01,Humboldt,7142,3965,1364,71,368,1336,38,,
2018,2018-04-01,Lander,2871,1680,519,19,137,506,10,,
2018,2018-04-01,Lincoln,2753,1614,614,16,152,345,12,,
2018,2018-04-01,Lyon,34077,17067,7795,404,2308,6255,248,,
2018,2018-04-01,Mineral,2510,1078,840,17,161,401,13,,
2018,2018-04-01,Nye,27580,13079,7111,275,1957,5002,156,,
2018,2018-04-01,Pershing,2371,1239,541,19,112,452,8,,
2018,2018-04-01,Storey,3042,1529,712,44,219,523,15,,
2018,2018-04-01,Washoe,255654,95862,89923,3246,11585,51681,3357,,
2018,2018-04-01,White Pine,4464,2197,1186,31,267,764,19,,
2018,2018-04-01,TOTALS,1427752,486283,547912,14089,63472,302084,13912,,
2018,2018-05-01,Carson City,29471,13264,8950,327,1557,5146,227,,
2018,2018-05-01,Churchill,13282,7776,2521,136,672,2116,61,,
2018,2018-05-01,Clark,996375,296682,419042,8937,41574,220596,9544,,
2018,2018-05-01,Douglas,33452,18147,7638,378,1612,5522,155,,
2018,2018-05-01,Elko,23350,13014,3988,301,1279,4665,103,,
2018,2018-05-01,Esmeralda,587,341,103,8,53,76,6,,
2018,2018-05-01,Eureka,974,690,99,6,61,117,1,,
2018,2018-05-01,Humboldt,7202,3990,1373,72,378,1353,36,,
2018,2018-05-01,Lander,2962,1744,515,20,142,530,11,,
2018,2018-05-01,Lincoln,2774,1654,592,16,152,348,12,,
2018,2018-05-01,Lyon,34349,17268,7803,410,2307,6320,241,,
2018,2018-05-01,Mineral,2523,1090,840,17,162,400,14,,
2018,2018-05-01,Nye,27813,13289,7121,284,1947,5019,153,,
2018,2018-05-01,Pershing,2424,1318,516,19,113,450,8,,
2018,2018-05-01,Storey,3085,1562,718,44,218,528,15,,
2018,2018-05-01,Washoe,257675,96545,90588,3302,11662,52252,3326,,
2018,2018-05-01,White Pine,4488,2268,1136,30,264,770,20,,
2018,2018-05-01,TOTALS,1442786,490642,553543,14307,64153,306208,13933,,
2018,2018-06-01,Carson City,29695,13387,9016,337,1556,5169,230,,
2018,2018-06-01,Churchill,13380,7835,2526,137,676,2145,61,,
2018,2018-06-01,Clark,1013425,301635,427080,9117,42097,223652,9844,,
2018,2018-06-01,Douglas,33589,18230,7660,378,1615,5552,154,,
2018,2018-06-01,Elko,23416,13043,4000,302,1284,4684,103,,
2018,2018-06-01,Esmeralda,589,343,102,9,53,76,6,,
2018,2018-06-01,Eureka,983,696,99,6,61,120,1,,
2018,2018-06-01,Humboldt,7202,3989,1374,72,378,1353,36,,
2018,2018-06-01,Lander,3021,1781,521,21,152,534,12,,
2018,2018-06-01,Lincoln,2789,1669,590,17,149,352,12,,
2018,2018-06-01,Lyon,34649,17464,7858,418,2315,6353,241,,
2018,2018-06-01,Mineral,2525,1094,837,16,162,402,14,,
2018,2018-06-01,Nye,27848,13321,7126,286,1941,5022,152,,
2018,2018-06-01,Pershing,2434,1324,522,19,111,450,8,,
2018,2018-06-01,Storey,3101,1575,716,45,214,536,15,,
2018,2018-06-01,Washoe,258676,96806,90997,3316,11691,52536,3330,,
2018,2018-06-01,White Pine,4511,2280,1142,30,265,774,20,,
2018,2018-06-01,TOTALS,1461833,496472,562166,14526,64720,309710,14239,,
2018,2018-07-01,Carson City,29998,13549,9098,340,1558,5224,229,,
2018,2018-07-01,Churchill,13441,7872,2527,138,680,2165,59,,
2018,2018-07-01,Clark,1020367,303593,429678,9237,42300,225613,9946,,
2018,2018-07-01,Douglas,33688,18274,7693,377,1621,5568,155,,
2018,2018-07-01,Elko,23628,13164,4016,305,1299,4734,110,,
2018,2018-07-01,Esmeralda,589,343,102,9,53,76,6,,
2018,2018-07-01,Eureka,996,705,99,6,62,123,1,,
2018,2018-07-01,Humboldt,7253,4033,1371,72,374,1369,34,,
2018,2018-07-01,Lander,2929,1743,507,19,141,509,10,,
2018,2018-07-01,Lincoln,2791,1671,590,18,147,353,12,,
2018,2018-07-01,Lyon,34881,17615,7859,428,2316,6421,242,,
2018,2018-07-01,Mineral,2528,1098,836,17,161,403,13,,
2018,2018-07-01,Nye,28118,13511,7177,286,1947,5040,157,,
2018,2018-07-01,Pershing,2444,1332,520,19,115,450,8,,
2018,2018-07-01,Storey,3114,1580,722,45,215,537,15,,
2018,2018-07-01,Washoe,256009,95719,90287,3248,11506,52031,3218,,
2018,2018-07-01,White Pine,4505,2280,1141,31,261,772,20,,
2018,2018-07-01,TOTALS,1467279,498082,564223,14595,64756,311388,14235,,
2018,2018-08-01,Carson City,30221,13689,9122,341,1563,5279,227,,
2018,2018-08-01,Churchill,13309,7817,2474,136,673,2150,59,,
2018,2018-08-01,Clark,1043842,309552,438554,9545,43148,233082,9961,,
2018,2018-08-01,Douglas,34231,18649,7766,391,1623,5648,154,,
2018,2018-08-01,Elko,23702,13212,4011,308,1304,4759,108,,
2018,2018-08-01,Esmeralda,588,342,102,9,53,76,6,,
2018,2018-08-01,Eureka,1010,710,101,6,66,126,1,,
2018,2018-08-01,Humboldt,7280,4056,1369,73,374,1375,33,,
2018,2018-08-01,Lander,2940,1747,504,20,145,514,10,,
2018,2018-08-01,Lincoln,2808,1677,596,17,149,357,12,,
2018,2018-08-01,Lyon,34900,17711,7800,433,2296,6419,241,,
2018,2018-08-01,Mineral,2553,1106,840,19,165,412,11,,
2018,2018-08-01,Nye,28252,13583,7153,287,1949,5124,156,,
2018,2018-08-01,Pershing,2460,1339,519,20,116,458,8,,
2018,2018-08-01,Storey,3120,1583,726,44,213,539,15,,
2018,2018-08-01,Washoe,258300,96565,90969,3277,11566,52703,3220,,
2018,2018-08-01,White Pine,4481,2279,1130,29,258,765,20,,
2018,2018-08-01,TOTALS,1493997,505617,573736,14955,65661,319786,14242,,
2018,2018-09-01,Carson City,30644,13858,9244,350,1569,5396,227,,
2018,2018-09-01,Churchill,13418,7882,2487,139,677,2174,59,,
2018,2018-09-01,Clark,1061683,313913,445068,9737,43543,239470,9952,,
2018,2018-09-01,Douglas,34689,18869,7883,400,1637,5747,153,,
2018,2018-09-01,Elko,23980,13333,4043,311,1322,4864,107,,
2018,2018-09-01,Esmeralda,588,344,100,9,53,76,6,,
2018,2018-09-01,Eureka,1014,713,101,6,68,125,1,,
2018,2018-09-01,Humboldt,7444,4138,1401,74,380,1417,34,,
2018,2018-09-01,Lander,2967,1760,511,20,147,519,10,,
2018,2018-09-01,Lincoln,2813,1692,591,15,150,353,12,,
2018,2018-09-01,Lyon,35221,17884,7837,438,2299,6526,237,,
2018,2018-09-01,Mineral,2566,1114,839,21,162,420,10,,
2018,2018-09-01,Nye,28594,13743,7211,292,1975,5209,164,,
2018,2018-09-01,Pershing,2485,1360,522,19,117,459,8,,
2018,2018-09-01,Storey,3152,1586,736,48,212,556,14,,
2018,2018-09-01,Washoe,263260,98036,92577,3324,11699,54354,3270,,
2018,2018-09-01,White Pine,4520,2300,1132,30,263,776,19,,
2018,2018-09-01,TOTALS,1519038,512525,582283,15233,66273,328441,14283,,
2018,2018-10-01,Carson City,31449,14194,9450,364,1590,5620,231,,
2018,2018-10-01,Churchill,13712,8055,2508,142,696,2253,58,,
2018,2018-10-01,Clark,1094325,321249,458424,9996,44667,250144,9845,,
2018,2018-10-01,Douglas,35236,19136,7988,409,1654,5899,150,,
2018,2018-10-01,Elko,24338,13537,4092,312,1331,4955,111,,
2018,2018-10-01,Esmeralda,586,343,99,9,53,76,6,,
2018,2018-10-01,Eureka,1020,714,104,6,66,129,1,,
2018,2018-10-01,Humboldt,7612,4223,1427,74,394,1457,37,,
2018,2018-10-01,Lander,2983,1775,509,20,147,522,10,,
2018,2018-10-01,Lincoln,2821,1703,589,15,147,354,13,,
2018,2018-10-01,Lyon,35875,18244,7930,451,2320,6685,245,,
2018,2018-10-01,Mineral,2604,1134,849,22,162,428,9,,
2018,2018-10-01,Nye,29017,13953,7298,302,2001,5301,162,,
2018,2018-10-01,Pershing,2516,1379,530,20,117,462,8,,
2018,2018-10-01,Storey,3209,1611,745,48,214,577,14,,
2018,2018-10-01,Washoe,269042,99667,94496,3366,11816,56400,3297,,
2018,2018-10-01,White Pine,4583,2334,1136,32,269,793,19,,
2018,2018-10-01,TOTALS,1560928,523251,598174,15588,67644,342055,14216,,
2018,2018-11-01,Carson City,31731,14299,9534,367,1614,5683,234,,
2018,2018-11-01,Churchill,13898,8150,2536,146,708,2298,60,,
2018,2018-11-01,Clark,1115525,326006,468307,10238,45614,255339,10021,,
2018,2018-11-01,Douglas,35676,19324,8085,414,1684,6014,155,,
2018,2018-11-01,Elko,24473,13606,4108,314,1338,4996,111,,
2018,2018-11-01,Esmeralda,586,342,99,9,53,77,6,,
2018,2018-11-01,Eureka,1020,716,101,6,67,129,1,,
2018,2018-11-01,Humboldt,7653,4247,1431,74,398,1466,37,,
2018,2018-11-01,Lander,3003,1787,510,20,148,528,10,,
2018,2018-11-01,Lincoln,2822,1703,588,15,147,355,14,,
2018,2018-11-01,Lyon,36102,18364,7943,463,2340,6746,246,,
2018,2018-11-01,Mineral,2599,1134,845,21,162,428,9,,
2018,2018-11-01,Nye,29227,14073,7320,301,2015,5355,163,,
2018,2018-11-01,Pershing,2521,1384,530,20,117,462,8,,
2018,2018-11-01,Storey,3225,1616,750,49,213,583,14,,
2018,2018-11-01,Washoe,271307,100204,95331,3409,11951,57084,3328,,
2018,2018-11-01,White Pine,4627,2364,1131,32,272,809,19,,
2018,2018-11-01,TOTALS,1585995,529319,609149,15898,68841,348352,14436,,
2018,2018-12-01,Carson City,32017,14383,9596,375,1646,5783,234,,
2018,2018-12-01,Churchill,13921,8163,2539,147,716,2296,60,,
2018,2018-12-01,Clark,1109212,324428,466012,10164,45397,253414,9797,,
2018,2018-12-01,Douglas,35847,19383,8105,415,1704,6081,159,,
2018,2018-12-01,Elko,24776,13761,4148,313,1360,5083,111,,
2018,2018-12-01,Esmeralda,586,342,99,9,53,77,6,,
2018,2018-12-01,Eureka,1014,709,100,6,67,131,1,,
2018,2018-12-01,Humboldt,7803,4320,1444,76,408,1517,38,,
2018,2018-12-01,Lander,3008,1788,513,19,146,532,10,,
2018,2018-12-01,Lincoln,2822,1704,588,15,147,354,14,,
2018,2018-12-01,Lyon,36283,18446,7972,466,2353,6798,248,,
2018,2018-12-01,Mineral,2651,1151,863,21,168,439,9,,
2018,2018-12-01,Nye,29410,14169,7347,303,2025,5401,165,,
2018,2018-12-01,Pershing,2544,1407,527,19,119,464,8,,
2018,2018-12-01,Storey,3238,1620,753,50,213,587,15,,
2018,2018-12-01,Washoe,272584,100543,95732,3441,12060,57514,3294,,
2018,2018-12-01,White Pine,4639,2372,1129,34,272,814,18,,
2018,2018-12-01,TOTALS,1582355,528689,607467,15873,68854,347285,14187,,
2019,2019-01-01,Carson City,31990,14340,9596,380,1643,5798,233,,
2019,2019-01-01,Churchill,13927,8165,2539,147,716,2301,59,,
2019,2019-01-01,Clark,1116785,326751,468412,10269,45923,255675,9755,,
2019,2019-01-01,Douglas,35841,19377,8090,416,1703,6096,159,,
2019,2019-01-01,Elko,24747,13758,4136,312,1357,5072,112,,
2019,2019-01-01,Esmeralda,586,342,99,9,53,77,6,,
2019,2019-01-01,Eureka,1014,710,100,6,66,131,1,,
2019,2019-01-01,Humboldt,7786,4310,1441,75,407,1515,38,,
2019,2019-01-01,Lander,2996,1783,508,19,145,531,10,,
2019,2019-01-01,Lincoln,2827,1709,588,13,147,356,14,,
2019,2019-01-01,Lyon,36280,18440,7967,466,2346,6812,249,,
2019,2019-01-01,Mineral,2656,1160,859,21,169,438,9,,
2019,2019-01-01,Nye,29370,14146,7343,302,2024,5391,164,,
2019,2019-01-01,Pershing,2539,1403,526,19,119,464,8,,
2019,2019-01-01,Storey,3225,1619,745,50,213,583,15,,
2019,2019-01-01,Washoe,272854,100588,95770,3456,12101,57654,3285,,
2019,2019-01-01,White Pine,4624,2371,1122,34,272,807,18,,
2019,2019-01-01,TOTALS,1590047,530972,609841,15994,69404,349701,14135,,
2019,2019-02-01,Carson City,32086,14354,9628,381,1655,5834,234,,
2019,2019-02-01,Churchill,13993,8197,2546,148,724,2319,59,,
2019,2019-02-01,Clark,1122829,328446,470504,10356,46271,257497,9755,,
2019,2019-02-01,Douglas,35917,19401,8097,416,1715,6127,161,,
2019,2019-02-01,Elko,22902,12800,3909,285,1242,4564,102,,
2019,2019-02-01,Esmeralda,584,340,99,9,53,77,6,,
2019,2019-02-01,Eureka,1017,713,100,6,66,131,1,,
2019,2019-02-01,Humboldt,7812,4329,1434,76,410,1526,37,,
2019,2019-02-01,Lander,3004,1787,508,19,146,534,10,,
2019,2019-02-01,Lincoln,2816,1700,582,13,148,360,13,,
2019,2019-02-01,Lyon,36383,18486,7981,473,2358,6835,250,,
2019,2019-02-01,Mineral,2653,1159,856,21,169,439,9,,
2019,2019-02-01,Nye,29547,14234,7369,303,2035,5442,164,,
2019,2019-02-01,Pershing,2538,1405,524,19,119,463,8,,
2019,2019-02-01,Storey,3253,1632,756,50,214,586,15,,
2019,2019-02-01,Washoe,273354,100828,95773,3479,12158,57869,3247,,
2019,2019-02-01,White Pine,4474,2314,1092,32,257,761,18,,
2019,2019-02-01,TOTALS,1595162,532125,611758,16086,69740,351364,14089,,
2019,2019-03-01,Carson City,31945,14304,9586,375,1633,5815,232,,
2019,2019-03-01,Churchill,14048,8222,2554,149,725,2337,61,,
2019,2019-03-01,Clark,1061054,311753,444575,9603,43578,242501,9044,,
2019,2019-03-01,Douglas,35927,19420,8067,418,1720,6139,163,,
2019,2019-03-01,Elko,24838,13808,4135,316,1369,5101,109,,
2019,2019-03-01,Esmeralda,586,340,102,9,51,78,6,,
2019,2019-03-01,Eureka,1013,709,98,6,67,132,1,,
2019,2019-03-01,Humboldt,7867,4349,1441,76,417,1547,37,,
2019,2019-03-01,Lander,3013,1792,508,19,147,537,10,,
2019,2019-03-01,Lincoln,2818,1703,580,13,149,360,13,,
2019,2019-03-01,Lyon,36490,18563,7990,476,2363,6846,252,,
2019,2019-03-01,Mineral,2649,1158,855,21,170,436,9,,
2019,2019-03-01,Nye,29663,14276,7392,302,2045,5483,165,,
2019,2019-03-01,Pershing,2548,1408,522,20,124,466,8,,
2019,2019-03-01,Storey,3260,1636,755,50,215,589,15,,
2019,2019-03-01,Washoe,274100,101084,95970,3487,12203,58116,3240,,
2019,2019-03-01,White Pine,4493,2330,1089,31,257,768,18,,
2019,2019-03-01,TOTALS,1536312,516855,586219,15371,67233,337251,13383,,
2019,2019-04-01,Carson City,32082,14360,9602,378,1645,5865,232,,
2019,2019-04-01,Churchill,14092,8237,2556,151,725,2360,63,,
2019,2019-04-01,Clark,1067275,313753,446545,9688,43908,244343,9038,,
2019,2019-04-01,Douglas,36031,19473,8082,421,1728,6164,163,,
2019,2019-04-01,Elko,24917,13834,4131,322,1376,5146,108,,
2019,2019-04-01,Esmeralda,587,340,102,9,51,79,6,,
2019,2019-04-01,Eureka,1022,718,97,6,67,133,1,,
2019,2019-04-01,Humboldt,7894,4364,1448,76,420,1548,38,,
2019,2019-04-01,Lander,3024,1796,513,20,148,537,10,,
2019,2019-04-01,Lincoln,2816,1708,575,13,148,359,13,,
2019,2019-04-01,Lyon,36610,18636,7996,476,2371,6878,253,,
2019,2019-04-01,Mineral,2657,1165,853,21,172,437,9,,
2019,2019-04-01,Nye,29728,14326,7385,302,2042,5505,168,,
2019,2019-04-01,Pershing,2558,1408,519,21,125,477,8,,
2019,2019-04-01,Storey,3277,1646,757,50,216,593,15,,
2019,2019-04-01,Washoe,274728,101351,96136,3500,12259,58252,3230,,
2019,2019-04-01,White Pine,4524,2347,1097,32,259,771,18,,
2019,2019-04-01,TOTALS,1543822,519462,588394,15486,67660,339447,13373,,
2019,2019-05-01,Carson City,32359,14480,9645,385,1677,5940,232,,
2019,2019-05-01,Churchill,14202,8295,2565,151,739,2388,64,,
2019,2019-05-01,Clark,1079663,316855,451372,9862,44584,247924,9066,,
2019,2019-05-01,Douglas,36266,19578,8122,427,1753,6223,163,,
2019,2019-05-01,Elko,25109,13941,4149,322,1385,5203,109,,
2019,2019-05-01,Esmeralda,588,340,101,9,51,81,6,,
2019,2019-05-01,Eureka,1034,724,98,6,68,137,1,,
2019,2019-05-01,Humboldt,7966,4410,1453,77,419,1570,37,,
2019,2019-05-01,Lander,3053,1813,514,21,150,545,10,,
2019,2019-05-01,Lincoln,2830,1719,572,13,148,364,14,,
2019,2019-05-01,Lyon,36862,18767,8024,482,2391,6946,252,,
2019,2019-05-01,Mineral,2652,1166,848,21,174,434,9,,
2019,2019-05-01,Nye,29967,14476,7402,306,2047,5564,172,,
2019,2019-05-01,Pershing,2566,1408,519,22,128,481,8,,
2019,2019-05-01,Storey,3329,1676,764,50,217,607,15,,
2019,2019-05-01,Washoe,276808,102088,96698,3542,12367,58885,3228,,
2019,2019-05-01,White Pine,4531,2359,1090,32,258,774,18,,
2019,2019-05-01,TOTALS,1559785,524095,593936,15728,68556,344066,13404,,
2019,2019-06-01,Carson City,32426,14471,9679,387,1685,5971,233,,
2019,2019-06-01,Churchill,14263,8316,2576,156,750,2400,65,,
2019,2019-06-01,Clark,1086756,318381,454080,9986,45067,250169,9073,,
2019,2019-06-01,Douglas,36356,19632,8136,429,1752,6245,162,,
2019,2019-06-01,Elko,25210,13998,4158,323,1390,5231,110,,
2019,2019-06-01,Esmeralda,590,340,102,9,51,82,6,,
2019,2019-06-01,Eureka,1033,723,99,6,67,137,1,,
2019,2019-06-01,Humboldt,8007,4430,1458,77,422,1583,37,,
2019,2019-06-01,Lander,3053,1812,514,21,150,546,10,,
2019,2019-06-01,Lincoln,2828,1717,572,13,148,364,14,,
2019,2019-06-01,Lyon,37008,18819,8033,481,2414,7008,253,,
2019,2019-06-01,Mineral,2655,1170,850,21,174,431,9,,
2019,2019-06-01,Nye,29980,14503,7363,309,2055,5575,175,,
2019,2019-06-01,Pershing,2576,1411,521,23,127,486,8,,
2019,2019-06-01,Storey,3340,1681,765,52,218,609,15,,
2019,2019-06-01,Washoe,277852,102387,97016,3556,12428,59235,3230,,
2019,2019-06-01,White Pine,4535,2358,1087,32,260,779,19,,
2019,2019-06-01,TOTALS,1568468,526149,597009,15881,69158,346851,13420,,
2019,2019-07-01,Carson City,32402,14441,9695,385,1690,5960,231,,
2019,2019-07-01,Churchill,14137,8238,2556,155,747,2378,63,,
2019,2019-07-01,Clark,1088013,318571,454600,10026,45177,250593,9046,,
2019,2019-07-01,Douglas,36328,19619,8118,428,1756,6246,161,,
2019,2019-07-01,Elko,25243,14012,4154,325,1394,5246,112,,
2019,2019-07-01,Esmeralda,582,335,101,9,50,81,6,,
2019,2019-07-01,Eureka,1033,720,99,6,68,139,1,,
2019,2019-07-01,Humboldt,8009,4435,1455,77,424,1582,36,,
2019,2019-07-01,Lander,3048,1812,512,20,150,544,10,,
2019,2019-07-01,Lincoln,2828,1724,565,13,148,364,14,,
2019,2019-07-01,Lyon,36670,18647,7952,475,2395,6949,252,,
2019,2019-07-01,Mineral,2658,1171,848,21,174,435,9,,
2019,2019-07-01,Nye,29723,14391,7280,308,2045,5526,173,,
2019,2019-07-01,Pershing,2575,1410,520,23,129,485,8,,
2019,2019-07-01,Storey,3320,1671,761,51,215,607,15,,
2019,2019-07-01,Washoe,273707,100787,95686,3490,12226,58315,3203,,
2019,2019-07-01,White Pine,4538,2364,1081,33,259,782,19,,
2019,2019-07-01,TOTALS,1564814,524348,595983,15845,69047,346232,13359,,
2019,2019-08-01,Carson City,32673,14518,9759,397,1716,6049,234,,
2019,2019-08-01,Churchill,14159,8258,2552,157,748,2381,63,,
2019,2019-08-01,Clark,1098549,320895,458796,10190,45874,253730,9064,,
2019,2019-08-01,Douglas,36624,19745,8189,432,1756,6341,161,,
2019,2019-08-01,Elko,25472,14118,4186,332,1406,5314,116,,
2019,2019-08-01,Esmeralda,581,334,100,9,49,83,6,,
2019,2019-08-01,Eureka,1044,730,100,6,70,137,1,,
2019,2019-08-01,Humboldt,8109,4470,1475,78,435,1615,36,,
2019,2019-08-01,Lander,3081,1821,520,20,151,558,11,,
2019,2019-08-01,Lincoln,2834,1728,564,13,148,367,14,,
2019,2019-08-01,Lyon,36941,18780,7982,484,2413,7034,248,,
2019,2019-08-01,Mineral,2668,1175,848,21,175,440,9,,
2019,2019-08-01,Nye,29618,14349,7218,313,2033,5533,172,,
2019,2019-08-01,Pershing,2595,1423,521,23,128,493,7,,
2019,2019-08-01,Storey,3353,1691,758,52,214,623,15,,
2019,2019-08-01,Washoe,276402,101505,96675,3539,12390,59087,3206,,
2019,2019-08-01,White Pine,4590,2391,1080,34,264,802,19,,
2019,2019-08-01,TOTALS,1579293,527931,601323,16100,69970,350587,13382,,
2019,2019-09-01,Carson City,32828,14556,9812,396,1738,6090,236,,
2019,2019-09-01,Churchill,14188,8249,2565,156,749,2404,65,,
2019,2019-09-01,Clark,1066450,312118,446205,9761,44603,245105,8658,,
2019,2019-09-01,Douglas,36769,19812,8220,432,1773,6369,163,,
2019,2019-09-01,Elko,25509,14117,4185,334,1417,5339,117,,
2019,2019-09-01,Esmeralda,580,332,100,9,50,83,6,,
2019,2019-09-01,Eureka,1042,730,101,6,69,135,1,,
2019,2019-09-01,Humboldt,8140,4476,1485,80,443,1619,37,,
2019,2019-09-01,Lander,3061,1809,518,18,149,556,11,,
2019,2019-09-01,Lincoln,2795,1703,554,14,144,366,14,,
2019,2019-09-01,Lyon,37134,18894,8002,491,2423,7077,247,,
2019,2019-09-01,Mineral,2649,1168,842,20,175,435,9,,
2019,2019-09-01,Nye,29686,14386,7234,317,2025,5552,172,,
2019,2019-09-01,Pershing,2605,1425,526,22,129,496,7,,
2019,2019-09-01,Storey,3346,1688,755,51,212,625,15,,
2019,2019-09-01,Washoe,277481,101628,97301,3559,12446,59360,3187,,
2019,2019-09-01,White Pine,4602,2408,1073,35,266,802,18,,
2019,2019-09-01,TOTALS,1548865,519499,589478,15701,68811,342413,12963,,
2019,2019-10-01,Carson City,32742,14483,9792,396,1728,6108,235,,
2019,2019-10-01,Churchill,14161,8220,2563,157,750,2407,64,,
2019,2019-10-01,Clark,1078969,314902,452093,9926,45233,248146,8669,,
2019,2019-10-01,Douglas,36988,19900,8264,436,1783,6442,163,,
2019,2019-10-01,Elko,18269,10678,2995,209,890,3434,63,,
2019,2019-10-01,Esmeralda,568,327,98,9,47,81,6,,
2019,2019-10-01,Eureka,1048,736,101,6,69,134,2,,
2019,2019-10-01,Humboldt,8126,4481,1482,79,441,1605,38,,
2019,2019-10-01,Lander,3069,1810,517,18,153,561,10,,
2019,2019-10-01,Lincoln,2805,1715,550,14,145,368,13,,
2019,2019-10-01,Lyon,37274,18978,8018,493,2420,7115,250,,
2019,2019-10-01,Mineral,2659,1176,841,20,177,436,9,,
2019,2019-10-01,Nye,29355,14281,7143,308,1983,5476,164,,
2019,2019-10-01,Pershing,2617,1427,528,22,129,504,7,,
2019,2019-10-01,Storey,3340,1688,756,48,210,623,15,,
2019,2019-10-01,Washoe,278152,101617,97627,3568,12525,59657,3158,,
2019,2019-10-01,White Pine,4622,2424,1071,37,267,805,18,,
2019,2019-10-01,TOTALS,1554764,518843,594439,15746,68950,343902,12884,,
2019,2019-11-01,Carson City,32883,14517,9857,396,1738,6140,235,,
2019,2019-11-01,Churchill,14205,8248,2569,157,755,2413,63,,
2019,2019-11-01,Clark,1086627,316530,455700,10030,45762,249942,8663,,
2019,2019-11-01,Douglas,37092,19953,8279,438,1782,6479,161,,
2019,2019-11-01,Elko,18848,10973,3059,217,931,3601,67,,
2019,2019-11-01,Esmeralda,551,318,95,9,46,77,6,,
2019,2019-11-01,Eureka,1016,725,94,4,65,126,2,,
2019,2019-11-01,Humboldt,6740,3895,1198,57,344,1220,26,,
2019,2019-11-01,Lander,3073,1821,516,18,153,554,11,,
2019,2019-11-01,Lincoln,2799,1710,551,14,145,366,13,,
2019,2019-11-01,Lyon,37446,19056,8052,494,2432,7161,251,,
2019,2019-11-01,Mineral,2669,1177,844,21,181,437,9,,
2019,2019-11-01,Nye,29487,14354,7169,312,1997,5493,162,,
2019,2019-11-01,Pershing,2627,1432,529,22,129,508,7,,
2019,2019-11-01,Storey,3343,1686,758,47,210,627,15,,
2019,2019-11-01,Washoe,279697,102005,98299,3601,12608,60035,3149,,
2019,2019-11-01,White Pine,4630,2433,1074,36,267,802,18,,
2019,2019-11-01,TOTALS,1563733,520833,598643,15873,69545,345981,12858,,
2019,2019-12-01,Carson City,33032,14573,9890,400,1766,6168,235,,
2019,2019-12-01,Churchill,14242,8268,2565,159,755,2429,66,,
2019,2019-12-01,Clark,1094949,318342,459331,10129,46347,252120,8680,,
2019,2019-12-01,Douglas,37246,20022,8313,443,1791,6522,155,,
2019,2019-12-01,Elko,19588,11352,3170,224,977,3797,68,,
2019,2019-12-01,Esmeralda,552,319,95,9,46,77,6,,
2019,2019-12-01,Eureka,1013,724,91,4,65,127,2,,
2019,2019-12-01,Humboldt,6780,3927,1193,57,346,1231,26,,
2019,2019-12-01,Lander,3075,1820,516,18,152,558,11,,
2019,2019-12-01,Lincoln,2804,1715,550,14,145,367,13,,
2019,2019-12-01,Lyon,37573,19119,8065,499,2433,7205,252,,
2019,2019-12-01,Mineral,2676,1183,847,21,180,436,9,,
2019,2019-12-01,Nye,29592,14411,7188,314,2005,5511,163,,
2019,2019-12-01,Pershing,2635,1438,530,22,130,508,7,,
2019,2019-12-01,Storey,3363,1696,761,47,211,633,15,,
2019,2019-12-01,Washoe,280975,102319,98818,3624,12698,60365,3151,,
2019,2019-12-01,White Pine,4645,2441,1076,37,268,805,18,,
2019,2019-12-01,TOTALS,1574740,523669,602999,16021,70315,348859,12877,,
2020,2020-01-01,Carson City,33440,14608,9980,415,1779,6426,232,,
2020,2020-01-01,Churchill,14433,8301,2581,163,775,2545,68,,
2020,2020-01-01,Clark,1115854,321211,465847,10258,47150,262674,8714,,
2020,2020-01-01,Douglas,37597,20112,8402,443,1805,6678,157,,
2020,2020-01-01,Elko,20029,11503,3217,235,1015,3985,74,,
2020,2020-01-01,Esmeralda,551,318,95,9,46,77,6,,
2020,2020-01-01,Eureka,1017,725,88,4,64,134,2,,
2020,2020-01-01,Humboldt,6970,4008,1211,59,359,1306,27,,
2020,2020-01-01,Lander,3090,1821,518,19,151,571,10,,
2020,2020-01-01,Lincoln,2830,1722,549,14,146,386,13,,
2020,2020-01-01,Lyon,38276,19214,8109,505,2444,7753,251,,
2020,2020-01-01,Mineral,2719,1198,848,23,179,462,9,,
2020,2020-01-01,Nye,30122,14587,7249,319,2025,5775,167,,
2020,2020-01-01,Pershing,2672,1452,538,23,128,524,7,,
2020,2020-01-01,Storey,3391,1702,764,48,207,656,14,,
2020,2020-01-01,Washoe,284183,102689,99833,3650,12792,62065,3154,,
2020,2020-01-01,White Pine,4715,2470,1082,37,270,838,18,,
2020,2020-01-01,TOTALS,1601889,527641,610911,16224,71335,362855,12923,,
2020,2020-02-01,Carson City,33861,14649,10203,421,1774,6588,226,,
2020,2020-02-01,Churchill,14685,8360,2666,162,767,2664,66,,
2020,2020-02-01,Clark,1101619,316717,462702,9806,45850,258516,8028,,
2020,2020-02-01,Douglas,37941,20195,8594,437,1798,6761,156,,
2020,2020-02-01,Elko,20555,11735,3311,241,1033,4162,73,,
2020,2020-02-01,Esmeralda,553,318,98,9,45,77,6,,
2020,2020-02-01,Eureka,1026,732,87,4,64,137,2,,
2020,2020-02-01,Humboldt,7170,4120,1226,58,361,1378,27,,
2020,2020-02-01,Lander,3133,1849,529,18,148,579,10,,
2020,2020-02-01,Lincoln,2839,1733,542,13,146,393,12,,
2020,2020-02-01,Lyon,38841,19395,8198,506,2476,8016,250,,
2020,2020-02-01,Mineral,2760,1210,856,23,183,478,10,,
2020,2020-02-01,Nye,30618,14772,7357,318,2041,5969,161,,
2020,2020-02-01,Pershing,2694,1461,542,23,128,533,7,,
2020,2020-02-01,Storey,3423,1705,772,50,207,674,15,,
2020,2020-02-01,Washoe,288060,103203,102588,3633,12848,62655,3133,,
2020,2020-02-01,White Pine,4779,2498,1084,35,271,874,17,,
2020,2020-02-01,TOTALS,1594557,524652,611355,15757,70140,360454,12199,,
2020,2020-03-01,Carson City,34207,14704,10476,419,1763,6625,220,,
2020,2020-03-01,Churchill,14812,8407,2671,160,775,2732,67,,
2020,2020-03-01,Clark,1118491,319430,472202,9841,46362,262646,8010,,
2020,2020-03-01,Douglas,38119,20246,8806,431,1772,6718,146,,
2020,2020-03-01,Elko,20836,11851,3428,242,1042,4201,72,,
2020,2020-03-01,Esmeralda,551,322,93,9,45,76,6,,
2020,2020-03-01,Eureka,1033,729,90,4,65,143,2,,
2020,2020-03-01,Humboldt,7290,4184,1263,59,361,1395,28,,
2020,2020-03-01,Lander,3159,1855,537,18,148,591,10,,
2020,2020-03-01,Lincoln,2842,1729,544,13,146,398,12,,
2020,2020-03-01,Lyon,39079,19435,8346,501,2452,8096,249,,
2020,2020-03-01,Mineral,2775,1211,857,23,181,493,10,,
2020,2020-03-01,Nye,30748,14850,7434,321,2026,5961,156,,
2020,2020-03-01,Pershing,2730,1460,560,24,130,549,7,,
2020,2020-03-01,Storey,3444,1704,790,49,208,679,14,,
2020,2020-03-01,Washoe,289939,103477,104212,3612,12849,62710,3079,,
2020,2020-03-01,White Pine,4817,2525,1085,37,267,885,18,,
2020,2020-03-01,TOTALS,1614872,528119,623394,15763,70592,364898,12106,,
2020,2020-04-01,Carson City,34288,14762,10477,419,1763,6646,221,,
2020,2020-04-01,Churchill,14818,8422,2671,159,772,2726,68,,
2020,2020-04-01,Clark,1124788,321225,474242,9874,46764,264594,8089,,
2020,2020-04-01,Douglas,38226,20449,8820,429,1760,6621,147,,
2020,2020-04-01,Elko,20898,11907,3412,244,1047,4217,71,,
2020,2020-04-01,Esmeralda,547,319,92,9,45,76,6,,
2020,2020-04-01,Eureka,1040,730,91,4,66,148,1,,
2020,2020-04-01,Humboldt,7410,4297,1257,63,366,1398,29,,
2020,2020-04-01,Lander,3166,1861,535,18,151,592,9,,
2020,2020-04-01,Lincoln,2846,1743,539,13,148,391,12,,
2020,2020-04-01,Lyon,38975,19386,8310,504,2446,8081,248,,
2020,2020-04-01,Mineral,2781,1217,856,23,182,492,11,,
2020,2020-04-01,Nye,30817,14926,7421,322,2026,5964,158,,
2020,2020-04-01,Pershing,2734,1468,557,24,131,547,7,,
2020,2020-04-01,Storey,3449,1704,790,49,209,683,14,,
2020,2020-04-01,Washoe,290806,103667,104548,3628,12902,62970,3091,,
2020,2020-04-01,White Pine,4826,2548,1079,36,267,878,18,,
2020,2020-04-01,TOTALS,1622415,530631,625697,15818,71045,367024,12200,,
2020,2020-05-01,Carson City,34353,14820,10477,425,1766,6644,221,,
2020,2020-05-01,Churchill,14890,8475,2683,158,774,2730,70,,
2020,2020-05-01,Clark,1131205,323729,476473,9915,47063,265920,8105,,
2020,2020-05-01,Douglas,38349,20794,8763,424,1725,6502,141,,
2020,2020-05-01,Elko,21168,12069,3442,247,1070,4270,70,,
2020,2020-05-01,Esmeralda,548,324,91,9,43,75,6,,
2020,2020-05-01,Eureka,1042,731,90,4,66,150,1,,
2020,2020-05-01,Humboldt,7502,4385,1256,67,364,1401,29,,
2020,2020-05-01,Lander,3185,1883,537,18,149,589,9,,
2020,2020-05-01,Lincoln,2843,1757,525,12,148,389,12,,
2020,2020-05-01,Lyon,39085,19460,8326,505,2445,8105,244,,
2020,2020-05-01,Mineral,2799,1225,861,23,183,497,10,,
2020,2020-05-01,Nye,30992,15082,7427,319,2030,5976,158,,
2020,2020-05-01,Pershing,2744,1478,557,24,132,546,7,,
2020,2020-05-01,Storey,3419,1691,788,47,203,676,14,,
2020,2020-05-01,Washoe,291430,104011,104691,3639,12918,63083,3088,,
2020,2020-05-01,White Pine,4825,2587,1064,34,262,860,18,,
2020,2020-05-01,TOTALS,1630379,534501,628051,15870,71341,368413,12203,,
2020,2020-06-01,Carson City,34641,14888,10521,441,1778,6793,220,,
2020,2020-06-01,Churchill,15026,8514,2689,163,784,2802,74,,
2020,2020-06-01,Clark,1143974,326483,481276,10060,47784,270202,8169,,
2020,2020-06-01,Douglas,38428,20812,8770,412,1723,6571,140,,
2020,2020-06-01,Elko,21478,12199,3477,252,1083,4395,72,,
2020,2020-06-01,Esmeralda,555,326,91,9,45,78,6,,
2020,2020-06-01,Eureka,1047,737,88,4,66,151,1,,
2020,2020-06-01,Humboldt,7621,4443,1272,69,361,1446,30,,
2020,2020-06-01,Lander,3203,1885,538,19,151,601,9,,
2020,2020-06-01,Lincoln,2859,1777,518,10,149,393,12,,
2020,2020-06-01,Lyon,39393,19557,8341,510,2456,8283,246,,
2020,2020-06-01,Mineral,2840,1225,863,25,183,534,10,,
2020,2020-06-01,Nye,31227,15184,7442,322,2046,6078,155,,
2020,2020-06-01,Pershing,2756,1484,558,24,134,548,8,,
2020,2020-06-01,Storey,3425,1705,779,47,203,677,14,,
2020,2020-06-01,Washoe,267124,96277,96388,3216,11724,56926,2593,,
2020,2020-06-01,White Pine,4860,2612,1062,35,265,868,18,,
2020,2020-06-01,TOTALS,1620457,530108,624673,15618,70935,367346,11777,,
2020,2020-07-01,Carson City,34968,14982,10559,439,1790,6969,229,,
2020,2020-07-01,Churchill,14811,8370,2609,149,763,2848,72,,
2020,2020-07-01,Clark,1157857,330147,483862,10258,48396,276976,8218,,
2020,2020-07-01,Douglas,36019,19628,8158,384,1596,6128,125,,
2020,2020-07-01,Elko,22010,12421,3517,271,1112,4613,76,,
2020,2020-07-01,Esmeralda,563,330,91,9,46,81,6,,
2020,2020-07-01,Eureka,1046,738,86,4,65,152,1,,
2020,2020-07-01,Humboldt,7804,4522,1288,69,368,1526,31,,
2020,2020-07-01,Lander,3231,1901,532,20,153,616,9,,
2020,2020-07-01,Lincoln,2874,1780,516,10,153,402,13,,
2020,2020-07-01,Lyon,37913,18878,7919,496,2317,8073,230,,
2020,2020-07-01,Mineral,2880,1234,864,25,183,564,10,,
2020,2020-07-01,Nye,31333,15208,7416,325,2049,6178,157,,
2020,2020-07-01,Pershing,2785,1500,560,24,133,560,8,,
2020,2020-07-01,Storey,3454,1710,786,47,203,693,15,,
2020,2020-07-01,Washoe,281140,100710,100572,3495,12465,61069,2829,,
2020,2020-07-01,White Pine,4902,2629,1056,39,269,890,19,,
2020,2020-07-01,TOTALS,1645590,536688,630391,16064,72061,378338,12048,,
2020,2020-08-01,Carson City,35588,15188,10686,446,1838,7187,243,,
2020,2020-08-01,Churchill,14699,8290,2551,158,738,2886,76,,
2020,2020-08-01,Clark,1186526,338533,491860,10479,49867,285849,9938,,
2020,2020-08-01,Douglas,36695,19949,8301,391,1643,6262,149,,
2020,2020-08-01,Elko,22851,12877,3566,282,1148,4884,94,,
2020,2020-08-01,Esmeralda,573,339,89,8,45,84,8,,
2020,2020-08-01,Eureka,1057,749,82,4,66,155,1,,
2020,2020-08-01,Humboldt,7989,4640,1284,70,372,1585,38,,
2020,2020-08-01,Lander,3112,1850,495,23,142,588,14,,
2020,2020-08-01,Lincoln,2886,1799,507,11,155,401,13,,
2020,2020-08-01,Lyon,37746,18850,7716,484,2294,8134,268,,
2020,2020-08-01,Mineral,2951,1254,867,26,185,606,13,,
2020,2020-08-01,Nye,31935,15490,7499,326,2081,6354,185,,
2020,2020-08-01,Pershing,2829,1534,558,24,137,568,8,,
2020,2020-08-01,Storey,3500,1729,790,48,210,704,19,,
2020,2020-08-01,Washoe,286529,102393,101763,3565,12799,62918,3091,,
2020,2020-08-01,White Pine,4970,2665,1051,39,274,919,22,,
2020,2020-08-01,TOTALS,1682436,548129,639665,16384,73994,390084,14180,,
2020,2020-09-01,Carson City,36659,15617,10886,458,1912,7495,291,,
2020,2020-09-01,Churchill,15252,8563,2578,164,778,3079,90,,
2020,2020-09-01,Clark,1231351,350859,504100,10937,52389,299943,13123,,
2020,2020-09-01,Douglas,38017,20582,8541,401,1708,6598,187,,
2020,2020-09-01,Elko,23914,13428,3663,302,1188,5205,128,,
2020,2020-09-01,Esmeralda,533,316,78,10,44,77,8,,
2020,2020-09-01,Eureka,1106,775,84,6,69,169,3,,
2020,2020-09-01,Humboldt,8382,4851,1319,80,396,1683,53,,
2020,2020-09-01,Lander,3188,1896,498,24,149,605,16,,
2020,2020-09-01,Lincoln,2962,1860,511,10,156,412,13,,
2020,2020-09-01,Lyon,38907,19447,7845,503,2336,8467,309,,
2020,2020-09-01,Mineral,3019,1285,866,29,191,632,16,,
2020,2020-09-01,Nye,32951,16053,7603,332,2132,6600,231,,
2020,2020-09-01,Pershing,2736,1502,533,24,127,540,10,,
2020,2020-09-01,Storey,3575,1765,801,53,212,719,25,,
2020,2020-09-01,Washoe,294825,104723,103760,3694,13274,65945,3429,,
2020,2020-09-01,White Pine,5100,2743,1058,40,280,956,23,,
2020,2020-09-01,TOTALS,1742477,566265,654724,17067,77341,409125,17955,,
2020,2020-10-01,Carson City,37480,15922,11106,468,1968,7709,307,,
2020,2020-10-01,Churchill,15802,8813,2627,180,810,3266,106,,
2020,2020-10-01,Clark,1291793,369752,524223,11413,56227,316076,14102,,
2020,2020-10-01,Douglas,38917,21026,8701,417,1763,6800,210,,
2020,2020-10-01,Elko,25370,14177,3799,322,1262,5636,174,,
2020,2020-10-01,Esmeralda,562,327,80,10,46,92,7,,
2020,2020-10-01,Eureka,1151,808,81,7,73,177,5,,
2020,2020-10-01,Humboldt,8763,5042,1354,85,416,1806,60,,
2020,2020-10-01,Lander,3319,1985,508,27,157,624,18,,
2020,2020-10-01,Lincoln,3033,1921,509,11,162,416,14,,
2020,2020-10-01,Lyon,40263,20045,8011,523,2407,8926,351,,
2020,2020-10-01,Mineral,3148,1311,901,29,195,693,19,,
2020,2020-10-01,Nye,34052,16501,7748,339,2213,6966,285,,
2020,2020-10-01,Pershing,2843,1560,544,26,130,572,11,,
2020,2020-10-01,Storey,3613,1782,799,54,211,739,28,,
2020,2020-10-01,Washoe,305954,108068,107283,3882,13936,69146,3639,,
2020,2020-10-01,White Pine,5293,2876,1058,40,297,991,31,,
2020,2020-10-01,TOTALS,1821356,591916,679332,17833,82273,430635,19367,,
2020,2020-11-01,Carson City,37665,15968,11137,473,1974,7796,317,,
2020,2020-11-01,Churchill,16139,8995,2648,184,833,3359,120,,
2020,2020-11-01,Clark,1324696,376669,532407,11752,57779,329139,16950,,
2020,2020-11-01,Douglas,39478,21212,8719,427,1792,7050,278,,
2020,2020-11-01,Elko,26722,14891,3942,338,1346,6004,201,,
2020,2020-11-01,Esmeralda,575,340,80,10,47,91,7,,
2020,2020-11-01,Eureka,1167,814,82,7,79,181,4,,
2020,2020-11-01,Humboldt,9146,5232,1402,90,444,1910,68,,
2020,2020-11-01,Lander,3365,2004,512,31,156,643,19,,
2020,2020-11-01,Lincoln,3075,1940,511,11,168,428,17,,
2020,2020-11-01,Lyon,40847,20297,8046,529,2449,9136,390,,
2020,2020-11-01,Mineral,3222,1324,914,30,200,732,22,,
2020,2020-11-01,Nye,34479,16685,7760,346,2242,7126,320,,
2020,2020-11-01,Pershing,2887,1573,548,26,134,594,12,,
2020,2020-11-01,Storey,3665,1814,796,53,217,754,31,,
2020,2020-11-01,Washoe,313037,109615,108464,3990,14239,72124,4605,,
2020,2020-11-01,White Pine,5386,2929,1057,43,307,1016,34,,
2020,2020-11-01,TOTALS,1865551,602302,689025,18340,84406,448083,23395,,
2020,2020-12-01,Carson City,38246,16015,11186,476,2003,8156,410,,
2020,2020-12-01,Churchill,16244,9003,2645,187,835,3442,132,,
2020,2020-12-01,Clark,1284587,365589,512946,11210,55752,319825,19265,,
2020,2020-12-01,Douglas,39627,21205,8711,434,1805,7153,319,,
2020,2020-12-01,Elko,26941,14956,3950,343,1347,6109,236,,
2020,2020-12-01,Esmeralda,577,340,80,10,48,92,7,,
2020,2020-12-01,Eureka,1162,810,82,7,81,178,4,,
2020,2020-12-01,Humboldt,9068,5180,1383,91,434,1904,76,,
2020,2020-12-01,Lander,3338,2013,496,32,155,625,17,,
2020,2020-12-01,Lincoln,3083,1951,504,11,169,431,17,,
2020,2020-12-01,Lyon,41048,20320,8028,532,2457,9281,430,,
2020,2020-12-01,Mineral,3244,1326,915,30,200,748,25,,
2020,2020-12-01,Nye,34160,16483,7622,343,2183,7177,352,,
2020,2020-12-01,Pershing,2914,1580,548,26,134,612,14,,
2020,2020-12-01,Storey,3678,1811,795,55,219,765,33,,
2020,2020-12-01,Washoe,313332,109472,108176,3996,14308,72491,4889,,
2020,2020-12-01,White Pine,5086,2802,989,33,290,938,34,,
2020,2020-12-01,TOTALS,1826335,590856,669056,17816,82420,439927,26260,,
2021,2021-01-01,Carson City,38373,15891,11167,486,2058,8303,468,,
2021,2021-01-01,Churchill,13572,7838,2236,144,680,2554,120,,
2021,2021-01-01,Clark,1258775,354376,499736,10937,55332,315321,23073,,
2021,2021-01-01,Douglas,39360,20905,8594,449,1841,7212,359,,
2021,2021-01-01,Elko,27188,14970,3968,345,1375,6255,275,,
2021,2021-01-01,Esmeralda,575,336,77,10,48,97,7,,
2021,2021-01-01,Eureka,1172,811,82,7,83,184,5,,
2021,2021-01-01,Humboldt,8385,4926,1283,78,398,1622,78,,
2021,2021-01-01,Lander,3345,2008,493,33,154,640,17,,
2021,2021-01-01,Lincoln,3083,1947,497,12,170,438,19,,
2021,2021-01-01,Lyon,41056,20139,7960,530,2482,9461,484,,
2021,2021-01-01,Mineral,3055,1219,858,26,190,738,24,,
2021,2021-01-01,Nye,33583,16083,7413,344,2162,7196,385,,
2021,2021-01-01,Pershing,2908,1570,546,26,137,614,15,,
2021,2021-01-01,Storey,3692,1796,795,57,227,780,37,,
2021,2021-01-01,Washoe,314173,108520,108056,4037,14442,73733,5385,,
2021,2021-01-01,White Pine,5089,2791,988,33,293,945,39,,
2021,2021-01-01,TOTALS,1797384,576126,654749,17554,82072,436093,30790,,
2021,2021-02-01,Carson City,38511,15829,11157,489,2066,8459,511,,
2021,2021-02-01,Churchill,13732,7853,2238,143,696,2662,140,,
2021,2021-02-01,Clark,1266803,353732,500098,11012,55818,320337,25806,,
2021,2021-02-01,Douglas,39407,20830,8550,452,1853,7331,391,,
2021,2021-02-01,Elko,27387,14973,3978,354,1387,6387,308,,
2021,2021-02-01,Esmeralda,553,325,70,10,44,97,7,,
2021,2021-02-01,Eureka,1147,789,81,7,80,183,7,,
2021,2021-02-01,Humboldt,8442,4920,1288,77,401,1673,83,,
2021,2021-02-01,Lander,3361,2012,489,32,158,652,18,,
2021,2021-02-01,Lincoln,3084,1941,497,14,170,440,22,,
2021,2021-02-01,Lyon,41020,19996,7898,526,2491,9597,512,,
2021,2021-02-01,Mineral,2542,1054,742,24,146,556,20,,
2021,2021-02-01,Nye,32781,15666,7099,327,2108,7165,416,,
2021,2021-02-01,Pershing,2918,1560,549,27,137,628,17,,
2021,2021-02-01,Storey,3119,1558,676,50,175,626,34,,
2021,2021-02-01,Washoe,315648,108336,108257,4068,14570,74601,5816,,
2021,2021-02-01,White Pine,5099,2790,982,33,292,963,39,,
2021,2021-02-01,TOTALS,1805554,574164,654649,17645,82592,442357,34147,,
2021,2021-03-01,Carson City,38469,15726,11071,492,2054,8567,559,,
2021,2021-03-01,Churchill,13881,7848,2240,149,701,2786,157,,
2021,2021-03-01,Clark,1270767,351805,497499,11052,55990,325462,28959,,
2021,2021-03-01,Douglas,39400,20739,8491,457,1862,7414,437,,
2021,2021-03-01,Elko,27419,14918,3960,346,1382,6476,337,,
2021,2021-03-01,Esmeralda,549,321,69,10,44,98,7,,
2021,2021-03-01,Eureka,1086,763,77,6,72,161,7,,
2021,2021-03-01,Humboldt,8537,4946,1297,80,405,1720,89,,
2021,2021-03-01,Lander,3370,2012,483,33,156,664,22,,
2021,2021-03-01,Lincoln,3068,1924,488,14,169,449,24,,
2021,2021-03-01,Lyon,40616,19683,7729,522,2449,9682,551,,
2021,2021-03-01,Mineral,2578,1057,742,25,147,587,20,,
2021,2021-03-01,Nye,28200,14006,5931,261,1763,5816,423,,
2021,2021-03-01,Pershing,2870,1532,537,26,131,624,20,,
2021,2021-03-01,Storey,3139,1559,674,48,178,644,36,,
2021,2021-03-01,Washoe,316386,107893,107783,4079,14606,75772,6253,,
2021,2021-03-01,White Pine,4577,2577,870,26,253,813,38,,
2021,2021-03-01,TOTALS,1804912,569309,649941,17626,82362,447735,37939,,
2021,2021-04-01,Carson City,36436,14834,10484,451,1917,8169,581,,
2021,2021-04-01,Churchill,14062,7888,2242,151,705,2889,187,,
2021,2021-04-01,Clark,1281390,351651,497519,11166,56318,332829,31907,,
2021,2021-04-01,Douglas,39457,20680,8463,456,1864,7528,466,,
2021,2021-04-01,Elko,25018,13942,3556,301,1249,5633,337,,
2021,2021-04-01,Esmeralda,556,321,68,10,44,106,7,,
2021,2021-04-01,Eureka,1092,761,75,5,73,171,7,,
2021,2021-04-01,Humboldt,8632,4967,1310,81,413,1765,96,,
2021,2021-04-01,Lander,3380,2010,486,33,158,670,23,,
2021,2021-04-01,Lincoln,2896,1850,433,11,158,416,28,,
2021,2021-04-01,Lyon,40552,19544,7645,518,2428,9819,598,,
2021,2021-04-01,Mineral,2614,1058,742,26,149,617,22,,
2021,2021-04-01,Nye,28413,13984,5896,264,1766,6040,463,,
2021,2021-04-01,Pershing,2894,1533,541,26,131,640,23,,
2021,2021-04-01,Storey,3159,1561,673,51,179,655,40,,
2021,2021-04-01,Washoe,317994,107822,107754,4094,14707,76930,6687,,
2021,2021-04-01,White Pine,4655,2592,871,26,261,864,41,,
2021,2021-04-01,TOTALS,1813200,566998,648758,17670,82520,455741,41513,,
2021,2021-05-01,Carson City,36661,14822,10466,459,1933,8355,626,,
2021,2021-05-01,Churchill,14190,7902,2249,156,704,2983,196,,
2021,2021-05-01,Clark,1291119,351760,497779,11241,56661,339232,34446,,
2021,2021-05-01,Douglas,39589,20641,8471,455,1860,7654,508,,
2021,2021-05-01,Elko,24699,13706,3489,287,1234,5629,354,,
2021,2021-05-01,Esmeralda,566,321,65,10,45,118,7,,
2021,2021-05-01,Eureka,1099,763,75,5,75,173,8,,
2021,2021-05-01,Humboldt,8693,4982,1318,82,416,1797,98,,
2021,2021-05-01,Lander,3383,2005,487,34,157,677,23,,
2021,2021-05-01,Lincoln,2615,1699,387,9,131,360,29,,
2021,2021-05-01,Lyon,40372,19387,7535,513,2398,9904,635,,
2021,2021-05-01,Mineral,2649,1060,741,26,148,648,26,,
2021,2021-05-01,Nye,28801,14069,5915,271,1778,6264,504,,
2021,2021-05-01,Pershing,2927,1548,539,26,132,658,24,,
2021,2021-05-01,Storey,3186,1562,672,52,180,673,47,,
2021,2021-05-01,Washoe,319162,107693,107599,4110,14750,77858,7152,,
2021,2021-05-01,White Pine,4707,2603,875,28,262,893,46,,
2021,2021-05-01,TOTALS,1824418,566523,648662,17764,82864,463876,44729,,
2021,2021-06-01,Carson City,36878,14806,10479,458,1933,8538,664,,
2021,2021-06-01,Churchill,14369,7945,2248,159,710,3097,210,,
2021,2021-06-01,Clark,1302135,352178,498369,11314,57044,346240,36990,,
2021,2021-06-01,Douglas,39772,20659,8485,457,1865,7762,544,,
2021,2021-06-01,Elko,24998,13753,3501,287,1250,5815,392,,
2021,2021-06-01,Esmeralda,576,323,66,10,45,125,7,,
2021,2021-06-01,Eureka,1107,762,75,5,76,181,8,,
2021,2021-06-01,Humboldt,8781,5000,1323,84,421,1846,107,,
2021,2021-06-01,Lander,3397,2007,487,34,155,686,28,,
2021,2021-06-01,Lincoln,2635,1707,389,9,131,367,32,,
2021,2021-06-01,Lyon,39992,19123,7404,511,2360,9925,669,,
2021,2021-06-01,Mineral,2691,1069,741,27,148,680,26,,
2021,2021-06-01,Nye,29225,14153,5928,276,1791,6532,545,,
2021,2021-06-01,Pershing,2949,1552,539,26,136,672,24,,
2021,2021-06-01,Storey,3218,1565,675,54,182,695,47,,
2021,2021-06-01,Washoe,320537,107705,107515,4126,14812,78846,7533,,
2021,2021-06-01,White Pine,4757,2609,877,28,264,930,49,,
2021,2021-06-01,TOTALS,1838017,566916,649101,17865,83323,472937,47875,,
2021,2021-07-01,Carson City,37240,14840,10503,462,1942,8775,718,,
2021,2021-07-01,Churchill,14549,7966,2252,165,713,3233,220,,
2021,2021-07-01,Clark,1314738,352628,499089,11381,57404,354469,39767,,
2021,2021-07-01,Douglas,39958,20677,8473,462,1879,7876,591,,
2021,2021-07-01,Elko,25360,13827,3507,290,1258,6050,428,,
2021,2021-07-01,Esmeralda,581,323,66,10,45,130,7,,
2021,2021-07-01,Eureka,1114,760,75,5,75,190,9,,
2021,2021-07-01,Humboldt,8870,5017,1327,86,427,1895,118,,
2021,2021-07-01,Lander,3420,2018,484,34,156,697,31,,
2021,2021-07-01,Lincoln,2661,1717,383,9,131,384,37,,
2021,2021-07-01,Lyon,40342,19171,7380,519,2363,10185,724,,
2021,2021-07-01,Mineral,2725,1073,741,27,149,707,28,,
2021,2021-07-01,Nye,29688,14259,5944,280,1804,6806,595,,
2021,2021-07-01,Pershing,2978,1556,541,26,138,692,25,,
2021,2021-07-01,Storey,3249,1577,674,55,187,709,47,,
2021,2021-07-01,Washoe,322592,107776,107474,4156,14892,80231,8063,,
2021,2021-07-01,White Pine,4803,2611,879,30,265,964,54,,
2021,2021-07-01,TOTALS,1854868,567796,649792,17997,83828,483993,51462,,
2021,2021-08-01,Carson City,37523,14865,10518,466,1948,9000,726,,
2021,2021-08-01,Churchill,14685,7978,2250,166,721,3330,240,,
2021,2021-08-01,Clark,1326100,352892,499691,11458,57741,362242,42076,,
2021,2021-08-01,Douglas,40162,20680,8467,469,1878,8021,647,,
2021,2021-08-01,Elko,25693,13936,3539,292,1262,6230,434,,
2021,2021-08-01,Esmeralda,587,322,65,11,43,139,7,,
2021,2021-08-01,Eureka,1102,746,73,5,74,196,8,,
2021,2021-08-01,Humboldt,8938,5032,1334,84,435,1927,126,,
2021,2021-08-01,Lander,3437,2020,488,33,155,706,35,,
2021,2021-08-01,Lincoln,2672,1718,379,10,131,393,41,,
2021,2021-08-01,Lyon,40637,19220,7374,521,2375,10395,752,,
2021,2021-08-01,Mineral,2768,1075,739,27,149,748,30,,
2021,2021-08-01,Nye,29911,14218,5908,289,1806,7059,631,,
2021,2021-08-01,Pershing,2983,1561,539,27,137,693,26,,
2021,2021-08-01,Storey,3277,1586,673,54,188,730,46,,
2021,2021-08-01,Washoe,323947,107687,107279,4186,14945,81369,8481,,
2021,2021-08-01,White Pine,5185,2743,935,36,284,1128,59,,
2021,2021-08-01,TOTALS,1869607,568279,650251,18134,84272,494306,54365,,
2021,2021-09-01,Carson City,37732,14860,10513,461,1962,9205,731,,
2021,2021-09-01,Churchill,14850,8019,2253,167,729,3431,251,,
2021,2021-09-01,Clark,1271850,335362,476022,10703,55092,351533,43138,,
2021,2021-09-01,Douglas,40202,20644,8433,466,1870,8124,665,,
2021,2021-09-01,Elko,25969,14030,3547,298,1268,6396,430,,
2021,2021-09-01,Esmeralda,598,326,65,11,44,146,6,,
2021,2021-09-01,Eureka,1105,750,73,5,73,197,7,,
2021,2021-09-01,Humboldt,9028,5058,1336,85,436,1978,135,,
2021,2021-09-01,Lander,3442,2013,487,33,151,724,34,,
2021,2021-09-01,Lincoln,2659,1709,378,10,125,395,42,,
2021,2021-09-01,Lyon,40877,19216,7344,522,2376,10629,790,,
2021,2021-09-01,Mineral,2792,1077,738,26,150,770,31,,
2021,2021-09-01,Nye,30280,14303,5925,291,1821,7279,661,,
2021,2021-09-01,Pershing,2994,1557,537,28,138,707,27,,
2021,2021-09-01,Storey,3292,1590,673,55,187,738,49,,
2021,2021-09-01,Washoe,313015,103708,103262,3956,14383,79062,8644,,
2021,2021-09-01,White Pine,5286,2781,936,39,290,1176,64,,
2021,2021-09-01,TOTALS,1805971,547003,622522,17156,81095,482490,55705,,
2021,2021-10-01,Carson City,37977,14883,10511,467,1976,9400,740,,
2021,2021-10-01,Churchill,14979,8063,2250,167,722,3521,256,,
2021,2021-10-01,Clark,1284482,336493,477831,10791,55617,358890,44860,,
2021,2021-10-01,Douglas,40111,20566,8364,461,1855,8181,684,,
2021,2021-10-01,Elko,26221,14114,3568,300,1282,6534,423,,
2021,2021-10-01,Esmeralda,604,327,65,11,45,149,7,,
2021,2021-10-01,Eureka,1114,749,74,5,72,206,8,,
2021,2021-10-01,Humboldt,9090,5077,1338,85,438,2015,137,,
2021,2021-10-01,Lander,3426,1997,478,37,150,729,35,,
2021,2021-10-01,Lincoln,2681,1718,375,10,128,406,44,,
2021,2021-10-01,Lyon,41168,19244,7307,526,2396,10862,833,,
2021,2021-10-01,Mineral,2813,1082,738,26,150,785,32,,
2021,2021-10-01,Nye,30652,14352,5932,292,1838,7545,693,,
2021,2021-10-01,Pershing,3011,1563,536,29,139,718,26,,
2021,2021-10-01,Storey,3301,1579,672,56,190,750,54,,
2021,2021-10-01,Washoe,315458,104044,103561,3974,14517,80423,8939,,
2021,2021-10-01,White Pine,5069,2666,901,32,274,1133,63,,
2021,2021-10-01,TOTALS,1822157,548517,624501,17269,81789,492247,57834,,
2021,2021-11-01,Carson City,38099,14910,10496,471,1978,9510,734,,
2021,2021-11-01,Churchill,15079,8079,2241,169,727,3604,259,,
2021,2021-11-01,Clark,1294532,337770,479196,10867,56145,365886,44668,,
2021,2021-11-01,Douglas,40109,20534,8337,462,1838,8260,678,,
2021,2021-11-01,Elko,26454,14192,3559,305,1300,6684,414,,
2021,2021-11-01,Esmeralda,605,328,65,11,45,149,7,,
2021,2021-11-01,Eureka,1124,755,74,5,73,209,8,,
2021,2021-11-01,Humboldt,9132,5073,1333,86,438,2067,135,,
2021,2021-11-01,Lander,3434,2002,469,37,149,743,34,,
2021,2021-11-01,Lincoln,2701,1728,376,10,126,418,43,,
2021,2021-11-01,Lyon,41330,19260,7280,522,2398,11049,821,,
2021,2021-11-01,Mineral,2838,1092,731,26,156,803,30,,
2021,2021-11-01,Nye,30355,14144,5832,286,1802,7626,665,,
2021,2021-11-01,Pershing,3019,1566,532,29,137,729,26,,
2021,2021-11-01,Storey,3312,1577,668,57,188,767,55,,
2021,2021-11-01,Washoe,317426,104449,103767,4016,14642,81699,8853,,
2021,2021-11-01,White Pine,5102,2676,896,33,276,1159,62,,
2021,2021-11-01,TOTALS,1834651,550135,625852,17392,82418,501362,57492,,
2021,2021-12-01,Carson City,38239,14909,10471,473,1983,9676,727,,
2021,2021-12-01,Churchill,15215,8133,2240,170,738,3696,238,,
2021,2021-12-01,Clark,1305652,339360,480696,10960,56605,373824,44207,,
2021,2021-12-01,Douglas,40256,20570,8325,468,1839,8384,670,,
2021,2021-12-01,Elko,26709,14267,3577,308,1316,6832,409,,
2021,2021-12-01,Esmeralda,607,328,66,11,45,150,7,,
2021,2021-12-01,Eureka,1122,753,74,6,71,211,7,,
2021,2021-12-01,Humboldt,9193,5096,1341,88,439,2095,134,,
2021,2021-12-01,Lander,3452,2008,463,37,150,761,33,,
2021,2021-12-01,Lincoln,2706,1728,375,10,126,424,43,,
2021,2021-12-01,Lyon,41639,19329,7266,531,2406,11302,805,,
2021,2021-12-01,Mineral,2864,1097,728,26,157,826,30,,
2021,2021-12-01,Nye,30801,14289,5876,288,1816,7931,601,,
2021,2021-12-01,Pershing,3029,1563,530,29,136,745,26,,
2021,2021-12-01,Storey,3334,1581,670,55,191,781,56,,
2021,2021-12-01,Washoe,319045,104738,103876,4015,14758,82925,8733,,
2021,2021-12-01,White Pine,5106,2679,892,34,278,1166,57,,
2021,2021-12-01,TOTALS,1848969,552428,627466,17509,83054,511729,56783,,
2022,2022-01-01,Carson City,38398,14922,10475,470,1978,9846,707,,
2022,2022-01-01,Churchill,15311,8136,2231,173,742,3793,236,,
2022,2022-01-01,Clark,1313535,340356,481308,11026,56922,380280,43643,,
2022,2022-01-01,Douglas,40546,20687,8347,471,1860,8554,627,,
2022,2022-01-01,Elko,26938,14360,3584,315,1314,6962,403,,
2022,2022-01-01,Esmeralda,610,326,66,12,45,153,8,,
2022,2022-01-01,Eureka,1111,740,75,6,69,214,7,,
2022,2022-01-01,Humboldt,9260,5115,1344,86,446,2136,133,,
2022,2022-01-01,Lander,3464,2012,461,37,155,767,32,,
2022,2022-01-01,Lincoln,2722,1736,375,10,129,430,42,,
2022,2022-01-01,Lyon,41870,19371,7240,536,2407,11524,792,,
2022,2022-01-01,Mineral,2891,1102,725,26,158,851,29,,
2022,2022-01-01,Nye,31117,14361,5877,293,1835,8171,580,,
2022,2022-01-01,Pershing,3031,1560,528,27,137,754,25,,
2022,2022-01-01,Storey,3350,1596,666,55,188,791,54,,
2022,2022-01-01,Washoe,306551,101291,99950,3777,14149,79688,7696,,
2022,2022-01-01,White Pine,5158,2689,893,36,280,1206,54,,
2022,2022-01-01,TOTALS,1845863,550360,624145,17356,82814,516120,55068,,
2022,2022-02-01,Carson City,38542,14929,10466,474,1975,10021,677,,
2022,2022-02-01,Churchill,15160,8048,2196,168,734,3786,228,,
2022,2022-02-01,Clark,1322871,341563,482147,11096,57298,387378,43389,,
2022,2022-02-01,Douglas,40732,20712,8352,472,1865,8717,614,,
2022,2022-02-01,Elko,27021,14359,3568,319,1313,7081,381,,
2022,2022-02-01,Esmeralda,610,328,64,12,46,152,8,,
2022,2022-02-01,Eureka,1115,737,75,6,69,221,7,,
2022,2022-02-01,Humboldt,9274,5117,1340,86,442,2157,132,,
2022,2022-02-01,Lander,3465,2009,458,37,152,777,32,,
2022,2022-02-01,Lincoln,2710,1731,372,11,129,426,41,,
2022,2022-02-01,Lyon,42064,19386,7211,549,2418,11712,788,,
2022,2022-02-01,Mineral,2917,1109,725,26,159,870,28,,
2022,2022-02-01,Nye,31223,14317,5849,296,1825,8364,572,,
2022,2022-02-01,Pershing,3038,1567,529,26,135,757,24,,
2022,2022-02-01,Storey,3371,1611,662,55,188,803,52,,
2022,2022-02-01,Washoe,308306,101595,100095,3793,14239,80984,7600,,
2022,2022-02-01,White Pine,5170,2698,892,35,283,1210,52,,
2022,2022-02-01,TOTALS,1857589,551816,625001,17461,83270,525416,54625,,
2022,2022-03-01,Carson City,38779,14978,10456,482,1981,10213,669,,
2022,2022-03-01,Churchill,15170,8027,2162,164,731,3861,225,,
2022,2022-03-01,Clark,1251508,323738,453996,10191,53643,370002,39938,,
2022,2022-03-01,Douglas,40673,20659,8341,470,1865,8728,610,,
2022,2022-03-01,Elko,25701,13676,3356,301,1230,6783,355,,
2022,2022-03-01,Esmeralda,616,328,62,12,46,160,8,,
2022,2022-03-01,Eureka,1113,739,74,6,68,218,8,,
2022,2022-03-01,Humboldt,9268,5111,1322,86,439,2178,132,,
2022,2022-03-01,Lander,3473,2020,452,35,156,778,32,,
2022,2022-03-01,Lincoln,2722,1737,369,11,131,433,41,,
2022,2022-03-01,Lyon,42213,19353,7170,551,2403,11955,781,,
2022,2022-03-01,Mineral,2955,1111,724,27,159,907,27,,
2022,2022-03-01,Nye,30852,14103,5727,286,1789,8399,548,,
2022,2022-03-01,Pershing,3052,1574,530,27,137,762,22,,
2022,2022-03-01,Storey,3401,1637,656,54,189,814,51,,
2022,2022-03-01,Washoe,309352,101727,100013,3785,14274,82037,7516,,
2022,2022-03-01,White Pine,5195,2694,882,34,286,1249,50,,
2022,2022-03-01,TOTALS,1786043,533212,596292,16522,79527,509477,51013,,
2022,2022-04-01,Carson City,39027,15012,10478,485,1989,10397,666,,
2022,2022-04-01,Churchill,15291,8070,2156,167,734,3939,225,,
2022,2022-04-01,Clark,1267430,326653,457366,10315,54317,378911,39868,,
2022,2022-04-01,Douglas,41061,20867,8319,466,1867,8944,598,,
2022,2022-04-01,Elko,26019,13801,3368,304,1230,6962,354,,
2022,2022-04-01,Esmeralda,615,328,61,13,46,159,8,,
2022,2022-04-01,Eureka,1122,742,74,6,68,222,10,,
2022,2022-04-01,Humboldt,9370,5158,1323,89,438,2225,137,,
2022,2022-04-01,Lander,3522,2107,422,35,144,782,32,,
2022,2022-04-01,Lincoln,2738,1751,362,12,131,441,41,,
2022,2022-04-01,Lyon,42555,19435,7145,552,2411,12233,779,,
2022,2022-04-01,Mineral,2973,1120,723,27,157,919,27,,
2022,2022-04-01,Nye,30937,14156,5667,285,1752,8534,543,,
2022,2022-04-01,Pershing,3075,1589,529,27,135,773,22,,
2022,2022-04-01,Storey,3426,1655,657,55,187,822,50,,
2022,2022-04-01,Washoe,311265,102275,100192,3789,14318,83234,7457,,
2022,2022-04-01,White Pine,5229,2705,879,35,285,1275,50,,
2022,2022-04-01,TOTALS,1805655,537424,599721,16662,80209,520772,50867,,
2022,2022-05-01,Carson City,39153,15147,10479,483,1975,10413,656,,
2022,2022-05-01,Churchill,15469,8157,2161,169,735,4024,223,,
2022,2022-05-01,Clark,1279597,331433,460709,10325,54397,383150,39583,,
2022,2022-05-01,Douglas,41471,21248,8361,465,1863,8950,584,,
2022,2022-05-01,Elko,26231,13879,3364,306,1233,7096,353,,
2022,2022-05-01,Esmeralda,621,335,62,13,44,159,8,,
2022,2022-05-01,Eureka,1139,753,73,7,68,228,10,,
2022,2022-05-01,Humboldt,9474,5231,1325,89,435,2260,134,,
2022,2022-05-01,Lander,3559,2151,413,35,151,779,30,,
2022,2022-05-01,Lincoln,2768,1785,349,13,132,449,40,,
2022,2022-05-01,Lyon,42977,19631,7167,547,2409,12453,770,,
2022,2022-05-01,Mineral,2997,1133,719,27,158,933,27,,
2022,2022-05-01,Nye,31499,14437,5699,289,1761,8774,539,,
2022,2022-05-01,Pershing,3086,1606,522,27,129,780,22,,
2022,2022-05-01,Storey,3459,1692,655,53,184,827,48,,
2022,2022-05-01,Washoe,312307,103066,100380,3783,14234,83468,7376,,
2022,2022-05-01,White Pine,5251,2722,870,35,287,1286,51,,
2022,2022-05-01,TOTALS,1821058,544406,603308,16666,80195,526029,50454,,
2022,2022-06-01,Carson City,39315,15295,10477,476,1938,10498,631,,
2022,2022-06-01,Churchill,15645,8339,2164,168,721,4037,216,,
2022,2022-06-01,Clark,1291446,340332,464828,10258,53860,383894,38274,,
2022,2022-06-01,Douglas,41453,21415,8331,458,1818,8885,546,,
2022,2022-06-01,Elko,26616,14089,3381,307,1240,7253,346,,
2022,2022-06-01,Esmeralda,622,356,59,13,41,145,8,,
2022,2022-06-01,Eureka,1154,764,73,7,68,232,10,,
2022,2022-06-01,Humboldt,9602,5316,1321,90,435,2313,127,,
2022,2022-06-01,Lander,3585,2177,409,35,151,784,29,,
2022,2022-06-01,Lincoln,2797,1828,337,12,131,455,34,,
2022,2022-06-01,Lyon,43299,19882,7147,548,2383,12583,756,,
2022,2022-06-01,Mineral,3034,1162,719,27,158,943,25,,
2022,2022-06-01,Nye,32140,14826,5752,292,1754,8990,526,,
2022,2022-06-01,Pershing,3109,1620,524,28,127,791,19,,
2022,2022-06-01,Storey,3491,1757,651,54,178,809,42,,
2022,2022-06-01,Washoe,315376,104626,100870,3781,14137,84782,7180,,
2022,2022-06-01,White Pine,5279,2760,852,35,289,1293,50,,
2022,2022-06-01,TOTALS,1837963,556544,607895,16589,79429,528687,48819,,
2022,2022-07-01,Carson City,39466,15310,10452,477,1937,10664,626,,
2022,2022-07-01,Churchill,15502,8261,2128,170,705,4026,212,,
2022,2022-07-01,Clark,1296393,338572,463293,10218,54033,392989,37288,,
2022,2022-07-01,Douglas,39422,20517,7838,420,1693,8450,504,,
2022,2022-07-01,Elko,26898,14176,3397,311,1259,7411,344,,
2022,2022-07-01,Esmeralda,629,360,60,13,42,146,8,,
2022,2022-07-01,Eureka,1158,760,72,7,68,241,10,,
2022,2022-07-01,Humboldt,9689,5351,1318,91,437,2366,126,,
2022,2022-07-01,Lander,3544,2157,407,34,146,772,28,,
2022,2022-07-01,Lincoln,2804,1837,332,13,133,457,32,,
2022,2022-07-01,Lyon,43322,19860,7102,541,2371,12709,739,,
2022,2022-07-01,Mineral,3052,1171,721,28,160,947,25,,
2022,2022-07-01,Nye,32562,14956,5779,299,1774,9226,528,,
2022,2022-07-01,Pershing,3131,1629,526,27,130,800,19,,
2022,2022-07-01,Storey,3521,1761,652,55,177,834,42,,
2022,2022-07-01,Washoe,292680,98478,93646,3385,13000,77650,6521,,
2022,2022-07-01,White Pine,5113,2686,819,32,276,1253,47,,
2022,2022-07-01,TOTALS,1818886,547842,598542,16121,78341,530941,47099,,
2022,2022-08-01,Carson City,36523,14269,9784,434,1782,9678,534,39.0,3.0
2022,2022-08-01,Churchill,14980,8039,2060,155,688,3843,183,12.0,0.0
2022,2022-08-01,Clark,1267154,332501,453868,9895,52851,382222,34779,1038.0,0.0
2022,2022-08-01,Douglas,39513,20542,7853,421,1720,8481,458,30.0,8.0
2022,2022-08-01,Elko,26972,14206,3398,318,1259,7446,329,13.0,3.0
2022,2022-08-01,Esmeralda,618,358,60,12,37,142,4,3.0,2.0
2022,2022-08-01,Eureka,1154,758,71,7,69,239,10,0.0,0.0
2022,2022-08-01,Humboldt,9616,5310,1307,91,434,2352,118,4.0,0.0
2022,2022-08-01,Lander,3444,2096,395,32,143,751,26,1.0,0.0
2022,2022-08-01,Lincoln,2794,1839,324,13,133,454,28,3.0,0.0
2022,2022-08-01,Lyon,41751,19208,6872,513,2275,12176,663,36.0,8.0
2022,2022-08-01,Mineral,3020,1163,711,27,160,934,22,2.0,1.0
2022,2022-08-01,Nye,32583,14981,5780,301,1783,9210,503,23.0,2.0
2022,2022-08-01,Pershing,3120,1631,522,27,131,791,16,1.0,1.0
2022,2022-08-01,Storey,3489,1747,645,56,177,823,38,3.0,0.0
2022,2022-08-01,Washoe,287678,96761,92015,3320,12807,76373,5919,444.0,39.0
2022,2022-08-01,White Pine,5075,2668,810,33,273,1245,44,2.0,0.0
2022,2022-08-01,TOTALS,1779484,538077,586475,15655,76722,517160,43674,1654.0,67.0
2022,2022-09-01,Carson City,36837,14355,9821,441,1792,9853,575,,
2022,2022-09-01,Churchill,15150,8100,2069,156,692,3941,192,,
2022,2022-09-01,Clark,1286142,335180,458940,10024,53629,392670,35699,,
2022,2022-09-01,Douglas,39826,20653,7887,429,1732,8632,493,,
2022,2022-09-01,Elko,27298,14322,3410,319,1273,7625,349,,
2022,2022-09-01,Esmeralda,619,359,61,12,34,144,9,,
2022,2022-09-01,Eureka,1164,760,71,6,70,247,10,,
2022,2022-09-01,Humboldt,9679,5336,1303,91,432,2395,122,,
2022,2022-09-01,Lander,3456,2114,390,33,142,750,27,,
2022,2022-09-01,Lincoln,2815,1858,323,13,133,457,31,,
2022,2022-09-01,Lyon,42054,19260,6875,520,2288,12414,697,,
2022,2022-09-01,Mineral,3039,1168,708,28,159,953,23,,
2022,2022-09-01,Nye,33019,15089,5818,306,1803,9475,528,,
2022,2022-09-01,Pershing,3142,1643,521,27,132,801,18,,
2022,2022-09-01,Storey,3486,1738,637,55,176,840,40,,
2022,2022-09-01,Washoe,292812,98136,93256,3404,13138,78444,6434,,
2022,2022-09-01,White Pine,5112,2690,813,33,279,1252,45,,
2022,2022-09-01,TOTALS,1805650,542761,592903,15897,77904,530893,45292,,
2022,2022-10-01,Carson City,37442,14545,9957,451,1817,10097,575,,
2022,2022-10-01,Churchill,15546,8226,2115,161,705,4142,197,,
2022,2022-10-01,Clark,1318389,341165,467644,10245,54749,409110,35476,,
2022,2022-10-01,Douglas,40493,20945,8006,442,1761,8849,490,,
2022,2022-10-01,Elko,27900,14540,3445,322,1299,7947,347,,
2022,2022-10-01,Esmeralda,624,361,63,12,34,145,9,,
2022,2022-10-01,Eureka,1177,768,70,6,71,252,10,,
2022,2022-10-01,Humboldt,9852,5390,1323,91,440,2487,121,,
2022,2022-10-01,Lander,3551,2159,406,33,147,778,28,,
2022,2022-10-01,Lincoln,2855,1886,324,14,134,466,31,,
2022,2022-10-01,Lyon,43017,19562,6943,531,2320,12970,691,,
2022,2022-10-01,Mineral,3104,1185,710,27,162,995,25,,
2022,2022-10-01,Nye,33912,15365,5918,317,1852,9929,531,,
2022,2022-10-01,Pershing,3196,1651,525,27,135,839,19,,
2022,2022-10-01,Storey,3546,1763,643,56,179,865,40,,
2022,2022-10-01,Washoe,304147,100949,96628,3561,13752,82657,6600,,
2022,2022-10-01,White Pine,5229,2740,820,34,287,1302,46,,
2022,2022-10-01,TOTALS,1853980,553200,605540,16330,79844,553830,45236,,
2022,2022-11-01,Carson City,38065,14712,10036,461,1849,10436,571,,
2022,2022-11-01,Churchill,15881,8416,2145,169,721,4236,194,,
2022,2022-11-01,Clark,1350860,349782,476382,10519,56608,422456,35113,,
2022,2022-11-01,Douglas,40662,21018,7995,446,1777,8936,490,,
2022,2022-11-01,Elko,28481,14754,3540,330,1333,8177,347,,
2022,2022-11-01,Esmeralda,623,359,62,12,34,147,9,,
2022,2022-11-01,Eureka,1180,771,69,6,72,253,9,,
2022,2022-11-01,Humboldt,9968,5437,1349,89,452,2519,122,,
2022,2022-11-01,Lander,3582,2170,410,34,152,788,28,,
2022,2022-11-01,Lincoln,2891,1897,328,14,138,484,30,,
2022,2022-11-01,Lyon,43331,19728,6943,540,2329,13111,680,,
2022,2022-11-01,Mineral,3126,1199,713,27,162,999,26,,
2022,2022-11-01,Nye,34264,15493,5943,322,1868,10114,524,,
2022,2022-11-01,Pershing,3203,1649,534,27,134,842,17,,
2022,2022-11-01,Storey,3576,1775,647,57,176,881,40,,
2022,2022-11-01,Washoe,312113,103168,98924,3663,14126,85611,6621,,
2022,2022-11-01,White Pine,5320,2793,821,35,295,1332,44,,
2022,2022-11-01,TOTALS,1897126,565121,616841,16751,82226,571322,44865,,
2022,2022-12-01,Carson City,38245,14697,10040,467,1865,10605,571,,
2022,2022-12-01,Churchill,15870,8385,2132,167,726,4268,192,,
2022,2022-12-01,Clark,1358534,350147,476945,10573,57124,428770,34975,,
2022,2022-12-01,Douglas,40952,21050,8007,445,1799,9163,488,,
2022,2022-12-01,Elko,28726,14847,3551,335,1351,8294,348,,
2022,2022-12-01,Esmeralda,619,356,62,12,34,146,9,,
2022,2022-12-01,Eureka,1177,767,67,6,71,257,9,,
2022,2022-12-01,Humboldt,9794,5353,1326,86,436,2474,119,,
2022,2022-12-01,Lander,3593,2172,408,34,151,800,28,,
2022,2022-12-01,Lincoln,2904,1899,328,14,140,493,30,,
2022,2022-12-01,Lyon,43461,19685,6907,535,2329,13326,679,,
2022,2022-12-01,Mineral,3150,1203,717,28,161,1016,25,,
2022,2022-12-01,Nye,34176,15439,5896,312,1860,10158,511,,
2022,2022-12-01,Pershing,3141,1614,527,26,134,824,16,,
2022,2022-12-01,Storey,3590,1785,637,58,177,893,40,,
2022,2022-12-01,Washoe,313039,103371,99111,3668,14249,86032,6608,,
2022,2022-12-01,White Pine,5253,2755,812,35,291,1317,43,,
2022,2022-12-01,TOTALS,1906224,565525,617473,16801,82898,578836,44691,,
2023,2023-01-01,Carson City,37001,14288,9761,444,1798,10172,538,,
2023,2023-01-01,Churchill,15672,8249,2101,165,710,4264,183,,
2023,2023-01-01,Clark,1317645,341530,461862,10141,55463,415404,33245,,
2023,2023-01-01,Douglas,41170,21083,8012,450,1811,9329,485,,
2023,2023-01-01,Elko,28894,14894,3554,342,1353,8405,346,,
2023,2023-01-01,Esmeralda,617,355,62,13,33,145,9,,
2023,2023-01-01,Eureka,1182,768,68,5,71,261,9,,
2023,2023-01-01,Humboldt,9826,5352,1327,86,431,2511,119,,
2023,2023-01-01,Lander,3599,2171,409,35,150,806,28,,
2023,2023-01-01,Lincoln,2913,1900,326,14,140,503,30,,
2023,2023-01-01,Lyon,43577,19673,6902,538,2325,13457,682,,
2023,2023-01-01,Mineral,3161,1199,713,28,159,1037,25,,
2023,2023-01-01,Nye,34420,15468,5900,317,1888,10339,508,,
2023,2023-01-01,Pershing,3027,1574,508,25,131,773,16,,
2023,2023-01-01,Storey,3606,1782,642,58,181,903,40,,
2023,2023-01-01,Washoe,300317,99518,95123,3488,13665,82334,6189,,
2023,2023-01-01,White Pine,5265,2767,799,36,290,1330,43,,
2023,2023-01-01,TOTALS,1851892,552571,598069,16185,80599,561973,42495,,
2023,2023-02-01,Carson City,37359,14322,9767,450,1832,10450,538,,
2023,2023-02-01,Churchill,15786,8264,2100,166,722,4351,183,,
2023,2023-02-01,Clark,1327240,342441,463179,10216,55924,422250,33230,,
2023,2023-02-01,Douglas,41328,21081,8014,453,1827,9470,483,,
2023,2023-02-01,Elko,29090,14942,3566,346,1366,8524,346,,
2023,2023-02-01,Esmeralda,617,354,62,13,34,145,9,,
2023,2023-02-01,Eureka,1190,770,69,5,70,267,9,,
2023,2023-02-01,Humboldt,9863,5353,1327,84,432,2549,118,,
2023,2023-02-01,Lander,3604,2177,406,35,149,808,29,,
2023,2023-02-01,Lincoln,2911,1897,325,14,140,505,30,,
2023,2023-02-01,Lyon,43499,19608,6846,544,2323,13498,680,,
2023,2023-02-01,Mineral,3183,1199,715,28,160,1056,25,,
2023,2023-02-01,Nye,34690,15518,5918,318,1910,10515,511,,
2023,2023-02-01,Pershing,3051,1584,508,26,131,786,16,,
2023,2023-02-01,Storey,3614,1776,641,58,184,915,40,,
2023,2023-02-01,Washoe,301039,99538,95082,3496,13727,83011,6185,,
2023,2023-02-01,White Pine,5296,2774,797,36,292,1354,43,,
2023,2023-02-01,TOTALS,1863360,553598,599322,16288,81223,570454,42475,,
2023,2023-03-01,Carson City,37560,14327,9760,455,1842,10640,536,,
2023,2023-03-01,Churchill,15953,8292,2110,169,730,4471,181,,
2023,2023-03-01,Clark,1339048,343595,464868,10286,56422,430628,33249,,
2023,2023-03-01,Douglas,41432,21078,8009,456,1846,9567,476,,
2023,2023-03-01,Elko,29170,14967,3555,348,1369,8590,341,,
2023,2023-03-01,Esmeralda,621,358,62,14,33,145,9,,
2023,2023-03-01,Eureka,1170,759,68,6,70,259,8,,
2023,2023-03-01,Humboldt,9943,5386,1329,87,433,2591,117,,
2023,2023-03-01,Lander,3622,2177,405,34,148,829,29,,
2023,2023-03-01,Lincoln,2925,1895,326,14,140,520,30,,
2023,2023-03-01,Lyon,43834,19657,6843,546,2339,13769,680,,
2023,2023-03-01,Mineral,3095,1174,701,29,163,1008,20,,
2023,2023-03-01,Nye,35230,15651,5958,323,1939,10846,513,,
2023,2023-03-01,Pershing,3063,1583,509,25,133,798,15,,
2023,2023-03-01,Storey,3606,1763,638,58,181,926,40,,
2023,2023-03-01,Washoe,302729,99743,95283,3520,13841,84167,6175,,
2023,2023-03-01,White Pine,5274,2764,787,36,290,1354,43,,
2023,2023-03-01,TOTALS,1878275,555169,601211,16406,81919,581108,42462,,
2023,2023-04-01,Carson City,37747,14332,9765,458,1837,10819,536,,
2023,2023-04-01,Churchill,16048,8301,2112,170,730,4553,182,,
2023,2023-04-01,Clark,1349384,344530,466127,10359,56962,438159,33247,,
2023,2023-04-01,Douglas,41510,21073,8004,456,1852,9648,477,,
2023,2023-04-01,Elko,19357,11228,2443,212,892,4425,157,,
2023,2023-04-01,Esmeralda,624,360,62,15,33,145,9,,
2023,2023-04-01,Eureka,918,650,57,5,43,157,6,,
2023,2023-04-01,Humboldt,9954,5368,1324,90,436,2621,115,,
2023,2023-04-01,Lander,3517,2120,392,33,139,805,28,,
2023,2023-04-01,Lincoln,2938,1904,327,14,140,523,30,,
2023,2023-04-01,Lyon,44057,19675,6850,547,2346,13966,673,,
2023,2023-04-01,Mineral,2259,980,575,19,119,553,13,,
2023,2023-04-01,Nye,35225,15593,5928,318,1937,10938,511,,
2023,2023-04-01,Pershing,3082,1591,507,25,134,810,15,,
2023,2023-04-01,Storey,3640,1773,643,58,182,944,40,,
2023,2023-04-01,Washoe,304521,100024,95587,3550,13931,85238,6191,,
2023,2023-04-01,White Pine,3981,2277,653,22,201,806,22,,
2023,2023-04-01,TOTALS,1878762,551779,601356,16351,81914,585110,42252,,
2023,2023-05-01,Carson City,37876,14328,9748,467,1846,10954,533,,
2023,2023-05-01,Churchill,16182,8335,2111,173,734,4647,182,,
2023,2023-05-01,Clark,1359144,345364,467305,10412,57509,445353,33201,,
2023,2023-05-01,Douglas,40942,20797,7895,444,1825,9517,464,,
2023,2023-05-01,Elko,19913,11459,2490,218,932,4651,163,,
2023,2023-05-01,Esmeralda,623,359,62,15,33,145,9,,
2023,2023-05-01,Eureka,939,657,58,5,44,169,6,,
2023,2023-05-01,Humboldt,7303,4364,1013,58,301,1510,57,,
2023,2023-05-01,Lander,3413,2053,380,31,132,790,27,,
2023,2023-05-01,Lincoln,2386,1625,266,11,110,358,16,,
2023,2023-05-01,Lyon,44277,19706,6829,551,2345,14179,667,,
2023,2023-05-01,Mineral,2301,988,580,19,119,581,14,,
2023,2023-05-01,Nye,26265,12918,4806,212,1461,6594,274,,
2023,2023-05-01,Pershing,3095,1602,507,26,134,811,15,,
2023,2023-05-01,Storey,3640,1773,641,60,182,945,39,,
2023,2023-05-01,Washoe,306346,100267,95792,3573,14046,86479,6189,,
2023,2023-05-01,White Pine,4047,2295,657,23,205,845,22,,
2023,2023-05-01,TOTALS,1878692,548890,601140,16298,81958,588528,41878,,
2023,2023-06-01,Carson City,37992,14351,9730,471,1856,11053,531,,
2023,2023-06-01,Churchill,16297,8358,2117,174,742,4724,182,,
2023,2023-06-01,Clark,1362094,344606,466192,10388,57609,450394,32905,,
2023,2023-06-01,Douglas,41140,20841,7874,444,1848,9672,461,,
2023,2023-06-01,Elko,20781,11849,2586,227,973,4974,172,,
2023,2023-06-01,Esmeralda,617,356,61,15,33,143,9,,
2023,2023-06-01,Eureka,944,660,57,5,44,172,6,,
2023,2023-06-01,Humboldt,7425,4394,1027,60,307,1578,59,,
2023,2023-06-01,Lander,3419,2050,378,33,136,795,27,,
2023,2023-06-01,Lincoln,2405,1626,267,11,111,374,16,,
2023,2023-06-01,Lyon,44544,19730,6834,548,2354,14409,669,,
2023,2023-06-01,Mineral,2345,1002,578,19,124,608,14,,
2023,2023-06-01,Nye,26819,13055,4845,220,1492,6929,278,,
2023,2023-06-01,Pershing,3115,1609,507,26,137,821,15,,
2023,2023-06-01,Storey,3652,1774,643,60,182,954,39,,
2023,2023-06-01,Washoe,307983,100594,96005,3578,14188,87447,6171,,
2023,2023-06-01,White Pine,4092,2313,660,23,207,867,22,,
2023,2023-06-01,TOTALS,1885664,549168,600361,16302,82343,595914,41576,,
2023,2023-07-01,Carson City,38173,14351,9737,473,1866,11215,531,,
2023,2023-07-01,Churchill,16399,8379,2121,177,746,4795,181,,
2023,2023-07-01,Clark,1371558,345660,467306,10469,58026,457233,32864,,
2023,2023-07-01,Douglas,41277,20843,7889,448,1859,9780,458,,
2023,2023-07-01,Elko,21177,12003,2607,232,1000,5162,173,,
2023,2023-07-01,Esmeralda,617,356,61,14,34,143,9,,
2023,2023-07-01,Eureka,953,664,59,5,41,178,6,,
2023,2023-07-01,Humboldt,7570,4445,1047,59,316,1643,60,,
2023,2023-07-01,Lander,3424,2050,376,33,137,801,27,,
2023,2023-07-01,Lincoln,2428,1635,268,11,113,384,17,,
2023,2023-07-01,Lyon,44761,19789,6827,546,2368,14568,663,,
2023,2023-07-01,Mineral,2355,998,579,19,124,620,15,,
2023,2023-07-01,Nye,27704,13289,4947,232,1543,7404,289,,
2023,2023-07-01,Pershing,3123,1613,506,26,136,827,15,,
2023,2023-07-01,Storey,3676,1786,642,60,186,963,39,,
2023,2023-07-01,Washoe,309715,100883,96248,3607,14307,88483,6187,,
2023,2023-07-01,White Pine,4184,2346,662,23,215,913,25,,
2023,2023-07-01,TOTALS,1899094,551090,601882,16434,83017,605112,41559,,
2023,2023-08-01,Carson City,38311,14343,9729,474,1881,11360,524,,
2023,2023-08-01,Churchill,16513,8401,2122,176,749,4880,185,,
2023,2023-08-01,Clark,1373629,344961,466131,10437,58068,461521,32511,,
2023,2023-08-01,Douglas,41501,20904,7901,454,1863,9921,458,,
2023,2023-08-01,Elko,21550,12142,2632,234,1011,5354,177,,
2023,2023-08-01,Esmeralda,616,355,60,14,35,143,9,,
2023,2023-08-01,Eureka,968,674,60,5,44,179,6,,
2023,2023-08-01,Humboldt,7695,4485,1050,59,322,1718,61,,
2023,2023-08-01,Lander,3446,2057,375,34,139,814,27,,
2023,2023-08-01,Lincoln,2437,1639,265,11,113,392,17,,
2023,2023-08-01,Lyon,45078,19822,6834,544,2383,14832,663,,
2023,2023-08-01,Mineral,2408,1007,582,20,127,656,16,,
2023,2023-08-01,Nye,27791,13260,4904,228,1539,7571,289,,
2023,2023-08-01,Pershing,3152,1623,507,26,136,845,15,,
2023,2023-08-01,Storey,3699,1793,647,60,185,975,39,,
2023,2023-08-01,Washoe,311708,101194,96485,3614,14415,89778,6222,,
2023,2023-08-01,White Pine,4214,2341,662,23,215,950,23,,
2023,2023-08-01,TOTALS,1904716,551001,600946,16413,83225,611889,41242,,
2023,2023-09-01,Carson City,38509,14387,9729,477,1887,11505,524,,
2023,2023-09-01,Churchill,16599,8415,2119,177,752,4951,185,,
2023,2023-09-01,Clark,1384551,345945,467303,10485,58491,469844,32483,,
2023,2023-09-01,Douglas,41628,20924,7893,451,1879,10026,455,,
2023,2023-09-01,Elko,21870,12250,2647,237,1020,5537,179,,
2023,2023-09-01,Esmeralda,612,353,59,13,35,143,9,,
2023,2023-09-01,Eureka,975,678,59,5,45,182,6,,
2023,2023-09-01,Humboldt,7794,4507,1054,60,326,1786,61,,
2023,2023-09-01,Lander,3444,2057,371,35,138,817,26,,
2023,2023-09-01,Lincoln,2464,1652,265,11,115,403,18,,
2023,2023-09-01,Lyon,45270,19832,6824,543,2392,15019,660,,
2023,2023-09-01,Mineral,2445,1016,586,20,124,683,16,,
2023,2023-09-01,Nye,27881,13223,4881,231,1536,7726,284,,
2023,2023-09-01,Pershing,3167,1625,506,26,137,858,15,,
2023,2023-09-01,Storey,3717,1787,648,61,186,996,39,,
2023,2023-09-01,Washoe,313640,101552,96822,3631,14577,90813,6245,,
2023,2023-09-01,White Pine,4255,2352,668,24,218,971,22,,
2023,2023-09-01,TOTALS,1918821,552555,602434,16487,83858,622260,41227,,
2023,2023-10-01,Carson City,38728,14414,9737,483,1896,11678,520,,
2023,2023-10-01,Churchill,16686,8433,2120,174,760,5015,184,,
2023,2023-10-01,Clark,1391347,345976,467240,10527,58882,476347,32375,,
2023,2023-10-01,Douglas,41862,20997,7904,453,1908,10151,449,,
2023,2023-10-01,Elko,22185,12366,2665,243,1035,5695,181,,
2023,2023-10-01,Esmeralda,609,350,59,13,35,143,9,,
2023,2023-10-01,Eureka,981,683,59,5,46,182,6,,
2023,2023-10-01,Humboldt,7892,4531,1059,60,331,1850,61,,
2023,2023-10-01,Lander,3382,2028,360,35,132,801,26,,
2023,2023-10-01,Lincoln,2475,1650,266,12,119,410,18,,
2023,2023-10-01,Lyon,45702,19931,6864,550,2405,15298,654,,
2023,2023-10-01,Mineral,2463,1026,587,19,126,689,16,,
2023,2023-10-01,Nye,28381,13353,4922,236,1584,7995,291,,
2023,2023-10-01,Pershing,3176,1627,504,26,137,867,15,,
2023,2023-10-01,Storey,3724,1785,646,60,187,1007,39,,
2023,2023-10-01,Washoe,315260,101759,96887,3653,14711,92011,6239,,
2023,2023-10-01,White Pine,4300,2369,670,25,223,990,23,,
2023,2023-10-01,TOTALS,1929153,553278,602549,16574,84517,631129,41106,,
2023,2023-11-01,Carson City,38902,14463,9719,484,1903,11815,518,,
2023,2023-11-01,Churchill,16793,8457,2122,175,763,5092,184,,
2023,2023-11-01,Clark,1366764,340391,456538,10247,57914,470371,31303,,
2023,2023-11-01,Douglas,41982,21075,7907,452,1915,10192,441,,
2023,2023-11-01,Elko,22498,12493,2696,245,1054,5826,184,,
2023,2023-11-01,Esmeralda,609,350,59,13,35,143,9,,
2023,2023-11-01,Eureka,987,684,60,6,47,184,6,,
2023,2023-11-01,Humboldt,7998,4580,1074,61,337,1885,61,,
2023,2023-11-01,Lander,3402,2035,362,35,132,812,26,,
2023,2023-11-01,Lincoln,2478,1649,262,13,120,416,18,,
2023,2023-11-01,Lyon,46014,20009,6895,549,2418,15495,648,,
2023,2023-11-01,Mineral,2490,1031,590,20,128,705,16,,
2023,2023-11-01,Nye,28797,13477,4957,240,1600,8229,294,,
2023,2023-11-01,Pershing,3187,1631,503,26,136,876,15,,
2023,2023-11-01,Storey,3746,1785,645,60,190,1026,40,,
2023,2023-11-01,Washoe,316796,102082,97007,3667,14842,92970,6228,,
2023,2023-11-01,White Pine,4351,2393,666,26,224,1020,22,,
2023,2023-11-01,TOTALS,1907794,548585,592062,16319,83758,627057,40013,,
2023,2023-12-01,Carson City,39223,14567,9739,483,1915,12006,513,,
2023,2023-12-01,Churchill,16880,8526,2122,175,753,5125,179,,
2023,2023-12-01,Clark,1379482,343397,458442,10314,58320,477689,31320,,
2023,2023-12-01,Douglas,42149,21208,7915,443,1918,10229,436,,
2023,2023-12-01,Elko,22815,12663,2721,243,1069,5937,182,,
2023,2023-12-01,Esmeralda,606,347,60,13,35,142,9,,
2023,2023-12-01,Eureka,995,688,62,5,47,186,7,,
2023,2023-12-01,Humboldt,8087,4646,1082,61,332,1904,62,,
2023,2023-12-01,Lander,3406,2034,360,35,134,817,26,,
2023,2023-12-01,Lincoln,2494,1655,264,14,121,422,18,,
2023,2023-12-01,Lyon,46368,20175,6898,546,2408,15696,645,,
2023,2023-12-01,Mineral,2521,1050,589,19,126,721,16,,
2023,2023-12-01,Nye,29235,13613,5008,243,1618,8455,298,,
2023,2023-12-01,Pershing,3198,1628,503,26,136,890,15,,
2023,2023-12-01,Storey,3754,1789,647,59,188,1032,39,,
2023,2023-12-01,Washoe,318375,102575,97099,3657,14960,93887,6197,,
2023,2023-12-01,White Pine,4412,2433,675,26,216,1040,22,,
2023,2023-12-01,TOTALS,1924000,552994,594186,16362,84296,636178,39984,,
2024,2024-01-01,Carson City,39269,14670,9749,473,1913,11959,505,,
2024,2024-01-01,Churchill,16987,8612,2112,175,752,5159,177,,
2024,2024-01-01,Clark,1386117,347750,459999,10277,58254,478665,31172,,
2024,2024-01-01,Douglas,42215,21468,7920,442,1870,10087,428,,
2024,2024-01-01,Elko,23180,12867,2750,248,1068,6070,177,,
2024,2024-01-01,Esmeralda,612,354,59,13,36,141,9,,
2024,2024-01-01,Eureka,1017,699,62,6,46,197,7,,
2024,2024-01-01,Humboldt,8230,4751,1094,60,329,1938,58,,
2024,2024-01-01,Lander,3425,2057,360,35,131,816,26,,
2024,2024-01-01,Lincoln,2506,1673,258,15,119,423,18,,
2024,2024-01-01,Lyon,46711,20432,6925,542,2407,15772,633,,
2024,2024-01-01,Mineral,2555,1072,589,19,121,737,17,,
2024,2024-01-01,Nye,29691,13851,5039,244,1626,8635,296,,
2024,2024-01-01,Pershing,3207,1645,504,25,134,884,15,,
2024,2024-01-01,Storey,3770,1802,643,56,186,1044,39,,
2024,2024-01-01,Washoe,319072,103542,97202,3641,14907,93654,6126,,
2024,2024-01-01,White Pine,4492,2498,678,25,221,1046,24,,
2024,2024-01-01,TOTALS,1933056,559743,595943,16296,84120,637227,39727,,
2024,2024-02-01,Carson City,39700,14815,9786,464,1930,12207,498,,
2024,2024-02-01,Churchill,16957,8590,2076,173,760,5186,172,,
2024,2024-02-01,Clark,1396042,350785,461368,10251,58179,484651,30808,,
2024,2024-02-01,Douglas,42404,21575,7939,442,1878,10149,421,,
2024,2024-02-01,Elko,23537,13072,2769,249,1077,6192,178,,
2024,2024-02-01,Esmeralda,610,354,59,13,35,140,9,,
2024,2024-02-01,Eureka,1025,704,62,7,48,197,7,,
2024,2024-02-01,Humboldt,8341,4814,1101,60,335,1973,58,,
2024,2024-02-01,Lander,3447,2066,361,34,130,828,28,,
2024,2024-02-01,Lincoln,2521,1680,256,15,120,432,18,,
2024,2024-02-01,Lyon,46929,20609,6933,538,2394,15832,623,,
2024,2024-02-01,Mineral,2606,1095,594,20,131,751,15,,
2024,2024-02-01,Nye,30164,14066,5088,244,1655,8825,286,,
2024,2024-02-01,Pershing,3222,1657,501,25,135,887,17,,
2024,2024-02-01,Storey,3791,1816,641,57,186,1052,39,,
2024,2024-02-01,Washoe,311481,99080,91814,3649,15056,95799,6083,,
2024,2024-02-01,White Pine,4448,2500,660,25,218,1023,22,,
2024,2024-02-01,TOTALS,1937225,559278,592008,16266,84267,646124,39282,,
2024,2024-03-01,Carson City,39928,14868,9813,466,1946,12337,498,,
2024,2024-03-01,Churchill,16847,8434,2010,175,770,5286,172,,
2024,2024-03-01,Clark,1409852,352630,463442,10321,59035,493966,30458,,
2024,2024-03-01,Douglas,42713,21660,7930,443,1894,10368,418,,
2024,2024-03-01,Elko,23867,13190,2784,253,1095,6367,178,,
2024,2024-03-01,Esmeralda,609,353,58,12,35,142,9,,
2024,2024-03-01,Eureka,1042,714,62,8,47,203,8,,
2024,2024-03-01,Humboldt,8468,4858,1114,60,343,2035,58,,
2024,2024-03-01,Lander,3472,2075,362,35,130,842,28,,
2024,2024-03-01,Lincoln,2532,1687,254,15,121,437,18,,
2024,2024-03-01,Lyon,47205,20663,6931,539,2410,16045,617,,
2024,2024-03-01,Mineral,2645,1103,596,21,131,780,14,,
2024,2024-03-01,Nye,30566,14130,5108,246,1694,9101,287,,
2024,2024-03-01,Pershing,3230,1667,493,24,134,896,16,,
2024,2024-03-01,Storey,3806,1818,642,57,187,1063,39,,
2024,2024-03-01,Washoe,324708,104884,97818,3665,15222,97030,6089,,
2024,2024-03-01,White Pine,4444,2487,660,26,218,1030,23,,
2024,2024-03-01,TOTALS,1965934,567221,600077,16366,85412,657928,38930,,
2024,2024-04-01,Carson City,40252,14923,9814,463,1968,12590,494,,
2024,2024-04-01,Churchill,16998,8469,2022,177,775,5384,171,,
2024,2024-04-01,Clark,1423545,355018,466181,10375,60029,501508,30434,,
2024,2024-04-01,Douglas,42906,21720,7942,445,1911,10474,414,,
2024,2024-04-01,Elko,24192,13304,2806,262,1113,6527,180,,
2024,2024-04-01,Esmeralda,606,353,56,12,35,141,9,,
2024,2024-04-01,Eureka,1049,718,63,8,48,204,8,,
2024,2024-04-01,Humboldt,8567,4898,1117,62,351,2082,57,,
2024,2024-04-01,Lander,3503,2095,362,35,131,853,27,,
2024,2024-04-01,Lincoln,2541,1689,251,16,121,446,18,,
2024,2024-04-01,Lyon,47483,20760,6944,549,2446,16174,610,,
2024,2024-04-01,Mineral,2678,1115,601,21,130,797,14,,
2024,2024-04-01,Nye,31030,14263,5131,250,1726,9369,291,,
2024,2024-04-01,Pershing,3244,1677,487,23,136,905,16,,
2024,2024-04-01,Storey,3828,1821,642,58,189,1079,39,,
2024,2024-04-01,Washoe,326305,104952,97839,3683,15346,98397,6088,,
2024,2024-04-01,White Pine,4508,2508,659,26,222,1070,23,,
2024,2024-04-01,TOTALS,1983235,570283,602917,16465,86677,668000,38893,,
2024,2024-05-01,Carson City,40287,14927,9805,459,1977,12632,487,,
2024,2024-05-01,Churchill,17161,8543,2045,174,777,5451,171,,
2024,2024-05-01,Clark,1434542,357762,468651,10456,60817,506403,30453,,
2024,2024-05-01,Douglas,43081,21840,7942,443,1924,10523,409,,
2024,2024-05-01,Elko,24540,13429,2833,263,1123,6711,181,,
2024,2024-05-01,Esmeralda,605,351,56,12,35,142,9,,
2024,2024-05-01,Eureka,1061,722,63,8,48,212,8,,
2024,2024-05-01,Humboldt,8698,4961,1128,66,353,2134,56,,
2024,2024-05-01,Lander,3503,2096,367,35,130,848,27,,
2024,2024-05-01,Lincoln,2555,1694,249,16,124,455,17,,
2024,2024-05-01,Lyon,47791,20870,6937,547,2455,16377,605,,
2024,2024-05-01,Mineral,2716,1126,602,22,132,820,14,,
2024,2024-05-01,Nye,31536,14428,5163,253,1758,9637,297,,
2024,2024-05-01,Pershing,3261,1691,486,23,134,910,17,,
2024,2024-05-01,Storey,3841,1829,635,57,191,1090,39,,
2024,2024-05-01,Washoe,327740,105444,98036,3681,15446,99051,6082,,
2024,2024-05-01,White Pine,4555,2531,660,26,221,1094,23,,
2024,2024-05-01,TOTALS,1997473,574244,605658,16541,87645,674490,38895,,
2024,2024-06-01,Carson City,40652,15023,9837,460,1997,12849,486,,
2024,2024-06-01,Churchill,17278,8604,2057,172,781,5495,169,,
2024,2024-06-01,Clark,1449289,361310,470959,10477,61156,515050,30337,,
2024,2024-06-01,Douglas,40921,20797,7462,403,1805,10086,368,,
2024,2024-06-01,Elko,24864,13561,2845,266,1133,6874,185,,
2024,2024-06-01,Esmeralda,608,356,56,12,35,140,9,,
2024,2024-06-01,Eureka,1069,721,64,8,47,221,8,,
2024,2024-06-01,Humboldt,8832,5011,1143,66,359,2197,56,,
2024,2024-06-01,Lander,3525,2109,365,35,129,859,28,,
2024,2024-06-01,Lincoln,2589,1720,245,15,125,467,17,,
2024,2024-06-01,Lyon,48080,20985,6937,547,2474,16542,595,,
2024,2024-06-01,Mineral,2657,1103,580,19,132,810,13,,
2024,2024-06-01,Nye,32635,14859,5288,265,1820,10094,309,,
2024,2024-06-01,Pershing,3188,1639,460,23,135,914,17,,
2024,2024-06-01,Storey,3858,1841,640,57,191,1091,38,,
2024,2024-06-01,Washoe,330685,106196,98446,3691,15641,100675,6036,,
2024,2024-06-01,White Pine,4558,2530,664,25,220,1095,24,,
2024,2024-06-01,TOTALS,2015288,578365,608048,16541,88180,685459,38695,,
2024,2024-07-01,Carson City,38263,14270,9338,434,1903,11864,454,,
2024,2024-07-01,Churchill,16920,8588,2037,160,749,5228,158,,
2024,2024-07-01,Clark,1465118,364676,473682,10647,62684,523114,30315,,
2024,2024-07-01,Douglas,42062,21416,7666,412,1869,10315,384,,
2024,2024-07-01,Elko,24882,13564,2857,264,1136,6882,179,,
2024,2024-07-01,Esmeralda,604,351,56,12,35,141,9,,
2024,2024-07-01,Eureka,1064,718,64,8,47,220,7,,
2024,2024-07-01,Humboldt,8445,4827,1103,63,345,2054,53,,
2024,2024-07-01,Lander,3544,2111,367,35,134,870,27,,
2024,2024-07-01,Lincoln,2585,1718,246,14,125,466,16,,
2024,2024-07-01,Lyon,47677,20840,6870,540,2448,16398,581,,
2024,2024-07-01,Mineral,2703,1112,587,20,137,834,13,,
2024,2024-07-01,Nye,32050,14632,5224,265,1798,9840,291,,
2024,2024-07-01,Pershing,3110,1623,457,22,132,861,15,,
2024,2024-07-01,Storey,3763,1801,623,50,193,1061,35,,
2024,2024-07-01,Washoe,323902,104514,96493,3566,15322,98206,5801,,
2024,2024-07-01,White Pine,4601,2552,662,27,225,1111,24,,
2024,2024-07-01,TOTALS,2021293,579313,608332,16539,89282,689465,38362,,
2024,2024-08-01,Carson City,38807,14475,9431,446,1939,11865,651,,
2024,2024-08-01,Churchill,16724,8524,2034,153,743,4999,271,,
2024,2024-08-01,Clark,1390956,351536,450280,9977,60172,490877,28114,,
2024,2024-08-01,Douglas,41142,21057,7521,404,1849,9834,477,,
2024,2024-08-01,Elko,24446,13369,2814,263,1114,6606,280,,
2024,2024-08-01,Esmeralda,541,319,53,10,31,118,10,,
2024,2024-08-01,Eureka,1078,724,63,8,47,217,19,,
2024,2024-08-01,Humboldt,8632,4916,1120,64,357,2083,92,,
2024,2024-08-01,Lander,3395,2049,354,34,128,798,32,,
2024,2024-08-01,Lincoln,2582,1719,244,14,126,463,16,,
2024,2024-08-01,Lyon,46199,20310,6667,523,2372,15543,784,,
2024,2024-08-01,Mineral,2753,1128,592,20,139,856,18,,
2024,2024-08-01,Nye,32290,14712,5260,265,1809,9757,487,,
2024,2024-08-01,Pershing,3153,1628,464,22,136,855,48,,
2024,2024-08-01,Storey,3644,1749,604,47,185,1015,44,,
2024,2024-08-01,Washoe,323748,104396,96254,3532,15375,97471,6720,,
2024,2024-08-01,White Pine,4679,2588,667,24,238,1115,47,,
2024,2024-08-01,TOTALS,1944769,565199,584422,15806,86760,654472,38110,,
2024,2024-09-01,Carson City,39275,14626,9582,452,1967,11920,728,,
2024,2024-09-01,Churchill,16925,8676,2054,154,766,5010,265,,
2024,2024-09-01,Clark,1413864,357780,457142,10066,61045,499560,28271,,
2024,2024-09-01,Douglas,41584,21289,7616,408,1881,9824,566,,
2024,2024-09-01,Elko,24999,13685,2888,265,1147,6681,333,,
2024,2024-09-01,Esmeralda,543,318,54,10,33,118,10,,
2024,2024-09-01,Eureka,1093,737,64,8,47,216,21,,
2024,2024-09-01,Humboldt,8783,5006,1139,64,370,2100,104,,
2024,2024-09-01,Lander,3441,2066,362,34,130,812,37,,
2024,2024-09-01,Lincoln,2617,1738,247,13,128,472,19,,
2024,2024-09-01,Lyon,46822,20663,6792,527,2437,15502,901,,
2024,2024-09-01,Mineral,2804,1142,599,20,136,886,21,,
2024,2024-09-01,Nye,32927,14999,5386,274,1861,9726,681,,
2024,2024-09-01,Pershing,3188,1647,462,21,143,854,61,,
2024,2024-09-01,Storey,3675,1765,605,49,185,1029,42,,
2024,2024-09-01,Washoe,327793,105504,97555,3551,15727,97775,7681,,
2024,2024-09-01,White Pine,4757,2629,676,26,245,1128,53,,
2024,2024-09-01,TOTALS,1975090,574270,593223,15942,88248,663613,39794,,
2024,2024-10-01,Carson City,39712,14902,9694,455,1996,11915,750,,
2024,2024-10-01,Churchill,17326,9003,2095,151,786,5004,287,,
2024,2024-10-01,Clark,1461178,377557,470538,10193,63858,510883,28149,,
2024,2024-10-01,Douglas,42169,21652,7728,413,1943,9833,600,,
2024,2024-10-01,Elko,26060,14331,3023,268,1209,6848,381,,
2024,2024-10-01,Esmeralda,619,363,56,11,38,140,11,,
2024,2024-10-01,Eureka,1127,760,65,8,51,229,14,,
2024,2024-10-01,Humboldt,9047,5195,1154,67,386,2138,107,,
2024,2024-10-01,Lander,3488,2104,368,36,132,811,37,,
2024,2024-10-01,Lincoln,2676,1781,253,13,134,478,17,,
2024,2024-10-01,Lyon,47219,21119,6880,526,2470,15324,900,,
2024,2024-10-01,Mineral,2868,1177,605,20,144,904,18,,
2024,2024-10-01,Nye,33802,15524,5503,284,1947,9777,767,,
2024,2024-10-01,Pershing,3258,1707,469,21,146,853,62,,
2024,2024-10-01,Storey,3694,1795,602,47,188,1022,40,,
2024,2024-10-01,Washoe,335974,109041,100227,3553,16333,98680,8140,,
2024,2024-10-01,White Pine,4949,2743,694,26,276,1143,67,,
2024,2024-10-01,TOTALS,2035166,600754,609954,16092,92037,675982,40347,,
2024,2024-11-01,Carson City,40759,15341,9894,462,2064,12167,831,,
2024,2024-11-01,Churchill,17832,9293,2149,153,817,5023,397,,
2024,2024-11-01,Clark,1513781,392465,484748,10524,66579,530546,28919,,
2024,2024-11-01,Douglas,42714,21951,7746,415,1994,9875,733,,
2024,2024-11-01,Elko,27281,14972,3165,279,1276,7059,530,,
2024,2024-11-01,Esmeralda,630,371,56,11,39,140,13,,
2024,2024-11-01,Eureka,1178,798,67,10,54,230,19,,
2024,2024-11-01,Humboldt,9431,5459,1172,71,392,2192,145,,
2024,2024-11-01,Lander,3566,2149,376,37,128,837,39,,
2024,2024-11-01,Lincoln,2745,1834,256,15,137,482,21,,
2024,2024-11-01,Lyon,48137,21722,7010,537,2539,15255,1074,,
2024,2024-11-01,Mineral,2986,1222,621,21,148,958,16,,
2024,2024-11-01,Nye,34295,15772,5535,289,2018,9724,957,,
2024,2024-11-01,Pershing,3294,1722,475,21,152,859,65,,
2024,2024-11-01,Storey,3766,1841,604,49,193,1038,41,,
2024,2024-11-01,Washoe,341967,110920,101991,3595,16728,99476,9257,,
2024,2024-11-01,White Pine,5106,2851,693,30,289,1162,81,,
2024,2024-11-01,TOTALS,2099468,620683,626558,16519,95547,697023,43138,,
2024,2024-12-01,Carson City,41117,15486,9943,464,2079,12223,922,,
2024,2024-12-01,Churchill,17889,9310,2152,154,818,5028,427,,
2024,2024-12-01,Clark,1519080,393015,484616,10541,66907,535306,28695,,
2024,2024-12-01,Douglas,42907,22033,7761,417,2005,9885,806,,
2024,2024-12-01,Elko,28262,15468,3270,291,1328,7323,582,,
2024,2024-12-01,Esmeralda,625,367,56,10,39,140,13,,
2024,2024-12-01,Eureka,1188,804,69,10,54,232,19,,
2024,2024-12-01,Humboldt,9487,5481,1175,72,393,2203,163,,
2024,2024-12-01,Lander,3591,2160,374,37,132,849,39,,
2024,2024-12-01,Lincoln,2752,1836,257,15,136,486,22,,
2024,2024-12-01,Lyon,48341,21770,7008,537,2545,15298,1183,,
2024,2024-12-01,Mineral,3016,1236,623,20,150,971,16,,
2024,2024-12-01,Nye,34273,15709,5519,290,2014,9636,1105,,
2024,2024-12-01,Pershing,3289,1717,475,20,153,858,66,,
2024,2024-12-01,Storey,3797,1852,607,50,196,1049,43,,
2024,2024-12-01,Washoe,343134,111278,101950,3583,16780,99490,10053,,
2024,2024-12-01,White Pine,5099,2849,683,30,290,1166,81,,
2024,2024-12-01,TOTALS,2107847,622371,626538,16541,96019,702143,44235,,
2025,2025-01-01,Carson City,41350,15504,9917,469,2102,12244,1114,,
2025,2025-01-01,Churchill,18123,9372,2167,157,831,5062,534,,
2025,2025-01-01,Clark,1494858,387630,476027,10241,65293,527825,27842,,
2025,2025-01-01,Douglas,43257,22131,7765,415,2023,9926,997,,
2025,2025-01-01,Elko,29077,15748,3347,296,1358,7691,637,,
2025,2025-01-01,Esmeralda,619,361,56,10,38,139,15,,
2025,2025-01-01,Eureka,1215,819,70,10,54,237,25,,
2025,2025-01-01,Humboldt,9913,5666,1225,74,415,2454,79,,
2025,2025-01-01,Lander,3639,2173,375,37,133,878,43,,
2025,2025-01-01,Lincoln,2837,1870,264,15,140,503,45,,
2025,2025-01-01,Lyon,48738,21825,7023,539,2552,15322,1477,,
2025,2025-01-01,Mineral,2997,1225,618,19,150,972,13,,
2025,2025-01-01,Nye,35375,16002,5610,304,2065,9918,1476,,
2025,2025-01-01,Pershing,3323,1724,474,20,152,859,94,,
2025,2025-01-01,Storey,3792,1841,602,50,193,1052,54,,
2025,2025-01-01,Washoe,346870,111725,102110,3595,17053,100047,12340,,
2025,2025-01-01,White Pine,5221,2923,702,30,297,1190,79,,
2025,2025-01-01,TOTALS,2091204,618539,618352,16281,94849,696319,46864,,
2025,2025-02-01,Carson City,41472,15500,9905,470,2112,12244,1241,,
2025,2025-02-01,Churchill,18198,9389,2155,160,842,5056,596,,
2025,2025-02-01,Clark,1504535,387673,475898,10250,65398,537446,27870,,
2025,2025-02-01,Douglas,43462,22140,7773,413,2024,9983,1129,,
2025,2025-02-01,Elko,29346,15792,3345,297,1366,7923,623,,
2025,2025-02-01,Esmeralda,620,357,55,11,39,139,19,,
2025,2025-02-01,Eureka,1220,818,69,11,54,236,32,,
2025,2025-02-01,Humboldt,9924,5630,1224,74,409,2514,73,,
2025,2025-02-01,Lander,3655,2171,376,37,132,900,39,,
2025,2025-02-01,Lincoln,2850,1874,263,15,139,501,58,,
2025,2025-02-01,Lyon,49144,21879,7058,540,2560,15424,1683,,
2025,2025-02-01,Mineral,3019,1223,620,19,150,994,13,,
2025,2025-02-01,Nye,35289,15779,5566,302,2046,9860,1736,,
2025,2025-02-01,Pershing,3348,1727,469,20,151,864,117,,
2025,2025-02-01,Storey,3803,1839,602,51,193,1066,52,,
2025,2025-02-01,Washoe,341016,110160,100580,3502,16691,96716,13367,,
2025,2025-02-01,White Pine,5255,2931,698,30,298,1219,79,,
2025,2025-02-01,TOTALS,2096156,616882,616656,16202,94604,703085,48727,,
2025,2025-03-01,Carson City,36389,14395,9045,384,1868,10336,361,,
2025,2025-03-01,Churchill,18302,9394,2152,160,847,5550,199,,
2025,2025-03-01,Clark,1516042,387824,475952,10265,65537,548567,27897,,
2025,2025-03-01,Douglas,43627,22146,7775,413,2023,10782,488,,
2025,2025-03-01,Elko,29657,15835,3362,300,1374,8554,232,,
2025,2025-03-01,Esmeralda,629,359,55,11,38,155,11,,
2025,2025-03-01,Eureka,1223,811,69,11,55,262,15,,
2025,2025-03-01,Humboldt,10020,5631,1221,75,411,2613,69,,
2025,2025-03-01,Lander,3679,2172,376,37,132,937,25,,
2025,2025-03-01,Lincoln,2853,1872,262,16,139,534,30,,
2025,2025-03-01,Lyon,49430,21880,7070,538,2567,16779,596,,
2025,2025-03-01,Mineral,3039,1218,616,19,155,1023,8,,
2025,2025-03-01,Nye,35460,15684,5529,302,2034,10737,1174,,
2025,2025-03-01,Pershing,3358,1723,466,19,152,970,28,,
2025,2025-03-01,Storey,3775,1820,600,51,189,1089,26,,
2025,2025-03-01,Washoe,341906,109845,100298,3498,16641,104868,6756,,
2025,2025-03-01,White Pine,5293,2930,693,30,298,1315,27,,
2025,2025-03-01,TOTALS,2104682,615539,615541,16129,94460,725071,37942,,
2025,2025-04-01,Carson City,36874,14455,9098,386,1886,10677,372,,
2025,2025-04-01,Churchill,18203,9324,2132,157,831,5556,203,,
2025,2025-04-01,Clark,1527417,387811,476044,10278,65626,559711,27947,,
2025,2025-04-01,Douglas,43588,21983,7716,406,2014,10994,475,,
2025,2025-04-01,Elko,29939,15863,3367,305,1375,8797,232,,
2025,2025-04-01,Esmeralda,645,367,57,11,38,163,9,,
2025,2025-04-01,Eureka,1224,809,69,10,55,266,15,,
2025,2025-04-01,Humboldt,10132,5650,1229,76,412,2694,71,,
2025,2025-04-01,Lander,3688,2172,375,37,131,948,25,,
2025,2025-04-01,Lincoln,2870,1873,266,16,138,547,30,,
2025,2025-04-01,Lyon,49639,21856,7073,541,2566,17017,586,,
2025,2025-04-01,Mineral,3065,1219,618,19,156,1045,8,,
2025,2025-04-01,Nye,37331,16292,5684,312,2108,11728,1207,,
2025,2025-04-01,Pershing,3369,1720,465,20,152,984,28,,
2025,2025-04-01,Storey,3807,1802,594,50,187,1147,27,,
2025,2025-04-01,Washoe,348690,110681,101156,3558,16878,109543,6874,,
2025,2025-04-01,White Pine,5325,2931,695,33,296,1344,26,,
2025,2025-04-01,TOTALS,2125806,616808,616638,16215,94849,743161,38135,,
2025,2025-05-01,Carson City,36983,14396,9050,386,1874,10907,370,,
2025,2025-05-01,Churchill,18305,9284,2123,155,825,5716,202,,
2025,2025-05-01,Clark,1538842,387987,476286,10300,65703,570608,27958,,
2025,2025-05-01,Douglas,43459,21880,7677,406,1994,11027,475,,
2025,2025-05-01,Elko,30195,15892,3377,304,1373,9013,236,,
2025,2025-05-01,Esmeralda,640,363,55,11,36,166,9,,
2025,2025-05-01,Eureka,1228,807,70,9,56,272,14,,
2025,2025-05-01,Humboldt,10193,5643,1226,76,413,2764,71,,
2025,2025-05-01,Lander,3712,2171,375,37,131,973,25,,
2025,2025-05-01,Lincoln,2887,1873,266,16,139,563,30,,
2025,2025-05-01,Lyon,49139,21623,6968,535,2517,16933,563,,
2025,2025-05-01,Mineral,3098,1222,623,20,157,1068,8,,
2025,2025-05-01,Nye,37711,15921,5522,303,2068,12732,1165,,
2025,2025-05-01,Pershing,3384,1713,466,20,149,1007,29,,
2025,2025-05-01,Storey,3519,1703,547,46,167,1037,19,,
2025,2025-05-01,Washoe,345792,109244,99688,3484,16548,110141,6687,,
2025,2025-05-01,White Pine,5155,2864,677,31,287,1271,25,,
2025,2025-05-01,TOTALS,2134242,614586,614996,16139,94437,756198,37886,,
2025,2025-06-01,Carson City,37247,14415,9054,387,1875,11142,374,,
2025,2025-06-01,Churchill,16399,8796,1961,136,746,4593,167,,
2025,2025-06-01,Clark,1549348,387913,476310,10314,65816,581015,27980,,
2025,2025-06-01,Douglas,43400,21819,7646,406,1979,11078,472,,
2025,2025-06-01,Elko,30468,15902,3372,308,1375,9278,233,,
2025,2025-06-01,Esmeralda,509,310,41,7,21,123,7,,
2025,2025-06-01,Eureka,1247,808,70,9,57,289,14,,
2025,2025-06-01,Humboldt,9819,5527,1192,70,390,2569,71,,
2025,2025-06-01,Lander,3737,2164,374,36,132,1006,25,,
2025,2025-06-01,Lincoln,2892,1874,264,16,141,569,28,,
2025,2025-06-01,Lyon,41740,19691,6107,430,2142,12969,401,,
2025,2025-06-01,Mineral,3128,1215,623,20,158,1103,9,,
2025,2025-06-01,Nye,37395,15561,5412,299,2013,12978,1132,,
2025,2025-06-01,Pershing,3385,1703,464,19,150,1021,28,,
2025,2025-06-01,Storey,3540,1751,559,46,176,989,19,,
2025,2025-06-01,Washoe,345114,108438,98837,3436,16379,111452,6572,,
2025,2025-06-01,White Pine,5181,2848,673,30,281,1324,25,,
2025,2025-06-01,TOTALS,2134549,610735,612959,15969,93831,763498,37557,,
2025,2025-07-01,Carson City,37542,14418,9061,387,1892,11411,373,,
2025,2025-07-01,Churchill,16553,8792,1961,136,744,4753,167,,
2025,2025-07-01,Clark,1558399,387783,476091,10314,65861,590423,27927,,
2025,2025-07-01,Douglas,40912,21142,7309,362,1842,9835,422,,
2025,2025-07-01,Elko,28116,15175,3157,274,1257,8045,208,,
2025,2025-07-01,Esmeralda,529,315,41,7,22,136,8,,
2025,2025-07-01,Eureka,1166,776,65,7,54,251,13,,
2025,2025-07-01,Humboldt,9930,5548,1197,71,394,2649,71,,
2025,2025-07-01,Lander,3685,2133,368,34,130,996,24,,
2025,2025-07-01,Lincoln,2780,1834,253,14,132,522,25,,
2025,2025-07-01,Lyon,42172,19740,6117,438,2146,13331,400,,
2025,2025-07-01,Mineral,2884,1175,583,20,149,949,8,,
2025,2025-07-01,Nye,33695,14531,4970,251,1787,11113,1043,,
2025,2025-07-01,Pershing,2821,1531,386,14,127,740,23,,
2025,2025-07-01,Storey,3559,1746,563,47,175,1009,19,,
2025,2025-07-01,Washoe,346466,108000,98431,3409,16288,113850,6488,,
2025,2025-07-01,White Pine,5231,2797,658,29,280,1442,25,,
2025,2025-07-01,TOTALS,2136440,607436,611211,15814,93280,771455,37244,,
2025,2025-08-01,Carson City,37790,14440,9081,388,1892,11606,383,,
2025,2025-08-01,Churchill,16643,8800,1971,136,746,4821,169,,
2025,2025-08-01,Clark,1567603,387838,476314,10315,65873,599338,27925,,
2025,2025-08-01,Douglas,41112,21175,7301,363,1854,10002,417,,
2025,2025-08-01,Elko,28340,15216,3163,275,1261,8216,209,,
2025,2025-08-01,Esmeralda,530,310,41,7,24,140,8,,
2025,2025-08-01,Eureka,1179,779,65,7,54,262,12,,
2025,2025-08-01,Humboldt,10049,5559,1204,73,398,2743,72,,
2025,2025-08-01,Lander,3701,2134,368,34,131,1010,24,,
2025,2025-08-01,Lincoln,2800,1839,251,14,133,538,25,,
2025,2025-08-01,Lyon,42556,19776,6145,440,2154,13643,398,,
2025,2025-08-01,Mineral,2889,1174,580,18,150,958,9,,
2025,2025-08-01,Nye,34522,14726,5038,255,1805,11657,1041,,
2025,2025-08-01,Pershing,2853,1532,387,14,127,769,24,,
2025,2025-08-01,Storey,3575,1746,558,47,176,1029,19,,
2025,2025-08-01,Washoe,344148,106828,97334,3352,16028,114243,6363,,
2025,2025-08-01,White Pine,5275,2820,656,30,280,1463,26,,
2025,2025-08-01,TOTALS,2145565,606692,610457,15768,93086,782438,37124,,
2025,2025-09-01,Carson City,38019,14468,9075,391,1891,11808,386,,
2025,2025-09-01,Churchill,16630,8763,1962,137,738,4862,168,,
2025,2025-09-01,Clark,1534319,380861,463847,9841,63769,589205,26796,,
2025,2025-09-01,Douglas,41197,21160,7259,362,1851,10143,422,,
2025,2025-09-01,Elko,28527,15240,3168,274,1268,8368,209,,
2025,2025-09-01,Esmeralda,529,310,41,7,24,139,8,,
2025,2025-09-01,Eureka,1182,781,62,7,55,265,12,,
2025,2025-09-01,Humboldt,10100,5558,1206,73,400,2792,71,,
2025,2025-09-01,Lander,3714,2135,367,34,132,1022,24,,
2025,2025-09-01,Lincoln,2820,1847,251,15,132,550,25,,
2025,2025-09-01,Lyon,42846,19809,6131,443,2154,13914,395,,
2025,2025-09-01,Mineral,2911,1177,576,20,150,979,9,,
2025,2025-09-01,Nye,35915,15364,5235,263,1893,12470,690,,
2025,2025-09-01,Pershing,2871,1534,389,14,127,783,24,,
2025,2025-09-01,Storey,3578,1739,558,47,177,1038,19,,
2025,2025-09-01,Washoe,344921,106723,97210,3352,16005,115257,6374,,
2025,2025-09-01,White Pine,5265,2797,645,30,281,1487,25,,
2025,2025-09-01,TOTALS,2115344,600266,597982,15310,91047,775082,35657,,
2025,2025-10-01,Carson City,38314,14553,9120,395,1905,11937,404,,
2025,2025-10-01,Churchill,16590,8799,1959,138,736,4803,155,,
2025,2025-10-01,Clark,1545602,381080,464022,9851,63892,599931,26826,,
2025,2025-10-01,Douglas,40877,21095,7201,350,1849,10074,308,,
2025,2025-10-01,Elko,28830,15292,3180,274,1276,8597,211,,
2025,2025-10-01,Esmeralda,544,312,44,7,24,149,8,,
2025,2025-10-01,Eureka,1192,783,64,7,57,273,8,,
2025,2025-10-01,Humboldt,10144,5554,1205,73,400,2840,72,,
2025,2025-10-01,Lander,3739,2142,365,34,134,1041,23,,
2025,2025-10-01,Lincoln,2831,1847,249,16,131,575,13,,
2025,2025-10-01,Lyon,43218,19901,6147,447,2165,14170,388,,
2025,2025-10-01,Mineral,2962,1187,578,20,155,1014,8,,
2025,2025-10-01,Nye,36409,16032,5464,282,1998,12345,288,,
2025,2025-10-01,Pershing,2887,1540,391,16,128,790,22,,
2025,2025-10-01,Storey,3603,1768,571,48,178,1020,18,,
2025,2025-10-01,Washoe,346658,106846,97175,3347,16032,116862,6396,,
2025,2025-10-01,White Pine,5232,2841,658,31,283,1394,25,,
2025,2025-10-01,TOTALS,2129632,601572,598393,15336,91343,787815,35173,,
2025,2025-11-01,Carson City,37719,14292,8962,384,1867,11819,395,,
2025,2025-11-01,Churchill,16684,8804,1961,139,736,4885,159,,
2025,2025-11-01,Clark,1552241,380908,464091,9848,63896,606661,26837,,
2025,2025-11-01,Douglas,41095,21127,7210,353,1857,10496,52,,
2025,2025-11-01,Elko,29088,15318,3179,273,1282,8823,213,,
2025,2025-11-01,Esmeralda,554,319,43,8,25,151,8,,
2025,2025-11-01,Eureka,1201,783,66,7,58,279,8,,
2025,2025-11-01,Humboldt,10192,5554,1208,76,401,2880,73,,
2025,2025-11-01,Lander,3659,2101,358,34,130,1014,22,,
2025,2025-11-01,Lincoln,2842,1849,249,16,131,584,13,,
2025,2025-11-01,Lyon,43309,19928,6132,447,2175,14243,384,,
2025,2025-11-01,Mineral,2984,1183,578,21,155,1040,7,,
2025,2025-11-01,Nye,36689,16018,5469,283,1999,12640,280,,
2025,2025-11-01,Pershing,2916,1549,394,17,129,805,22,,
2025,2025-11-01,Storey,3620,1769,570,48,181,1034,18,,
2025,2025-11-01,Washoe,315325,102790,91843,3010,14950,97140,5592,,
2025,2025-11-01,White Pine,5243,2834,652,31,280,1421,25,,
2025,2025-11-01,TOTALS,2105361,597126,592965,14995,90252,775915,34108,,
2025,2025-12-01,Carson City,38029,14307,8978,387,1884,12072,401,,
2025,2025-12-01,Churchill,16781,8812,1967,139,738,4969,156,,
2025,2025-12-01,Clark,1563344,380913,464384,9869,63979,617338,26861,,
2025,2025-12-01,Douglas,41328,21140,7210,354,1861,10709,54,,
2025,2025-12-01,Elko,28751,15047,3131,265,1251,8845,212,,
2025,2025-12-01,Esmeralda,554,319,43,8,25,151,8,,
2025,2025-12-01,Eureka,1210,785,65,6,60,286,8,,
2025,2025-12-01,Humboldt,10080,5434,1192,76,392,2917,69,,
2025,2025-12-01,Lander,3686,2105,356,34,131,1038,22,,
2025,2025-12-01,Lincoln,2843,1851,246,16,130,587,13,,
2025,2025-12-01,Lyon,43004,19616,6031,445,2135,14404,373,,
2025,2025-12-01,Mineral,2976,1173,568,20,154,1052,9,,
2025,2025-12-01,Nye,36244,15684,5363,283,1971,12667,276,,
2025,2025-12-01,Pershing,2950,1551,393,17,131,836,22,,
2025,2025-12-01,Storey,3650,1779,572,48,183,1050,18,,
2025,2025-12-01,Washoe,315749,102823,91876,3004,14986,97474,5586,,
2025,2025-12-01,White Pine,5274,2825,654,31,280,1458,26,,
2025,2025-12-01,TOTALS,2116453,596164,593029,15002,90291,787853,34114,,
2026,2026-01-01,Carson City,38324,14333,8992,385,1897,12311,406,,
2026,2026-01-01,Churchill,16927,8823,1966,138,743,5102,155,,
2026,2026-01-01,Clark,1573587,380808,464946,9885,64064,626963,26921,,
2026,2026-01-01,Douglas,41549,21164,7223,353,1870,10896,43,,
2026,2026-01-01,Elko,28987,15072,3146,266,1247,9041,215,,
2026,2026-01-01,Esmeralda,552,319,42,8,25,150,8,,
2026,2026-01-01,Eureka,1216,786,64,6,61,291,8,,
2026,2026-01-01,Humboldt,10167,5447,1191,75,396,2986,72,,
2026,2026-01-01,Lander,3701,2114,355,34,130,1046,22,,
2026,2026-01-01,Lincoln,2828,1841,243,16,130,586,12,,
2026,2026-01-01,Lyon,43298,19676,6048,446,2142,14617,369,,
2026,2026-01-01,Mineral,2961,1158,564,19,150,1061,9,,
2026,2026-01-01,Nye,36507,15733,5386,284,1976,12850,278,,
2026,2026-01-01,Pershing,2951,1543,393,17,131,845,22,,
2026,2026-01-01,Storey,3689,1791,578,48,184,1071,17,,
2026,2026-01-01,Washoe,316203,102923,91951,2991,15007,97744,5587,,
2026,2026-01-01,White Pine,5311,2825,652,29,283,1496,26,,
2026,2026-01-01,TOTALS,2128758,596356,593740,15000,90436,799056,34170,,
2026,2026-02-01,Carson City,38370,14289,8989,383,1886,12419,404,,
2026,2026-02-01,Churchill,16987,8806,1973,139,741,5169,159,,
2026,2026-02-01,Clark,1580237,379850,464872,9864,64074,634662,26915,,
2026,2026-02-01,Douglas,41553,21142,7200,344,1866,10957,44,,
2026,2026-02-01,Elko,29210,15071,3161,266,1256,9245,211,,
2026,2026-02-01,Esmeralda,577,319,42,8,25,174,9,,
2026,2026-02-01,Eureka,1223,785,62,6,62,300,8,,
2026,2026-02-01,Humboldt,10204,5438,1184,74,399,3038,71,,
2026,2026-02-01,Lander,3713,2107,355,34,131,1064,22,,
2026,2026-02-01,Lincoln,2812,1831,241,14,124,591,11,,
2026,2026-02-01,Lyon,43529,19683,6074,450,2147,14812,363,,
2026,2026-02-01,Mineral,2988,1168,564,19,152,1076,9,,
2026,2026-02-01,Nye,36992,15815,5426,292,1986,13200,273,,
2026,2026-02-01,Pershing,2949,1538,387,17,133,852,22,,
2026,2026-02-01,Storey,3671,1782,576,48,182,1066,17,,
2026,2026-02-01,Washoe,320167,102824,92170,3003,15078,101474,5618,,
2026,2026-02-01,White Pine,5198,2764,636,29,272,1474,23,,
2026,2026-02-01,TOTALS,2140380,595212,593912,14990,90514,811573,34179,,
2026,2026-03-01,Carson City,38278,14201,8966,387,1870,12451,403,,
2026,2026-03-01,Churchill,16911,8735,1972,139,730,5178,157,,
2026,2026-03-01,Clark,1488114,359616,437614,9081,59583,597264,24956,,
2026,2026-03-01,Douglas,41525,21071,7189,344,1855,11020,46,,
2026,2026-03-01,Elko,29099,14911,3136,262,1242,9341,207,,
2026,2026-03-01,Esmeralda,576,314,43,7,25,178,9,,
2026,2026-03-01,Eureka,1221,779,64,6,61,303,8,,
2026,2026-03-01,Humboldt,10172,5375,1178,74,400,3075,70,,
2026,2026-03-01,Lander,3659,2078,348,31,127,1055,20,,
2026,2026-03-01,Lincoln,2823,1830,240,14,125,603,11,,
2026,2026-03-01,Lyon,43311,19465,5993,445,2104,14955,349,,
2026,2026-03-01,Mineral,3011,1157,562,19,154,1110,9,,
2026,2026-03-01,Nye,36598,15605,5341,284,1955,13142,271,,
2026,2026-03-01,Pershing,2991,1558,382,17,133,880,21,,
2026,2026-03-01,Storey,3625,1749,574,46,179,1060,17,,
2026,2026-03-01,Washoe,313631,99756,89496,2866,14561,101548,5404,,
2026,2026-03-01,White Pine,5207,2751,635,29,265,1506,21,,
2026,2026-03-01,TOTALS,2040752,570951,563733,14051,85369,774669,31979,,
2026,2026-04-01,Carson City,38613,14279,9066,386,1879,12603,400,,
2026,2026-04-01,Churchill,17055,8767,1991,139,727,5273,158,,
2026,2026-04-01,Clark,1501785,361407,441110,9121,59942,605127,25078,,
2026,2026-04-01,Douglas,41776,21171,7222,341,1855,11142,45,,
2026,2026-04-01,Elko,29428,14993,3190,264,1245,9527,209,,
2026,2026-04-01,Esmeralda,616,334,46,8,27,192,9,,
2026,2026-04-01,Eureka,1238,783,65,6,61,315,8,,
2026,2026-04-01,Humboldt,10289,5396,1180,77,401,3162,73,,
2026,2026-04-01,Lander,3673,2084,348,32,125,1066,18,,
2026,2026-04-01,Lincoln,2843,1840,239,14,128,611,11,,
2026,2026-04-01,Lyon,43807,19627,6045,448,2112,15234,341,,
2026,2026-04-01,Mineral,2924,1135,551,19,151,1059,9,,
2026,2026-04-01,Nye,36970,15726,5413,287,1957,13320,267,,
2026,2026-04-01,Pershing,3005,1566,379,17,135,887,21,,
2026,2026-04-01,Storey,3666,1756,587,44,178,1084,17,,
2026,2026-04-01,Washoe,318606,100888,90709,2883,14679,103995,5452,,
2026,2026-04-01,White Pine,5263,2770,637,30,266,1539,21,,
2026,2026-04-01,TOTALS,2061557,574522,568778,14116,85868,786136,32137,,
2026,2026-05-01,Carson City,38713,14312,9140,384,1875,12603,399,,
2026,2026-05-01,Churchill,17109,8785,1993,141,726,5307,157,,
2026,2026-05-01,Clark,1508310,363023,444955,9096,59813,606425,24998,,
2026,2026-05-01,Douglas,41855,21251,7278,339,1836,11107,44,,
2026,2026-05-01,Elko,29531,15027,3207,266,1244,9579,208,,
2026,2026-05-01,Esmeralda,625,347,44,8,27,190,9,,
2026,2026-05-01,Eureka,1242,787,65,6,61,315,8,,
2026,2026-05-01,Humboldt,10358,5424,1182,77,403,3198,74,,
2026,2026-05-01,Lander,3684,2099,350,33,125,1060,17,,
2026,2026-05-01,Lincoln,2856,1853,241,13,129,609,11,,
2026,2026-05-01,Lyon,43946,19766,6078,445,2082,15240,335,,
2026,2026-05-01,Mineral,2940,1141,552,19,150,1069,9,,
2026,2026-05-01,Nye,37123,15842,5430,286,1958,13347,260,,
2026,2026-05-01,Pershing,3018,1577,381,17,134,890,19,,
2026,2026-05-01,Storey,3687,1763,591,44,183,1089,17,,
2026,2026-05-01,Washoe,321228,101939,92006,2895,14668,104313,5407,,
2026,2026-05-01,White Pine,5289,2801,635,30,268,1532,23,,
2026,2026-05-01,TOTALS,2071514,577737,574128,14099,85682,787873,31995,,
2026,2026-06-01,Carson City,39216,14503,9350,379,1828,12762,394,,
2026,2026-06-01,Churchill,17355,8858,2001,149,725,5462,160,,
2026,2026-06-01,Clark,1522503,364966,451030,9070,59524,613155,24758,,
2026,2026-06-01,Douglas,42244,21379,7328,342,1822,11324,49,,
2026,2026-06-01,Elko,29680,15041,3250,265,1253,9662,209,,
2026,2026-06-01,Esmeralda,618,349,43,8,24,185,9,,
2026,2026-06-01,Eureka,1264,801,67,6,59,323,8,,
2026,2026-06-01,Humboldt,10518,5447,1190,77,402,3329,73,,
2026,2026-06-01,Lander,3719,2116,354,33,126,1073,17,,
2026,2026-06-01,Lincoln,2900,1885,238,13,127,626,11,,
2026,2026-06-01,Lyon,44536,19939,6141,437,2081,15616,322,,
2026,2026-06-01,Mineral,2968,1141,556,19,151,1093,8,,
2026,2026-06-01,Nye,37793,16071,5475,285,1950,13762,250,,
2026,2026-06-01,Pershing,3052,1604,380,17,130,902,19,,
2026,2026-06-01,Storey,3680,1768,580,45,180,1091,16,,
2026,2026-06-01,Washoe,325708,102721,93307,2878,14610,106829,5363,,
2026,2026-06-01,White Pine,5355,2829,630,30,273,1571,22,,
2026,2026-06-01,TOTALS,2093109,581418,581920,14053,85265,798765,31688,,
2026,2026-07-01,Carson City,39084,14251,9228,379,1836,12994,396,,
2026,2026-07-01,Churchill,17162,8742,1972,151,717,5422,158,,
2026,2026-07-01,Clark,1539205,365733,452551,9108,59777,627163,24873,,
2026,2026-07-01,Douglas,41624,21118,7191,336,1785,11148,46,,
2026,2026-07-01,Elko,30147,15046,3255,267,1269,10100,210,,
2026,2026-07-01,Esmeralda,615,347,42,8,24,185,9,,
2026,2026-07-01,Eureka,1274,806,66,6,60,329,7,,
2026,2026-07-01,Humboldt,10364,5333,1181,75,398,3303,74,,
2026,2026-07-01,Lander,3739,2117,354,32,127,1092,17,,
2026,2026-07-01,Lincoln,2855,1853,234,13,120,625,10,,
2026,2026-07-01,Lyon,44685,19936,6133,436,2078,15782,320,,
2026,2026-07-01,Mineral,2963,1134,555,18,148,1099,9,,
2026,2026-07-01,Nye,38112,16129,5498,285,1961,13995,244,,
2026,2026-07-01,Pershing,3066,1597,377,18,130,926,18,,
2026,2026-07-01,Storey,3673,1747,574,45,180,1113,14,,
2026,2026-07-01,Washoe,328424,103000,93686,2894,14678,108753,5413,,
2026,2026-07-01,White Pine,5274,2779,608,28,272,1567,20,,
2026,2026-07-01,TOTALS,2112266,581668,583505,14099,85560,815596,31838,,
2026,2026-08-01,Carson City,39390,14281,9266,376,1845,13226,396,,
2026,2026-08-01,Churchill,16968,8628,1946,149,696,5391,158,,
2026,2026-08-01,Clark,1497321,356149,440358,8720,57696,610333,24065,,
2026,2026-08-01,Douglas,41391,20968,7131,336,1766,11144,46,,
2026,2026-08-01,Elko,29220,14587,3155,265,1214,9794,205,,
2026,2026-08-01,Esmeralda,593,339,38,8,22,177,9,,
2026,2026-08-01,Eureka,1265,803,64,6,60,325,7,,
2026,2026-08-01,Humboldt,10280,5245,1170,76,389,3330,70,,
2026,2026-08-01,Lander,3597,2045,336,31,122,1046,17,,
2026,2026-08-01,Lincoln,2826,1837,229,12,121,618,9,,
2026,2026-08-01,Lyon,43499,19455,5980,422,2030,15310,302,,
2026,2026-08-01,Mineral,2986,1140,548,18,148,1123,9,,
2026,2026-08-01,Nye,36907,15654,5357,273,1892,13506,225,,
2026,2026-08-01,Pershing,3002,1563,374,17,123,911,14,,
2026,2026-08-01,Storey,3636,1724,569,46,181,1101,15,,
2026,2026-08-01,Washoe,323945,101465,92212,2836,14327,107866,5239,,
2026,2026-08-01,White Pine,5310,2782,604,29,271,1604,20,,
2026,2026-08-01,TOTALS,2062136,568665,569337,13620,82903,796805,30806,,
