COUNTY,REP,DEM,Minor,None,Total,YEAR,MO,Date
ALACHUA,50482,85522,4155,39250,179409,2017,1,01/31/2017
BAKER,7866,5912,185,1477,15440,2017,1,01/31/2017
BAY,61365,31751,920,24797,118833,2017,1,01/31/2017
BRADFORD,7252,6279,252,2059,15842,2017,1,01/31/2017
BREVARD,172254,128671,3005,103464,407394,2017,1,01/31/2017
BROWARD,258326,603884,18960,312572,1193742,2017,1,01/31/2017
CALHOUN,2300,5399,32,906,8637,2017,1,01/31/2017
CHARLOTTE,57169,36328,5462,30968,129927,2017,1,01/31/2017
CITRUS,49582,30499,691,26011,106783,2017,1,01/31/2017
CLAY,80100,32030,990,33707,146827,2017,1,01/31/2017
COLLIER,104770,49002,842,52169,206783,2017,1,01/31/2017
COLUMBIA,16769,14543,926,5962,38200,2017,1,01/31/2017
DESOTO,5182,7474,44,3362,16062,2017,1,01/31/2017
DIXIE,3712,4704,48,1508,9972,2017,1,01/31/2017
DUVAL,220705,241105,17011,111944,590765,2017,1,01/31/2017
ESCAMBIA,94862,73052,1317,42725,211956,2017,1,01/31/2017
FLAGLER,31998,25471,1766,21036,80271,2017,1,01/31/2017
FRANKLIN,2300,4158,51,924,7433,2017,1,01/31/2017
GADSDEN,4507,22445,310,2383,29645,2017,1,01/31/2017
GILCHRIST,6109,3504,301,1412,11326,2017,1,01/31/2017
GLADES,2387,3105,135,1050,6677,2017,1,01/31/2017
GULF,4674,4327,180,1088,10269,2017,1,01/31/2017
HAMILTON,2329,4765,53,965,8112,2017,1,01/31/2017
HARDEE,5043,4681,238,1810,11772,2017,1,01/31/2017
HENDRY,6200,8238,306,2942,17686,2017,1,01/31/2017
HERNANDO,53860,43343,1132,34164,132499,2017,1,01/31/2017
HIGHLANDS,28145,20294,431,13387,62257,2017,1,01/31/2017
HILLSBOROUGH,267965,336298,5801,242539,852603,2017,1,01/31/2017
HOLMES,6044,4020,29,1241,11334,2017,1,01/31/2017
INDIAN RIVER,49932,29226,815,27306,107279,2017,1,01/31/2017
JACKSON,10095,15675,83,2988,28841,2017,1,01/31/2017
JEFFERSON,2752,5715,51,976,9494,2017,1,01/31/2017
LAFAYETTE,1544,2607,18,295,4464,2017,1,01/31/2017
LAKE,98614,70531,7543,49063,225751,2017,1,01/31/2017
LEE,188103,118606,2846,122589,432144,2017,1,01/31/2017
LEON,57425,109158,1413,38535,206531,2017,1,01/31/2017
LEVY,12355,9459,608,4559,26981,2017,1,01/31/2017
LIBERTY,746,3375,24,360,4505,2017,1,01/31/2017
MADISON,3272,7168,209,1042,11691,2017,1,01/31/2017
MANATEE,101360,71770,1764,58354,233248,2017,1,01/31/2017
MARION,100784,76406,2126,47384,226700,2017,1,01/31/2017
MARTIN,55588,28006,822,26995,111411,2017,1,01/31/2017
MIAMI-DADE,374420,593773,5362,423357,1396912,2017,1,01/31/2017
MONROE,21240,17932,342,15278,54792,2017,1,01/31/2017
NASSAU,35674,14000,513,11972,62159,2017,1,01/31/2017
OKALOOSA,79436,26590,831,30713,137570,2017,1,01/31/2017
OKEECHOBEE,8477,7652,75,3932,20136,2017,1,01/31/2017
ORANGE,214554,335567,4937,232531,787589,2017,1,01/31/2017
OSCEOLA,47636,87691,4015,61297,200639,2017,1,01/31/2017
PALM BEACH,256454,385248,31504,234172,907378,2017,1,01/31/2017
PASCO,131294,107464,3835,94944,337537,2017,1,01/31/2017
PINELLAS,229365,229041,5217,177949,641572,2017,1,01/31/2017
POLK,146995,150346,11788,101773,410902,2017,1,01/31/2017
PUTNAM,18265,20426,976,8367,48034,2017,1,01/31/2017
SANTA ROSA,77292,26545,1037,27856,132730,2017,1,01/31/2017
SARASOTA,130719,93147,2001,79217,305084,2017,1,01/31/2017
SEMINOLE,111480,98639,2033,80728,292880,2017,1,01/31/2017
ST. JOHNS,92620,41013,1291,39882,174806,2017,1,01/31/2017
ST. LUCIE,62614,78054,1216,51978,193862,2017,1,01/31/2017
SUMTER,49432,23552,2993,17025,93002,2017,1,01/31/2017
SUWANNEE,11461,10858,1047,3173,26539,2017,1,01/31/2017
TAYLOR,4299,6915,69,1118,12401,2017,1,01/31/2017
UNION,3035,3478,132,637,7282,2017,1,01/31/2017
VOLUSIA,129395,129590,11906,96819,367710,2017,1,01/31/2017
WAKULLA,7948,8742,552,2884,20126,2017,1,01/31/2017
WALTON,27737,9808,273,9291,47109,2017,1,01/31/2017
WASHINGTON,7719,5607,233,1846,15405,2017,1,01/31/2017
TOTALS,4576388,4900184,178073,3307007,12961652,2017,1,01/31/2017
ALACHUA,50620,85627,1501,41863,179611,2017,2,02/28/2017
BAKER,7929,5894,45,1592,15460,2017,2,02/28/2017
BAY,61075,31567,936,24618,118196,2017,2,02/28/2017
BRADFORD,7270,6266,108,2223,15867,2017,2,02/28/2017
BREVARD,172715,128802,3085,103864,408466,2017,2,02/28/2017
BROWARD,257461,601369,5629,324967,1189426,2017,2,02/28/2017
CALHOUN,2314,5351,32,904,8601,2017,2,02/28/2017
CHARLOTTE,57795,36632,1102,34843,130372,2017,2,02/28/2017
CITRUS,49866,30572,707,26027,107172,2017,2,02/28/2017
CLAY,80218,32145,1018,33757,147138,2017,2,02/28/2017
COLLIER,105054,49116,857,51991,207018,2017,2,02/28/2017
COLUMBIA,16864,14518,223,6634,38239,2017,2,02/28/2017
DESOTO,5202,7454,47,3384,16087,2017,2,02/28/2017
DIXIE,3742,4696,47,1501,9986,2017,2,02/28/2017
DUVAL,220222,240358,4374,123403,588357,2017,2,02/28/2017
ESCAMBIA,93853,72263,1310,41813,209239,2017,2,02/28/2017
FLAGLER,32148,25494,563,22223,80428,2017,2,02/28/2017
FRANKLIN,2328,4155,52,917,7452,2017,2,02/28/2017
GADSDEN,4526,22438,75,2623,29662,2017,2,02/28/2017
GILCHRIST,6161,3525,138,1577,11401,2017,2,02/28/2017
GLADES,2424,3090,63,1133,6710,2017,2,02/28/2017
GULF,4699,4307,69,1194,10269,2017,2,02/28/2017
HAMILTON,2337,4754,54,967,8112,2017,2,02/28/2017
HARDEE,5047,4675,116,1949,11787,2017,2,02/28/2017
HENDRY,6226,8232,149,3106,17713,2017,2,02/28/2017
HERNANDO,52797,41998,1093,32998,128886,2017,2,02/28/2017
HIGHLANDS,28109,20185,432,13359,62085,2017,2,02/28/2017
HILLSBOROUGH,266587,331522,5931,237354,841394,2017,2,02/28/2017
HOLMES,6059,3995,29,1237,11320,2017,2,02/28/2017
INDIAN RIVER,49932,29183,829,27396,107340,2017,2,02/28/2017
JACKSON,10114,15634,85,2994,28827,2017,2,02/28/2017
JEFFERSON,2759,5706,50,970,9485,2017,2,02/28/2017
LAFAYETTE,1551,2604,18,290,4463,2017,2,02/28/2017
LAKE,99181,70686,1633,54613,226113,2017,2,02/28/2017
LEE,188406,118734,2897,123170,433207,2017,2,02/28/2017
LEON,57487,109174,1431,38571,206663,2017,2,02/28/2017
LEVY,12399,9446,607,4518,26970,2017,2,02/28/2017
LIBERTY,750,3373,24,359,4506,2017,2,02/28/2017
MADISON,3281,7162,43,1217,11703,2017,2,02/28/2017
MANATEE,101681,71834,1784,58442,233741,2017,2,02/28/2017
MARION,100804,76283,2139,47493,226719,2017,2,02/28/2017
MARTIN,55001,27602,825,26450,109878,2017,2,02/28/2017
MIAMI-DADE,374378,593512,5482,423961,1397333,2017,2,02/28/2017
MONROE,21319,17933,359,15210,54821,2017,2,02/28/2017
NASSAU,35848,14030,531,12000,62409,2017,2,02/28/2017
OKALOOSA,79609,26611,860,30764,137844,2017,2,02/28/2017
OKEECHOBEE,8529,7638,79,3895,20141,2017,2,02/28/2017
ORANGE,214741,335918,5040,232781,788480,2017,2,02/28/2017
OSCEOLA,47860,88025,903,64756,201544,2017,2,02/28/2017
PALM BEACH,256767,385254,6274,260221,908516,2017,2,02/28/2017
PASCO,129206,105333,3796,93046,331381,2017,2,02/28/2017
PINELLAS,230222,229515,5387,176714,641838,2017,2,02/28/2017
POLK,143133,144181,2727,105988,396029,2017,2,02/28/2017
PUTNAM,18375,20410,264,9094,48143,2017,2,02/28/2017
SANTA ROSA,77553,26571,1060,27994,133178,2017,2,02/28/2017
SARASOTA,131245,93455,2032,79112,305844,2017,2,02/28/2017
SEMINOLE,111497,98642,2054,80583,292776,2017,2,02/28/2017
ST. JOHNS,92978,41071,1315,39772,175136,2017,2,02/28/2017
ST. LUCIE,62867,78174,1028,52291,194360,2017,2,02/28/2017
SUMTER,49788,23664,596,19221,93269,2017,2,02/28/2017
SUWANNEE,11391,10710,962,3203,26266,2017,2,02/28/2017
TAYLOR,4325,6889,68,1126,12408,2017,2,02/28/2017
UNION,3039,3477,42,728,7286,2017,2,02/28/2017
VOLUSIA,129721,129627,2800,106352,368500,2017,2,02/28/2017
WAKULLA,7873,8610,175,3192,19850,2017,2,02/28/2017
WALTON,27462,9704,274,9139,46579,2017,2,02/28/2017
WASHINGTON,7742,5589,196,1896,15423,2017,2,02/28/2017
TOTALS,4572462,4882964,86454,3383543,12925423,2017,2,02/28/2017
ALACHUA,50679,85689,1520,41952,179840,2017,3,03/31/2017
BAKER,7956,5889,46,1595,15486,2017,3,03/31/2017
BAY,60368,31129,940,24108,116545,2017,3,03/31/2017
BRADFORD,7298,6268,110,2237,15913,2017,3,03/31/2017
BREVARD,172706,128678,3183,103922,408489,2017,3,03/31/2017
BROWARD,256882,599073,5758,323439,1185152,2017,3,03/31/2017
CALHOUN,2315,5332,31,909,8587,2017,3,03/31/2017
CHARLOTTE,58029,36674,1120,34902,130725,2017,3,03/31/2017
CITRUS,49925,30489,717,25980,107111,2017,3,03/31/2017
CLAY,80253,32263,1046,33865,147427,2017,3,03/31/2017
COLLIER,105082,49069,864,51983,206998,2017,3,03/31/2017
COLUMBIA,16891,14442,228,6584,38145,2017,3,03/31/2017
DESOTO,5214,7455,50,3401,16120,2017,3,03/31/2017
DIXIE,3743,4679,46,1504,9972,2017,3,03/31/2017
DUVAL,218742,238065,4413,121203,582423,2017,3,03/31/2017
ESCAMBIA,93831,72200,1329,41831,209191,2017,3,03/31/2017
FLAGLER,32279,25537,569,22287,80672,2017,3,03/31/2017
FRANKLIN,2331,4140,52,927,7450,2017,3,03/31/2017
GADSDEN,4528,22433,74,2631,29666,2017,3,03/31/2017
GILCHRIST,6162,3521,135,1590,11408,2017,3,03/31/2017
GLADES,2437,3069,72,1138,6716,2017,3,03/31/2017
GULF,4726,4292,72,1197,10287,2017,3,03/31/2017
HAMILTON,2368,4735,54,973,8130,2017,3,03/31/2017
HARDEE,5059,4671,117,1970,11817,2017,3,03/31/2017
HENDRY,6090,7974,144,2994,17202,2017,3,03/31/2017
HERNANDO,52987,42090,1097,33128,129302,2017,3,03/31/2017
HIGHLANDS,27777,19775,413,13160,61125,2017,3,03/31/2017
HILLSBOROUGH,263370,323445,5857,230601,823273,2017,3,03/31/2017
HOLMES,6040,3959,29,1230,11258,2017,3,03/31/2017
INDIAN RIVER,49950,29166,847,27317,107280,2017,3,03/31/2017
JACKSON,10028,15545,85,2952,28610,2017,3,03/31/2017
JEFFERSON,2763,5707,50,976,9496,2017,3,03/31/2017
LAFAYETTE,1557,2594,18,293,4462,2017,3,03/31/2017
LAKE,99641,70955,1642,55008,227246,2017,3,03/31/2017
LEE,188848,118997,2945,123766,434556,2017,3,03/31/2017
LEON,57565,109135,1439,38650,206789,2017,3,03/31/2017
LEVY,12459,9441,602,4552,27054,2017,3,03/31/2017
LIBERTY,750,3364,13,372,4499,2017,3,03/31/2017
MADISON,3289,7151,43,1214,11697,2017,3,03/31/2017
MANATEE,101888,71908,1793,58659,234248,2017,3,03/31/2017
MARION,100783,76200,2148,47746,226877,2017,3,03/31/2017
MARTIN,54556,27256,860,25915,108587,2017,3,03/31/2017
MIAMI-DADE,374260,593482,5589,424988,1398319,2017,3,03/31/2017
MONROE,21371,17940,380,15252,54943,2017,3,03/31/2017
NASSAU,35873,14002,541,11978,62394,2017,3,03/31/2017
OKALOOSA,79737,26673,890,30898,138198,2017,3,03/31/2017
OKEECHOBEE,8557,7625,80,3907,20169,2017,3,03/31/2017
ORANGE,215649,337215,5146,234327,792337,2017,3,03/31/2017
OSCEOLA,47398,87095,922,64124,199539,2017,3,03/31/2017
PALM BEACH,258235,386340,6579,258879,910033,2017,3,03/31/2017
PASCO,129427,105349,3827,93275,331878,2017,3,03/31/2017
PINELLAS,229852,228823,5449,176374,640498,2017,3,03/31/2017
POLK,143668,144519,2775,106836,397798,2017,3,03/31/2017
PUTNAM,18452,20389,271,9132,48244,2017,3,03/31/2017
SANTA ROSA,77714,26583,1076,28138,133511,2017,3,03/31/2017
SARASOTA,131445,93591,2055,79370,306461,2017,3,03/31/2017
SEMINOLE,110120,97280,2047,79289,288736,2017,3,03/31/2017
ST. JOHNS,93275,41180,1337,39807,175599,2017,3,03/31/2017
ST. LUCIE,62614,77507,1035,51766,192922,2017,3,03/31/2017
SUMTER,49626,23511,575,19057,92769,2017,3,03/31/2017
SUWANNEE,11441,10686,229,3906,26262,2017,3,03/31/2017
TAYLOR,4339,6874,67,1131,12411,2017,3,03/31/2017
UNION,3047,3462,42,724,7275,2017,3,03/31/2017
VOLUSIA,130259,129865,2861,106998,369983,2017,3,03/31/2017
WAKULLA,7820,8496,171,3125,19612,2017,3,03/31/2017
WALTON,27559,9715,281,9150,46705,2017,3,03/31/2017
WASHINGTON,7781,5584,48,2059,15472,2017,3,03/31/2017
TOTALS,4569664,4868240,86844,3375151,12899899,2017,3,03/31/2017
ALACHUA,50633,85567,1498,41981,179679,2017,4,04/30/2017
BAKER,7973,5882,46,1601,15502,2017,4,04/30/2017
BAY,60393,31052,956,24182,116583,2017,4,04/30/2017
BRADFORD,7308,6261,113,2252,15934,2017,4,04/30/2017
BREVARD,171850,127932,1799,104691,406272,2017,4,04/30/2017
BROWARD,256561,597626,5878,323041,1183106,2017,4,04/30/2017
CALHOUN,2327,5320,18,923,8588,2017,4,04/30/2017
CHARLOTTE,58215,36752,389,35650,131006,2017,4,04/30/2017
CITRUS,49722,30129,359,26083,106293,2017,4,04/30/2017
CLAY,80337,32312,549,34498,147696,2017,4,04/30/2017
COLLIER,102449,46418,547,48612,198026,2017,4,04/30/2017
COLUMBIA,16926,14409,157,6613,38105,2017,4,04/30/2017
DESOTO,5228,7436,51,3414,16129,2017,4,04/30/2017
DIXIE,3749,4659,19,1531,9958,2017,4,04/30/2017
DUVAL,218209,237376,2515,122772,580872,2017,4,04/30/2017
ESCAMBIA,93875,72142,848,42371,209236,2017,4,04/30/2017
FLAGLER,32313,25470,279,22547,80609,2017,4,04/30/2017
FRANKLIN,2339,4134,53,929,7455,2017,4,04/30/2017
GADSDEN,4510,22258,75,2586,29429,2017,4,04/30/2017
GILCHRIST,6169,3522,135,1601,11427,2017,4,04/30/2017
GLADES,2449,3043,70,1135,6697,2017,4,04/30/2017
GULF,4729,4287,74,1206,10296,2017,4,04/30/2017
HAMILTON,2336,4641,14,992,7983,2017,4,04/30/2017
HARDEE,5070,4672,117,1981,11840,2017,4,04/30/2017
HENDRY,6032,7889,31,3071,17023,2017,4,04/30/2017
HERNANDO,53136,42152,444,33923,129655,2017,4,04/30/2017
HIGHLANDS,27034,18867,106,12897,58904,2017,4,04/30/2017
HILLSBOROUGH,263628,323492,3191,233917,824228,2017,4,04/30/2017
HOLMES,6047,3914,16,1238,11215,2017,4,04/30/2017
INDIAN RIVER,50090,29262,311,28055,107718,2017,4,04/30/2017
JACKSON,10059,15535,50,2993,28637,2017,4,04/30/2017
JEFFERSON,2759,5703,17,1015,9494,2017,4,04/30/2017
LAFAYETTE,1564,2585,16,295,4460,2017,4,04/30/2017
LAKE,99952,71052,659,56332,227995,2017,4,04/30/2017
LEE,189056,119119,2953,123954,435082,2017,4,04/30/2017
LEON,57574,109156,813,39389,206932,2017,4,04/30/2017
LEVY,12482,9407,388,4740,27017,2017,4,04/30/2017
LIBERTY,724,3233,9,339,4305,2017,4,04/30/2017
MADISON,3295,7147,21,1239,11702,2017,4,04/30/2017
MANATEE,102066,71999,718,59924,234707,2017,4,04/30/2017
MARION,101044,76271,819,49290,227424,2017,4,04/30/2017
MARTIN,54739,27365,285,26397,108786,2017,4,04/30/2017
MIAMI-DADE,373488,591198,2561,427481,1394728,2017,4,04/30/2017
MONROE,21416,17947,244,15410,55017,2017,4,04/30/2017
NASSAU,36006,14030,271,12341,62648,2017,4,04/30/2017
OKALOOSA,78340,25988,662,30172,135162,2017,4,04/30/2017
OKEECHOBEE,8371,7357,47,3764,19539,2017,4,04/30/2017
ORANGE,215846,337710,5242,235380,794178,2017,4,04/30/2017
OSCEOLA,47380,87075,472,64710,199637,2017,4,04/30/2017
PALM BEACH,258874,386862,2380,263210,911326,2017,4,04/30/2017
PASCO,129771,105621,1223,96436,333051,2017,4,04/30/2017
PINELLAS,230001,228827,3025,179070,640923,2017,4,04/30/2017
POLK,144000,144763,1262,109126,399151,2017,4,04/30/2017
PUTNAM,18464,20370,125,9331,48290,2017,4,04/30/2017
SANTA ROSA,77886,26619,677,28688,133870,2017,4,04/30/2017
SARASOTA,131678,93701,1112,80589,307080,2017,4,04/30/2017
SEMINOLE,109322,96435,1233,79457,286447,2017,4,04/30/2017
ST. JOHNS,92980,41042,1317,39549,174888,2017,4,04/30/2017
ST. LUCIE,62780,77644,386,52633,193443,2017,4,04/30/2017
SUMTER,49067,22970,189,19039,91265,2017,4,04/30/2017
SUWANNEE,11434,10639,94,4000,26167,2017,4,04/30/2017
TAYLOR,4346,6804,66,1135,12351,2017,4,04/30/2017
UNION,3046,3445,42,719,7252,2017,4,04/30/2017
VOLUSIA,130549,129906,1302,109014,370771,2017,4,04/30/2017
WAKULLA,7839,8482,60,3227,19608,2017,4,04/30/2017
WALTON,27681,9729,286,9208,46904,2017,4,04/30/2017
WASHINGTON,7751,5560,49,2060,15420,2017,4,04/30/2017
TOTALS,4565267,4858172,51733,3407949,12883121,2017,4,04/30/2017
ALACHUA,50672,85581,1076,42520,179849,2017,5,05/31/2017
BAKER,7880,5826,44,1580,15330,2017,5,05/31/2017
BAY,59708,30461,642,23905,114716,2017,5,05/31/2017
BRADFORD,7335,6255,58,2318,15966,2017,5,05/31/2017
BREVARD,172239,128000,1921,105087,407247,2017,5,05/31/2017
BROWARD,256436,597459,2660,326554,1183109,2017,5,05/31/2017
CALHOUN,2329,5316,19,921,8585,2017,5,05/31/2017
CHARLOTTE,58039,36612,413,35469,130533,2017,5,05/31/2017
CITRUS,49580,29900,377,25865,105722,2017,5,05/31/2017
CLAY,80393,32354,596,34590,147933,2017,5,05/31/2017
COLLIER,102809,46623,566,48901,198899,2017,5,05/31/2017
COLUMBIA,16943,14390,164,6612,38109,2017,5,05/31/2017
DESOTO,5253,7425,25,3471,16174,2017,5,05/31/2017
DIXIE,3763,4656,20,1547,9986,2017,5,05/31/2017
DUVAL,217979,237040,2638,122940,580597,2017,5,05/31/2017
ESCAMBIA,92546,70539,863,40965,204913,2017,5,05/31/2017
FLAGLER,32416,25505,290,22628,80839,2017,5,05/31/2017
FRANKLIN,2354,4140,57,929,7480,2017,5,05/31/2017
GADSDEN,4541,22276,43,2641,29501,2017,5,05/31/2017
GILCHRIST,6155,3499,136,1611,11401,2017,5,05/31/2017
GLADES,2464,3030,14,1198,6706,2017,5,05/31/2017
GULF,4746,4279,25,1263,10313,2017,5,05/31/2017
HAMILTON,2278,4456,16,924,7674,2017,5,05/31/2017
HARDEE,5073,4669,121,1998,11861,2017,5,05/31/2017
HENDRY,6045,7902,34,3096,17077,2017,5,05/31/2017
HERNANDO,53290,42219,481,34039,130029,2017,5,05/31/2017
HIGHLANDS,26898,18601,111,12815,58425,2017,5,05/31/2017
HILLSBOROUGH,264209,324294,3383,235266,827152,2017,5,05/31/2017
HOLMES,5894,3625,13,1106,10638,2017,5,05/31/2017
INDIAN RIVER,50193,29309,332,28052,107886,2017,5,05/31/2017
JACKSON,10092,15515,54,2994,28655,2017,5,05/31/2017
JEFFERSON,2793,5727,19,1026,9565,2017,5,05/31/2017
LAFAYETTE,1572,2573,8,307,4460,2017,5,05/31/2017
LAKE,99960,71018,686,56350,228014,2017,5,05/31/2017
LEE,189416,119329,1195,126418,436358,2017,5,05/31/2017
LEON,57200,108441,833,39222,205696,2017,5,05/31/2017
LEVY,12402,9254,388,4690,26734,2017,5,05/31/2017
LIBERTY,725,3241,9,339,4314,2017,5,05/31/2017
MADISON,3299,7124,22,1248,11693,2017,5,05/31/2017
MANATEE,101542,71480,754,59476,233252,2017,5,05/31/2017
MARION,101289,76401,844,49541,228075,2017,5,05/31/2017
MARTIN,54816,27422,309,26372,108919,2017,5,05/31/2017
MIAMI-DADE,372768,589161,2787,426801,1391517,2017,5,05/31/2017
MONROE,21478,17915,284,15444,55121,2017,5,05/31/2017
NASSAU,36021,13988,281,12293,62583,2017,5,05/31/2017
OKALOOSA,77791,25712,703,29800,134006,2017,5,05/31/2017
OKEECHOBEE,8409,7339,52,3775,19575,2017,5,05/31/2017
ORANGE,216254,338429,2937,238962,796582,2017,5,05/31/2017
OSCEOLA,46965,86006,489,63885,197345,2017,5,05/31/2017
PALM BEACH,259675,387743,2770,263822,914010,2017,5,05/31/2017
PASCO,130211,105857,1307,96910,334285,2017,5,05/31/2017
PINELLAS,230315,228990,3194,179635,642134,2017,5,05/31/2017
POLK,144084,144697,1371,109135,399287,2017,5,05/31/2017
PUTNAM,17931,19514,126,8676,46247,2017,5,05/31/2017
SANTA ROSA,77965,26639,712,28840,134156,2017,5,05/31/2017
SARASOTA,132196,94076,1177,81116,308565,2017,5,05/31/2017
SEMINOLE,109216,96365,1270,79537,286388,2017,5,05/31/2017
ST. JOHNS,93323,41201,856,40312,175692,2017,5,05/31/2017
ST. LUCIE,62862,77712,435,52764,193773,2017,5,05/31/2017
SUMTER,48344,22609,196,18706,89855,2017,5,05/31/2017
SUWANNEE,11469,10587,104,3957,26117,2017,5,05/31/2017
TAYLOR,4355,6773,64,1140,12332,2017,5,05/31/2017
UNION,3046,3442,42,720,7250,2017,5,05/31/2017
VOLUSIA,130722,129925,1388,109352,371387,2017,5,05/31/2017
WAKULLA,7911,8543,64,3273,19791,2017,5,05/31/2017
WALTON,27811,9748,303,9270,47132,2017,5,05/31/2017
WASHINGTON,7782,5540,51,2079,15452,2017,5,05/31/2017
TOTALS,4564470,4852277,45222,3418998,12880967,2017,5,05/31/2017
ALACHUA,48440,81427,1043,39148,170058,2017,6,06/30/2017
BAKER,7859,5801,44,1589,15293,2017,6,06/30/2017
BAY,59856,30489,661,24085,115091,2017,6,06/30/2017
BRADFORD,7313,6211,58,2300,15882,2017,6,06/30/2017
BREVARD,172721,128262,2074,105769,408826,2017,6,06/30/2017
BROWARD,255173,594835,2874,325556,1178438,2017,6,06/30/2017
CALHOUN,2334,5313,20,928,8595,2017,6,06/30/2017
CHARLOTTE,58238,36692,461,35644,131035,2017,6,06/30/2017
CITRUS,49806,29951,397,26073,106227,2017,6,06/30/2017
CLAY,80703,32572,645,34795,148715,2017,6,06/30/2017
COLLIER,103159,46922,591,49312,199984,2017,6,06/30/2017
COLUMBIA,17008,14407,174,6654,38243,2017,6,06/30/2017
DESOTO,5262,7422,26,3488,16198,2017,6,06/30/2017
DIXIE,3776,4652,21,1550,9999,2017,6,06/30/2017
DUVAL,217251,236064,2739,122043,578097,2017,6,06/30/2017
ESCAMBIA,92273,70339,907,40822,204341,2017,6,06/30/2017
FLAGLER,31656,24609,295,21743,78303,2017,6,06/30/2017
FRANKLIN,2370,4136,63,938,7507,2017,6,06/30/2017
GADSDEN,4540,22276,45,2654,29515,2017,6,06/30/2017
GILCHRIST,6164,3488,138,1618,11408,2017,6,06/30/2017
GLADES,2481,3013,16,1191,6701,2017,6,06/30/2017
GULF,4762,4279,32,1263,10336,2017,6,06/30/2017
HAMILTON,2258,4399,17,914,7588,2017,6,06/30/2017
HARDEE,5089,4671,120,2021,11901,2017,6,06/30/2017
HENDRY,6054,7898,36,3125,17113,2017,6,06/30/2017
HERNANDO,53252,42112,522,34009,129895,2017,6,06/30/2017
HIGHLANDS,26942,18639,122,12936,58639,2017,6,06/30/2017
HILLSBOROUGH,263785,323538,3556,234957,825836,2017,6,06/30/2017
HOLMES,5821,3467,13,1062,10363,2017,6,06/30/2017
INDIAN RIVER,50337,29387,365,28205,108294,2017,6,06/30/2017
JACKSON,10114,15498,56,3024,28692,2017,6,06/30/2017
JEFFERSON,2788,5671,19,1027,9505,2017,6,06/30/2017
LAFAYETTE,1578,2569,8,308,4463,2017,6,06/30/2017
LAKE,100236,71136,712,56617,228701,2017,6,06/30/2017
LEE,189616,119417,1287,126953,437273,2017,6,06/30/2017
LEON,56932,107946,852,38783,204513,2017,6,06/30/2017
LEVY,12383,9201,384,4687,26655,2017,6,06/30/2017
LIBERTY,722,3233,9,340,4304,2017,6,06/30/2017
MADISON,3313,7121,23,1255,11712,2017,6,06/30/2017
MANATEE,101405,71444,801,59589,233239,2017,6,06/30/2017
MARION,101651,76566,873,49869,228959,2017,6,06/30/2017
MARTIN,55047,27560,334,26491,109432,2017,6,06/30/2017
MIAMI-DADE,371841,587630,2892,426388,1388751,2017,6,06/30/2017
MONROE,21532,17884,311,15552,55279,2017,6,06/30/2017
NASSAU,36214,14054,309,12388,62965,2017,6,06/30/2017
OKALOOSA,77996,25762,747,29969,134474,2017,6,06/30/2017
OKEECHOBEE,8432,7357,56,3792,19637,2017,6,06/30/2017
ORANGE,216751,339405,3063,240454,799673,2017,6,06/30/2017
OSCEOLA,47052,86257,514,64398,198221,2017,6,06/30/2017
PALM BEACH,260430,388911,3074,265237,917652,2017,6,06/30/2017
PASCO,130528,105978,1387,96924,334817,2017,6,06/30/2017
PINELLAS,229860,228649,3333,179688,641530,2017,6,06/30/2017
POLK,143237,143220,1424,108346,396227,2017,6,06/30/2017
PUTNAM,17954,19507,132,8718,46311,2017,6,06/30/2017
SANTA ROSA,78171,26653,750,28960,134534,2017,6,06/30/2017
SARASOTA,132217,94040,1241,81347,308845,2017,6,06/30/2017
SEMINOLE,109221,96493,1316,79649,286679,2017,6,06/30/2017
ST. JOHNS,93121,40899,912,39936,174868,2017,6,06/30/2017
ST. LUCIE,62669,77518,476,52689,193352,2017,6,06/30/2017
SUMTER,48529,22605,216,18746,90096,2017,6,06/30/2017
SUWANNEE,11474,10580,109,3973,26136,2017,6,06/30/2017
TAYLOR,4354,6734,67,1139,12294,2017,6,06/30/2017
UNION,3052,3438,42,727,7259,2017,6,06/30/2017
VOLUSIA,131009,130022,1487,109831,372349,2017,6,06/30/2017
WAKULLA,7929,8531,65,3290,19815,2017,6,06/30/2017
WALTON,27947,9763,189,9484,47383,2017,6,06/30/2017
WASHINGTON,7799,5541,52,2095,15487,2017,6,06/30/2017
TOTALS,4561787,4842064,47597,3419055,12870503,2017,6,06/30/2017
ALACHUA,48491,81491,1080,39337,170399,2017,7,07/31/2017
BAKER,7851,5767,46,1583,15247,2017,7,07/31/2017
BAY,60036,30496,680,24251,115463,2017,7,07/31/2017
BRADFORD,7343,6193,59,2312,15907,2017,7,07/31/2017
BREVARD,172736,128057,2248,106126,409167,2017,7,07/31/2017
BROWARD,255012,595533,3116,326284,1179945,2017,7,07/31/2017
CALHOUN,2334,5302,21,928,8585,2017,7,07/31/2017
CHARLOTTE,58372,36739,501,35776,131388,2017,7,07/31/2017
CITRUS,49993,29923,418,26179,106513,2017,7,07/31/2017
CLAY,80572,32473,689,34763,148497,2017,7,07/31/2017
COLLIER,103511,47102,620,49711,200944,2017,7,07/31/2017
COLUMBIA,17065,14408,184,6694,38351,2017,7,07/31/2017
DESOTO,5282,7409,27,3508,16226,2017,7,07/31/2017
DIXIE,3775,4641,24,1553,9993,2017,7,07/31/2017
DUVAL,216769,235188,2872,121961,576790,2017,7,07/31/2017
ESCAMBIA,92388,70313,968,41016,204685,2017,7,07/31/2017
FLAGLER,31672,24556,304,21700,78232,2017,7,07/31/2017
FRANKLIN,2390,4144,65,948,7547,2017,7,07/31/2017
GADSDEN,4554,22259,48,2650,29511,2017,7,07/31/2017
GILCHRIST,6137,3443,136,1603,11319,2017,7,07/31/2017
GLADES,2486,3006,15,1191,6698,2017,7,07/31/2017
GULF,4565,3999,35,1131,9730,2017,7,07/31/2017
HAMILTON,2273,4399,21,922,7615,2017,7,07/31/2017
HARDEE,5097,4669,122,2031,11919,2017,7,07/31/2017
HENDRY,6085,7894,41,3150,17170,2017,7,07/31/2017
HERNANDO,53213,42113,575,34078,129979,2017,7,07/31/2017
HIGHLANDS,26953,18631,135,12997,58716,2017,7,07/31/2017
HILLSBOROUGH,263393,323090,3787,235221,825491,2017,7,07/31/2017
HOLMES,5847,3458,15,1069,10389,2017,7,07/31/2017
INDIAN RIVER,50511,29434,406,28386,108737,2017,7,07/31/2017
JACKSON,10125,15461,59,3026,28671,2017,7,07/31/2017
JEFFERSON,2789,5637,19,1022,9467,2017,7,07/31/2017
LAFAYETTE,1579,2560,8,306,4453,2017,7,07/31/2017
LAKE,97353,67996,726,53712,219787,2017,7,07/31/2017
LEE,188287,118130,1365,125616,433398,2017,7,07/31/2017
LEON,56962,107970,890,38903,204725,2017,7,07/31/2017
LEVY,12414,9196,387,4725,26722,2017,7,07/31/2017
LIBERTY,732,3234,9,342,4317,2017,7,07/31/2017
MADISON,3310,7127,27,1254,11718,2017,7,07/31/2017
MANATEE,101200,71168,845,59264,232477,2017,7,07/31/2017
MARION,101858,76696,909,50195,229658,2017,7,07/31/2017
MARTIN,55149,27625,374,26642,109790,2017,7,07/31/2017
MIAMI-DADE,370863,584930,3170,425447,1384410,2017,7,07/31/2017
MONROE,21496,17838,348,15587,55269,2017,7,07/31/2017
NASSAU,36365,14077,325,12479,63246,2017,7,07/31/2017
OKALOOSA,74401,23972,757,27524,126654,2017,7,07/31/2017
OKEECHOBEE,8458,7361,66,3799,19684,2017,7,07/31/2017
ORANGE,215458,335592,3221,237446,791717,2017,7,07/31/2017
OSCEOLA,46977,86144,533,64782,198436,2017,7,07/31/2017
PALM BEACH,260715,389058,3435,265873,919081,2017,7,07/31/2017
PASCO,130881,106312,1494,97505,336192,2017,7,07/31/2017
PINELLAS,229980,229017,3538,180436,642971,2017,7,07/31/2017
POLK,142491,142152,1518,107924,394085,2017,7,07/31/2017
PUTNAM,17984,19462,139,8754,46339,2017,7,07/31/2017
SANTA ROSA,73525,24606,732,25963,124826,2017,7,07/31/2017
SARASOTA,132498,94195,1327,81662,309682,2017,7,07/31/2017
SEMINOLE,109146,96503,1375,79871,286895,2017,7,07/31/2017
ST. JOHNS,93458,41083,984,40187,175712,2017,7,07/31/2017
ST. LUCIE,62693,77511,537,52840,193581,2017,7,07/31/2017
SUMTER,48648,22602,229,18812,90291,2017,7,07/31/2017
SUWANNEE,11489,10545,123,3981,26138,2017,7,07/31/2017
TAYLOR,4348,6692,68,1139,12247,2017,7,07/31/2017
UNION,3057,3427,37,727,7248,2017,7,07/31/2017
VOLUSIA,131143,130001,1584,110138,372866,2017,7,07/31/2017
WAKULLA,7951,8539,67,3301,19858,2017,7,07/31/2017
WALTON,28041,9770,212,9518,47541,2017,7,07/31/2017
WASHINGTON,7824,5540,52,2108,15524,2017,7,07/31/2017
TOTALS,4548354,4825859,50747,3411869,12836829,2017,7,07/31/2017
ALACHUA,48645,81698,1109,39630,171082,2017,8,08/31/2017
BAKER,7862,5750,47,1582,15241,2017,8,08/31/2017
BAY,60008,30391,704,24244,115347,2017,8,08/31/2017
BRADFORD,7372,6191,61,2331,15955,2017,8,08/31/2017
BREVARD,172217,127612,2410,106159,408398,2017,8,08/31/2017
BROWARD,254773,595323,3269,327004,1180369,2017,8,08/31/2017
CALHOUN,2343,5296,21,929,8589,2017,8,08/31/2017
CHARLOTTE,58599,36774,539,35955,131867,2017,8,08/31/2017
CITRUS,50156,29944,463,26259,106822,2017,8,08/31/2017
CLAY,80531,32516,738,34835,148620,2017,8,08/31/2017
COLLIER,103477,47176,646,49916,201215,2017,8,08/31/2017
COLUMBIA,17119,14422,190,6720,38451,2017,8,08/31/2017
DESOTO,5298,7405,30,3543,16276,2017,8,08/31/2017
DIXIE,3771,4634,25,1557,9987,2017,8,08/31/2017
DUVAL,216768,235528,3039,122536,577871,2017,8,08/31/2017
ESCAMBIA,92591,70369,1038,41294,205292,2017,8,08/31/2017
FLAGLER,31769,24613,312,21830,78524,2017,8,08/31/2017
FRANKLIN,2407,4153,64,954,7578,2017,8,08/31/2017
GADSDEN,4568,22261,53,2662,29544,2017,8,08/31/2017
GILCHRIST,6154,3427,138,1611,11330,2017,8,08/31/2017
GLADES,2476,2983,18,1186,6663,2017,8,08/31/2017
GULF,4578,3996,38,1131,9743,2017,8,08/31/2017
HAMILTON,2276,4390,22,924,7612,2017,8,08/31/2017
HARDEE,5105,4668,123,2042,11938,2017,8,08/31/2017
HENDRY,6104,7901,43,3170,17218,2017,8,08/31/2017
HERNANDO,52943,41806,610,33886,129245,2017,8,08/31/2017
HIGHLANDS,27029,18662,143,13098,58932,2017,8,08/31/2017
HILLSBOROUGH,264124,323993,3998,236807,828922,2017,8,08/31/2017
HOLMES,5857,3443,18,1075,10393,2017,8,08/31/2017
INDIAN RIVER,50612,29503,439,28543,109097,2017,8,08/31/2017
JACKSON,10152,15429,60,3038,28679,2017,8,08/31/2017
JEFFERSON,2788,5622,20,1031,9461,2017,8,08/31/2017
LAFAYETTE,1583,2551,9,308,4451,2017,8,08/31/2017
LAKE,97725,68204,764,54153,220846,2017,8,08/31/2017
LEE,187038,116907,1450,124530,429925,2017,8,08/31/2017
LEON,57046,108147,951,39167,205311,2017,8,08/31/2017
LEVY,12444,9196,391,4743,26774,2017,8,08/31/2017
LIBERTY,729,3236,10,343,4318,2017,8,08/31/2017
MADISON,3324,7119,29,1262,11734,2017,8,08/31/2017
MANATEE,100134,70384,874,58638,230030,2017,8,08/31/2017
MARION,102191,76856,950,50515,230512,2017,8,08/31/2017
MARTIN,55198,27665,417,26741,110021,2017,8,08/31/2017
MIAMI-DADE,371008,585526,3355,426961,1386850,2017,8,08/31/2017
MONROE,21558,17860,373,15671,55462,2017,8,08/31/2017
NASSAU,36540,14129,342,12574,63585,2017,8,08/31/2017
OKALOOSA,74642,24080,815,27790,127327,2017,8,08/31/2017
OKEECHOBEE,8464,7352,74,3802,19692,2017,8,08/31/2017
ORANGE,216038,336789,3422,239352,795601,2017,8,08/31/2017
OSCEOLA,46979,86176,564,65308,199027,2017,8,08/31/2017
PALM BEACH,261211,389538,3725,266925,921399,2017,8,08/31/2017
PASCO,130895,105946,1585,97625,336051,2017,8,08/31/2017
PINELLAS,227958,226864,3667,179013,637502,2017,8,08/31/2017
POLK,142827,142418,1617,108648,395510,2017,8,08/31/2017
PUTNAM,18028,19463,147,8820,46458,2017,8,08/31/2017
SANTA ROSA,73873,24655,795,26170,125493,2017,8,08/31/2017
SARASOTA,132780,94458,1402,82087,310727,2017,8,08/31/2017
SEMINOLE,108394,95729,1396,79317,284836,2017,8,08/31/2017
ST. JOHNS,94011,41328,1057,40541,176937,2017,8,08/31/2017
ST. LUCIE,62874,77701,597,53171,194343,2017,8,08/31/2017
SUMTER,48864,22669,241,18865,90639,2017,8,08/31/2017
SUWANNEE,11195,10079,120,3768,25162,2017,8,08/31/2017
TAYLOR,4351,6653,69,1132,12205,2017,8,08/31/2017
UNION,3050,3421,20,744,7235,2017,8,08/31/2017
VOLUSIA,130542,128440,1661,109032,369675,2017,8,08/31/2017
WAKULLA,7955,8533,72,3317,19877,2017,8,08/31/2017
WALTON,28170,9789,236,9579,47774,2017,8,08/31/2017
WASHINGTON,7842,5523,55,2116,15536,2017,8,08/31/2017
TOTALS,4547933,4823263,53680,3420210,12845086,2017,8,08/31/2017
ALACHUA,48717,81782,1142,39812,171453,2017,9,09/30/2017
BAKER,7877,5745,47,1590,15259,2017,9,09/30/2017
BAY,60139,30404,728,24392,115663,2017,9,09/30/2017
BRADFORD,7399,6182,64,2346,15991,2017,9,09/30/2017
BREVARD,172403,127702,2573,106623,409301,2017,9,09/30/2017
BROWARD,253270,592271,3622,326411,1175574,2017,9,09/30/2017
CALHOUN,2369,5286,21,932,8608,2017,9,09/30/2017
CHARLOTTE,58727,36823,578,36073,132201,2017,9,09/30/2017
CITRUS,50282,29944,513,26348,107087,2017,9,09/30/2017
CLAY,80425,32477,771,34821,148494,2017,9,09/30/2017
COLLIER,102631,46814,678,49639,199762,2017,9,09/30/2017
COLUMBIA,17184,14405,196,6774,38559,2017,9,09/30/2017
DESOTO,5295,7385,35,3571,16286,2017,9,09/30/2017
DIXIE,3770,4621,26,1558,9975,2017,9,09/30/2017
DUVAL,216941,235495,3206,122994,578636,2017,9,09/30/2017
ESCAMBIA,92419,70247,1101,41321,205088,2017,9,09/30/2017
FLAGLER,31708,24405,326,21727,78166,2017,9,09/30/2017
FRANKLIN,2422,4139,64,957,7582,2017,9,09/30/2017
GADSDEN,4567,22276,57,2675,29575,2017,9,09/30/2017
GILCHRIST,6166,3419,49,1697,11331,2017,9,09/30/2017
GLADES,2481,2969,18,1187,6655,2017,9,09/30/2017
GULF,4600,3984,46,1147,9777,2017,9,09/30/2017
HAMILTON,2276,4368,22,916,7582,2017,9,09/30/2017
HARDEE,5100,4637,125,2044,11906,2017,9,09/30/2017
HENDRY,6125,7906,48,3187,17266,2017,9,09/30/2017
HERNANDO,53154,41873,659,34073,129759,2017,9,09/30/2017
HIGHLANDS,27050,18682,158,13189,59079,2017,9,09/30/2017
HILLSBOROUGH,262467,320947,4187,234087,821688,2017,9,09/30/2017
HOLMES,5877,3434,19,1086,10416,2017,9,09/30/2017
INDIAN RIVER,50668,29560,482,28675,109385,2017,9,09/30/2017
JACKSON,10115,15347,62,3019,28543,2017,9,09/30/2017
JEFFERSON,2802,5615,22,1039,9478,2017,9,09/30/2017
LAFAYETTE,1583,2537,10,311,4441,2017,9,09/30/2017
LAKE,97965,68377,806,54554,221702,2017,9,09/30/2017
LEE,186082,116237,1529,124294,428142,2017,9,09/30/2017
LEON,57093,108104,1013,39298,205508,2017,9,09/30/2017
LEVY,12460,9199,393,4760,26812,2017,9,09/30/2017
LIBERTY,752,3221,9,342,4324,2017,9,09/30/2017
MADISON,3335,7105,30,1267,11737,2017,9,09/30/2017
MANATEE,100533,70608,957,59031,231129,2017,9,09/30/2017
MARION,102345,76821,989,50702,230857,2017,9,09/30/2017
MARTIN,55332,27817,477,27037,110663,2017,9,09/30/2017
MIAMI-DADE,368758,580928,3542,424573,1377801,2017,9,09/30/2017
MONROE,21536,17835,398,15721,55490,2017,9,09/30/2017
NASSAU,36675,14135,354,12666,63830,2017,9,09/30/2017
OKALOOSA,74808,24169,874,27978,127829,2017,9,09/30/2017
OKEECHOBEE,8507,7351,77,3826,19761,2017,9,09/30/2017
ORANGE,216084,337086,3633,240315,797118,2017,9,09/30/2017
OSCEOLA,46825,86113,591,65525,199054,2017,9,09/30/2017
PALM BEACH,259181,386277,4034,264829,914321,2017,9,09/30/2017
PASCO,130908,105894,1696,97844,336342,2017,9,09/30/2017
PINELLAS,227817,226602,3832,179452,637703,2017,9,09/30/2017
POLK,143300,142750,1728,109487,397265,2017,9,09/30/2017
PUTNAM,17903,19199,152,8668,45922,2017,9,09/30/2017
SANTA ROSA,74276,24767,833,26439,126315,2017,9,09/30/2017
SARASOTA,132504,94304,1495,82017,310320,2017,9,09/30/2017
SEMINOLE,108344,95877,1466,79637,285324,2017,9,09/30/2017
ST. JOHNS,93602,41189,1119,40483,176393,2017,9,09/30/2017
ST. LUCIE,63170,78120,655,53760,195705,2017,9,09/30/2017
SUMTER,49008,22730,253,18922,90913,2017,9,09/30/2017
SUWANNEE,11212,10059,123,3788,25182,2017,9,09/30/2017
TAYLOR,4369,6642,69,1141,12221,2017,9,09/30/2017
UNION,3053,3410,20,750,7233,2017,9,09/30/2017
VOLUSIA,129314,125737,1737,106867,363655,2017,9,09/30/2017
WAKULLA,7979,8508,77,3333,19897,2017,9,09/30/2017
WALTON,28124,9716,254,9537,47631,2017,9,09/30/2017
WASHINGTON,7871,5503,56,2129,15559,2017,9,09/30/2017
TOTALS,4540034,4806071,56926,3417193,12820224,2017,9,09/30/2017
ALACHUA,48809,81997,1156,40036,171998,2017,10,10/31/2017
BAKER,7882,5748,49,1597,15276,2017,10,10/31/2017
BAY,60292,30445,746,24496,115979,2017,10,10/31/2017
BRADFORD,7413,6184,65,2359,16021,2017,10,10/31/2017
BREVARD,172599,127764,2694,107018,410075,2017,10,10/31/2017
BROWARD,253430,592932,3873,327793,1178028,2017,10,10/31/2017
CALHOUN,2379,5285,22,941,8627,2017,10,10/31/2017
CHARLOTTE,59002,36958,624,36291,132875,2017,10,10/31/2017
CITRUS,50458,29974,537,26479,107448,2017,10,10/31/2017
CLAY,80534,32571,805,35016,148926,2017,10,10/31/2017
COLLIER,102859,46932,723,49929,200443,2017,10,10/31/2017
COLUMBIA,17238,14406,203,6817,38664,2017,10,10/31/2017
DESOTO,5306,7382,36,3581,16305,2017,10,10/31/2017
DIXIE,3777,4604,26,1543,9950,2017,10,10/31/2017
DUVAL,216964,235825,3340,123555,579684,2017,10,10/31/2017
ESCAMBIA,92562,70319,1151,41457,205489,2017,10,10/31/2017
FLAGLER,31827,24458,335,21809,78429,2017,10,10/31/2017
FRANKLIN,2430,4132,68,964,7594,2017,10,10/31/2017
GADSDEN,4582,22277,58,2669,29586,2017,10,10/31/2017
GILCHRIST,6179,3413,52,1698,11342,2017,10,10/31/2017
GLADES,2486,2956,18,1197,6657,2017,10,10/31/2017
GULF,4615,3997,51,1150,9813,2017,10,10/31/2017
HAMILTON,2277,4362,22,917,7578,2017,10,10/31/2017
HARDEE,5104,4630,125,2051,11910,2017,10,10/31/2017
HENDRY,6134,7908,53,3198,17293,2017,10,10/31/2017
HERNANDO,53328,41980,697,34236,130241,2017,10,10/31/2017
HIGHLANDS,27134,18675,166,13320,59295,2017,10,10/31/2017
HILLSBOROUGH,263041,321984,4393,235701,825119,2017,10,10/31/2017
HOLMES,5894,3430,19,1099,10442,2017,10,10/31/2017
INDIAN RIVER,50692,29550,511,28702,109455,2017,10,10/31/2017
JACKSON,10126,15309,63,3037,28535,2017,10,10/31/2017
JEFFERSON,2807,5615,23,1053,9498,2017,10,10/31/2017
LAFAYETTE,1536,2459,10,292,4297,2017,10,10/31/2017
LAKE,98218,68515,832,55015,222580,2017,10,10/31/2017
LEE,186694,116652,1615,125213,430174,2017,10,10/31/2017
LEON,57132,108135,1051,39406,205724,2017,10,10/31/2017
LEVY,12471,9209,400,4786,26866,2017,10,10/31/2017
LIBERTY,753,3219,5,345,4322,2017,10,10/31/2017
MADISON,3342,7108,31,1271,11752,2017,10,10/31/2017
MANATEE,100959,70916,996,59450,232321,2017,10,10/31/2017
MARION,102650,77041,1019,51034,231744,2017,10,10/31/2017
MARTIN,55349,27816,521,27105,110791,2017,10,10/31/2017
MIAMI-DADE,368742,581396,3725,426058,1379921,2017,10,10/31/2017
MONROE,21555,17838,423,15806,55622,2017,10,10/31/2017
NASSAU,36875,14168,387,12751,64181,2017,10,10/31/2017
OKALOOSA,75119,24266,927,28244,128556,2017,10,10/31/2017
OKEECHOBEE,8542,7348,82,3837,19809,2017,10,10/31/2017
ORANGE,216308,337978,3783,242018,800087,2017,10,10/31/2017
OSCEOLA,46973,86378,612,66487,200450,2017,10,10/31/2017
PALM BEACH,259585,386679,4276,265739,916279,2017,10,10/31/2017
PASCO,131392,106213,1806,98350,337761,2017,10,10/31/2017
PINELLAS,228444,227245,3975,180569,640233,2017,10,10/31/2017
POLK,143719,143244,1821,110691,399475,2017,10,10/31/2017
PUTNAM,17956,19204,163,8732,46055,2017,10,10/31/2017
SANTA ROSA,74581,24847,878,26540,126846,2017,10,10/31/2017
SARASOTA,132737,94432,1557,82144,310870,2017,10,10/31/2017
SEMINOLE,108391,96016,1514,79980,285901,2017,10,10/31/2017
ST. JOHNS,93504,41176,1152,40456,176288,2017,10,10/31/2017
ST. LUCIE,63400,78328,709,54108,196545,2017,10,10/31/2017
SUMTER,49278,22827,268,19037,91410,2017,10,10/31/2017
SUWANNEE,11221,10051,129,3793,25194,2017,10,10/31/2017
TAYLOR,4378,6635,70,1145,12228,2017,10,10/31/2017
UNION,3056,3409,20,752,7237,2017,10,10/31/2017
VOLUSIA,129541,125793,1819,107204,364357,2017,10,10/31/2017
WAKULLA,7992,8516,77,3349,19934,2017,10,10/31/2017
WALTON,28190,9657,269,9552,47668,2017,10,10/31/2017
WASHINGTON,7884,5499,56,2141,15580,2017,10,10/31/2017
TOTALS,4548627,4814215,59682,3435109,12857633,2017,10,10/31/2017
ALACHUA,48851,82119,1178,40231,172379,2017,11,11/30/2017
BAKER,7887,5735,50,1607,15279,2017,11,11/30/2017
BAY,60368,30454,772,24649,116243,2017,11,11/30/2017
BRADFORD,7430,6190,68,2367,16055,2017,11,11/30/2017
BREVARD,171628,126447,2842,106067,406984,2017,11,11/30/2017
BROWARD,253415,593131,4109,329067,1179722,2017,11,11/30/2017
CALHOUN,2385,5272,24,951,8632,2017,11,11/30/2017
CHARLOTTE,59214,37041,687,36495,133437,2017,11,11/30/2017
CITRUS,50056,29682,561,26275,106574,2017,11,11/30/2017
CLAY,80540,32621,848,35049,149058,2017,11,11/30/2017
COLLIER,102364,46601,753,49692,199410,2017,11,11/30/2017
COLUMBIA,17266,14410,209,6868,38753,2017,11,11/30/2017
DESOTO,5331,7383,41,3606,16361,2017,11,11/30/2017
DIXIE,3774,4597,27,1545,9943,2017,11,11/30/2017
DUVAL,216491,235723,3479,123674,579367,2017,11,11/30/2017
ESCAMBIA,92247,70045,1186,41322,204800,2017,11,11/30/2017
FLAGLER,31939,24551,342,21937,78769,2017,11,11/30/2017
FRANKLIN,2442,4130,75,967,7614,2017,11,11/30/2017
GADSDEN,4595,22276,59,2684,29614,2017,11,11/30/2017
GILCHRIST,6189,3408,52,1707,11356,2017,11,11/30/2017
GLADES,2499,2948,23,1202,6672,2017,11,11/30/2017
GULF,4632,4003,56,1155,9846,2017,11,11/30/2017
HAMILTON,2280,4364,22,921,7587,2017,11,11/30/2017
HARDEE,5112,4633,126,2071,11942,2017,11,11/30/2017
HENDRY,6151,7907,55,3216,17329,2017,11,11/30/2017
HERNANDO,53449,42042,742,34407,130640,2017,11,11/30/2017
HIGHLANDS,27007,18518,178,13295,58998,2017,11,11/30/2017
HILLSBOROUGH,263515,322840,4593,237248,828196,2017,11,11/30/2017
HOLMES,5913,3421,20,1111,10465,2017,11,11/30/2017
INDIAN RIVER,50632,29500,553,28673,109358,2017,11,11/30/2017
JACKSON,9889,14826,62,2871,27648,2017,11,11/30/2017
JEFFERSON,2816,5608,24,1060,9508,2017,11,11/30/2017
LAFAYETTE,1537,2449,11,296,4293,2017,11,11/30/2017
LAKE,98505,68681,870,55471,223527,2017,11,11/30/2017
LEE,187017,116898,1712,126058,431685,2017,11,11/30/2017
LEON,57117,108130,1086,39551,205884,2017,11,11/30/2017
LEVY,12535,9210,400,4825,26970,2017,11,11/30/2017
LIBERTY,755,3209,5,350,4319,2017,11,11/30/2017
MADISON,3351,7101,31,1284,11767,2017,11,11/30/2017
MANATEE,101179,71132,1048,59733,233092,2017,11,11/30/2017
MARION,103009,77250,1062,51372,232693,2017,11,11/30/2017
MARTIN,55425,27836,557,27233,111051,2017,11,11/30/2017
MIAMI-DADE,368370,581172,3927,426927,1380396,2017,11,11/30/2017
MONROE,21520,17797,443,15692,55452,2017,11,11/30/2017
NASSAU,37013,14182,409,12802,64406,2017,11,11/30/2017
OKALOOSA,75325,24332,979,28500,129136,2017,11,11/30/2017
OKEECHOBEE,8577,7357,93,3850,19877,2017,11,11/30/2017
ORANGE,216174,338406,3963,243388,801931,2017,11,11/30/2017
OSCEOLA,47017,86546,644,67434,201641,2017,11,11/30/2017
PALM BEACH,259721,386977,4541,266441,917680,2017,11,11/30/2017
PASCO,131760,106630,1940,99023,339353,2017,11,11/30/2017
PINELLAS,228245,226956,4118,180961,640280,2017,11,11/30/2017
POLK,143801,143492,1898,111519,400710,2017,11,11/30/2017
PUTNAM,17998,19193,178,8777,46146,2017,11,11/30/2017
SANTA ROSA,74766,24895,933,26700,127294,2017,11,11/30/2017
SARASOTA,132950,94732,1642,82409,311733,2017,11,11/30/2017
SEMINOLE,108401,96203,1567,80311,286482,2017,11,11/30/2017
ST. JOHNS,93888,41324,1198,40740,177150,2017,11,11/30/2017
ST. LUCIE,63574,78501,756,54397,197228,2017,11,11/30/2017
SUMTER,49490,22933,289,19163,91875,2017,11,11/30/2017
SUWANNEE,11235,10018,133,3810,25196,2017,11,11/30/2017
TAYLOR,4387,6632,71,1155,12245,2017,11,11/30/2017
UNION,3062,3404,20,756,7242,2017,11,11/30/2017
VOLUSIA,129967,126103,1914,107773,365757,2017,11,11/30/2017
WAKULLA,8015,8513,83,3374,19985,2017,11,11/30/2017
WALTON,28254,9636,280,9600,47770,2017,11,11/30/2017
WASHINGTON,7899,5493,58,2146,15596,2017,11,11/30/2017
TOTALS,4550146,4815749,62675,3447811,12876381,2017,11,11/30/2017
ALACHUA,48875,82204,1198,40387,172664,2017,12,12/31/2017
BAKER,7913,5725,50,1613,15301,2017,12,12/31/2017
BAY,60493,30458,804,24756,116511,2017,12,12/31/2017
BRADFORD,7446,6185,68,2381,16080,2017,12,12/31/2017
BREVARD,171942,126602,3000,106557,408101,2017,12,12/31/2017
BROWARD,253589,593644,4399,330135,1181767,2017,12,12/31/2017
CALHOUN,2393,5256,25,948,8622,2017,12,12/31/2017
CHARLOTTE,57904,35773,729,34763,129169,2017,12,12/31/2017
CITRUS,49336,29187,592,25854,104969,2017,12,12/31/2017
CLAY,80561,32691,881,35107,149240,2017,12,12/31/2017
COLLIER,102913,46848,789,50133,200683,2017,12,12/31/2017
COLUMBIA,17311,14412,214,6908,38845,2017,12,12/31/2017
DESOTO,5334,7368,41,3614,16357,2017,12,12/31/2017
DIXIE,3768,4582,27,1547,9924,2017,12,12/31/2017
DUVAL,216363,235861,3604,124189,580017,2017,12,12/31/2017
ESCAMBIA,92359,70067,1217,41471,205114,2017,12,12/31/2017
FLAGLER,32055,24594,355,22006,79010,2017,12,12/31/2017
FRANKLIN,2444,4136,77,983,7640,2017,12,12/31/2017
GADSDEN,4595,22256,62,2704,29617,2017,12,12/31/2017
GILCHRIST,6222,3415,53,1715,11405,2017,12,12/31/2017
GLADES,2519,2939,23,1203,6684,2017,12,12/31/2017
GULF,4643,4001,58,1157,9859,2017,12,12/31/2017
HAMILTON,2291,4367,22,923,7603,2017,12,12/31/2017
HARDEE,5114,4631,127,2085,11957,2017,12,12/31/2017
HENDRY,6138,7877,56,3195,17266,2017,12,12/31/2017
HERNANDO,53510,42052,804,34505,130871,2017,12,12/31/2017
HIGHLANDS,26856,18347,188,13315,58706,2017,12,12/31/2017
HILLSBOROUGH,261478,320782,4770,235753,822783,2017,12,12/31/2017
HOLMES,5912,3416,21,1125,10474,2017,12,12/31/2017
INDIAN RIVER,50549,29462,581,28637,109229,2017,12,12/31/2017
JACKSON,9785,14604,64,2799,27252,2017,12,12/31/2017
JEFFERSON,2829,5609,24,1066,9528,2017,12,12/31/2017
LAFAYETTE,1537,2450,11,299,4297,2017,12,12/31/2017
LAKE,98758,68870,900,55768,224296,2017,12,12/31/2017
LEE,187464,117222,1808,127016,433510,2017,12,12/31/2017
LEON,57139,108104,1124,39638,206005,2017,12,12/31/2017
LEVY,12550,9221,403,4852,27026,2017,12,12/31/2017
LIBERTY,755,3205,5,351,4316,2017,12,12/31/2017
MADISON,3339,7040,31,1266,11676,2017,12,12/31/2017
MANATEE,101471,71359,1133,60012,233975,2017,12,12/31/2017
MARION,103211,77388,1106,51609,233314,2017,12,12/31/2017
MARTIN,55499,27883,598,27356,111336,2017,12,12/31/2017
MIAMI-DADE,367244,579011,4112,426322,1376689,2017,12,12/31/2017
MONROE,21540,17809,454,15657,55460,2017,12,12/31/2017
NASSAU,37142,14223,431,12877,64673,2017,12,12/31/2017
OKALOOSA,75469,24357,1012,28670,129508,2017,12,12/31/2017
OKEECHOBEE,8578,7355,100,3861,19894,2017,12,12/31/2017
ORANGE,216162,339148,4193,244647,804150,2017,12,12/31/2017
OSCEOLA,47134,86846,663,68294,202937,2017,12,12/31/2017
PALM BEACH,258811,385073,4732,264737,913353,2017,12,12/31/2017
PASCO,131344,106052,2044,98384,337824,2017,12,12/31/2017
PINELLAS,228112,226752,4247,181497,640608,2017,12,12/31/2017
POLK,144167,143952,2008,112503,402630,2017,12,12/31/2017
PUTNAM,18009,19135,188,8810,46142,2017,12,12/31/2017
SANTA ROSA,74732,24869,970,26766,127337,2017,12,12/31/2017
SARASOTA,130795,92899,1682,80617,305993,2017,12,12/31/2017
SEMINOLE,108449,96498,1627,80694,287268,2017,12,12/31/2017
ST. JOHNS,94312,41593,1234,41041,178180,2017,12,12/31/2017
ST. LUCIE,62809,77612,795,53580,194796,2017,12,12/31/2017
SUMTER,49714,22981,307,19285,92287,2017,12,12/31/2017
SUWANNEE,11270,10014,139,3820,25243,2017,12,12/31/2017
TAYLOR,4389,6607,72,1167,12235,2017,12,12/31/2017
UNION,3059,3395,20,753,7227,2017,12,12/31/2017
VOLUSIA,130086,126085,2011,108172,366354,2017,12,12/31/2017
WAKULLA,8028,8504,89,3380,20001,2017,12,12/31/2017
WALTON,28281,9609,295,9609,47794,2017,12,12/31/2017
WASHINGTON,7909,5478,59,2161,15607,2017,12,12/31/2017
TOTALS,4544708,4807950,65526,3449005,12867189,2017,12,12/31/2017
ALACHUA,48871,82213,1227,40455,172766,2018,1,01/31/2018
BAKER,7959,5704,42,1640,15345,2018,1,01/31/2018
BAY,60671,30470,838,24901,116880,2018,1,01/31/2018
BRADFORD,7450,6159,71,2389,16069,2018,1,01/31/2018
BREVARD,172088,126581,3123,106839,408631,2018,1,01/31/2018
BROWARD,253718,593634,4699,331118,1183169,2018,1,01/31/2018
CALHOUN,2401,5243,26,951,8621,2018,1,01/31/2018
CHARLOTTE,58145,35844,797,34985,129771,2018,1,01/31/2018
CITRUS,49567,29216,632,25980,105395,2018,1,01/31/2018
CLAY,80639,32672,910,35154,149375,2018,1,01/31/2018
COLLIER,103389,47127,823,50460,201799,2018,1,01/31/2018
COLUMBIA,17357,14360,219,6917,38853,2018,1,01/31/2018
DESOTO,5364,7354,43,3631,16392,2018,1,01/31/2018
DIXIE,3661,4335,30,1477,9503,2018,1,01/31/2018
DUVAL,216478,236106,3787,124741,581112,2018,1,01/31/2018
ESCAMBIA,92396,69994,1263,41567,205220,2018,1,01/31/2018
FLAGLER,32239,24648,374,22154,79415,2018,1,01/31/2018
FRANKLIN,2443,4118,83,990,7634,2018,1,01/31/2018
GADSDEN,4622,22236,65,2722,29645,2018,1,01/31/2018
GILCHRIST,6248,3403,56,1729,11436,2018,1,01/31/2018
GLADES,2544,2913,28,1199,6684,2018,1,01/31/2018
GULF,4650,3988,63,1156,9857,2018,1,01/31/2018
HAMILTON,2318,4361,23,932,7634,2018,1,01/31/2018
HARDEE,5112,4627,127,2099,11965,2018,1,01/31/2018
HENDRY,6150,7875,60,3209,17294,2018,1,01/31/2018
HERNANDO,53462,41861,866,34493,130682,2018,1,01/31/2018
HIGHLANDS,26528,18088,189,13197,58002,2018,1,01/31/2018
HILLSBOROUGH,262302,321822,4993,237458,826575,2018,1,01/31/2018
HOLMES,5921,3403,20,1133,10477,2018,1,01/31/2018
INDIAN RIVER,50692,29521,632,28765,109610,2018,1,01/31/2018
JACKSON,9834,14553,65,2818,27270,2018,1,01/31/2018
JEFFERSON,2857,5580,25,1080,9542,2018,1,01/31/2018
LAFAYETTE,1543,2441,11,300,4295,2018,1,01/31/2018
LAKE,99136,69133,932,56150,225351,2018,1,01/31/2018
LEE,188096,117692,1927,128215,435930,2018,1,01/31/2018
LEON,57151,107927,1158,39653,205889,2018,1,01/31/2018
LEVY,12579,9222,409,4883,27093,2018,1,01/31/2018
LIBERTY,762,3182,5,351,4300,2018,1,01/31/2018
MADISON,3357,7015,33,1276,11681,2018,1,01/31/2018
MANATEE,101765,71553,1176,60238,234732,2018,1,01/31/2018
MARION,103420,77469,1149,51844,233882,2018,1,01/31/2018
MARTIN,55523,27912,650,27487,111572,2018,1,01/31/2018
MIAMI-DADE,366965,579047,4253,427260,1377525,2018,1,01/31/2018
MONROE,21431,17563,469,15443,54906,2018,1,01/31/2018
NASSAU,37096,14187,459,12876,64618,2018,1,01/31/2018
OKALOOSA,75513,24378,1051,28824,129766,2018,1,01/31/2018
OKEECHOBEE,8609,7343,105,3862,19919,2018,1,01/31/2018
ORANGE,216429,340240,4429,246198,807296,2018,1,01/31/2018
OSCEOLA,47382,87455,674,69275,204786,2018,1,01/31/2018
PALM BEACH,259111,385385,5158,265397,915051,2018,1,01/31/2018
PASCO,130877,105502,2161,98264,336804,2018,1,01/31/2018
PINELLAS,228485,227096,4450,182336,642367,2018,1,01/31/2018
POLK,143349,143026,2033,112365,400773,2018,1,01/31/2018
PUTNAM,18125,19084,203,8866,46278,2018,1,01/31/2018
SANTA ROSA,75114,24911,1044,26932,128001,2018,1,01/31/2018
SARASOTA,131242,93231,1771,81028,307272,2018,1,01/31/2018
SEMINOLE,108282,96466,1695,80895,287338,2018,1,01/31/2018
ST. JOHNS,94708,41827,1296,41320,179151,2018,1,01/31/2018
ST. LUCIE,62992,77836,848,53834,195510,2018,1,01/31/2018
SUMTER,49878,23053,326,19378,92635,2018,1,01/31/2018
SUWANNEE,11293,9970,148,3835,25246,2018,1,01/31/2018
TAYLOR,4411,6595,51,1206,12263,2018,1,01/31/2018
UNION,3057,3384,20,749,7210,2018,1,01/31/2018
VOLUSIA,130460,126239,2118,108637,367454,2018,1,01/31/2018
WAKULLA,8050,8483,95,3399,20027,2018,1,01/31/2018
WALTON,28343,9597,315,9646,47901,2018,1,01/31/2018
WASHINGTON,7946,5456,63,2174,15639,2018,1,01/31/2018
TOTALS,4550556,4810909,68884,3462735,12893084,2018,1,01/31/2018
ALACHUA,48903,82372,1242,40597,173114,2018,2,02/28/2018
BAKER,7888,5653,43,1614,15198,2018,2,02/28/2018
BAY,60856,30532,869,25083,117340,2018,2,02/28/2018
BRADFORD,7485,6151,72,2408,16116,2018,2,02/28/2018
BREVARD,172319,126739,3238,107201,409497,2018,2,02/28/2018
BROWARD,253644,593591,4966,331835,1184036,2018,2,02/28/2018
CALHOUN,2398,5233,27,951,8609,2018,2,02/28/2018
CHARLOTTE,58363,35923,826,35156,130268,2018,2,02/28/2018
CITRUS,49836,29301,670,26131,105938,2018,2,02/28/2018
CLAY,80673,32757,953,35223,149606,2018,2,02/28/2018
COLLIER,103859,47435,853,50838,202985,2018,2,02/28/2018
COLUMBIA,17421,14351,225,6932,38929,2018,2,02/28/2018
DESOTO,5392,7346,44,3655,16437,2018,2,02/28/2018
DIXIE,3666,4303,32,1496,9497,2018,2,02/28/2018
DUVAL,216719,236308,3927,125319,582273,2018,2,02/28/2018
ESCAMBIA,92502,70040,1335,41790,205667,2018,2,02/28/2018
FLAGLER,32414,24754,385,22268,79821,2018,2,02/28/2018
FRANKLIN,2457,4126,88,987,7658,2018,2,02/28/2018
GADSDEN,4634,22225,69,2741,29669,2018,2,02/28/2018
GILCHRIST,6277,3406,59,1750,11492,2018,2,02/28/2018
GLADES,2565,2886,31,1196,6678,2018,2,02/28/2018
GULF,4679,3974,65,1167,9885,2018,2,02/28/2018
HAMILTON,2320,4360,24,939,7643,2018,2,02/28/2018
HARDEE,5113,4605,125,2118,11961,2018,2,02/28/2018
HENDRY,6180,7875,62,3232,17349,2018,2,02/28/2018
HERNANDO,53584,41865,925,34632,131006,2018,2,02/28/2018
HIGHLANDS,26558,18059,198,13263,58078,2018,2,02/28/2018
HILLSBOROUGH,261632,320682,5129,236746,824189,2018,2,02/28/2018
HOLMES,5934,3395,23,1143,10495,2018,2,02/28/2018
INDIAN RIVER,50815,29662,657,28917,110051,2018,2,02/28/2018
JACKSON,9911,14571,67,2869,27418,2018,2,02/28/2018
JEFFERSON,2873,5562,26,1084,9545,2018,2,02/28/2018
LAFAYETTE,1550,2437,11,299,4297,2018,2,02/28/2018
LAKE,99534,69379,960,56638,226511,2018,2,02/28/2018
LEE,188336,117902,2029,128740,437007,2018,2,02/28/2018
LEON,57161,108006,1202,39745,206114,2018,2,02/28/2018
LEVY,12629,9232,416,4921,27198,2018,2,02/28/2018
LIBERTY,768,3177,5,353,4303,2018,2,02/28/2018
MADISON,3371,7013,35,1283,11702,2018,2,02/28/2018
MANATEE,102013,71655,1247,60505,235420,2018,2,02/28/2018
MARION,103713,77574,1189,52065,234541,2018,2,02/28/2018
MARTIN,55598,27973,692,27541,111804,2018,2,02/28/2018
MIAMI-DADE,366839,579043,4608,428045,1378535,2018,2,02/28/2018
MONROE,21465,17546,487,15441,54939,2018,2,02/28/2018
NASSAU,37166,14189,470,12924,64749,2018,2,02/28/2018
OKALOOSA,75679,24457,1091,29032,130259,2018,2,02/28/2018
OKEECHOBEE,8635,7340,109,3881,19965,2018,2,02/28/2018
ORANGE,216507,340936,4619,247300,809362,2018,2,02/28/2018
OSCEOLA,47503,87847,728,69956,206034,2018,2,02/28/2018
PALM BEACH,259316,386113,5513,266041,916983,2018,2,02/28/2018
PASCO,131336,105832,2286,98827,338281,2018,2,02/28/2018
PINELLAS,228866,227720,4623,183244,644453,2018,2,02/28/2018
POLK,143600,143350,2167,113081,402198,2018,2,02/28/2018
PUTNAM,18243,19088,211,8981,46523,2018,2,02/28/2018
SANTA ROSA,75441,24973,1131,27057,128602,2018,2,02/28/2018
SARASOTA,131530,93584,1848,81400,308362,2018,2,02/28/2018
SEMINOLE,107887,96262,1737,80730,286616,2018,2,02/28/2018
ST. JOHNS,94592,41858,1341,41309,179100,2018,2,02/28/2018
ST. LUCIE,63130,78077,901,54100,196208,2018,2,02/28/2018
SUMTER,50063,23096,338,19442,92939,2018,2,02/28/2018
SUWANNEE,11356,9932,160,3858,25306,2018,2,02/28/2018
TAYLOR,4415,6582,57,1212,12266,2018,2,02/28/2018
UNION,3078,3379,20,745,7222,2018,2,02/28/2018
VOLUSIA,130682,126247,2187,108920,368036,2018,2,02/28/2018
WAKULLA,8089,8454,96,3413,20052,2018,2,02/28/2018
WALTON,28463,9619,332,9662,48076,2018,2,02/28/2018
WASHINGTON,7977,5455,65,2194,15691,2018,2,02/28/2018
TOTALS,4556401,4815369,72166,3474166,12918102,2018,2,02/28/2018
ALACHUA,48938,82501,1278,40779,173496,2018,3,03/31/2018
BAKER,7878,5635,43,1619,15175,2018,3,03/31/2018
BAY,61058,30532,909,25240,117739,2018,3,03/31/2018
BRADFORD,7500,6143,71,2423,16137,2018,3,03/31/2018
BREVARD,171626,126444,3232,106873,408175,2018,3,03/31/2018
BROWARD,248914,580487,5123,324711,1159235,2018,3,03/31/2018
CALHOUN,2408,5210,29,954,8601,2018,3,03/31/2018
CHARLOTTE,58632,35998,868,35408,130906,2018,3,03/31/2018
CITRUS,49989,29328,684,26250,106251,2018,3,03/31/2018
CLAY,80847,32919,997,35412,150175,2018,3,03/31/2018
COLLIER,104372,47829,903,51265,204369,2018,3,03/31/2018
COLUMBIA,17505,14354,231,6976,39066,2018,3,03/31/2018
DESOTO,5406,7314,49,3687,16456,2018,3,03/31/2018
DIXIE,3689,4282,37,1503,9511,2018,3,03/31/2018
DUVAL,216736,236519,4069,125783,583107,2018,3,03/31/2018
ESCAMBIA,92384,69935,1351,41833,205503,2018,3,03/31/2018
FLAGLER,32524,24803,404,22398,80129,2018,3,03/31/2018
FRANKLIN,2476,4119,91,998,7684,2018,3,03/31/2018
GADSDEN,4637,22202,71,2762,29672,2018,3,03/31/2018
GILCHRIST,6291,3404,60,1758,11513,2018,3,03/31/2018
GLADES,2590,2856,30,1205,6681,2018,3,03/31/2018
GULF,4718,3976,69,1182,9945,2018,3,03/31/2018
HAMILTON,2334,4342,24,945,7645,2018,3,03/31/2018
HARDEE,5121,4588,121,2141,11971,2018,3,03/31/2018
HENDRY,6216,7884,64,3265,17429,2018,3,03/31/2018
HERNANDO,53298,41584,946,34379,130207,2018,3,03/31/2018
HIGHLANDS,26498,17928,195,13277,57898,2018,3,03/31/2018
HILLSBOROUGH,261697,320374,5233,237223,824527,2018,3,03/31/2018
HOLMES,5969,3384,26,1147,10526,2018,3,03/31/2018
INDIAN RIVER,50941,29737,677,29041,110396,2018,3,03/31/2018
JACKSON,9951,14589,66,2890,27496,2018,3,03/31/2018
JEFFERSON,2904,5558,31,1078,9571,2018,3,03/31/2018
LAFAYETTE,1555,2434,11,300,4300,2018,3,03/31/2018
LAKE,99847,69538,977,57001,227363,2018,3,03/31/2018
LEE,187924,117753,2082,128819,436578,2018,3,03/31/2018
LEON,57210,108093,1227,39879,206409,2018,3,03/31/2018
LEVY,12667,9242,420,4948,27277,2018,3,03/31/2018
LIBERTY,775,3164,5,355,4299,2018,3,03/31/2018
MADISON,3387,7009,36,1301,11733,2018,3,03/31/2018
MANATEE,102222,71861,1306,60829,236218,2018,3,03/31/2018
MARION,104052,77720,1158,52435,235365,2018,3,03/31/2018
MARTIN,55651,28036,722,27639,112048,2018,3,03/31/2018
MIAMI-DADE,366913,579759,4888,429395,1380955,2018,3,03/31/2018
MONROE,21126,17327,493,15133,54079,2018,3,03/31/2018
NASSAU,37056,14119,475,12857,64507,2018,3,03/31/2018
OKALOOSA,75928,24593,1126,29290,130937,2018,3,03/31/2018
OKEECHOBEE,8667,7361,108,3935,20071,2018,3,03/31/2018
ORANGE,217101,342239,4814,249247,813401,2018,3,03/31/2018
OSCEOLA,47651,88206,744,70720,207321,2018,3,03/31/2018
PALM BEACH,259741,386962,5731,267044,919478,2018,3,03/31/2018
PASCO,131343,105691,2352,98904,338290,2018,3,03/31/2018
PINELLAS,229068,228069,4732,184047,645916,2018,3,03/31/2018
POLK,142846,142775,2236,113069,400926,2018,3,03/31/2018
PUTNAM,18332,19070,224,9035,46661,2018,3,03/31/2018
SANTA ROSA,75644,25024,1170,27215,129053,2018,3,03/31/2018
SARASOTA,131804,93885,1906,81725,309320,2018,3,03/31/2018
SEMINOLE,107141,95725,1790,80351,285007,2018,3,03/31/2018
ST. JOHNS,94905,42042,1407,41627,179981,2018,3,03/31/2018
ST. LUCIE,63355,78305,945,54402,197007,2018,3,03/31/2018
SUMTER,50222,23171,345,19533,93271,2018,3,03/31/2018
SUWANNEE,11456,9918,170,3878,25422,2018,3,03/31/2018
TAYLOR,4406,6559,59,1216,12240,2018,3,03/31/2018
UNION,3086,3376,20,752,7234,2018,3,03/31/2018
VOLUSIA,130974,126415,2267,109316,368972,2018,3,03/31/2018
WAKULLA,8134,8451,99,3416,20100,2018,3,03/31/2018
WALTON,28591,9631,347,9709,48278,2018,3,03/31/2018
WASHINGTON,8004,5454,69,2194,15721,2018,3,03/31/2018
TOTALS,4554831,4805735,74443,3477921,12912930,2018,3,03/31/2018
ALACHUA,48978,82568,1304,40923,173773,2018,4,04/30/2018
BAKER,7871,5604,45,1623,15143,2018,4,04/30/2018
BAY,61170,30549,940,25337,117996,2018,4,04/30/2018
BRADFORD,7517,6147,75,2433,16172,2018,4,04/30/2018
BREVARD,172127,126907,3365,107364,409763,2018,4,04/30/2018
BROWARD,244810,569462,5244,318755,1138271,2018,4,04/30/2018
CALHOUN,2417,5202,29,953,8601,2018,4,04/30/2018
CHARLOTTE,58866,36012,893,35505,131276,2018,4,04/30/2018
CITRUS,50234,29358,704,26311,106607,2018,4,04/30/2018
CLAY,80814,32921,1012,35511,150258,2018,4,04/30/2018
COLLIER,104795,48112,925,51588,205420,2018,4,04/30/2018
COLUMBIA,17606,14365,238,7034,39243,2018,4,04/30/2018
DESOTO,5425,7305,49,3719,16498,2018,4,04/30/2018
DIXIE,3714,4278,38,1514,9544,2018,4,04/30/2018
DUVAL,217057,237234,4161,126874,585326,2018,4,04/30/2018
ESCAMBIA,92627,70036,1402,42114,206179,2018,4,04/30/2018
FLAGLER,32673,24893,410,22513,80489,2018,4,04/30/2018
FRANKLIN,2432,4036,90,976,7534,2018,4,04/30/2018
GADSDEN,4673,22285,73,2814,29845,2018,4,04/30/2018
GILCHRIST,6298,3399,61,1773,11531,2018,4,04/30/2018
GLADES,2603,2848,31,1212,6694,2018,4,04/30/2018
GULF,4746,3978,76,1177,9977,2018,4,04/30/2018
HAMILTON,2336,4333,26,949,7644,2018,4,04/30/2018
HARDEE,5132,4583,122,2168,12005,2018,4,04/30/2018
HENDRY,6227,7879,61,3287,17454,2018,4,04/30/2018
HERNANDO,53490,41673,989,34519,130671,2018,4,04/30/2018
HIGHLANDS,26568,17894,208,13316,57986,2018,4,04/30/2018
HILLSBOROUGH,262246,321262,5425,238363,827296,2018,4,04/30/2018
HOLMES,6002,3376,26,1154,10558,2018,4,04/30/2018
INDIAN RIVER,50923,29714,699,29047,110383,2018,4,04/30/2018
JACKSON,9994,14555,70,2898,27517,2018,4,04/30/2018
JEFFERSON,2954,5550,32,1099,9635,2018,4,04/30/2018
LAFAYETTE,1565,2423,13,300,4301,2018,4,04/30/2018
LAKE,100578,70289,1037,57863,229767,2018,4,04/30/2018
LEE,186362,116924,2149,127896,433331,2018,4,04/30/2018
LEON,56852,107557,1256,39671,205336,2018,4,04/30/2018
LEVY,12708,9257,421,4993,27379,2018,4,04/30/2018
LIBERTY,796,3161,3,367,4327,2018,4,04/30/2018
MADISON,3411,6996,35,1311,11753,2018,4,04/30/2018
MANATEE,102514,72124,1380,61181,237199,2018,4,04/30/2018
MARION,104322,77936,1213,52710,236181,2018,4,04/30/2018
MARTIN,55744,28073,757,27743,112317,2018,4,04/30/2018
MIAMI-DADE,367137,580529,5048,431057,1383771,2018,4,04/30/2018
MONROE,20556,16966,499,14637,52658,2018,4,04/30/2018
NASSAU,37162,14150,493,12931,64736,2018,4,04/30/2018
OKALOOSA,76146,24641,1157,29516,131460,2018,4,04/30/2018
OKEECHOBEE,8698,7367,114,3951,20130,2018,4,04/30/2018
ORANGE,214603,338832,4942,246562,804939,2018,4,04/30/2018
OSCEOLA,47558,88304,774,70905,207541,2018,4,04/30/2018
PALM BEACH,260386,387637,6058,268017,922098,2018,4,04/30/2018
PASCO,132096,106233,2444,99709,340482,2018,4,04/30/2018
PINELLAS,229080,228287,4903,184531,646801,2018,4,04/30/2018
POLK,143540,143550,2251,114305,403646,2018,4,04/30/2018
PUTNAM,18384,19039,231,9072,46726,2018,4,04/30/2018
SANTA ROSA,75903,25073,1219,27389,129584,2018,4,04/30/2018
SARASOTA,132062,94177,1974,82066,310279,2018,4,04/30/2018
SEMINOLE,107842,97082,1864,81650,288438,2018,4,04/30/2018
ST. JOHNS,94996,42099,1424,41723,180242,2018,4,04/30/2018
ST. LUCIE,63633,78629,983,54895,198140,2018,4,04/30/2018
SUMTER,50464,23256,357,19650,93727,2018,4,04/30/2018
SUWANNEE,11500,9893,168,3906,25467,2018,4,04/30/2018
TAYLOR,4321,6409,57,1193,11980,2018,4,04/30/2018
UNION,3078,3370,19,748,7215,2018,4,04/30/2018
VOLUSIA,131451,126813,2358,110006,370628,2018,4,04/30/2018
WAKULLA,8231,8483,105,3451,20270,2018,4,04/30/2018
WALTON,28734,9653,357,9771,48515,2018,4,04/30/2018
WASHINGTON,8035,5443,67,2208,15753,2018,4,04/30/2018
TOTALS,4555773,4798973,76953,3482707,12914406,2018,4,04/30/2018
ALACHUA,48956,82658,1336,41043,173993,2018,5,05/31/2018
BAKER,7868,5563,47,1614,15092,2018,5,05/31/2018
BAY,61345,30535,973,25491,118344,2018,5,05/31/2018
BRADFORD,7523,6128,75,2440,16166,2018,5,05/31/2018
BREVARD,172700,127141,3484,107866,411191,2018,5,05/31/2018
BROWARD,245171,570479,5490,320220,1141360,2018,5,05/31/2018
CALHOUN,2432,5191,27,970,8620,2018,5,05/31/2018
CHARLOTTE,59086,36073,944,35631,131734,2018,5,05/31/2018
CITRUS,50442,29378,734,26418,106972,2018,5,05/31/2018
CLAY,80781,32932,1040,35481,150234,2018,5,05/31/2018
COLLIER,105214,48421,965,51838,206438,2018,5,05/31/2018
COLUMBIA,17666,14390,240,7063,39359,2018,5,05/31/2018
DESOTO,5453,7302,50,3745,16550,2018,5,05/31/2018
DIXIE,3728,4263,38,1521,9550,2018,5,05/31/2018
DUVAL,216623,236870,4263,127241,584997,2018,5,05/31/2018
ESCAMBIA,92871,70205,1453,42408,206937,2018,5,05/31/2018
FLAGLER,32812,24966,427,22591,80796,2018,5,05/31/2018
FRANKLIN,2451,4040,89,983,7563,2018,5,05/31/2018
GADSDEN,4694,22251,78,2835,29858,2018,5,05/31/2018
GILCHRIST,6310,3397,64,1782,11553,2018,5,05/31/2018
GLADES,2609,2842,32,1227,6710,2018,5,05/31/2018
GULF,4762,3964,82,1182,9990,2018,5,05/31/2018
HAMILTON,2333,4309,29,953,7624,2018,5,05/31/2018
HARDEE,5160,4602,121,2204,12087,2018,5,05/31/2018
HENDRY,6248,7877,70,3314,17509,2018,5,05/31/2018
HERNANDO,53630,41672,1041,34706,131049,2018,5,05/31/2018
HIGHLANDS,26614,17820,223,13331,57988,2018,5,05/31/2018
HILLSBOROUGH,261963,320485,5590,238190,826228,2018,5,05/31/2018
HOLMES,6016,3366,26,1158,10566,2018,5,05/31/2018
INDIAN RIVER,51014,29774,717,29051,110556,2018,5,05/31/2018
JACKSON,10013,14517,70,2908,27508,2018,5,05/31/2018
JEFFERSON,2990,5513,32,1107,9642,2018,5,05/31/2018
LAFAYETTE,1569,2416,12,302,4299,2018,5,05/31/2018
LAKE,100166,69760,1058,57475,228459,2018,5,05/31/2018
LEE,185887,116570,2221,127738,432416,2018,5,05/31/2018
LEON,56908,107730,1311,39949,205898,2018,5,05/31/2018
LEVY,12692,9205,424,4981,27302,2018,5,05/31/2018
LIBERTY,805,3151,3,373,4332,2018,5,05/31/2018
MADISON,3426,6990,36,1314,11766,2018,5,05/31/2018
MANATEE,102770,72293,1448,61379,237890,2018,5,05/31/2018
MARION,104590,78027,1253,52914,236784,2018,5,05/31/2018
MARTIN,55814,28131,790,27805,112540,2018,5,05/31/2018
MIAMI-DADE,367533,581349,5283,433099,1387264,2018,5,05/31/2018
MONROE,20618,16982,509,14683,52792,2018,5,05/31/2018
NASSAU,37328,14202,517,12978,65025,2018,5,05/31/2018
OKALOOSA,76359,24774,1201,29668,132002,2018,5,05/31/2018
OKEECHOBEE,8719,7347,119,3948,20133,2018,5,05/31/2018
ORANGE,204897,318202,4860,231008,758967,2018,5,05/31/2018
OSCEOLA,47543,88518,792,71156,208009,2018,5,05/31/2018
PALM BEACH,257165,382978,6341,264492,910976,2018,5,05/31/2018
PASCO,132499,106516,2533,100092,341640,2018,5,05/31/2018
PINELLAS,229310,228551,5054,184943,647858,2018,5,05/31/2018
POLK,143565,143244,2340,114504,403653,2018,5,05/31/2018
PUTNAM,18410,19001,235,9107,46753,2018,5,05/31/2018
SANTA ROSA,75553,24964,1250,27284,129051,2018,5,05/31/2018
SARASOTA,132333,94403,2040,82376,311152,2018,5,05/31/2018
SEMINOLE,108234,97659,1944,82519,290356,2018,5,05/31/2018
ST. JOHNS,95397,42353,1489,41907,181146,2018,5,05/31/2018
ST. LUCIE,63696,78440,1030,54905,198071,2018,5,05/31/2018
SUMTER,50658,23354,370,19722,94104,2018,5,05/31/2018
SUWANNEE,11544,9875,171,3919,25509,2018,5,05/31/2018
TAYLOR,4323,6364,56,1187,11930,2018,5,05/31/2018
UNION,3089,3348,20,748,7205,2018,5,05/31/2018
VOLUSIA,131593,126961,2474,110243,371271,2018,5,05/31/2018
WAKULLA,8260,8485,112,3469,20326,2018,5,05/31/2018
WALTON,28922,9658,371,9800,48751,2018,5,05/31/2018
WASHINGTON,7982,5367,70,2185,15604,2018,5,05/31/2018
TOTALS,4547635,4776092,79587,3472684,12875998,2018,5,05/31/2018
ALACHUA,48955,82777,1364,41223,174319,2018,6,06/30/2018
BAKER,7750,5358,47,1570,14725,2018,6,06/30/2018
BAY,61564,30553,1002,25620,118739,2018,6,06/30/2018
BRADFORD,7552,6091,75,2459,16177,2018,6,06/30/2018
BREVARD,173484,127552,3630,108227,412893,2018,6,06/30/2018
BROWARD,245785,572654,5743,322122,1146304,2018,6,06/30/2018
CALHOUN,2454,5164,29,977,8624,2018,6,06/30/2018
CHARLOTTE,59300,36234,994,35697,132225,2018,6,06/30/2018
CITRUS,50674,29406,762,26480,107322,2018,6,06/30/2018
CLAY,80928,33034,1066,35590,150618,2018,6,06/30/2018
COLLIER,105615,48696,1018,52076,207405,2018,6,06/30/2018
COLUMBIA,17744,14394,248,7098,39484,2018,6,06/30/2018
DESOTO,5493,7299,49,3755,16596,2018,6,06/30/2018
DIXIE,3744,4247,39,1525,9555,2018,6,06/30/2018
DUVAL,217173,238056,4405,128559,588193,2018,6,06/30/2018
ESCAMBIA,93187,70467,1506,42631,207791,2018,6,06/30/2018
FLAGLER,32998,25054,447,22605,81104,2018,6,06/30/2018
FRANKLIN,2472,4021,93,987,7573,2018,6,06/30/2018
GADSDEN,4635,21926,79,2868,29508,2018,6,06/30/2018
GILCHRIST,6332,3392,65,1786,11575,2018,6,06/30/2018
GLADES,2619,2836,31,1239,6725,2018,6,06/30/2018
GULF,4795,3962,88,1186,10031,2018,6,06/30/2018
HAMILTON,2356,4296,29,948,7629,2018,6,06/30/2018
HARDEE,5178,4583,117,2216,12094,2018,6,06/30/2018
HENDRY,6260,7877,74,3333,17544,2018,6,06/30/2018
HERNANDO,53919,41749,1090,34777,131535,2018,6,06/30/2018
HIGHLANDS,26661,17783,227,13344,58015,2018,6,06/30/2018
HILLSBOROUGH,262829,322254,5811,239650,830544,2018,6,06/30/2018
HOLMES,6062,3349,27,1172,10610,2018,6,06/30/2018
INDIAN RIVER,51243,29920,752,29078,110993,2018,6,06/30/2018
JACKSON,10065,14496,73,2926,27560,2018,6,06/30/2018
JEFFERSON,3050,5451,35,1115,9651,2018,6,06/30/2018
LAFAYETTE,1581,2403,12,301,4297,2018,6,06/30/2018
LAKE,100617,69993,1098,57751,229459,2018,6,06/30/2018
LEE,186490,116990,2323,128229,434032,2018,6,06/30/2018
LEON,56724,107686,1367,40029,205806,2018,6,06/30/2018
LEVY,12755,9188,433,5006,27382,2018,6,06/30/2018
LIBERTY,820,3137,3,381,4341,2018,6,06/30/2018
MADISON,3452,6963,37,1320,11772,2018,6,06/30/2018
MANATEE,103180,72620,1507,61709,239016,2018,6,06/30/2018
MARION,105025,78283,1290,53184,237782,2018,6,06/30/2018
MARTIN,55971,28249,833,27806,112859,2018,6,06/30/2018
MIAMI-DADE,368022,582167,5533,434790,1390512,2018,6,06/30/2018
MONROE,20662,17038,519,14677,52896,2018,6,06/30/2018
NASSAU,37520,14251,543,13062,65376,2018,6,06/30/2018
OKALOOSA,76636,24877,1234,29830,132577,2018,6,06/30/2018
OKEECHOBEE,8734,7340,124,3969,20167,2018,6,06/30/2018
ORANGE,205646,320491,5032,233004,764173,2018,6,06/30/2018
OSCEOLA,47857,89244,828,71789,209718,2018,6,06/30/2018
PALM BEACH,257662,383975,6597,265341,913575,2018,6,06/30/2018
PASCO,133208,107025,2671,100522,343426,2018,6,06/30/2018
PINELLAS,229893,229589,5233,185538,650253,2018,6,06/30/2018
POLK,144078,143558,2433,115121,405190,2018,6,06/30/2018
PUTNAM,18521,18977,248,9132,46878,2018,6,06/30/2018
SANTA ROSA,75869,25012,1318,27395,129594,2018,6,06/30/2018
SARASOTA,132765,94840,2093,82482,312180,2018,6,06/30/2018
SEMINOLE,108395,98154,2005,83137,291691,2018,6,06/30/2018
ST. JOHNS,95902,42685,1547,42058,182192,2018,6,06/30/2018
ST. LUCIE,63979,78797,1075,55184,199035,2018,6,06/30/2018
SUMTER,50956,23520,386,19713,94575,2018,6,06/30/2018
SUWANNEE,11609,9838,176,3922,25545,2018,6,06/30/2018
TAYLOR,4341,6341,58,1189,11929,2018,6,06/30/2018
UNION,3102,3371,20,738,7231,2018,6,06/30/2018
VOLUSIA,132185,127597,2567,110812,373161,2018,6,06/30/2018
WAKULLA,8320,8467,118,3480,20385,2018,6,06/30/2018
WALTON,29151,9640,388,9812,48991,2018,6,06/30/2018
WASHINGTON,8029,5362,73,2197,15661,2018,6,06/30/2018
TOTALS,4562533,4792599,82737,3489449,12927318,2018,6,06/30/2018
ALACHUA,49081,83309,1397,40965,174752,2018,7,07/31/2018
BAKER,7892,5301,47,1578,14818,2018,7,07/31/2018
BAY,61959,30758,1036,25666,119419,2018,7,07/31/2018
BRADFORD,7619,6028,77,2463,16187,2018,7,07/31/2018
BREVARD,174724,128925,3813,108140,415602,2018,7,07/31/2018
BROWARD,247129,577395,6088,322657,1153269,2018,7,07/31/2018
CALHOUN,2520,5112,29,978,8639,2018,7,07/31/2018
CHARLOTTE,59784,36470,1059,35661,132974,2018,7,07/31/2018
CITRUS,51178,29548,790,26385,107901,2018,7,07/31/2018
CLAY,81303,33420,1112,35583,151418,2018,7,07/31/2018
COLLIER,106244,49392,1074,52265,208975,2018,7,07/31/2018
COLUMBIA,18019,14370,261,7132,39782,2018,7,07/31/2018
DESOTO,5553,7270,52,3769,16644,2018,7,07/31/2018
DIXIE,3790,4203,39,1528,9560,2018,7,07/31/2018
DUVAL,218063,240785,4627,129035,592510,2018,7,07/31/2018
ESCAMBIA,93881,70913,1570,42869,209233,2018,7,07/31/2018
FLAGLER,33330,25286,461,22474,81551,2018,7,07/31/2018
FRANKLIN,2512,4034,102,992,7640,2018,7,07/31/2018
GADSDEN,4695,21967,89,2893,29644,2018,7,07/31/2018
GILCHRIST,6400,3364,66,1792,11622,2018,7,07/31/2018
GLADES,2664,2812,34,1243,6753,2018,7,07/31/2018
GULF,4831,3966,97,1191,10085,2018,7,07/31/2018
HAMILTON,2418,4257,36,950,7661,2018,7,07/31/2018
HARDEE,5283,4521,40,2285,12129,2018,7,07/31/2018
HENDRY,6304,7854,79,3336,17573,2018,7,07/31/2018
HERNANDO,54452,41988,1131,34702,132273,2018,7,07/31/2018
HIGHLANDS,26905,17843,235,13393,58376,2018,7,07/31/2018
HILLSBOROUGH,265239,326555,6090,240330,838214,2018,7,07/31/2018
HOLMES,6120,3308,27,1183,10638,2018,7,07/31/2018
INDIAN RIVER,51558,30371,791,28911,111631,2018,7,07/31/2018
JACKSON,10193,14454,73,2967,27687,2018,7,07/31/2018
JEFFERSON,3163,5410,35,1109,9717,2018,7,07/31/2018
LAFAYETTE,1627,2371,12,300,4310,2018,7,07/31/2018
LAKE,101548,70836,1155,57975,231514,2018,7,07/31/2018
LEE,187765,118315,2448,128529,437057,2018,7,07/31/2018
LEON,56978,108307,1424,40046,206755,2018,7,07/31/2018
LEVY,12892,9218,439,5022,27571,2018,7,07/31/2018
LIBERTY,851,3114,3,390,4358,2018,7,07/31/2018
MADISON,3503,6929,38,1327,11797,2018,7,07/31/2018
MANATEE,103837,73431,1573,61588,240429,2018,7,07/31/2018
MARION,105868,78830,1346,53159,239203,2018,7,07/31/2018
MARTIN,56201,28626,856,27592,113275,2018,7,07/31/2018
MIAMI-DADE,369461,586669,5885,436975,1398990,2018,7,07/31/2018
MONROE,20660,17105,548,14565,52878,2018,7,07/31/2018
NASSAU,37809,14367,574,13088,65838,2018,7,07/31/2018
OKALOOSA,76843,25016,1290,29896,133045,2018,7,07/31/2018
OKEECHOBEE,8807,7323,132,3990,20252,2018,7,07/31/2018
ORANGE,207161,326286,5286,234048,772781,2018,7,07/31/2018
OSCEOLA,48349,90785,867,72275,212276,2018,7,07/31/2018
PALM BEACH,259112,387513,6954,265352,918931,2018,7,07/31/2018
PASCO,134526,108197,2852,100377,345952,2018,7,07/31/2018
PINELLAS,231435,232470,5399,185009,654313,2018,7,07/31/2018
POLK,145575,144566,2543,115592,408276,2018,7,07/31/2018
PUTNAM,18698,18858,251,9091,46898,2018,7,07/31/2018
SANTA ROSA,76331,25156,1392,27520,130399,2018,7,07/31/2018
SARASOTA,133439,96037,2175,82150,313801,2018,7,07/31/2018
SEMINOLE,109026,100190,2149,83505,294870,2018,7,07/31/2018
ST. JOHNS,96688,43556,1622,41866,183732,2018,7,07/31/2018
ST. LUCIE,64486,79437,1138,55075,200136,2018,7,07/31/2018
SUMTER,51351,23778,394,19603,95126,2018,7,07/31/2018
SUWANNEE,11731,9760,185,3928,25604,2018,7,07/31/2018
TAYLOR,4400,6340,61,1200,12001,2018,7,07/31/2018
UNION,3162,3387,25,725,7299,2018,7,07/31/2018
VOLUSIA,133238,128784,2676,111081,375779,2018,7,07/31/2018
WAKULLA,8473,8457,120,3483,20533,2018,7,07/31/2018
WALTON,29657,9577,390,9718,49342,2018,7,07/31/2018
WASHINGTON,8079,5339,80,2211,15709,2018,7,07/31/2018
TOTALS,4594373,4840119,86739,3494676,13015907,2018,7,07/31/2018
ALACHUA,49291,84165,1444,41233,176133,2018,8,08/31/2018
BAKER,8016,5264,48,1581,14909,2018,8,08/31/2018
BAY,62358,30824,1073,25687,119942,2018,8,08/31/2018
BRADFORD,7702,5976,81,2443,16202,2018,8,08/31/2018
BREVARD,175962,129728,4056,108112,417858,2018,8,08/31/2018
BROWARD,248084,581495,6510,322549,1158638,2018,8,08/31/2018
CALHOUN,2590,5061,29,974,8654,2018,8,08/31/2018
CHARLOTTE,60216,36536,1113,35514,133379,2018,8,08/31/2018
CITRUS,51772,29531,847,26312,108462,2018,8,08/31/2018
CLAY,81677,33636,1166,35429,151908,2018,8,08/31/2018
COLLIER,106967,49889,1164,52411,210431,2018,8,08/31/2018
COLUMBIA,18294,14349,266,7077,39986,2018,8,08/31/2018
DESOTO,5596,7214,57,3778,16645,2018,8,08/31/2018
DIXIE,3831,4178,41,1529,9579,2018,8,08/31/2018
DUVAL,219246,243286,4847,129642,597021,2018,8,08/31/2018
ESCAMBIA,94688,71352,1666,42893,210599,2018,8,08/31/2018
FLAGLER,33629,25417,484,22385,81915,2018,8,08/31/2018
FRANKLIN,2590,4030,106,990,7716,2018,8,08/31/2018
GADSDEN,4730,22008,95,2868,29701,2018,8,08/31/2018
GILCHRIST,6472,3343,73,1798,11686,2018,8,08/31/2018
GLADES,2699,2785,35,1230,6749,2018,8,08/31/2018
GULF,4906,3932,108,1188,10134,2018,8,08/31/2018
HAMILTON,2471,4222,44,952,7689,2018,8,08/31/2018
HARDEE,5338,4489,39,2282,12148,2018,8,08/31/2018
HENDRY,6380,7842,87,3328,17637,2018,8,08/31/2018
HERNANDO,54938,42060,1171,34621,132790,2018,8,08/31/2018
HIGHLANDS,27076,17890,257,13377,58600,2018,8,08/31/2018
HILLSBOROUGH,267396,329820,6452,240943,844611,2018,8,08/31/2018
HOLMES,6180,3260,29,1191,10660,2018,8,08/31/2018
INDIAN RIVER,51995,30586,832,28800,112213,2018,8,08/31/2018
JACKSON,10347,14423,72,2966,27808,2018,8,08/31/2018
JEFFERSON,3204,5402,36,1095,9737,2018,8,08/31/2018
LAFAYETTE,1729,2289,11,295,4324,2018,8,08/31/2018
LAKE,102227,71244,1208,58026,232705,2018,8,08/31/2018
LEE,189176,119267,2607,128864,439914,2018,8,08/31/2018
LEON,57338,109717,1535,40593,209183,2018,8,08/31/2018
LEVY,12990,9215,444,5021,27670,2018,8,08/31/2018
LIBERTY,878,3099,4,391,4372,2018,8,08/31/2018
MADISON,3548,6910,40,1315,11813,2018,8,08/31/2018
MANATEE,104624,73946,1659,61582,241811,2018,8,08/31/2018
MARION,106790,79074,1407,53232,240503,2018,8,08/31/2018
MARTIN,56336,28644,913,27431,113324,2018,8,08/31/2018
MIAMI-DADE,371430,590311,6417,437924,1406082,2018,8,08/31/2018
MONROE,20832,17346,576,14489,53243,2018,8,08/31/2018
NASSAU,38085,14408,601,13120,66214,2018,8,08/31/2018
OKALOOSA,77535,25231,1357,29825,133948,2018,8,08/31/2018
OKEECHOBEE,8890,7290,136,4001,20317,2018,8,08/31/2018
ORANGE,208477,330534,5520,236529,781060,2018,8,08/31/2018
OSCEOLA,48790,92003,929,72790,214512,2018,8,08/31/2018
PALM BEACH,260762,390113,7436,264782,923093,2018,8,08/31/2018
PASCO,135592,108683,3016,100430,347721,2018,8,08/31/2018
PINELLAS,232615,234366,5644,185206,657831,2018,8,08/31/2018
POLK,146976,145285,2658,115996,410915,2018,8,08/31/2018
PUTNAM,18879,18766,265,9074,46984,2018,8,08/31/2018
SANTA ROSA,76959,25214,1439,27498,131110,2018,8,08/31/2018
SARASOTA,134145,96902,2244,81938,315229,2018,8,08/31/2018
SEMINOLE,109585,101307,2307,83992,297191,2018,8,08/31/2018
ST. JOHNS,97327,44032,1691,41772,184822,2018,8,08/31/2018
ST. LUCIE,64951,79848,1207,54862,200868,2018,8,08/31/2018
SUMTER,51821,23900,414,19611,95746,2018,8,08/31/2018
SUWANNEE,11875,9671,191,3930,25667,2018,8,08/31/2018
TAYLOR,4468,6293,62,1214,12037,2018,8,08/31/2018
UNION,3317,3262,28,722,7329,2018,8,08/31/2018
VOLUSIA,134542,129764,2834,111025,378165,2018,8,08/31/2018
WAKULLA,8606,8408,128,3502,20644,2018,8,08/31/2018
WALTON,29944,9644,404,9675,49667,2018,8,08/31/2018
WASHINGTON,8135,5303,82,2207,15727,2018,8,08/31/2018
TOTALS,4626815,4875282,91742,3500042,13093881,2018,8,08/31/2018
ALACHUA,49764,85837,1554,42022,179177,2018,9,09/30/2018
BAKER,8161,5214,50,1590,15015,2018,9,09/30/2018
BAY,62747,30867,1116,25788,120518,2018,9,09/30/2018
BRADFORD,7785,5936,87,2446,16254,2018,9,09/30/2018
BREVARD,177237,130415,4327,108487,420466,2018,9,09/30/2018
BROWARD,249822,586833,7094,324233,1167982,2018,9,09/30/2018
CALHOUN,2654,5013,31,982,8680,2018,9,09/30/2018
CHARLOTTE,60632,36616,1202,35625,134075,2018,9,09/30/2018
CITRUS,52204,29555,916,26317,108992,2018,9,09/30/2018
CLAY,82005,33846,1231,35445,152527,2018,9,09/30/2018
COLLIER,107721,50507,1298,52842,212368,2018,9,09/30/2018
COLUMBIA,18569,14265,288,7092,40214,2018,9,09/30/2018
DESOTO,5655,7170,60,3805,16690,2018,9,09/30/2018
DIXIE,3942,4106,46,1520,9614,2018,9,09/30/2018
DUVAL,220626,246387,5246,131237,603496,2018,9,09/30/2018
ESCAMBIA,95271,71680,1805,43228,211984,2018,9,09/30/2018
FLAGLER,33830,25495,532,22426,82283,2018,9,09/30/2018
FRANKLIN,2644,3998,108,995,7745,2018,9,09/30/2018
GADSDEN,4776,21985,101,2872,29734,2018,9,09/30/2018
GILCHRIST,6540,3291,72,1799,11702,2018,9,09/30/2018
GLADES,2738,2759,35,1222,6754,2018,9,09/30/2018
GULF,4958,3923,118,1189,10188,2018,9,09/30/2018
HAMILTON,2519,4197,47,949,7712,2018,9,09/30/2018
HARDEE,5409,4440,45,2280,12174,2018,9,09/30/2018
HENDRY,6455,7818,93,3326,17692,2018,9,09/30/2018
HERNANDO,55385,42134,1245,34669,133433,2018,9,09/30/2018
HIGHLANDS,27328,17975,289,13417,59009,2018,9,09/30/2018
HILLSBOROUGH,269358,333474,6986,243301,853119,2018,9,09/30/2018
HOLMES,6257,3226,32,1204,10719,2018,9,09/30/2018
INDIAN RIVER,52380,30773,891,28840,112884,2018,9,09/30/2018
JACKSON,10538,14341,76,2982,27937,2018,9,09/30/2018
JEFFERSON,3251,5389,37,1102,9779,2018,9,09/30/2018
LAFAYETTE,1792,2243,12,299,4346,2018,9,09/30/2018
LAKE,103063,71734,1328,58353,234478,2018,9,09/30/2018
LEE,190437,120514,2855,129844,443650,2018,9,09/30/2018
LEON,57795,111180,1640,41272,211887,2018,9,09/30/2018
LEVY,13111,9163,443,5044,27761,2018,9,09/30/2018
LIBERTY,941,3033,4,393,4371,2018,9,09/30/2018
MADISON,3608,6866,42,1307,11823,2018,9,09/30/2018
MANATEE,105302,74427,1778,62063,243570,2018,9,09/30/2018
MARION,107649,79435,1515,53551,242150,2018,9,09/30/2018
MARTIN,56587,28762,982,27367,113698,2018,9,09/30/2018
MIAMI-DADE,374164,595814,7315,440445,1417738,2018,9,09/30/2018
MONROE,20993,17457,611,14504,53565,2018,9,09/30/2018
NASSAU,38317,14452,626,13145,66540,2018,9,09/30/2018
OKALOOSA,77959,25489,1430,30017,134895,2018,9,09/30/2018
OKEECHOBEE,8991,7283,144,4029,20447,2018,9,09/30/2018
ORANGE,209972,336818,6129,238761,791680,2018,9,09/30/2018
OSCEOLA,49282,93093,1040,73765,217180,2018,9,09/30/2018
PALM BEACH,262575,392963,8014,265144,928696,2018,9,09/30/2018
PASCO,136741,109432,3208,100813,350194,2018,9,09/30/2018
PINELLAS,234142,236752,6042,186473,663409,2018,9,09/30/2018
POLK,148459,146491,2843,117092,414885,2018,9,09/30/2018
PUTNAM,19079,18638,284,9075,47076,2018,9,09/30/2018
SANTA ROSA,77447,25279,1518,27618,131862,2018,9,09/30/2018
SARASOTA,134884,97411,2410,82255,316960,2018,9,09/30/2018
SEMINOLE,110198,102705,2539,84842,300284,2018,9,09/30/2018
ST. JOHNS,98054,44516,1775,41879,186224,2018,9,09/30/2018
ST. LUCIE,65514,80363,1297,55012,202186,2018,9,09/30/2018
SUMTER,52241,23970,436,19749,96396,2018,9,09/30/2018
SUWANNEE,12052,9590,203,3910,25755,2018,9,09/30/2018
TAYLOR,4573,6244,69,1219,12105,2018,9,09/30/2018
UNION,3380,3222,31,727,7360,2018,9,09/30/2018
VOLUSIA,135674,130296,3047,111244,380261,2018,9,09/30/2018
WAKULLA,8725,8371,139,3509,20744,2018,9,09/30/2018
WALTON,30152,9694,431,9730,50007,2018,9,09/30/2018
WASHINGTON,8216,5250,84,2223,15773,2018,9,09/30/2018
TOTALS,4661230,4918415,99322,3521905,13200872,2018,9,09/30/2018
ALACHUA,50436,87582,1732,43207,182957,2018,10,10/31/2018
BAKER,8395,5214,54,1614,15277,2018,10,10/31/2018
BAY,63116,30918,1170,25979,121183,2018,10,10/31/2018
BRADFORD,7897,5918,89,2454,16358,2018,10,10/31/2018
BREVARD,178560,131220,4588,109599,423967,2018,10,10/31/2018
BROWARD,252243,594604,7857,328997,1183701,2018,10,10/31/2018
CALHOUN,2691,4976,31,994,8692,2018,10,10/31/2018
CHARLOTTE,61035,36760,1267,35875,134937,2018,10,10/31/2018
CITRUS,52686,29574,965,26464,109689,2018,10,10/31/2018
CLAY,82611,34167,1312,35712,153802,2018,10,10/31/2018
COLLIER,109009,51227,1431,53605,215272,2018,10,10/31/2018
COLUMBIA,18812,14296,300,7162,40570,2018,10,10/31/2018
DESOTO,5715,7163,62,3828,16768,2018,10,10/31/2018
DIXIE,4023,4085,49,1541,9698,2018,10,10/31/2018
DUVAL,222617,249476,5639,133127,610859,2018,10,10/31/2018
ESCAMBIA,96214,72363,1954,43769,214300,2018,10,10/31/2018
FLAGLER,34182,25631,562,22581,82956,2018,10,10/31/2018
FRANKLIN,2670,4012,111,1022,7815,2018,10,10/31/2018
GADSDEN,4815,21972,112,2888,29787,2018,10,10/31/2018
GILCHRIST,6633,3265,72,1821,11791,2018,10,10/31/2018
GLADES,2791,2746,39,1247,6823,2018,10,10/31/2018
GULF,4975,3892,123,1196,10186,2018,10,10/31/2018
HAMILTON,2550,4187,47,944,7728,2018,10,10/31/2018
HARDEE,5447,4437,47,2307,12238,2018,10,10/31/2018
HENDRY,6554,7803,103,3343,17803,2018,10,10/31/2018
HERNANDO,55870,42224,1328,34836,134258,2018,10,10/31/2018
HIGHLANDS,27696,18136,304,13566,59702,2018,10,10/31/2018
HILLSBOROUGH,272285,338252,7644,247322,865503,2018,10,10/31/2018
HOLMES,6330,3197,35,1204,10766,2018,10,10/31/2018
INDIAN RIVER,52806,30971,977,29048,113802,2018,10,10/31/2018
JACKSON,10716,14301,73,2999,28089,2018,10,10/31/2018
JEFFERSON,3265,5364,38,1100,9767,2018,10,10/31/2018
LAFAYETTE,1856,2193,12,300,4361,2018,10,10/31/2018
LAKE,104115,72391,1435,59227,237168,2018,10,10/31/2018
LEE,192267,121799,3101,131600,448767,2018,10,10/31/2018
LEON,58391,113158,1783,42498,215830,2018,10,10/31/2018
LEVY,13269,9145,459,5103,27976,2018,10,10/31/2018
LIBERTY,947,3017,5,391,4360,2018,10,10/31/2018
MADISON,3651,6868,45,1307,11871,2018,10,10/31/2018
MANATEE,106416,75089,1904,62864,246273,2018,10,10/31/2018
MARION,108419,79644,1605,53923,243591,2018,10,10/31/2018
MARTIN,56894,28858,1066,27556,114374,2018,10,10/31/2018
MIAMI-DADE,377793,601402,8205,446710,1434110,2018,10,10/31/2018
MONROE,21165,17535,658,14505,53863,2018,10,10/31/2018
NASSAU,38551,14521,669,13247,66988,2018,10,10/31/2018
OKALOOSA,78663,25836,1505,30454,136458,2018,10,10/31/2018
OKEECHOBEE,9108,7292,152,4082,20634,2018,10,10/31/2018
ORANGE,212267,343934,6699,244090,806990,2018,10,10/31/2018
OSCEOLA,49802,94208,1127,74907,220044,2018,10,10/31/2018
PALM BEACH,264681,395514,8589,267385,936169,2018,10,10/31/2018
PASCO,137943,110149,3440,101756,353288,2018,10,10/31/2018
PINELLAS,236093,239052,6417,188939,670501,2018,10,10/31/2018
POLK,149745,147655,3021,118519,418940,2018,10,10/31/2018
PUTNAM,19284,18655,303,9125,47367,2018,10,10/31/2018
SANTA ROSA,77986,25412,1596,27857,132851,2018,10,10/31/2018
SARASOTA,135786,98019,2531,82941,319277,2018,10,10/31/2018
SEMINOLE,111493,104409,2789,86713,305404,2018,10,10/31/2018
ST. JOHNS,98778,44961,1900,42209,187848,2018,10,10/31/2018
ST. LUCIE,66204,80941,1391,55413,203949,2018,10,10/31/2018
SUMTER,52663,24105,454,19976,97198,2018,10,10/31/2018
SUWANNEE,12143,9547,211,3954,25855,2018,10,10/31/2018
TAYLOR,4700,6199,73,1224,12196,2018,10,10/31/2018
UNION,3444,3191,35,733,7403,2018,10,10/31/2018
VOLUSIA,136994,131173,3255,112310,383732,2018,10,10/31/2018
WAKULLA,8857,8319,148,3525,20849,2018,10,10/31/2018
WALTON,30524,9742,461,9908,50635,2018,10,10/31/2018
WASHINGTON,8298,5220,86,2238,15842,2018,10,10/31/2018
TOTALS,4704835,4969086,107245,3568840,13350006,2018,10,10/31/2018
ALACHUA,50519,87840,1759,43337,183455,2018,11,11/30/2018
BAKER,8509,5226,60,1651,15446,2018,11,11/30/2018
BAY,63334,30929,1189,26126,121578,2018,11,11/30/2018
BRADFORD,7950,5909,92,2470,16421,2018,11,11/30/2018
BREVARD,179095,131555,4741,110273,425664,2018,11,11/30/2018
BROWARD,252804,596447,8162,330604,1188017,2018,11,11/30/2018
CALHOUN,2701,4952,30,1003,8686,2018,11,11/30/2018
CHARLOTTE,61295,36869,1315,36080,135559,2018,11,11/30/2018
CITRUS,52917,29599,1002,26582,110100,2018,11,11/30/2018
CLAY,82568,34270,1364,35674,153876,2018,11,11/30/2018
COLLIER,109754,51670,1495,54215,217134,2018,11,11/30/2018
COLUMBIA,18874,14297,303,7181,40655,2018,11,11/30/2018
DESOTO,5759,7155,63,3837,16814,2018,11,11/30/2018
DIXIE,4051,4037,48,1555,9691,2018,11,11/30/2018
DUVAL,222672,250176,5775,133638,612261,2018,11,11/30/2018
ESCAMBIA,96464,72519,2010,44033,215026,2018,11,11/30/2018
FLAGLER,34260,25687,581,22675,83203,2018,11,11/30/2018
FRANKLIN,2676,4021,113,1019,7829,2018,11,11/30/2018
GADSDEN,4837,22010,111,2908,29866,2018,11,11/30/2018
GILCHRIST,6669,3263,72,1823,11827,2018,11,11/30/2018
GLADES,2810,2748,41,1254,6853,2018,11,11/30/2018
GULF,5009,3896,125,1203,10233,2018,11,11/30/2018
HAMILTON,2553,4197,49,950,7749,2018,11,11/30/2018
HARDEE,5457,4442,47,2311,12257,2018,11,11/30/2018
HENDRY,6597,7825,106,3364,17892,2018,11,11/30/2018
HERNANDO,56197,42337,1375,35014,134923,2018,11,11/30/2018
HIGHLANDS,27802,18192,320,13691,60005,2018,11,11/30/2018
HILLSBOROUGH,273197,339852,7894,249019,869962,2018,11,11/30/2018
HOLMES,6349,3185,38,1218,10790,2018,11,11/30/2018
INDIAN RIVER,52958,31108,1010,29213,114289,2018,11,11/30/2018
JACKSON,10768,14303,75,3020,28166,2018,11,11/30/2018
JEFFERSON,3282,5355,39,1109,9785,2018,11,11/30/2018
LAFAYETTE,1867,2189,13,302,4371,2018,11,11/30/2018
LAKE,104354,72512,1477,59576,237919,2018,11,11/30/2018
LEE,193263,122355,3214,132683,451515,2018,11,11/30/2018
LEON,58121,112577,1821,42317,214836,2018,11,11/30/2018
LEVY,13256,9106,460,5098,27920,2018,11,11/30/2018
LIBERTY,959,3005,5,391,4360,2018,11,11/30/2018
MADISON,3673,6886,46,1318,11923,2018,11,11/30/2018
MANATEE,106780,75261,1979,63268,247288,2018,11,11/30/2018
MARION,108935,79907,1670,54262,244774,2018,11,11/30/2018
MARTIN,56988,28889,1101,27664,114642,2018,11,11/30/2018
MIAMI-DADE,378799,603475,8571,448864,1439709,2018,11,11/30/2018
MONROE,21169,17511,670,14468,53818,2018,11,11/30/2018
NASSAU,38788,14558,706,13342,67394,2018,11,11/30/2018
OKALOOSA,78912,25902,1552,30521,136887,2018,11,11/30/2018
OKEECHOBEE,9153,7272,160,4092,20677,2018,11,11/30/2018
ORANGE,212922,345606,6929,245885,811342,2018,11,11/30/2018
OSCEOLA,49215,92518,1165,72942,215840,2018,11,11/30/2018
PALM BEACH,265632,396632,8970,268899,940133,2018,11,11/30/2018
PASCO,138571,110452,3559,102241,354823,2018,11,11/30/2018
PINELLAS,236194,239176,6585,189487,671442,2018,11,11/30/2018
POLK,150308,148241,3110,119157,420816,2018,11,11/30/2018
PUTNAM,19395,18662,316,9189,47562,2018,11,11/30/2018
SANTA ROSA,78363,25503,1657,28022,133545,2018,11,11/30/2018
SARASOTA,136363,98375,2602,83453,320793,2018,11,11/30/2018
SEMINOLE,111508,104516,2888,87053,305965,2018,11,11/30/2018
ST. JOHNS,99498,45210,1959,42649,189316,2018,11,11/30/2018
ST. LUCIE,66370,81044,1452,55703,204569,2018,11,11/30/2018
SUMTER,53041,24188,469,20116,97814,2018,11,11/30/2018
SUWANNEE,12222,9498,216,3969,25905,2018,11,11/30/2018
TAYLOR,4763,6217,78,1238,12296,2018,11,11/30/2018
UNION,3473,3187,36,739,7435,2018,11,11/30/2018
VOLUSIA,137416,131369,3356,112744,384885,2018,11,11/30/2018
WAKULLA,8892,8301,156,3539,20888,2018,11,11/30/2018
WALTON,30660,9746,475,9931,50812,2018,11,11/30/2018
WASHINGTON,8336,5206,87,2257,15886,2018,11,11/30/2018
TOTALS,4718846,4980923,110914,3585429,13396112,2018,11,11/30/2018
ALACHUA,50473,87822,1772,43381,183448,2018,12,12/31/2018
BAKER,8522,5219,61,1668,15470,2018,12,12/31/2018
BAY,62905,30575,1194,25903,120577,2018,12,12/31/2018
BRADFORD,7967,5910,96,2485,16458,2018,12,12/31/2018
BREVARD,179488,131659,4889,110665,426701,2018,12,12/31/2018
BROWARD,252970,597401,8385,331838,1190594,2018,12,12/31/2018
CALHOUN,2698,4925,30,1004,8657,2018,12,12/31/2018
CHARLOTTE,61570,36926,1358,36256,136110,2018,12,12/31/2018
CITRUS,53134,29584,1024,26703,110445,2018,12,12/31/2018
CLAY,82220,34119,1377,35596,153312,2018,12,12/31/2018
COLLIER,109583,51439,1502,54005,216529,2018,12,12/31/2018
COLUMBIA,18684,14128,302,7075,40189,2018,12,12/31/2018
DESOTO,5783,7158,66,3868,16875,2018,12,12/31/2018
DIXIE,4067,4021,49,1557,9694,2018,12,12/31/2018
DUVAL,223071,250604,5903,134243,613821,2018,12,12/31/2018
ESCAMBIA,96489,72495,2045,44138,215167,2018,12,12/31/2018
FLAGLER,34448,25777,597,22791,83613,2018,12,12/31/2018
FRANKLIN,2712,4004,115,1027,7858,2018,12,12/31/2018
GADSDEN,4817,21826,111,2874,29628,2018,12,12/31/2018
GILCHRIST,6683,3253,73,1843,11852,2018,12,12/31/2018
GLADES,2836,2739,43,1268,6886,2018,12,12/31/2018
GULF,5018,3891,130,1207,10246,2018,12,12/31/2018
HAMILTON,2570,4175,48,956,7749,2018,12,12/31/2018
HARDEE,5472,4435,49,2306,12262,2018,12,12/31/2018
HENDRY,6612,7814,110,3380,17916,2018,12,12/31/2018
HERNANDO,56190,42191,1412,34952,134745,2018,12,12/31/2018
HIGHLANDS,27892,18236,329,13809,60266,2018,12,12/31/2018
HILLSBOROUGH,273536,340531,8059,250090,872216,2018,12,12/31/2018
HOLMES,6363,3187,39,1229,10818,2018,12,12/31/2018
INDIAN RIVER,52972,31166,1041,29250,114429,2018,12,12/31/2018
JACKSON,10770,14253,77,3028,28128,2018,12,12/31/2018
JEFFERSON,3292,5348,39,1111,9790,2018,12,12/31/2018
LAFAYETTE,1868,2179,13,300,4360,2018,12,12/31/2018
LAKE,104617,72579,1496,59894,238586,2018,12,12/31/2018
LEE,193748,122660,3309,133411,453128,2018,12,12/31/2018
LEON,58083,112442,1835,42340,214700,2018,12,12/31/2018
LEVY,13269,9100,463,5101,27933,2018,12,12/31/2018
LIBERTY,965,3002,5,392,4364,2018,12,12/31/2018
MADISON,3689,6871,47,1317,11924,2018,12,12/31/2018
MANATEE,106524,74768,2033,62988,246313,2018,12,12/31/2018
MARION,109189,80049,1710,54444,245392,2018,12,12/31/2018
MARTIN,56996,28866,1122,27740,114724,2018,12,12/31/2018
MIAMI-DADE,378682,603358,8767,449602,1440409,2018,12,12/31/2018
MONROE,21131,17457,685,14376,53649,2018,12,12/31/2018
NASSAU,38877,14547,727,13390,67541,2018,12,12/31/2018
OKALOOSA,79153,25984,1588,30710,137435,2018,12,12/31/2018
OKEECHOBEE,9171,7272,164,4113,20720,2018,12,12/31/2018
ORANGE,213215,346241,7092,246942,813490,2018,12,12/31/2018
OSCEOLA,49072,92189,1179,72775,215215,2018,12,12/31/2018
PALM BEACH,265141,395005,9244,267940,937330,2018,12,12/31/2018
PASCO,138994,110646,3639,102778,356057,2018,12,12/31/2018
PINELLAS,236186,239092,6716,189787,671781,2018,12,12/31/2018
POLK,151003,148868,3272,120315,423458,2018,12,12/31/2018
PUTNAM,19456,18614,327,9238,47635,2018,12,12/31/2018
SANTA ROSA,78475,25465,1732,28117,133789,2018,12,12/31/2018
SARASOTA,136685,98579,2687,83729,321680,2018,12,12/31/2018
SEMINOLE,111491,104595,2950,87263,306299,2018,12,12/31/2018
ST. JOHNS,99172,44899,1966,42343,188380,2018,12,12/31/2018
ST. LUCIE,66389,81017,1495,55875,204776,2018,12,12/31/2018
SUMTER,53258,24244,480,20242,98224,2018,12,12/31/2018
SUWANNEE,12290,9485,219,3999,25993,2018,12,12/31/2018
TAYLOR,4777,6191,79,1242,12289,2018,12,12/31/2018
UNION,3481,3172,37,740,7430,2018,12,12/31/2018
VOLUSIA,134223,126546,3357,107959,372085,2018,12,12/31/2018
WAKULLA,8937,8288,161,3552,20938,2018,12,12/31/2018
WALTON,30414,9674,478,9797,50363,2018,12,12/31/2018
WASHINGTON,8292,5140,90,2261,15783,2018,12,12/31/2018
TOTALS,4718720,4975895,113489,3588518,13396622,2018,12,12/31/2018
Alachua  ,50590,88082,1801,43668,184141,2019,1,01/31/2019
Baker  ,8588,5211,60,1683,15542,2019,1,01/31/2019
Bay  ,62231,30126,1201,25555,119113,2019,1,01/31/2019
Bradford  ,8018,5909,96,2497,16520,2019,1,01/31/2019
Brevard  ,180140,132021,5048,111437,428646,2019,1,01/31/2019
Broward  ,253570,598914,8644,333673,1194801,2019,1,01/31/2019
Calhoun  ,2731,4916,30,1014,8691,2019,1,01/31/2019
Charlotte  ,61854,37029,1427,36403,136713,2019,1,01/31/2019
Citrus  ,53493,29694,1067,26920,111174,2019,1,01/31/2019
Clay  ,82181,34228,1415,35618,153442,2019,1,01/31/2019
Collier  ,109930,51660,1526,54153,217269,2019,1,01/31/2019
Columbia  ,18719,14042,303,7067,40131,2019,1,01/31/2019
Desoto  ,5822,7149,70,3891,16932,2019,1,01/31/2019
Dixie  ,4091,4010,51,1571,9723,2019,1,01/31/2019
Duval  ,220298,247083,5906,131278,604565,2019,1,01/31/2019
Escambia  ,96346,72395,2102,44144,214987,2019,1,01/31/2019
Flagler  ,34630,25894,623,22872,84019,2019,1,01/31/2019
Franklin  ,2739,4015,122,1046,7922,2019,1,01/31/2019
Gadsden  ,4777,21703,112,2837,29429,2019,1,01/31/2019
Gilchrist  ,6710,3265,75,1863,11913,2019,1,01/31/2019
Glades  ,2873,2722,46,1272,6913,2019,1,01/31/2019
Gulf  ,5065,3909,140,1232,10346,2019,1,01/31/2019
Hamilton  ,2581,4161,51,960,7753,2019,1,01/31/2019
Hardee  ,5487,4434,50,2313,12284,2019,1,01/31/2019
Hendry  ,6566,7695,122,3337,17720,2019,1,01/31/2019
Hernando  ,56384,42254,1471,35182,135291,2019,1,01/31/2019
Highlands  ,27959,18247,338,13855,60399,2019,1,01/31/2019
Hillsborough  ,274519,342288,8310,252051,877168,2019,1,01/31/2019
Holmes  ,6353,3156,37,1223,10769,2019,1,01/31/2019
Indian River  ,53209,31355,1087,29486,115137,2019,1,01/31/2019
Jackson  ,10728,14160,81,3016,27985,2019,1,01/31/2019
Jefferson  ,3273,5256,38,1083,9650,2019,1,01/31/2019
Lafayette  ,1888,2169,13,302,4372,2019,1,01/31/2019
Lake  ,105042,72850,1536,60452,239880,2019,1,01/31/2019
Lee  ,194003,122780,3433,133907,454123,2019,1,01/31/2019
Leon  ,57397,111321,1865,41449,212032,2019,1,01/31/2019
Levy  ,13228,9035,472,5114,27849,2019,1,01/31/2019
Liberty  ,979,2993,5,400,4377,2019,1,01/31/2019
Madison  ,3707,6850,52,1307,11916,2019,1,01/31/2019
Manatee  ,107007,75125,2111,63402,247645,2019,1,01/31/2019
Marion  ,108888,79737,1757,54121,244503,2019,1,01/31/2019
Martin  ,57177,28964,1183,27940,115264,2019,1,01/31/2019
Miami-Dade  ,378121,601876,9041,449129,1438167,2019,1,01/31/2019
Monroe  ,20909,17295,702,14128,53034,2019,1,01/31/2019
Nassau  ,39020,14586,753,13485,67844,2019,1,01/31/2019
Okaloosa  ,79473,26095,1632,30964,138164,2019,1,01/31/2019
Okeechobee  ,9214,7253,169,4117,20753,2019,1,01/31/2019
Orange  ,213860,347695,7263,248729,817547,2019,1,01/31/2019
Osceola  ,48556,91011,1209,72186,212962,2019,1,01/31/2019
Palm Beach  ,265824,395772,9590,268976,940162,2019,1,01/31/2019
Pasco  ,138650,110126,3754,102371,354901,2019,1,01/31/2019
Pinellas  ,235672,238141,6816,189178,669807,2019,1,01/31/2019
Polk  ,151750,149560,3395,121237,425942,2019,1,01/31/2019
Putnam  ,19573,18563,334,9303,47773,2019,1,01/31/2019
Santa Rosa  ,79094,25698,1827,28411,135030,2019,1,01/31/2019
Sarasota  ,137021,98821,2769,84178,322789,2019,1,01/31/2019
Seminole  ,111508,104734,3029,87556,306827,2019,1,01/31/2019
St. Johns  ,99316,45001,2006,42398,188721,2019,1,01/31/2019
St. Lucie  ,66018,80599,1540,55528,203685,2019,1,01/31/2019
Sumter  ,53606,24318,498,20424,98846,2019,1,01/31/2019
Suwannee  ,12366,9483,227,4023,26099,2019,1,01/31/2019
Taylor  ,4824,6169,80,1257,12330,2019,1,01/31/2019
Union  ,3491,3160,41,741,7433,2019,1,01/31/2019
Volusia  ,134779,126898,3468,108632,373777,2019,1,01/31/2019
Wakulla  ,9008,8258,164,3582,21012,2019,1,01/31/2019
Walton  ,30574,9736,487,9878,50675,2019,1,01/31/2019
Washington  ,8406,5174,96,2336,16012,2019,1,01/31/2019
TOTALS,4722404,4974829,116767,3595341,13409341,2019,1,01/31/2019
Alachua  ,50662,88209,1814,43858,184543,2019,2,02/28/2019
Baker  ,8618,5201,62,1699,15580,2019,2,02/28/2019
Bay  ,60374,29078,1179,24464,115095,2019,2,02/28/2019
Bradford  ,8054,5904,98,2508,16564,2019,2,02/28/2019
Brevard  ,179383,130993,5151,111054,426581,2019,2,02/28/2019
Broward  ,253852,599537,8884,334848,1197121,2019,2,02/28/2019
Calhoun  ,2768,4871,30,1011,8680,2019,2,02/28/2019
Charlotte  ,62090,37105,1483,36607,137285,2019,2,02/28/2019
Citrus  ,53587,29577,1109,26897,111170,2019,2,02/28/2019
Clay  ,82293,34284,1451,35688,153716,2019,2,02/28/2019
Collier  ,109642,51462,1538,53943,216585,2019,2,02/28/2019
Columbia  ,18730,13920,304,6989,39943,2019,2,02/28/2019
Desoto  ,5842,7133,73,3909,16957,2019,2,02/28/2019
Dixie  ,4114,3999,53,1589,9755,2019,2,02/28/2019
Duval  ,220816,247860,6060,131927,606663,2019,2,02/28/2019
Escambia  ,96003,72048,2146,43988,214185,2019,2,02/28/2019
Flagler  ,34673,25922,649,22882,84126,2019,2,02/28/2019
Franklin  ,2786,3994,129,1046,7955,2019,2,02/28/2019
Gadsden  ,4771,21643,112,2825,29351,2019,2,02/28/2019
Gilchrist  ,6729,3247,77,1882,11935,2019,2,02/28/2019
Glades  ,2901,2719,47,1276,6943,2019,2,02/28/2019
Gulf  ,5089,3914,146,1233,10382,2019,2,02/28/2019
Hamilton  ,2573,4097,56,944,7670,2019,2,02/28/2019
Hardee  ,5496,4428,52,2330,12306,2019,2,02/28/2019
Hendry  ,6579,7682,129,3352,17742,2019,2,02/28/2019
Hernando  ,56128,41897,1504,34987,134516,2019,2,02/28/2019
Highlands  ,27996,18247,345,13900,60488,2019,2,02/28/2019
Hillsborough  ,271789,336070,8427,246717,863003,2019,2,02/28/2019
Holmes  ,6362,3129,37,1224,10752,2019,2,02/28/2019
Indian River  ,52932,31116,1100,29171,114319,2019,2,02/28/2019
Jackson  ,10685,14072,81,2999,27837,2019,2,02/28/2019
Jefferson  ,3293,5241,40,1082,9656,2019,2,02/28/2019
Lafayette  ,1909,2151,13,299,4372,2019,2,02/28/2019
Lake  ,105357,73031,1575,60763,240726,2019,2,02/28/2019
Lee  ,194401,123046,3541,134536,455524,2019,2,02/28/2019
Leon  ,57336,110909,1894,41315,211454,2019,2,02/28/2019
Levy  ,13247,9034,473,5126,27880,2019,2,02/28/2019
Liberty  ,1015,2950,5,404,4374,2019,2,02/28/2019
Madison  ,3730,6829,53,1302,11914,2019,2,02/28/2019
Manatee  ,107228,75269,2175,63657,248329,2019,2,02/28/2019
Marion  ,109312,80015,1792,54448,245567,2019,2,02/28/2019
Martin  ,56760,28697,1211,27688,114356,2019,2,02/28/2019
Miami-Dade  ,377967,600708,9268,449482,1437425,2019,2,02/28/2019
Monroe  ,20961,17297,720,14169,53147,2019,2,02/28/2019
Nassau  ,39127,14585,768,13578,68058,2019,2,02/28/2019
Okaloosa  ,79594,26130,1684,31044,138452,2019,2,02/28/2019
Okeechobee  ,9251,7250,173,4130,20804,2019,2,02/28/2019
Orange  ,214110,348615,7385,249879,819989,2019,2,02/28/2019
Osceola  ,48749,91284,1251,72777,214061,2019,2,02/28/2019
Palm Beach  ,266481,396425,9924,269870,942700,2019,2,02/28/2019
Pasco  ,137234,108823,3770,101223,351050,2019,2,02/28/2019
Pinellas  ,235913,238456,6944,189622,670935,2019,2,02/28/2019
Polk  ,152348,150015,3533,121964,427860,2019,2,02/28/2019
Putnam  ,19685,18514,338,9357,47894,2019,2,02/28/2019
Santa Rosa  ,79297,25741,1906,28554,135498,2019,2,02/28/2019
Sarasota  ,135880,97775,2820,83002,319477,2019,2,02/28/2019
Seminole  ,111494,104742,3107,87740,307083,2019,2,02/28/2019
St. Johns  ,99073,44876,2043,42185,188177,2019,2,02/28/2019
St. Lucie  ,65889,80336,1571,55412,203208,2019,2,02/28/2019
Sumter  ,53553,24238,500,20453,98744,2019,2,02/28/2019
Suwannee  ,12435,9453,227,4050,26165,2019,2,02/28/2019
Taylor  ,4898,6115,84,1264,12361,2019,2,02/28/2019
Union  ,3502,3156,43,741,7442,2019,2,02/28/2019
Volusia  ,135211,126958,3566,108840,374575,2019,2,02/28/2019
Wakulla  ,9089,8218,168,3588,21063,2019,2,02/28/2019
Walton  ,30732,9725,500,9967,50924,2019,2,02/28/2019
Washington  ,8435,5174,97,2365,16071,2019,2,02/28/2019
TOTALS,4718813,4965139,119488,3593623,13397063,2019,2,02/28/2019
Alachua  ,50740,88441,1836,44044,185061,2019,3,03/31/2019
Baker  ,8638,5203,62,1715,15618,2019,3,03/31/2019
Bay  ,60572,29081,1202,24609,115464,2019,3,03/31/2019
Bradford  ,7948,5809,98,2451,16306,2019,3,03/31/2019
Brevard  ,179134,130624,5255,110925,425938,2019,3,03/31/2019
Broward  ,253900,599936,9090,335760,1198686,2019,3,03/31/2019
Calhoun  ,2806,4833,31,1015,8685,2019,3,03/31/2019
Charlotte  ,62528,37371,1525,37053,138477,2019,3,03/31/2019
Citrus  ,53591,29510,1144,26931,111176,2019,3,03/31/2019
Clay  ,82468,34431,1492,35824,154215,2019,3,03/31/2019
Collier  ,108717,51016,1559,53390,214682,2019,3,03/31/2019
Columbia  ,18769,13915,314,6986,39984,2019,3,03/31/2019
Desoto  ,5866,7147,73,3944,17030,2019,3,03/31/2019
Dixie  ,4115,3989,55,1601,9760,2019,3,03/31/2019
Duval  ,220921,248130,6171,132337,607559,2019,3,03/31/2019
Escambia  ,95198,71516,2160,43462,212336,2019,3,03/31/2019
Flagler  ,34813,25953,662,22925,84353,2019,3,03/31/2019
Franklin  ,2823,3964,132,1056,7975,2019,3,03/31/2019
Gadsden  ,4777,21627,112,2838,29354,2019,3,03/31/2019
Gilchrist  ,6751,3239,78,1888,11956,2019,3,03/31/2019
Glades  ,2759,2504,48,1185,6496,2019,3,03/31/2019
Gulf  ,5159,3867,149,1235,10410,2019,3,03/31/2019
Hamilton  ,2593,4092,59,951,7695,2019,3,03/31/2019
Hardee  ,5501,4426,52,2346,12325,2019,3,03/31/2019
Hendry  ,6606,7684,134,3365,17789,2019,3,03/31/2019
Hernando  ,56322,41944,1541,35170,134977,2019,3,03/31/2019
Highlands  ,28024,18210,360,13987,60581,2019,3,03/31/2019
Hillsborough  ,272260,337023,8649,248019,865951,2019,3,03/31/2019
Holmes  ,6327,3087,38,1210,10662,2019,3,03/31/2019
Indian River  ,53028,31166,1128,29283,114605,2019,3,03/31/2019
Jackson  ,10737,14042,86,3025,27890,2019,3,03/31/2019
Jefferson  ,3318,5232,39,1091,9680,2019,3,03/31/2019
Lafayette  ,1944,2136,14,304,4398,2019,3,03/31/2019
Lake  ,105747,73217,1606,61140,241710,2019,3,03/31/2019
Lee  ,194723,123248,3632,135042,456645,2019,3,03/31/2019
Leon  ,57396,111048,1933,41461,211838,2019,3,03/31/2019
Levy  ,13337,9033,477,5160,28007,2019,3,03/31/2019
Liberty  ,1035,2934,5,411,4385,2019,3,03/31/2019
Madison  ,3735,6827,52,1309,11923,2019,3,03/31/2019
Manatee  ,107934,75959,2254,64441,250588,2019,3,03/31/2019
Marion  ,109714,80229,1829,54716,246488,2019,3,03/31/2019
Martin  ,55230,27658,1213,26501,110602,2019,3,03/31/2019
Miami-Dade  ,377451,598244,9447,449070,1434212,2019,3,03/31/2019
Monroe  ,21009,17327,735,14225,53296,2019,3,03/31/2019
Nassau  ,38857,14471,778,13473,67579,2019,3,03/31/2019
Okaloosa  ,79735,26190,1720,31137,138782,2019,3,03/31/2019
Okeechobee  ,9293,7234,179,4171,20877,2019,3,03/31/2019
Orange  ,214536,349641,7545,251081,822803,2019,3,03/31/2019
Osceola  ,48861,91325,1283,73002,214471,2019,3,03/31/2019
Palm Beach  ,267113,397095,10249,270588,945045,2019,3,03/31/2019
Pasco  ,137426,108850,3844,101537,351657,2019,3,03/31/2019
Pinellas  ,236334,238937,7110,190244,672625,2019,3,03/31/2019
Polk  ,152874,150417,3644,122619,429554,2019,3,03/31/2019
Putnam  ,19826,18476,340,9403,48045,2019,3,03/31/2019
Santa Rosa  ,79348,25704,1957,28650,135659,2019,3,03/31/2019
Sarasota  ,135015,96974,2863,82223,317075,2019,3,03/31/2019
Seminole  ,111537,104857,3167,87957,307518,2019,3,03/31/2019
St. Johns  ,99578,45081,2113,42480,189252,2019,3,03/31/2019
St. Lucie  ,66449,80919,1629,56060,205057,2019,3,03/31/2019
Sumter  ,53756,24299,512,20525,99092,2019,3,03/31/2019
Suwannee  ,12487,9438,232,4061,26218,2019,3,03/31/2019
Taylor  ,4956,6090,84,1269,12399,2019,3,03/31/2019
Union  ,3527,3147,44,753,7471,2019,3,03/31/2019
Volusia  ,135590,127147,3645,109301,375683,2019,3,03/31/2019
Wakulla  ,9188,8160,171,3583,21102,2019,3,03/31/2019
Walton  ,30852,9749,503,10053,51157,2019,3,03/31/2019
Washington  ,8468,5150,98,2371,16087,2019,3,03/31/2019
TOTALS,4722570,4966223,122241,3601942,13412976,2019,3,03/31/2019
Alachua  ,50799,88511,1861,44216,185387,2019,4,04/30/2019
Baker  ,8633,5150,66,1707,15556,2019,4,04/30/2019
Bay  ,60379,28911,1226,24505,115021,2019,4,04/30/2019
Bradford  ,7992,5816,98,2477,16383,2019,4,04/30/2019
Brevard  ,179517,130810,5396,111343,427066,2019,4,04/30/2019
Broward  ,253947,600196,9309,336532,1199984,2019,4,04/30/2019
Calhoun  ,2829,4811,31,1016,8687,2019,4,04/30/2019
Charlotte  ,62755,37442,1563,37277,139037,2019,4,04/30/2019
Citrus  ,52859,28722,1155,26135,108871,2019,4,04/30/2019
Clay  ,82181,34300,1508,35654,153643,2019,4,04/30/2019
Collier  ,102998,45945,1524,46491,196958,2019,4,04/30/2019
Columbia  ,18870,13929,323,7050,40172,2019,4,04/30/2019
Desoto  ,5907,7159,74,3978,17118,2019,4,04/30/2019
Dixie  ,4142,3970,60,1614,9786,2019,4,04/30/2019
Duval  ,221391,249110,6319,133307,610127,2019,4,04/30/2019
Escambia  ,95419,71615,2223,43681,212938,2019,4,04/30/2019
Flagler  ,34884,25997,673,22938,84492,2019,4,04/30/2019
Franklin  ,2844,3949,133,1061,7987,2019,4,04/30/2019
Gadsden  ,4795,21552,123,2849,29319,2019,4,04/30/2019
Gilchrist  ,6719,3199,79,1869,11866,2019,4,04/30/2019
Glades  ,2742,2454,48,1156,6400,2019,4,04/30/2019
Gulf  ,5186,3837,155,1243,10421,2019,4,04/30/2019
Hamilton  ,2579,4049,61,940,7629,2019,4,04/30/2019
Hardee  ,5514,4425,52,2375,12366,2019,4,04/30/2019
Hendry  ,6396,7385,136,3229,17146,2019,4,04/30/2019
Hernando  ,56569,41992,1584,35306,135451,2019,4,04/30/2019
Highlands  ,28126,18250,375,14083,60834,2019,4,04/30/2019
Hillsborough  ,271855,336476,8817,247671,864819,2019,4,04/30/2019
Holmes  ,6349,3075,38,1232,10694,2019,4,04/30/2019
Indian River  ,53115,31273,1165,29263,114816,2019,4,04/30/2019
Jackson  ,10765,14002,87,3035,27889,2019,4,04/30/2019
Jefferson  ,3325,5233,39,1097,9694,2019,4,04/30/2019
Lafayette  ,1960,2119,14,307,4400,2019,4,04/30/2019
Lake  ,106131,73488,1644,61547,242810,2019,4,04/30/2019
Lee  ,195107,123589,3756,135683,458135,2019,4,04/30/2019
Leon  ,57353,110689,1960,41378,211380,2019,4,04/30/2019
Levy  ,13384,9009,483,5200,28076,2019,4,04/30/2019
Liberty  ,1048,2923,5,412,4388,2019,4,04/30/2019
Madison  ,3772,6800,51,1318,11941,2019,4,04/30/2019
Manatee  ,108214,76182,2318,64634,251348,2019,4,04/30/2019
Marion  ,107316,78171,1829,53194,240510,2019,4,04/30/2019
Martin  ,54726,27317,1226,26201,109470,2019,4,04/30/2019
Miami-Dade  ,377485,598626,9625,450124,1435860,2019,4,04/30/2019
Monroe  ,21038,17353,740,14257,53388,2019,4,04/30/2019
Nassau  ,38511,14349,776,13342,66978,2019,4,04/30/2019
Okaloosa  ,79562,26075,1747,30893,138277,2019,4,04/30/2019
Okeechobee  ,9161,7015,183,4061,20420,2019,4,04/30/2019
Orange  ,214836,350676,7665,252380,825557,2019,4,04/30/2019
Osceola  ,49118,91732,1327,73762,215939,2019,4,04/30/2019
Palm Beach  ,267680,397674,10527,271355,947236,2019,4,04/30/2019
Pasco  ,137978,109190,3943,102120,353231,2019,4,04/30/2019
Pinellas  ,236746,239359,7247,190842,674194,2019,4,04/30/2019
Polk  ,152933,150055,3732,122844,429564,2019,4,04/30/2019
Putnam  ,19708,18311,342,9306,47667,2019,4,04/30/2019
Santa Rosa  ,79498,25751,2019,28707,135975,2019,4,04/30/2019
Sarasota  ,135332,97263,2912,82631,318138,2019,4,04/30/2019
Seminole  ,111601,105008,3222,88223,308054,2019,4,04/30/2019
St. Johns  ,100038,45323,2167,42777,190305,2019,4,04/30/2019
St. Lucie  ,66658,81063,1679,56227,205627,2019,4,04/30/2019
Sumter  ,53984,24376,529,20658,99547,2019,4,04/30/2019
Suwannee  ,12523,9408,235,4068,26234,2019,4,04/30/2019
Taylor  ,4992,6050,84,1285,12411,2019,4,04/30/2019
Union  ,3535,3137,46,753,7471,2019,4,04/30/2019
Volusia  ,136034,127384,3754,109658,376830,2019,4,04/30/2019
Wakulla  ,9244,8154,174,3601,21173,2019,4,04/30/2019
Walton  ,31011,9779,516,10130,51436,2019,4,04/30/2019
Washington  ,8505,5143,100,2389,16137,2019,4,04/30/2019
TOTALS,4719103,4962086,124878,3602597,13408664,2019,4,04/30/2019
Alachua  ,50802,88616,1884,44353,185655,2019,5,05/31/2019
Baker  ,8649,5132,66,1714,15561,2019,5,05/31/2019
Bay  ,59923,28353,1235,23950,113461,2019,5,05/31/2019
Bradford  ,7988,5807,99,2465,16359,2019,5,05/31/2019
Brevard  ,179448,130819,5505,111574,427346,2019,5,05/31/2019
Broward  ,253756,600226,9542,337096,1200620,2019,5,05/31/2019
Calhoun  ,2842,4789,34,1019,8684,2019,5,05/31/2019
Charlotte  ,62962,37540,1610,37436,139548,2019,5,05/31/2019
Citrus  ,53095,28741,1181,26207,109224,2019,5,05/31/2019
Clay  ,82061,34264,1532,35529,153386,2019,5,05/31/2019
Collier  ,103623,46371,1552,46968,198514,2019,5,05/31/2019
Columbia  ,18948,13917,324,7081,40270,2019,5,05/31/2019
Desoto  ,5926,7151,77,3997,17151,2019,5,05/31/2019
Dixie  ,4168,3964,60,1625,9817,2019,5,05/31/2019
Duval  ,221677,249871,6443,134092,612083,2019,5,05/31/2019
Escambia  ,95619,71730,2290,43924,213563,2019,5,05/31/2019
Flagler  ,35011,26042,694,23002,84749,2019,5,05/31/2019
Franklin  ,2859,3928,139,1069,7995,2019,5,05/31/2019
Gadsden  ,4809,21566,126,2863,29364,2019,5,05/31/2019
Gilchrist  ,6728,3186,79,1870,11863,2019,5,05/31/2019
Glades  ,2754,2458,51,1163,6426,2019,5,05/31/2019
Gulf  ,5202,3821,159,1242,10424,2019,5,05/31/2019
Hamilton  ,2586,4045,64,937,7632,2019,5,05/31/2019
Hardee  ,5522,4416,53,2384,12375,2019,5,05/31/2019
Hendry  ,6415,7386,142,3261,17204,2019,5,05/31/2019
Hernando  ,56841,42078,1631,35558,136108,2019,5,05/31/2019
Highlands  ,28181,18268,383,14188,61020,2019,5,05/31/2019
Hillsborough  ,270550,335088,8950,246543,861131,2019,5,05/31/2019
Holmes  ,6369,3055,38,1239,10701,2019,5,05/31/2019
Indian River  ,53200,31293,1209,29293,114995,2019,5,05/31/2019
Jackson  ,10794,13991,93,3042,27920,2019,5,05/31/2019
Jefferson  ,3322,5222,40,1099,9683,2019,5,05/31/2019
Lafayette  ,1974,2101,14,309,4398,2019,5,05/31/2019
Lake  ,106286,73522,1687,61817,243312,2019,5,05/31/2019
Lee  ,195552,124003,3842,136352,459749,2019,5,05/31/2019
Leon  ,57354,110804,1982,41455,211595,2019,5,05/31/2019
Levy  ,13394,8981,477,5223,28075,2019,5,05/31/2019
Liberty  ,1055,2912,5,422,4394,2019,5,05/31/2019
Madison  ,3787,6777,51,1318,11933,2019,5,05/31/2019
Manatee  ,108401,76305,2371,64678,251755,2019,5,05/31/2019
Marion  ,107684,78323,1874,53437,241318,2019,5,05/31/2019
Martin  ,54855,27347,1259,26273,109734,2019,5,05/31/2019
Miami-Dade  ,377779,599248,9866,451551,1438444,2019,5,05/31/2019
Monroe  ,21109,17419,757,14294,53579,2019,5,05/31/2019
Nassau  ,38668,14402,799,13410,67279,2019,5,05/31/2019
Okaloosa  ,79562,26078,1773,30880,138293,2019,5,05/31/2019
Okeechobee  ,9194,7011,189,4082,20476,2019,5,05/31/2019
Orange  ,215104,351798,7844,253767,828513,2019,5,05/31/2019
Osceola  ,49222,91934,1361,74229,216746,2019,5,05/31/2019
Palm Beach  ,268348,398729,10833,272317,950227,2019,5,05/31/2019
Pasco  ,138857,109900,4066,103126,355949,2019,5,05/31/2019
Pinellas  ,237325,240066,7411,191726,676528,2019,5,05/31/2019
Polk  ,153566,150635,3835,123786,431822,2019,5,05/31/2019
Putnam  ,19650,18173,347,9258,47428,2019,5,05/31/2019
Santa Rosa  ,79771,25832,2076,28877,136556,2019,5,05/31/2019
Sarasota  ,134964,97123,2992,82612,317691,2019,5,05/31/2019
Seminole  ,111658,105252,3290,88560,308760,2019,5,05/31/2019
St. Johns  ,100427,45554,2194,43064,191239,2019,5,05/31/2019
St. Lucie  ,66047,80493,1702,55616,203858,2019,5,05/31/2019
Sumter  ,54214,24423,537,20739,99913,2019,5,05/31/2019
Suwannee  ,12568,9380,235,4079,26262,2019,5,05/31/2019
Taylor  ,4978,5934,87,1252,12251,2019,5,05/31/2019
Union  ,3526,3095,46,744,7411,2019,5,05/31/2019
Volusia  ,136483,127647,3843,110091,378064,2019,5,05/31/2019
Wakulla  ,9297,8137,178,3613,21225,2019,5,05/31/2019
Walton  ,30693,9686,508,9969,50856,2019,5,05/31/2019
Washington  ,8526,5123,102,2405,16156,2019,5,05/31/2019
TOTALS,4724508,4967281,127718,3613114,13432621,2019,5,05/31/2019
Alachua  ,50876,88745,1902,44510,186033,2019,6,06/30/2019
Baker  ,8697,5124,68,1729,15618,2019,6,06/30/2019
Bay  ,59724,28125,1251,23765,112865,2019,6,06/30/2019
Bradford  ,8020,5804,101,2480,16405,2019,6,06/30/2019
Brevard  ,178508,130221,5597,110624,424950,2019,6,06/30/2019
Broward  ,250233,591231,9558,331365,1182387,2019,6,06/30/2019
Calhoun  ,2864,4775,35,1019,8693,2019,6,06/30/2019
Charlotte  ,63202,37613,1661,37608,140084,2019,6,06/30/2019
Citrus  ,53456,28804,1212,26314,109786,2019,6,06/30/2019
Clay  ,82223,34456,1571,35609,153859,2019,6,06/30/2019
Collier  ,104135,46720,1543,47438,199836,2019,6,06/30/2019
Columbia  ,19034,13955,331,7121,40441,2019,6,06/30/2019
Desoto  ,5962,7150,79,4009,17200,2019,6,06/30/2019
Dixie  ,4207,3938,61,1631,9837,2019,6,06/30/2019
Duval  ,220997,249333,6497,133992,610819,2019,6,06/30/2019
Escambia  ,96055,71973,2369,44213,214610,2019,6,06/30/2019
Flagler  ,35281,26166,723,23143,85313,2019,6,06/30/2019
Franklin  ,2879,3915,140,1077,8011,2019,6,06/30/2019
Gadsden  ,4818,21551,132,2863,29364,2019,6,06/30/2019
Gilchrist  ,6749,3184,78,1885,11896,2019,6,06/30/2019
Glades  ,2769,2462,56,1169,6456,2019,6,06/30/2019
Gulf  ,5220,3812,164,1247,10443,2019,6,06/30/2019
Hamilton  ,2605,4049,64,941,7659,2019,6,06/30/2019
Hardee  ,5538,4410,54,2392,12394,2019,6,06/30/2019
Hendry  ,6431,7395,147,3282,17255,2019,6,06/30/2019
Hernando  ,56890,41977,1671,35472,136010,2019,6,06/30/2019
Highlands  ,28282,18288,389,14280,61239,2019,6,06/30/2019
Hillsborough  ,268966,332206,9117,244227,854516,2019,6,06/30/2019
Holmes  ,6409,3029,39,1247,10724,2019,6,06/30/2019
Indian River  ,53287,31358,1257,29284,115186,2019,6,06/30/2019
Jackson  ,10833,13974,96,3066,27969,2019,6,06/30/2019
Jefferson  ,3334,5212,41,1108,9695,2019,6,06/30/2019
Lafayette  ,1984,2091,14,308,4397,2019,6,06/30/2019
Lake  ,106267,73407,1719,61775,243168,2019,6,06/30/2019
Lee  ,191677,120768,3897,131981,448323,2019,6,06/30/2019
Leon  ,57423,110950,2035,41526,211934,2019,6,06/30/2019
Levy  ,13324,8850,466,5119,27759,2019,6,06/30/2019
Liberty  ,1067,2910,6,421,4404,2019,6,06/30/2019
Madison  ,3816,6767,52,1323,11958,2019,6,06/30/2019
Manatee  ,107978,76033,2400,64202,250613,2019,6,06/30/2019
Marion  ,108136,78626,1911,53680,242353,2019,6,06/30/2019
Martin  ,55008,27510,1291,26421,110230,2019,6,06/30/2019
Miami-Dade  ,378223,600592,10100,452877,1441792,2019,6,06/30/2019
Monroe  ,21196,17492,776,14359,53823,2019,6,06/30/2019
Nassau  ,38844,14461,822,13507,67634,2019,6,06/30/2019
Okaloosa  ,79537,26087,1802,30779,138205,2019,6,06/30/2019
Okeechobee  ,9228,6992,189,4094,20503,2019,6,06/30/2019
Orange  ,215700,353535,7999,255328,832562,2019,6,06/30/2019
Osceola  ,49322,92072,1400,74732,217526,2019,6,06/30/2019
Palm Beach  ,268963,399664,11066,273222,952915,2019,6,06/30/2019
Pasco  ,138900,109728,4148,103095,355871,2019,6,06/30/2019
Pinellas  ,237926,241018,7499,192448,678891,2019,6,06/30/2019
Polk  ,154052,151133,3945,124393,433523,2019,6,06/30/2019
Putnam  ,19748,18169,354,9322,47593,2019,6,06/30/2019
Santa Rosa  ,76449,24498,2080,27013,130040,2019,6,06/30/2019
Sarasota  ,132919,95560,3012,81078,312569,2019,6,06/30/2019
Seminole  ,111790,105585,3379,88871,309625,2019,6,06/30/2019
St. Johns  ,100396,45538,2249,43105,191288,2019,6,06/30/2019
St. Lucie  ,66220,80663,1748,55854,204485,2019,6,06/30/2019
Sumter  ,54561,24572,551,20837,100521,2019,6,06/30/2019
Suwannee  ,12434,9084,230,3927,25675,2019,6,06/30/2019
Taylor  ,4998,5915,91,1258,12262,2019,6,06/30/2019
Union  ,3534,3079,45,746,7404,2019,6,06/30/2019
Volusia  ,137111,127912,3950,110572,379545,2019,6,06/30/2019
Wakulla  ,9339,8139,183,3628,21289,2019,6,06/30/2019
Walton  ,30912,9712,519,10056,51199,2019,6,06/30/2019
Washington  ,8553,5116,104,2429,16202,2019,6,06/30/2019
TOTALS,4716019,4955183,130036,3604396,13405634,2019,6,06/30/2019
Alachua  ,50852,88853,1929,44594,186228,2019,7,07/31/2019
Baker  ,8738,5097,71,1737,15643,2019,7,07/31/2019
Bay  ,59794,28147,1282,23829,113052,2019,7,07/31/2019
Bradford  ,8080,5808,102,2498,16488,2019,7,07/31/2019
Brevard  ,179251,130830,5790,111303,427174,2019,7,07/31/2019
Broward  ,250568,592808,9784,332913,1186073,2019,7,07/31/2019
Calhoun  ,2887,4745,36,1019,8687,2019,7,07/31/2019
Charlotte  ,63475,37718,1707,37754,140654,2019,7,07/31/2019
Citrus  ,53760,28862,1248,26384,110254,2019,7,07/31/2019
Clay  ,82081,34565,1620,35596,153862,2019,7,07/31/2019
Collier  ,104179,46997,1572,47742,200490,2019,7,07/31/2019
Columbia  ,19147,13956,337,7159,40599,2019,7,07/31/2019
Desoto  ,5978,7145,78,4034,17235,2019,7,07/31/2019
Dixie  ,4234,3908,63,1623,9828,2019,7,07/31/2019
Duval  ,221200,250849,6627,134888,613564,2019,7,07/31/2019
Escambia  ,96046,72027,2425,44268,214766,2019,7,07/31/2019
Flagler  ,35258,26029,744,22880,84911,2019,7,07/31/2019
Franklin  ,2893,3925,140,1084,8042,2019,7,07/31/2019
Gadsden  ,4835,21534,136,2883,29388,2019,7,07/31/2019
Gilchrist  ,6790,3174,79,1910,11953,2019,7,07/31/2019
Glades  ,2791,2451,58,1181,6481,2019,7,07/31/2019
Gulf  ,5195,3783,170,1243,10391,2019,7,07/31/2019
Hamilton  ,2619,4036,63,940,7658,2019,7,07/31/2019
Hardee  ,5555,4388,55,2399,12397,2019,7,07/31/2019
Hendry  ,6438,7388,148,3299,17273,2019,7,07/31/2019
Hernando  ,57098,42140,1712,35648,136598,2019,7,07/31/2019
Highlands  ,28397,18270,397,14368,61432,2019,7,07/31/2019
Hillsborough  ,270007,334296,9390,246195,859888,2019,7,07/31/2019
Holmes  ,6454,3007,39,1247,10747,2019,7,07/31/2019
Indian River  ,53484,31498,1301,29356,115639,2019,7,07/31/2019
Jackson  ,10937,13895,99,3078,28009,2019,7,07/31/2019
Jefferson  ,3352,5187,43,1111,9693,2019,7,07/31/2019
Lafayette  ,2003,2079,14,310,4406,2019,7,07/31/2019
Lake  ,104394,71695,1762,60387,238238,2019,7,07/31/2019
Lee  ,192590,121387,4010,133039,451026,2019,7,07/31/2019
Leon  ,57468,111344,2085,41776,212673,2019,7,07/31/2019
Levy  ,13325,8792,475,5120,27712,2019,7,07/31/2019
Liberty  ,1081,2892,6,421,4400,2019,7,07/31/2019
Madison  ,3832,6767,52,1336,11987,2019,7,07/31/2019
Manatee  ,108115,76315,2467,64387,251284,2019,7,07/31/2019
Marion  ,108681,79024,1978,53973,243656,2019,7,07/31/2019
Martin  ,55124,27621,1328,26533,110606,2019,7,07/31/2019
Miami-Dade  ,378411,601717,10339,453944,1444411,2019,7,07/31/2019
Monroe  ,21265,17528,807,14388,53988,2019,7,07/31/2019
Nassau  ,39045,14530,843,13629,68047,2019,7,07/31/2019
Okaloosa  ,78248,25608,1832,29271,134959,2019,7,07/31/2019
Okeechobee  ,9219,6947,194,4098,20458,2019,7,07/31/2019
Orange  ,215829,353991,8198,255908,833926,2019,7,07/31/2019
Osceola  ,49575,92655,1454,75587,219271,2019,7,07/31/2019
Palm Beach  ,269450,400612,11381,273932,955375,2019,7,07/31/2019
Pasco  ,139304,109993,4267,103427,356991,2019,7,07/31/2019
Pinellas  ,238439,242079,7636,193375,681529,2019,7,07/31/2019
Polk  ,154475,151538,4075,125077,435165,2019,7,07/31/2019
Putnam  ,19826,18150,361,9360,47697,2019,7,07/31/2019
Santa Rosa  ,76993,24675,2144,27349,131161,2019,7,07/31/2019
Sarasota  ,133464,96216,3105,81410,314195,2019,7,07/31/2019
Seminole  ,111867,106103,3470,89300,310740,2019,7,07/31/2019
St. Johns  ,101055,45948,2310,43406,192719,2019,7,07/31/2019
St. Lucie  ,66598,81059,1831,56095,205583,2019,7,07/31/2019
Sumter  ,54888,24662,561,20912,101023,2019,7,07/31/2019
Suwannee  ,12500,9070,235,3930,25735,2019,7,07/31/2019
Taylor  ,5054,5898,91,1263,12306,2019,7,07/31/2019
Union  ,3543,3066,45,745,7399,2019,7,07/31/2019
Volusia  ,137571,128126,4086,110921,380704,2019,7,07/31/2019
Wakulla  ,9334,8053,188,3609,21184,2019,7,07/31/2019
Walton  ,31092,9748,535,10128,51503,2019,7,07/31/2019
Washington  ,8571,5098,108,2440,16217,2019,7,07/31/2019
TOTALS,4724602,4968302,133518,3616949,13443371,2019,7,07/31/2019
Alachua  ,50959,89185,1965,44879,186988,2019,8,08/31/2019
Baker  ,8784,5080,73,1759,15696,2019,8,08/31/2019
Bay  ,59974,28201,1318,23958,113451,2019,8,08/31/2019
Bradford  ,8109,5809,104,2516,16538,2019,8,08/31/2019
Brevard  ,179894,131414,5955,111863,429126,2019,8,08/31/2019
Broward  ,251205,595551,10068,335561,1192385,2019,8,08/31/2019
Calhoun  ,2908,4728,36,1029,8701,2019,8,08/31/2019
Charlotte  ,63755,37853,1764,37945,141317,2019,8,08/31/2019
Citrus  ,54017,28897,1276,26462,110652,2019,8,08/31/2019
Clay  ,81890,34526,1630,35576,153622,2019,8,08/31/2019
Collier  ,103775,46947,1552,47704,199978,2019,8,08/31/2019
Columbia  ,19212,13973,343,7211,40739,2019,8,08/31/2019
Desoto  ,5911,6953,80,3931,16875,2019,8,08/31/2019
Dixie  ,4244,3881,63,1624,9812,2019,8,08/31/2019
Duval  ,220409,250473,6717,134864,612463,2019,8,08/31/2019
Escambia  ,96252,72106,2487,44426,215271,2019,8,08/31/2019
Flagler  ,35079,25776,756,22583,84194,2019,8,08/31/2019
Franklin  ,2905,3932,139,1100,8076,2019,8,08/31/2019
Gadsden  ,4882,21565,142,2894,29483,2019,8,08/31/2019
Gilchrist  ,6635,3072,74,1832,11613,2019,8,08/31/2019
Glades  ,2816,2438,59,1193,6506,2019,8,08/31/2019
Gulf  ,5221,3770,172,1247,10410,2019,8,08/31/2019
Hamilton  ,2634,4028,61,948,7671,2019,8,08/31/2019
Hardee  ,5537,4374,55,2395,12361,2019,8,08/31/2019
Hendry  ,6469,7414,147,3332,17362,2019,8,08/31/2019
Hernando  ,57026,42016,1755,35609,136406,2019,8,08/31/2019
Highlands  ,28499,18348,406,14474,61727,2019,8,08/31/2019
Hillsborough  ,270353,334513,9624,246758,861248,2019,8,08/31/2019
Holmes  ,6483,2986,40,1269,10778,2019,8,08/31/2019
Indian River  ,53674,31681,1343,29496,116194,2019,8,08/31/2019
Jackson  ,10987,13826,100,3089,28002,2019,8,08/31/2019
Jefferson  ,3393,5204,44,1125,9766,2019,8,08/31/2019
Lafayette  ,2018,2058,14,313,4403,2019,8,08/31/2019
Lake  ,104850,71968,1804,60919,239541,2019,8,08/31/2019
Lee  ,193480,122188,4098,134139,453905,2019,8,08/31/2019
Leon  ,57071,111117,2112,41647,211947,2019,8,08/31/2019
Levy  ,13369,8775,484,5134,27762,2019,8,08/31/2019
Liberty  ,1101,2878,6,423,4408,2019,8,08/31/2019
Madison  ,3852,6760,53,1342,12007,2019,8,08/31/2019
Manatee  ,108536,76699,2533,64709,252477,2019,8,08/31/2019
Marion  ,109004,79216,2049,54270,244539,2019,8,08/31/2019
Martin  ,55098,27639,1373,26620,110730,2019,8,08/31/2019
Miami-Dade  ,376972,599154,10501,452610,1439237,2019,8,08/31/2019
Monroe  ,21335,17574,827,14455,54191,2019,8,08/31/2019
Nassau  ,39190,14583,866,13742,68381,2019,8,08/31/2019
Okaloosa  ,78529,25757,1898,29504,135688,2019,8,08/31/2019
Okeechobee  ,9270,6942,202,4119,20533,2019,8,08/31/2019
Orange  ,216381,355786,8405,257709,838281,2019,8,08/31/2019
Osceola  ,48762,90647,1462,73776,214647,2019,8,08/31/2019
Palm Beach  ,269875,401340,11641,274885,957741,2019,8,08/31/2019
Pasco  ,138345,108613,4343,101873,353174,2019,8,08/31/2019
Pinellas  ,238615,242377,7724,193815,682531,2019,8,08/31/2019
Polk  ,154475,150926,4195,125810,435406,2019,8,08/31/2019
Putnam  ,19898,18119,365,9386,47768,2019,8,08/31/2019
Santa Rosa  ,77428,24814,2224,27592,132058,2019,8,08/31/2019
Sarasota  ,133966,96802,3179,81727,315674,2019,8,08/31/2019
Seminole  ,112098,106673,3558,89876,312205,2019,8,08/31/2019
St. Johns  ,101054,46034,2356,43328,192772,2019,8,08/31/2019
St. Lucie  ,65653,79373,1854,54725,201605,2019,8,08/31/2019
Sumter  ,55119,24736,569,20930,101354,2019,8,08/31/2019
Suwannee  ,12563,9029,237,3959,25788,2019,8,08/31/2019
Taylor  ,5085,5873,93,1277,12328,2019,8,08/31/2019
Union  ,3542,3058,45,744,7389,2019,8,08/31/2019
Volusia  ,138047,128657,4191,111299,382194,2019,8,08/31/2019
Wakulla  ,9343,8036,201,3597,21177,2019,8,08/31/2019
Walton  ,31269,9783,544,10172,51768,2019,8,08/31/2019
Washington  ,8590,5086,109,2461,16246,2019,8,08/31/2019
TOTALS,4727674,4969590,136463,3623539,13457266,2019,8,08/31/2019
Alachua  ,51072,89536,2001,45059,187668,2019,9,09/30/2019
Baker  ,8838,5063,77,1796,15774,2019,9,09/30/2019
Bay  ,60259,28256,1368,24039,113922,2019,9,09/30/2019
Bradford  ,8163,5822,105,2521,16611,2019,9,09/30/2019
Brevard  ,180646,131816,6152,111821,430435,2019,9,09/30/2019
Broward  ,251019,594804,10193,335727,1191743,2019,9,09/30/2019
Calhoun  ,2934,4713,41,1027,8715,2019,9,09/30/2019
Charlotte  ,64117,38011,1815,38111,142054,2019,9,09/30/2019
Citrus  ,54031,28719,1307,26251,110308,2019,9,09/30/2019
Clay  ,81874,34601,1665,35617,153757,2019,9,09/30/2019
Collier  ,104185,47449,1559,48032,201225,2019,9,09/30/2019
Columbia  ,19347,13964,351,7243,40905,2019,9,09/30/2019
Desoto  ,5798,6703,83,3821,16405,2019,9,09/30/2019
Dixie  ,4232,3776,65,1583,9656,2019,9,09/30/2019
Duval  ,221136,251846,6872,135834,615688,2019,9,09/30/2019
Escambia  ,96152,72061,2528,44291,215032,2019,9,09/30/2019
Flagler  ,35400,26009,770,22793,84972,2019,9,09/30/2019
Franklin  ,2894,3875,141,1087,7997,2019,9,09/30/2019
Gadsden  ,4904,21549,146,2911,29510,2019,9,09/30/2019
Gilchrist  ,6691,3073,79,1841,11684,2019,9,09/30/2019
Glades  ,2844,2436,60,1202,6542,2019,9,09/30/2019
Gulf  ,5239,3771,182,1249,10441,2019,9,09/30/2019
Hamilton  ,2655,4004,62,958,7679,2019,9,09/30/2019
Hardee  ,5564,4356,56,2409,12385,2019,9,09/30/2019
Hendry  ,6520,7410,149,3362,17441,2019,9,09/30/2019
Hernando  ,57460,42218,1804,35890,137372,2019,9,09/30/2019
Highlands  ,28622,18398,420,14560,62000,2019,9,09/30/2019
Hillsborough  ,269657,334672,9862,246553,860744,2019,9,09/30/2019
Holmes  ,6542,2947,44,1299,10832,2019,9,09/30/2019
Indian River  ,53946,31865,1382,29639,116832,2019,9,09/30/2019
Jackson  ,11064,13793,103,3110,28070,2019,9,09/30/2019
Jefferson  ,3389,5161,47,1111,9708,2019,9,09/30/2019
Lafayette  ,2064,2018,16,320,4418,2019,9,09/30/2019
Lake  ,105485,72389,1851,61358,241083,2019,9,09/30/2019
Lee  ,194426,123171,4235,135078,456910,2019,9,09/30/2019
Leon  ,57181,112021,2148,42129,213479,2019,9,09/30/2019
Levy  ,13462,8775,495,5172,27904,2019,9,09/30/2019
Liberty  ,1116,2863,6,424,4409,2019,9,09/30/2019
Madison  ,3879,6748,54,1356,12037,2019,9,09/30/2019
Manatee  ,107385,75877,2574,63620,249456,2019,9,09/30/2019
Marion  ,109474,79354,2117,54541,245486,2019,9,09/30/2019
Martin  ,55133,27674,1388,26680,110875,2019,9,09/30/2019
Miami-Dade  ,378112,601819,10824,454765,1445520,2019,9,09/30/2019
Monroe  ,21416,17660,850,14548,54474,2019,9,09/30/2019
Nassau  ,39360,14630,893,13845,68728,2019,9,09/30/2019
Okaloosa  ,78864,25995,1934,29767,136560,2019,9,09/30/2019
Okeechobee  ,9347,6946,204,4159,20656,2019,9,09/30/2019
Orange  ,217440,358491,8642,259989,844562,2019,9,09/30/2019
Osceola  ,49063,91133,1525,74848,216569,2019,9,09/30/2019
Palm Beach  ,271173,403536,12051,276536,963296,2019,9,09/30/2019
Pasco  ,139090,109335,4480,102504,355409,2019,9,09/30/2019
Pinellas  ,239312,243178,7902,194585,684977,2019,9,09/30/2019
Polk  ,155388,151867,4336,126888,438479,2019,9,09/30/2019
Putnam  ,20032,18101,379,9445,47957,2019,9,09/30/2019
Santa Rosa  ,77813,25001,2301,27796,132911,2019,9,09/30/2019
Sarasota  ,134557,97341,3276,82094,317268,2019,9,09/30/2019
Seminole  ,112443,107312,3626,90584,313965,2019,9,09/30/2019
St. Johns  ,100637,45785,2388,42886,191696,2019,9,09/30/2019
St. Lucie  ,66124,80013,1924,55083,203144,2019,9,09/30/2019
Sumter  ,55453,24822,574,20940,101789,2019,9,09/30/2019
Suwannee  ,12659,9022,240,3981,25902,2019,9,09/30/2019
Taylor  ,5153,5793,89,1281,12316,2019,9,09/30/2019
Union  ,3576,3043,47,746,7412,2019,9,09/30/2019
Volusia  ,138516,129305,4314,111551,383686,2019,9,09/30/2019
Wakulla  ,9381,8028,206,3622,21237,2019,9,09/30/2019
Walton  ,31445,9829,569,10243,52086,2019,9,09/30/2019
Washington  ,8651,5074,114,2472,16311,2019,9,09/30/2019
TOTALS,4741804,4986626,140061,3638583,13507074,2019,9,09/30/2019
Alachua  ,49492,86686,1963,42733,180874,2019,10,10/31/2019
Baker  ,8918,5039,78,1823,15858,2019,10,10/31/2019
Bay  ,60382,28255,1407,24174,114218,2019,10,10/31/2019
Bradford  ,8207,5826,108,2519,16660,2019,10,10/31/2019
Brevard  ,181148,131998,6288,112000,431434,2019,10,10/31/2019
Broward  ,252370,597356,10346,338831,1198903,2019,10,10/31/2019
Calhoun  ,2950,4677,41,1023,8691,2019,10,10/31/2019
Charlotte  ,64284,38119,1882,38211,142496,2019,10,10/31/2019
Citrus  ,53532,28162,1309,25693,108696,2019,10,10/31/2019
Clay  ,82079,34826,1706,35770,154381,2019,10,10/31/2019
Collier  ,104491,47614,1558,48182,201845,2019,10,10/31/2019
Columbia  ,19510,13962,353,7286,41111,2019,10,10/31/2019
Desoto  ,5833,6648,82,3830,16393,2019,10,10/31/2019
Dixie  ,4263,3756,65,1584,9668,2019,10,10/31/2019
Duval  ,221241,252269,6981,136300,616791,2019,10,10/31/2019
Escambia  ,96512,72299,2604,44648,216063,2019,10,10/31/2019
Flagler  ,35707,26190,781,22902,85580,2019,10,10/31/2019
Franklin  ,2905,3877,142,1091,8015,2019,10,10/31/2019
Gadsden  ,4924,21543,159,2941,29567,2019,10,10/31/2019
Gilchrist  ,6719,3066,85,1860,11730,2019,10,10/31/2019
Glades  ,2876,2433,62,1218,6589,2019,10,10/31/2019
Gulf  ,5244,3744,183,1262,10433,2019,10,10/31/2019
Hamilton  ,2676,4001,68,959,7704,2019,10,10/31/2019
Hardee  ,5582,4350,57,2437,12426,2019,10,10/31/2019
Hendry  ,6586,7430,150,3399,17565,2019,10,10/31/2019
Hernando  ,57754,42317,1856,36019,137946,2019,10,10/31/2019
Highlands  ,28585,18324,426,14514,61849,2019,10,10/31/2019
Hillsborough  ,269854,334827,10030,246635,861346,2019,10,10/31/2019
Holmes  ,6568,2933,45,1313,10859,2019,10,10/31/2019
Indian River  ,54230,32026,1430,29795,117481,2019,10,10/31/2019
Jackson  ,11167,13771,108,3149,28195,2019,10,10/31/2019
Jefferson  ,3414,5117,50,1102,9683,2019,10,10/31/2019
Lafayette  ,2083,1996,16,321,4416,2019,10,10/31/2019
Lake  ,106153,72852,1903,62057,242965,2019,10,10/31/2019
Lee  ,195468,124071,4385,136100,460024,2019,10,10/31/2019
Leon  ,57129,112441,2173,42446,214189,2019,10,10/31/2019
Levy  ,13544,8791,501,5204,28040,2019,10,10/31/2019
Liberty  ,1136,2850,6,429,4421,2019,10,10/31/2019
Madison  ,3898,6737,55,1354,12044,2019,10,10/31/2019
Manatee  ,107931,76274,2629,63988,250822,2019,10,10/31/2019
Marion  ,109879,79608,2194,54782,246463,2019,10,10/31/2019
Martin  ,55090,27675,1415,26589,110769,2019,10,10/31/2019
Miami-Dade  ,378276,600739,10995,454815,1444825,2019,10,10/31/2019
Monroe  ,21185,17390,844,14072,53491,2019,10,10/31/2019
Nassau  ,39508,14653,913,13817,68891,2019,10,10/31/2019
Okaloosa  ,79087,26138,1984,29981,137190,2019,10,10/31/2019
Okeechobee  ,9382,6946,208,4193,20729,2019,10,10/31/2019
Orange  ,217691,359682,8855,260734,846962,2019,10,10/31/2019
Osceola  ,49239,91628,1580,75802,218249,2019,10,10/31/2019
Palm Beach  ,271487,404150,12362,276863,964862,2019,10,10/31/2019
Pasco  ,140274,109915,4580,103129,357898,2019,10,10/31/2019
Pinellas  ,239473,243050,7986,194344,684853,2019,10,10/31/2019
Polk  ,156328,152708,4463,127818,441317,2019,10,10/31/2019
Putnam  ,20138,18056,394,9520,48108,2019,10,10/31/2019
Santa Rosa  ,78185,25120,2361,27990,133656,2019,10,10/31/2019
Sarasota  ,135180,97864,3365,82363,318772,2019,10,10/31/2019
Seminole  ,112374,107645,3687,90860,314566,2019,10,10/31/2019
St. Johns  ,100600,45723,2414,42683,191420,2019,10,10/31/2019
St. Lucie  ,66685,80688,1974,55722,205069,2019,10,10/31/2019
Sumter  ,55667,24868,580,20942,102057,2019,10,10/31/2019
Suwannee  ,12707,9001,244,4004,25956,2019,10,10/31/2019
Taylor  ,5223,5735,91,1281,12330,2019,10,10/31/2019
Union  ,3597,3027,47,747,7418,2019,10,10/31/2019
Volusia  ,138955,129983,4441,111995,385374,2019,10,10/31/2019
Wakulla  ,9433,8009,207,3641,21290,2019,10,10/31/2019
Walton  ,31632,9867,594,10308,52401,2019,10,10/31/2019
Washington  ,8678,5059,115,2494,16346,2019,10,10/31/2019
TOTALS,4753298,4994380,142964,3648591,13539233,2019,10,10/31/2019
Alachua  ,49622,87131,1990,43048,181791,2019,11,11/30/2019
Baker  ,8960,5024,81,1830,15895,2019,11,11/30/2019
Bay  ,60518,28254,1439,24243,114454,2019,11,11/30/2019
Bradford  ,8257,5826,108,2532,16723,2019,11,11/30/2019
Brevard  ,181710,132341,6432,112301,432784,2019,11,11/30/2019
Broward  ,248540,586714,10354,332277,1177885,2019,11,11/30/2019
Calhoun  ,2964,4654,43,1024,8685,2019,11,11/30/2019
Charlotte  ,64631,38295,1922,38432,143280,2019,11,11/30/2019
Citrus  ,53425,27939,1328,25523,108215,2019,11,11/30/2019
Clay  ,81918,34747,1710,35687,154062,2019,11,11/30/2019
Collier  ,105196,48107,1576,48637,203516,2019,11,11/30/2019
Columbia  ,19617,13963,356,7324,41260,2019,11,11/30/2019
Desoto  ,5884,6638,84,3858,16464,2019,11,11/30/2019
Dixie  ,4286,3741,64,1589,9680,2019,11,11/30/2019
Duval  ,221806,253788,7127,137288,620009,2019,11,11/30/2019
Escambia  ,96775,72471,2664,44903,216813,2019,11,11/30/2019
Flagler  ,35866,26227,809,22926,85828,2019,11,11/30/2019
Franklin  ,2929,3860,146,1095,8030,2019,11,11/30/2019
Gadsden  ,4926,21551,165,2954,29596,2019,11,11/30/2019
Gilchrist  ,6748,3061,90,1875,11774,2019,11,11/30/2019
Glades  ,2899,2428,63,1214,6604,2019,11,11/30/2019
Gulf  ,5252,3747,185,1272,10456,2019,11,11/30/2019
Hamilton  ,2693,3981,69,967,7710,2019,11,11/30/2019
Hardee  ,5588,4343,55,2444,12430,2019,11,11/30/2019
Hendry  ,6627,7454,150,3422,17653,2019,11,11/30/2019
Hernando  ,58122,42420,1912,36210,138664,2019,11,11/30/2019
Highlands  ,28514,18260,434,14494,61702,2019,11,11/30/2019
Hillsborough  ,270226,334997,10148,246970,862341,2019,11,11/30/2019
Holmes  ,6599,2918,45,1325,10887,2019,11,11/30/2019
Indian River  ,54322,32100,1482,29774,117678,2019,11,11/30/2019
Jackson  ,11223,13740,109,3165,28237,2019,11,11/30/2019
Jefferson  ,3433,5113,51,1113,9710,2019,11,11/30/2019
Lafayette  ,2098,1975,16,323,4412,2019,11,11/30/2019
Lake  ,106627,73071,1933,62457,244088,2019,11,11/30/2019
Lee  ,196087,124604,4482,136833,462006,2019,11,11/30/2019
Leon  ,57219,113405,2205,42831,215660,2019,11,11/30/2019
Levy  ,13616,8801,517,5232,28166,2019,11,11/30/2019
Liberty  ,1151,2832,6,429,4418,2019,11,11/30/2019
Madison  ,3915,6725,56,1355,12051,2019,11,11/30/2019
Manatee  ,108472,76739,2685,64306,252202,2019,11,11/30/2019
Marion  ,110265,79826,2243,55074,247408,2019,11,11/30/2019
Martin  ,54957,27637,1439,26531,110564,2019,11,11/30/2019
Miami-Dade  ,379339,602081,11150,456774,1449344,2019,11,11/30/2019
Monroe  ,21213,17413,848,13988,53462,2019,11,11/30/2019
Nassau  ,39521,14646,924,13790,68881,2019,11,11/30/2019
Okaloosa  ,79342,26315,2015,30141,137813,2019,11,11/30/2019
Okeechobee  ,9437,6948,220,4212,20817,2019,11,11/30/2019
Orange  ,214815,353498,8874,254005,831192,2019,11,11/30/2019
Osceola  ,49229,91613,1593,75903,218338,2019,11,11/30/2019
Palm Beach  ,271676,404569,12609,276753,965607,2019,11,11/30/2019
Pasco  ,141367,110457,4679,103957,360460,2019,11,11/30/2019
Pinellas  ,237999,241757,7983,192702,680441,2019,11,11/30/2019
Polk  ,157199,153445,4557,128582,443783,2019,11,11/30/2019
Putnam  ,20221,18033,392,9562,48208,2019,11,11/30/2019
Santa Rosa  ,78450,25197,2395,28112,134154,2019,11,11/30/2019
Sarasota  ,135440,98165,3429,82422,319456,2019,11,11/30/2019
Seminole  ,112057,107443,3708,90814,314022,2019,11,11/30/2019
St. Johns  ,101028,46013,2453,42876,192370,2019,11,11/30/2019
St. Lucie  ,66501,80314,2015,55368,204198,2019,11,11/30/2019
Sumter  ,56052,24975,586,21035,102648,2019,11,11/30/2019
Suwannee  ,12779,8978,244,4028,26029,2019,11,11/30/2019
Taylor  ,5265,5671,92,1277,12305,2019,11,11/30/2019
Union  ,3598,3025,46,749,7418,2019,11,11/30/2019
Volusia  ,133505,122687,4350,104796,365338,2019,11,11/30/2019
Wakulla  ,9482,7993,212,3655,21342,2019,11,11/30/2019
Walton  ,31702,9876,603,10330,52511,2019,11,11/30/2019
Washington  ,8702,5052,116,2519,16389,2019,11,11/30/2019
TOTALS,4750402,4977612,144866,3635437,13508317,2019,11,11/30/2019
Alachua  ,49700,87378,2006,43239,182323,2019,12,12/31/2019
Baker  ,8998,4924,82,1817,15821,2019,12,12/31/2019
Bay  ,60688,28265,1475,24351,114779,2019,12,12/31/2019
Bradford  ,8293,5819,108,2546,16766,2019,12,12/31/2019
Brevard  ,181303,131931,6494,111430,431158,2019,12,12/31/2019
Broward  ,249220,589453,10610,334002,1183285,2019,12,12/31/2019
Calhoun  ,2917,4403,42,944,8306,2019,12,12/31/2019
Charlotte  ,65038,38442,1979,38663,144122,2019,12,12/31/2019
Citrus  ,53890,28019,1369,25654,108932,2019,12,12/31/2019
Clay  ,82224,34802,1745,35764,154535,2019,12,12/31/2019
Collier  ,105960,48738,1650,49024,205372,2019,12,12/31/2019
Columbia  ,19697,13934,365,7334,41330,2019,12,12/31/2019
Desoto  ,5917,6625,90,3869,16501,2019,12,12/31/2019
Dixie  ,4342,3741,65,1587,9735,2019,12,12/31/2019
Duval  ,222063,254940,7243,137857,622103,2019,12,12/31/2019
Escambia  ,96878,72728,2716,45133,217455,2019,12,12/31/2019
Flagler  ,36129,26348,823,23019,86319,2019,12,12/31/2019
Franklin  ,2953,3834,151,1095,8033,2019,12,12/31/2019
Gadsden  ,4944,21583,172,2971,29670,2019,12,12/31/2019
Gilchrist  ,6812,3029,91,1885,11817,2019,12,12/31/2019
Glades  ,2921,2423,65,1220,6629,2019,12,12/31/2019
Gulf  ,5285,3741,192,1283,10501,2019,12,12/31/2019
Hamilton  ,2716,3961,68,973,7718,2019,12,12/31/2019
Hardee  ,5608,4319,58,2440,12425,2019,12,12/31/2019
Hendry  ,6636,7460,158,3445,17699,2019,12,12/31/2019
Hernando  ,58468,42465,1959,36310,139202,2019,12,12/31/2019
Highlands  ,28345,18096,442,14366,61249,2019,12,12/31/2019
Hillsborough  ,271043,336607,10391,248080,866121,2019,12,12/31/2019
Holmes  ,6643,2888,48,1336,10915,2019,12,12/31/2019
Indian River  ,54414,32156,1539,29764,117873,2019,12,12/31/2019
Jackson  ,11334,13667,105,3171,28277,2019,12,12/31/2019
Jefferson  ,3453,5125,54,1111,9743,2019,12,12/31/2019
Lafayette  ,2119,1946,16,324,4405,2019,12,12/31/2019
Lake  ,105936,72315,1961,61861,242073,2019,12,12/31/2019
Lee  ,196939,125325,4564,137557,464385,2019,12,12/31/2019
Leon  ,56565,112386,2175,42132,213258,2019,12,12/31/2019
Levy  ,13702,8792,529,5257,28280,2019,12,12/31/2019
Liberty  ,1176,2809,6,428,4419,2019,12,12/31/2019
Madison  ,3942,6712,57,1359,12070,2019,12,12/31/2019
Manatee  ,108980,77132,2782,64496,253390,2019,12,12/31/2019
Marion  ,110690,79953,2299,55262,248204,2019,12,12/31/2019
Martin  ,55153,27815,1460,26662,111090,2019,12,12/31/2019
Miami-Dade  ,380252,602361,11331,457655,1451599,2019,12,12/31/2019
Monroe  ,21324,17505,861,13996,53686,2019,12,12/31/2019
Nassau  ,38824,14210,930,13280,67244,2019,12,12/31/2019
Okaloosa  ,79331,26421,2044,30138,137934,2019,12,12/31/2019
Okeechobee  ,9499,6932,229,4243,20903,2019,12,12/31/2019
Orange  ,214803,354139,8979,254430,832351,2019,12,12/31/2019
Osceola  ,49501,92094,1624,76531,219750,2019,12,12/31/2019
Palm Beach  ,272426,405626,12851,277428,968331,2019,12,12/31/2019
Pasco  ,142596,110907,4758,104306,362567,2019,12,12/31/2019
Pinellas  ,238487,242493,8102,192980,682062,2019,12,12/31/2019
Polk  ,156214,151597,4532,126522,438865,2019,12,12/31/2019
Putnam  ,20374,17980,397,9580,48331,2019,12,12/31/2019
Santa Rosa  ,78768,25304,2469,28236,134777,2019,12,12/31/2019
Sarasota  ,136019,98702,3513,82623,320857,2019,12,12/31/2019
Seminole  ,112080,107488,3762,90836,314166,2019,12,12/31/2019
St. Johns  ,101457,46389,2478,42993,193317,2019,12,12/31/2019
St. Lucie  ,66875,80656,2070,55654,205255,2019,12,12/31/2019
Sumter  ,56049,25018,596,20975,102638,2019,12,12/31/2019
Suwannee  ,12906,8920,251,4023,26100,2019,12,12/31/2019
Taylor  ,5324,5597,103,1272,12296,2019,12,12/31/2019
Union  ,3619,3008,46,750,7423,2019,12,12/31/2019
Volusia  ,134476,123201,4458,105305,367440,2019,12,12/31/2019
Wakulla  ,9529,7989,221,3664,21403,2019,12,12/31/2019
Walton  ,31892,9933,620,10385,52830,2019,12,12/31/2019
Washington  ,8746,5021,117,2533,16417,2019,12,12/31/2019
TOTALS,4761405,4986520,147546,3641359,13536830,2019,12,12/31/2019
Alachua  ,49733,87999,2003,43086,182821,2020,1,01/31/2020
Baker  ,8950,4634,85,1755,15424,2020,1,01/31/2020
Bay  ,61082,28403,1518,24380,115383,2020,1,01/31/2020
Bradford  ,8418,5748,108,2552,16826,2020,1,01/31/2020
Brevard  ,182429,134187,6559,110624,433799,2020,1,01/31/2020
Broward  ,250239,593447,10856,335328,1189870,2020,1,01/31/2020
Calhoun  ,3003,4327,45,933,8308,2020,1,01/31/2020
Charlotte  ,65507,38934,2004,38381,144826,2020,1,01/31/2020
Citrus  ,54506,28239,1397,25590,109732,2020,1,01/31/2020
Clay  ,82436,35191,1774,35765,155166,2020,1,01/31/2020
Collier  ,106549,50266,1711,49034,207560,2020,1,01/31/2020
Columbia  ,19940,13899,370,7367,41576,2020,1,01/31/2020
Desoto  ,6009,6621,93,3869,16592,2020,1,01/31/2020
Dixie  ,4502,3648,66,1587,9803,2020,1,01/31/2020
Duval  ,223165,257997,7271,136816,625249,2020,1,01/31/2020
Escambia  ,97550,73518,2776,45320,219164,2020,1,01/31/2020
Flagler  ,36792,26938,812,22380,86922,2020,1,01/31/2020
Franklin  ,3014,3803,150,1092,8059,2020,1,01/31/2020
Gadsden  ,4994,21950,171,3065,30180,2020,1,01/31/2020
Gilchrist  ,6900,3000,99,1876,11875,2020,1,01/31/2020
Glades  ,2991,2406,65,1221,6683,2020,1,01/31/2020
Gulf  ,5340,3697,195,1280,10512,2020,1,01/31/2020
Hamilton  ,2764,3937,69,966,7736,2020,1,01/31/2020
Hardee  ,5666,4276,59,2441,12442,2020,1,01/31/2020
Hendry  ,6770,7472,167,3400,17809,2020,1,01/31/2020
Hernando  ,58958,42677,1986,36270,139891,2020,1,01/31/2020
Highlands  ,28637,18175,452,14395,61659,2020,1,01/31/2020
Hillsborough  ,273089,341899,10527,248102,873617,2020,1,01/31/2020
Holmes  ,6703,2859,49,1353,10964,2020,1,01/31/2020
Indian River  ,54594,32781,1575,29473,118423,2020,1,01/31/2020
Jackson  ,11598,13517,113,3161,28389,2020,1,01/31/2020
Jefferson  ,3504,5136,55,1092,9787,2020,1,01/31/2020
Lafayette  ,2173,1891,18,322,4404,2020,1,01/31/2020
Lake  ,106612,73040,2007,61916,243575,2020,1,01/31/2020
Lee  ,198238,127534,4662,137270,467704,2020,1,01/31/2020
Leon  ,56980,114061,2127,41234,214402,2020,1,01/31/2020
Levy  ,13856,8803,531,5242,28432,2020,1,01/31/2020
Liberty  ,1234,2745,6,426,4411,2020,1,01/31/2020
Madison  ,3973,6700,58,1362,12093,2020,1,01/31/2020
Manatee  ,109471,78215,2832,64278,254796,2020,1,01/31/2020
Marion  ,111813,80894,2331,54593,249631,2020,1,01/31/2020
Martin  ,55246,28518,1481,26441,111686,2020,1,01/31/2020
Miami-Dade  ,382336,605150,11608,459205,1458299,2020,1,01/31/2020
Monroe  ,21429,17790,848,13871,53938,2020,1,01/31/2020
Nassau  ,39063,14381,940,13256,67640,2020,1,01/31/2020
Okaloosa  ,79654,26798,2074,30187,138713,2020,1,01/31/2020
Okeechobee  ,9624,6901,228,4227,20980,2020,1,01/31/2020
Orange  ,215879,358987,9159,255527,839552,2020,1,01/31/2020
Osceola  ,50050,93332,1652,76807,221841,2020,1,01/31/2020
Palm Beach  ,273371,408453,13068,276337,971229,2020,1,01/31/2020
Pasco  ,144266,111896,4770,103936,364868,2020,1,01/31/2020
Pinellas  ,239107,245392,8171,192181,684851,2020,1,01/31/2020
Polk  ,159166,153648,4566,124371,441751,2020,1,01/31/2020
Putnam  ,20670,17792,393,9577,48432,2020,1,01/31/2020
Santa Rosa  ,79239,25606,2526,28212,135583,2020,1,01/31/2020
Sarasota  ,136453,101149,3536,81652,322790,2020,1,01/31/2020
Seminole  ,112503,108896,3818,90760,315977,2020,1,01/31/2020
St. Johns  ,102513,47962,2454,41990,194919,2020,1,01/31/2020
St. Lucie  ,67648,81597,2145,55415,206805,2020,1,01/31/2020
Sumter  ,56371,25354,600,20788,103113,2020,1,01/31/2020
Suwannee  ,13022,8826,255,4005,26108,2020,1,01/31/2020
Taylor  ,5479,5346,98,1174,12097,2020,1,01/31/2020
Union  ,3670,2975,47,757,7449,2020,1,01/31/2020
Volusia  ,135919,124522,4579,105208,370228,2020,1,01/31/2020
Wakulla  ,9693,7935,224,3640,21492,2020,1,01/31/2020
Walton  ,32035,10097,635,10337,53104,2020,1,01/31/2020
Washington  ,8809,4990,113,2545,16457,2020,1,01/31/2020
TOTALS,4793897,5039757,149740,3633003,13616397,2020,1,01/31/2020
Alachua  ,49909,90482,1973,42417,184781,2020,2,02/28/2020
Baker  ,9125,4601,92,1757,15575,2020,2,02/28/2020
Bay  ,61644,28685,1541,24527,116397,2020,2,02/28/2020
Bradford  ,8530,5737,112,2558,16937,2020,2,02/28/2020
Brevard  ,183782,136171,6640,110446,437039,2020,2,02/28/2020
Broward  ,252009,602137,11121,336234,1201501,2020,2,02/28/2020
Calhoun  ,3075,4319,42,930,8366,2020,2,02/28/2020
Charlotte  ,65996,39263,2032,38369,145660,2020,2,02/28/2020
Citrus  ,55055,28531,1415,25586,110587,2020,2,02/28/2020
Clay  ,82880,35698,1807,35802,156187,2020,2,02/28/2020
Collier  ,107506,51560,1785,49194,210045,2020,2,02/28/2020
Columbia  ,20132,13901,374,7417,41824,2020,2,02/28/2020
Desoto  ,6102,6634,98,3900,16734,2020,2,02/28/2020
Dixie  ,4648,3583,71,1599,9901,2020,2,02/28/2020
Duval  ,224642,262473,7363,135956,630434,2020,2,02/28/2020
Escambia  ,98328,74508,2819,45450,221105,2020,2,02/28/2020
Flagler  ,37227,27343,836,22210,87616,2020,2,02/28/2020
Franklin  ,3084,3794,149,1087,8114,2020,2,02/28/2020
Gadsden  ,5019,22136,173,3108,30436,2020,2,02/28/2020
Gilchrist  ,6979,2989,102,1880,11950,2020,2,02/28/2020
Glades  ,3048,2406,69,1236,6759,2020,2,02/28/2020
Gulf  ,5375,3689,197,1284,10545,2020,2,02/28/2020
Hamilton  ,2801,3928,69,973,7771,2020,2,02/28/2020
Hardee  ,5796,4257,60,2459,12572,2020,2,02/28/2020
Hendry  ,6873,7527,176,3418,17994,2020,2,02/28/2020
Hernando  ,59517,43027,2004,36368,140916,2020,2,02/28/2020
Highlands  ,28846,18312,470,14423,62051,2020,2,02/28/2020
Hillsborough  ,275339,347276,10647,248253,881515,2020,2,02/28/2020
Holmes  ,6775,2827,50,1361,11013,2020,2,02/28/2020
Indian River  ,54896,33292,1591,29367,119146,2020,2,02/28/2020
Jackson  ,11753,13514,118,3182,28567,2020,2,02/28/2020
Jefferson  ,3544,5143,53,1082,9822,2020,2,02/28/2020
Lafayette  ,2240,1847,21,325,4433,2020,2,02/28/2020
Lake  ,107585,74192,2056,62128,245961,2020,2,02/28/2020
Lee  ,199751,129543,4759,137529,471582,2020,2,02/28/2020
Leon  ,57254,115847,2123,40683,215907,2020,2,02/28/2020
Levy  ,14000,8855,535,5235,28625,2020,2,02/28/2020
Liberty  ,1312,2698,6,433,4449,2020,2,02/28/2020
Madison  ,4000,6369,52,1225,11646,2020,2,02/28/2020
Manatee  ,110159,79338,2869,64185,256551,2020,2,02/28/2020
Marion  ,112832,81686,2389,54555,251462,2020,2,02/28/2020
Martin  ,55295,29013,1504,26328,112140,2020,2,02/28/2020
Miami-Dade  ,386679,614348,12005,460031,1473063,2020,2,02/28/2020
Monroe  ,21240,17758,833,13577,53408,2020,2,02/28/2020
Nassau  ,39411,14614,949,13248,68222,2020,2,02/28/2020
Okaloosa  ,80199,27260,2127,30392,139978,2020,2,02/28/2020
Okeechobee  ,9786,6887,231,4241,21145,2020,2,02/28/2020
Orange  ,217000,365339,9247,255339,846925,2020,2,02/28/2020
Osceola  ,50724,95138,1706,77146,224714,2020,2,02/28/2020
Palm Beach  ,275091,414933,13275,274531,977830,2020,2,02/28/2020
Pasco  ,145668,113162,4869,104078,367777,2020,2,02/28/2020
Pinellas  ,240233,249425,8235,191566,689459,2020,2,02/28/2020
Polk  ,160902,155795,4639,124472,445808,2020,2,02/28/2020
Putnam  ,20978,17740,401,9598,48717,2020,2,02/28/2020
Santa Rosa  ,79823,26020,2546,28315,136704,2020,2,02/28/2020
Sarasota  ,137167,102840,3575,81441,325023,2020,2,02/28/2020
Seminole  ,113184,111194,3867,90887,319132,2020,2,02/28/2020
St. Johns  ,103275,49307,2439,41309,196330,2020,2,02/28/2020
St. Lucie  ,68429,82740,2188,55254,208611,2020,2,02/28/2020
Sumter  ,56781,25743,609,20698,103831,2020,2,02/28/2020
Suwannee  ,13208,8830,262,4037,26337,2020,2,02/28/2020
Taylor  ,5676,5272,91,1162,12201,2020,2,02/28/2020
Union  ,3758,2938,51,754,7501,2020,2,02/28/2020
Volusia  ,137470,126126,4680,105405,373681,2020,2,02/28/2020
Wakulla  ,9831,7937,232,3645,21645,2020,2,02/28/2020
Walton  ,32235,10297,645,10371,53548,2020,2,02/28/2020
Washington  ,8874,4994,110,2579,16557,2020,2,02/28/2020
TOTALS,4832285,5115768,152175,3630535,13730763,2020,2,02/28/2020
Alachua  ,49901,91075,1993,42181,185150,2020,3,03/31/2020
Baker  ,9290,4569,89,1763,15711,2020,3,03/31/2020
Bay  ,62010,28697,1593,24219,116519,2020,3,03/31/2020
Bradford  ,8647,5673,115,2534,16969,2020,3,03/31/2020
Brevard  ,184922,136971,6810,110058,438761,2020,3,03/31/2020
Broward  ,253155,607591,11457,334253,1206456,2020,3,03/31/2020
Calhoun  ,3186,4250,43,935,8414,2020,3,03/31/2020
Charlotte  ,66278,39402,2069,38136,145885,2020,3,03/31/2020
Citrus  ,55732,28555,1462,25400,111149,2020,3,03/31/2020
Clay  ,83184,35936,1840,35209,156169,2020,3,03/31/2020
Collier  ,108210,52243,1865,49021,211339,2020,3,03/31/2020
Columbia  ,20412,13860,380,7412,42064,2020,3,03/31/2020
Desoto  ,6177,6627,99,3886,16789,2020,3,03/31/2020
Dixie  ,4736,3523,72,1605,9936,2020,3,03/31/2020
Duval  ,226097,265549,7580,134910,634136,2020,3,03/31/2020
Escambia  ,98809,75199,2892,45016,221916,2020,3,03/31/2020
Flagler  ,37361,27398,857,22050,87666,2020,3,03/31/2020
Franklin  ,3133,3796,150,1093,8172,2020,3,03/31/2020
Gadsden  ,5068,22356,180,3111,30715,2020,3,03/31/2020
Gilchrist  ,7048,2963,107,1861,11979,2020,3,03/31/2020
Glades  ,3100,2383,73,1223,6779,2020,3,03/31/2020
Gulf  ,5449,3634,199,1272,10554,2020,3,03/31/2020
Hamilton  ,2866,3883,70,965,7784,2020,3,03/31/2020
Hardee  ,5841,4240,61,2452,12594,2020,3,03/31/2020
Hendry  ,6980,7529,177,3397,18083,2020,3,03/31/2020
Hernando  ,59978,43078,2038,36263,141357,2020,3,03/31/2020
Highlands  ,29112,18367,488,14394,62361,2020,3,03/31/2020
Hillsborough  ,276205,350093,10829,246326,883453,2020,3,03/31/2020
Holmes  ,6811,2745,49,1314,10919,2020,3,03/31/2020
Indian River  ,55172,33520,1627,29173,119492,2020,3,03/31/2020
Jackson  ,12502,12974,110,3107,28693,2020,3,03/31/2020
Jefferson  ,3569,5160,53,1088,9870,2020,3,03/31/2020
Lafayette  ,2273,1726,24,294,4317,2020,3,03/31/2020
Lake  ,108625,75150,2133,62142,248050,2020,3,03/31/2020
Lee  ,200844,130502,4863,136946,473155,2020,3,03/31/2020
Leon  ,57198,116158,2145,40232,215733,2020,3,03/31/2020
Levy  ,14209,8832,532,5152,28725,2020,3,03/31/2020
Liberty  ,1332,2684,6,436,4458,2020,3,03/31/2020
Madison  ,4052,6388,53,1222,11715,2020,3,03/31/2020
Manatee  ,110719,79978,2939,63847,257483,2020,3,03/31/2020
Marion  ,113637,81916,2461,54334,252348,2020,3,03/31/2020
Martin  ,55486,29184,1546,26240,112456,2020,3,03/31/2020
Miami-Dade  ,389192,617604,12430,459610,1478836,2020,3,03/31/2020
Monroe  ,21444,17964,846,13514,53768,2020,3,03/31/2020
Nassau  ,39440,14596,953,13067,68056,2020,3,03/31/2020
Okaloosa  ,80345,27492,2129,30009,139975,2020,3,03/31/2020
Okeechobee  ,9894,6879,240,4210,21223,2020,3,03/31/2020
Orange  ,216268,366102,9307,251973,843650,2020,3,03/31/2020
Osceola  ,50935,95403,1750,75837,223925,2020,3,03/31/2020
Palm Beach  ,276436,417817,13653,273220,981126,2020,3,03/31/2020
Pasco  ,147270,114029,4997,104017,370313,2020,3,03/31/2020
Pinellas  ,238657,248884,8293,187991,683825,2020,3,03/31/2020
Polk  ,162540,157128,4810,124990,449468,2020,3,03/31/2020
Putnam  ,21318,17685,404,9545,48952,2020,3,03/31/2020
Santa Rosa  ,80384,26218,2570,28042,137214,2020,3,03/31/2020
Sarasota  ,137811,103839,3665,80800,326115,2020,3,03/31/2020
Seminole  ,113024,111576,3960,90126,318686,2020,3,03/31/2020
St. Johns  ,103498,49623,2498,41197,196816,2020,3,03/31/2020
St. Lucie  ,69069,83404,2289,54906,209668,2020,3,03/31/2020
Sumter  ,57067,25810,606,20652,104135,2020,3,03/31/2020
Suwannee  ,13440,8743,266,3987,26436,2020,3,03/31/2020
Taylor  ,5792,5159,91,1141,12183,2020,3,03/31/2020
Union  ,3820,2909,53,743,7525,2020,3,03/31/2020
Volusia  ,138809,127323,4810,105003,375945,2020,3,03/31/2020
Wakulla  ,9951,7897,241,3646,21735,2020,3,03/31/2020
Walton  ,32367,10314,655,10305,53641,2020,3,03/31/2020
Washington  ,8984,4951,110,2572,16617,2020,3,03/31/2020
TOTALS,4857071,5145706,155755,3607575,13766107,2020,3,03/31/2020
Alachua  ,49977,91341,2024,42051,185393,2020,4,04/30/2020
Baker  ,9338,4549,94,1771,15752,2020,4,04/30/2020
Bay  ,62100,28606,1603,24237,116546,2020,4,04/30/2020
Bradford  ,8650,5663,113,2540,16966,2020,4,04/30/2020
Brevard  ,181798,133435,6724,106081,428038,2020,4,04/30/2020
Broward  ,253619,608233,11625,334938,1208415,2020,4,04/30/2020
Calhoun  ,3201,4234,43,933,8411,2020,4,04/30/2020
Charlotte  ,66188,39253,2091,38069,145601,2020,4,04/30/2020
Citrus  ,55868,28470,1476,25378,111192,2020,4,04/30/2020
Clay  ,83112,35783,1856,35178,155929,2020,4,04/30/2020
Collier  ,108043,52271,1918,48989,211221,2020,4,04/30/2020
Columbia  ,20467,13838,389,7421,42115,2020,4,04/30/2020
Desoto  ,6237,6605,100,3903,16845,2020,4,04/30/2020
Dixie  ,4778,3508,73,1610,9969,2020,4,04/30/2020
Duval  ,226330,265680,7723,135340,635073,2020,4,04/30/2020
Escambia  ,98387,75046,2930,44926,221289,2020,4,04/30/2020
Flagler  ,37300,27308,866,21807,87281,2020,4,04/30/2020
Franklin  ,3145,3786,148,1095,8174,2020,4,04/30/2020
Gadsden  ,5060,22222,183,3092,30557,2020,4,04/30/2020
Gilchrist  ,7059,2944,111,1858,11972,2020,4,04/30/2020
Glades  ,3107,2376,75,1228,6786,2020,4,04/30/2020
Gulf  ,5465,3625,201,1279,10570,2020,4,04/30/2020
Hamilton  ,2888,3881,74,970,7813,2020,4,04/30/2020
Hardee  ,5869,4208,64,2451,12592,2020,4,04/30/2020
Hendry  ,7012,7550,180,3424,18166,2020,4,04/30/2020
Hernando  ,59808,42801,2063,36263,140935,2020,4,04/30/2020
Highlands  ,29196,18371,497,14453,62517,2020,4,04/30/2020
Hillsborough  ,275840,349554,10950,246362,882706,2020,4,04/30/2020
Holmes  ,6807,2724,50,1306,10887,2020,4,04/30/2020
Indian River  ,54936,33283,1638,29013,118870,2020,4,04/30/2020
Jackson  ,12583,12811,112,3107,28613,2020,4,04/30/2020
Jefferson  ,3572,5126,54,1076,9828,2020,4,04/30/2020
Lafayette  ,2312,1706,26,299,4343,2020,4,04/30/2020
Lake  ,108869,75227,2169,62341,248606,2020,4,04/30/2020
Lee  ,200682,130229,4927,136656,472494,2020,4,04/30/2020
Leon  ,57191,116066,2178,40272,215707,2020,4,04/30/2020
Levy  ,14247,8820,534,5173,28774,2020,4,04/30/2020
Liberty  ,1363,2663,7,434,4467,2020,4,04/30/2020
Madison  ,4065,6370,53,1229,11717,2020,4,04/30/2020
Manatee  ,110890,80011,2992,64001,257894,2020,4,04/30/2020
Marion  ,113822,81819,2510,54411,252562,2020,4,04/30/2020
Martin  ,55661,29259,1571,26340,112831,2020,4,04/30/2020
Miami-Dade  ,389824,617798,12715,460025,1480362,2020,4,04/30/2020
Monroe  ,21444,17959,851,13560,53814,2020,4,04/30/2020
Nassau  ,39393,14568,963,13059,67983,2020,4,04/30/2020
Okaloosa  ,80387,27477,2142,30103,140109,2020,4,04/30/2020
Okeechobee  ,9962,6867,243,4210,21282,2020,4,04/30/2020
Orange  ,212754,356958,9191,243680,822583,2020,4,04/30/2020
Osceola  ,50610,94598,1785,75397,222390,2020,4,04/30/2020
Palm Beach  ,276436,417150,13743,272920,980249,2020,4,04/30/2020
Pasco  ,147860,114124,5092,104221,371297,2020,4,04/30/2020
Pinellas  ,237525,247109,8418,187002,680054,2020,4,04/30/2020
Polk  ,162954,157305,4910,125289,450458,2020,4,04/30/2020
Putnam  ,21379,17650,414,9542,48985,2020,4,04/30/2020
Santa Rosa  ,80472,26234,2591,28102,137399,2020,4,04/30/2020
Sarasota  ,137757,103720,3726,80863,326066,2020,4,04/30/2020
Seminole  ,113456,112062,4050,90602,320170,2020,4,04/30/2020
St. Johns  ,103419,49442,2512,40687,196060,2020,4,04/30/2020
St. Lucie  ,69317,83676,2350,55162,210505,2020,4,04/30/2020
Sumter  ,55413,24851,599,19814,100677,2020,4,04/30/2020
Suwannee  ,13508,8713,268,4001,26490,2020,4,04/30/2020
Taylor  ,5905,5072,85,1155,12217,2020,4,04/30/2020
Union  ,3833,2892,54,749,7528,2020,4,04/30/2020
Volusia  ,139188,127316,4898,105201,376603,2020,4,04/30/2020
Wakulla  ,9991,7861,242,3659,21753,2020,4,04/30/2020
Walton  ,32476,10311,671,10327,53785,2020,4,04/30/2020
Washington  ,9011,4952,111,2573,16647,2020,4,04/30/2020
TOTALS,4851116,5127920,157639,3595208,13731883,2020,4,04/30/2020
Alachua  ,49967,91124,2042,42021,185154,2020,5,05/31/2020
Baker  ,9387,4520,95,1786,15788,2020,5,05/31/2020
Bay  ,62287,28604,1641,24355,116887,2020,5,05/31/2020
Bradford  ,8691,5659,120,2554,17024,2020,5,05/31/2020
Brevard  ,182439,133805,6920,106483,429647,2020,5,05/31/2020
Broward  ,254037,609312,11918,335667,1210934,2020,5,05/31/2020
Calhoun  ,3190,4239,45,942,8416,2020,5,05/31/2020
Charlotte  ,66211,39091,2145,37940,145387,2020,5,05/31/2020
Citrus  ,56137,28470,1514,25476,111597,2020,5,05/31/2020
Clay  ,83382,35718,1923,35165,156188,2020,5,05/31/2020
Collier  ,108787,52538,2008,49337,212670,2020,5,05/31/2020
Columbia  ,20549,13784,386,7439,42158,2020,5,05/31/2020
Desoto  ,6289,6591,104,3910,16894,2020,5,05/31/2020
Dixie  ,4811,3483,73,1630,9997,2020,5,05/31/2020
Duval  ,225091,264006,7804,134116,631017,2020,5,05/31/2020
Escambia  ,98738,75169,3000,45152,222059,2020,5,05/31/2020
Flagler  ,37625,27365,896,21806,87692,2020,5,05/31/2020
Franklin  ,3174,3777,147,1098,8196,2020,5,05/31/2020
Gadsden  ,5084,22223,184,3100,30591,2020,5,05/31/2020
Gilchrist  ,7096,2928,114,1859,11997,2020,5,05/31/2020
Glades  ,3141,2367,78,1229,6815,2020,5,05/31/2020
Gulf  ,5361,3491,200,1230,10282,2020,5,05/31/2020
Hamilton  ,2910,3874,76,980,7840,2020,5,05/31/2020
Hardee  ,5915,4185,65,2458,12623,2020,5,05/31/2020
Hendry  ,7034,7559,191,3442,18226,2020,5,05/31/2020
Hernando  ,60028,42823,2114,36306,141271,2020,5,05/31/2020
Highlands  ,29327,18353,511,14553,62744,2020,5,05/31/2020
Hillsborough  ,276340,350459,11258,247141,885198,2020,5,05/31/2020
Holmes  ,6854,2708,54,1316,10932,2020,5,05/31/2020
Indian River  ,55198,33421,1704,29088,119411,2020,5,05/31/2020
Jackson  ,12718,12740,114,3109,28681,2020,5,05/31/2020
Jefferson  ,3578,5110,55,1085,9828,2020,5,05/31/2020
Lafayette  ,2357,1675,26,301,4359,2020,5,05/31/2020
Lake  ,109273,75455,2236,62684,249648,2020,5,05/31/2020
Lee  ,197518,127921,4996,133814,464249,2020,5,05/31/2020
Leon  ,56397,114538,2166,39264,212365,2020,5,05/31/2020
Levy  ,14262,8719,538,5118,28637,2020,5,05/31/2020
Liberty  ,1392,2654,7,442,4495,2020,5,05/31/2020
Madison  ,4088,6354,54,1234,11730,2020,5,05/31/2020
Manatee  ,111320,80156,3070,64281,258827,2020,5,05/31/2020
Marion  ,113775,81591,2570,54283,252219,2020,5,05/31/2020
Martin  ,55798,29338,1607,26457,113200,2020,5,05/31/2020
Miami-Dade  ,391001,619004,12954,460500,1483459,2020,5,05/31/2020
Monroe  ,21532,17954,848,13337,53671,2020,5,05/31/2020
Nassau  ,39464,14595,989,13049,68097,2020,5,05/31/2020
Okaloosa  ,80599,27598,2197,30340,140734,2020,5,05/31/2020
Okeechobee  ,10004,6863,250,4219,21336,2020,5,05/31/2020
Orange  ,210149,351983,9295,239455,810882,2020,5,05/31/2020
Osceola  ,50618,94403,1819,75198,222038,2020,5,05/31/2020
Palm Beach  ,277109,417588,14112,273478,982287,2020,5,05/31/2020
Pasco  ,148635,114433,5234,104767,373069,2020,5,05/31/2020
Pinellas  ,237754,247422,8602,187143,680921,2020,5,05/31/2020
Polk  ,162939,156758,5056,125152,449905,2020,5,05/31/2020
Putnam  ,21453,17595,420,9588,49056,2020,5,05/31/2020
Santa Rosa  ,80746,26307,2649,28185,137887,2020,5,05/31/2020
Sarasota  ,138024,103787,3837,81059,326707,2020,5,05/31/2020
Seminole  ,113396,112163,4138,90694,320391,2020,5,05/31/2020
St. Johns  ,103981,49731,2590,40934,197236,2020,5,05/31/2020
St. Lucie  ,69533,83879,2436,55320,211168,2020,5,05/31/2020
Sumter  ,55523,24800,608,19803,100734,2020,5,05/31/2020
Suwannee  ,13570,8713,273,4021,26577,2020,5,05/31/2020
Taylor  ,5968,5017,84,1171,12240,2020,5,05/31/2020
Union  ,3872,2866,54,745,7537,2020,5,05/31/2020
Volusia  ,139565,127358,5015,105286,377224,2020,5,05/31/2020
Wakulla  ,10063,7841,249,3676,21829,2020,5,05/31/2020
Walton  ,32709,10301,694,10384,54088,2020,5,05/31/2020
Washington  ,9064,4910,114,2594,16682,2020,5,05/31/2020
TOTALS,4854827,5121766,161286,3591749,13729628,2020,5,05/31/2020
Alachua  ,49875,91193,2120,41979,185167,2020,6,06/30/2020
Baker  ,9506,4471,107,1788,15872,2020,6,06/30/2020
Bay  ,62747,28741,1721,24570,117779,2020,6,06/30/2020
Bradford  ,8818,5615,124,2554,17111,2020,6,06/30/2020
Brevard  ,183599,134430,7253,107239,432521,2020,6,06/30/2020
Broward  ,256038,614105,12137,335350,1217630,2020,6,06/30/2020
Calhoun  ,3212,4229,44,949,8434,2020,6,06/30/2020
Charlotte  ,66827,39255,2264,38109,146455,2020,6,06/30/2020
Citrus  ,56799,28417,1577,25627,112420,2020,6,06/30/2020
Clay  ,84920,35311,1998,35103,157332,2020,6,06/30/2020
Collier  ,109825,53298,2158,49921,215202,2020,6,06/30/2020
Columbia  ,20828,13696,402,7455,42381,2020,6,06/30/2020
Desoto  ,6377,6569,108,3927,16981,2020,6,06/30/2020
Dixie  ,4904,3434,75,1652,10065,2020,6,06/30/2020
Duval  ,225886,265392,8132,135029,634439,2020,6,06/30/2020
Escambia  ,99272,75535,3115,45545,223467,2020,6,06/30/2020
Flagler  ,38006,27496,942,21895,88339,2020,6,06/30/2020
Franklin  ,3215,3739,152,1114,8220,2020,6,06/30/2020
Gadsden  ,5128,22253,188,3110,30679,2020,6,06/30/2020
Gilchrist  ,7182,2894,120,1871,12067,2020,6,06/30/2020
Glades  ,3171,2362,80,1226,6839,2020,6,06/30/2020
Gulf  ,5489,3419,213,1241,10362,2020,6,06/30/2020
Hamilton  ,2945,3858,78,987,7868,2020,6,06/30/2020
Hardee  ,6032,4118,65,2457,12672,2020,6,06/30/2020
Hendry  ,7099,7581,197,3453,18330,2020,6,06/30/2020
Hernando  ,60507,42887,2200,36352,141946,2020,6,06/30/2020
Highlands  ,29578,18454,538,14700,63270,2020,6,06/30/2020
Hillsborough  ,278487,353332,11837,249272,892928,2020,6,06/30/2020
Holmes  ,6954,2677,60,1330,11021,2020,6,06/30/2020
Indian River  ,55821,33230,1770,29017,119838,2020,6,06/30/2020
Jackson  ,12972,12615,118,3109,28814,2020,6,06/30/2020
Jefferson  ,3618,5119,56,1090,9883,2020,6,06/30/2020
Lafayette  ,2738,1342,25,296,4401,2020,6,06/30/2020
Lake  ,110191,76019,2370,63214,251794,2020,6,06/30/2020
Lee  ,198185,127815,5244,133525,464769,2020,6,06/30/2020
Leon  ,56458,114496,2267,39319,212540,2020,6,06/30/2020
Levy  ,14429,8720,550,5136,28835,2020,6,06/30/2020
Liberty  ,1419,2632,7,446,4504,2020,6,06/30/2020
Madison  ,4143,6270,56,1247,11716,2020,6,06/30/2020
Manatee  ,112246,80651,3218,64737,260852,2020,6,06/30/2020
Marion  ,114659,81877,2721,54567,253824,2020,6,06/30/2020
Martin  ,56190,29496,1674,26603,113963,2020,6,06/30/2020
Miami-Dade  ,394050,618985,13813,461582,1488430,2020,6,06/30/2020
Monroe  ,21723,18054,870,13028,53675,2020,6,06/30/2020
Nassau  ,39763,14679,1049,13179,68670,2020,6,06/30/2020
Okaloosa  ,81080,27865,2296,30607,141848,2020,6,06/30/2020
Okeechobee  ,10118,6847,262,4216,21443,2020,6,06/30/2020
Orange  ,211012,355330,9778,241161,817281,2020,6,06/30/2020
Osceola  ,50999,95530,1930,75860,224319,2020,6,06/30/2020
Palm Beach  ,278689,419586,14782,274406,987463,2020,6,06/30/2020
Pasco  ,150141,114873,5472,105466,375952,2020,6,06/30/2020
Pinellas  ,238989,248376,9005,187928,684298,2020,6,06/30/2020
Polk  ,163593,156819,5306,124740,450458,2020,6,06/30/2020
Putnam  ,21651,17422,446,9606,49125,2020,6,06/30/2020
Santa Rosa  ,81504,26349,2738,28353,138944,2020,6,06/30/2020
Sarasota  ,138766,104142,4006,81362,328276,2020,6,06/30/2020
Seminole  ,113918,113038,4334,91161,322451,2020,6,06/30/2020
St. Johns  ,105523,49988,2730,41343,199584,2020,6,06/30/2020
St. Lucie  ,70218,84375,2550,55675,212818,2020,6,06/30/2020
Sumter  ,57381,24024,621,19250,101276,2020,6,06/30/2020
Suwannee  ,13733,8654,279,4040,26706,2020,6,06/30/2020
Taylor  ,6055,4967,87,1172,12281,2020,6,06/30/2020
Union  ,3963,2821,62,754,7600,2020,6,06/30/2020
Volusia  ,140740,127775,5251,105889,379655,2020,6,06/30/2020
Wakulla  ,10190,7826,256,3695,21967,2020,6,06/30/2020
Walton  ,33142,10305,742,10501,54690,2020,6,06/30/2020
Washington  ,9111,4881,119,2600,16711,2020,6,06/30/2020
TOTALS,4892347,5142554,168865,3605685,13809451,2020,6,06/30/2020
Alachua  ,49909,91361,2174,41763,185207,2020,7,07/31/2020
Baker  ,9686,4449,117,1817,16069,2020,7,07/31/2020
Bay  ,63335,28965,1797,24899,118996,2020,7,07/31/2020
Bradford  ,8934,5609,126,2566,17235,2020,7,07/31/2020
Brevard  ,185197,135479,7515,108405,436596,2020,7,07/31/2020
Broward  ,257991,619292,12612,337671,1227566,2020,7,07/31/2020
Calhoun  ,3233,4235,45,955,8468,2020,7,07/31/2020
Charlotte  ,67368,39440,2332,38354,147494,2020,7,07/31/2020
Citrus  ,57439,28470,1609,25847,113365,2020,7,07/31/2020
Clay  ,85981,35372,2064,35249,158666,2020,7,07/31/2020
Collier  ,111193,54084,2290,50791,218358,2020,7,07/31/2020
Columbia  ,21073,13697,418,7502,42690,2020,7,07/31/2020
Desoto  ,6500,6584,110,3939,17133,2020,7,07/31/2020
Dixie  ,5071,3363,75,1659,10168,2020,7,07/31/2020
Duval  ,227435,267069,8484,136157,639145,2020,7,07/31/2020
Escambia  ,100167,75952,3217,46018,225354,2020,7,07/31/2020
Flagler  ,38360,27667,972,22109,89108,2020,7,07/31/2020
Franklin  ,3264,3729,150,1131,8274,2020,7,07/31/2020
Gadsden  ,5158,22339,191,3122,30810,2020,7,07/31/2020
Gilchrist  ,7276,2879,121,1903,12179,2020,7,07/31/2020
Glades  ,3223,2350,82,1237,6892,2020,7,07/31/2020
Gulf  ,5620,3370,219,1243,10452,2020,7,07/31/2020
Hamilton  ,2976,3866,80,1000,7922,2020,7,07/31/2020
Hardee  ,6119,4078,64,2472,12733,2020,7,07/31/2020
Hendry  ,7195,7606,197,3498,18496,2020,7,07/31/2020
Hernando  ,61052,43000,2270,36563,142885,2020,7,07/31/2020
Highlands  ,29875,18574,560,14873,63882,2020,7,07/31/2020
Hillsborough  ,280849,356222,12218,251493,900782,2020,7,07/31/2020
Holmes  ,7030,2672,64,1354,11120,2020,7,07/31/2020
Indian River  ,56436,33312,1848,29136,120732,2020,7,07/31/2020
Jackson  ,13218,12568,123,3123,29032,2020,7,07/31/2020
Jefferson  ,3632,5137,56,1098,9923,2020,7,07/31/2020
Lafayette  ,2842,1277,27,303,4449,2020,7,07/31/2020
Lake  ,111258,76709,2471,64032,254470,2020,7,07/31/2020
Lee  ,200454,128905,5407,134858,469624,2020,7,07/31/2020
Leon  ,56548,114392,2337,39386,212663,2020,7,07/31/2020
Levy  ,14580,8738,561,5177,29056,2020,7,07/31/2020
Liberty  ,1451,2596,7,446,4500,2020,7,07/31/2020
Madison  ,4032,6036,57,1229,11354,2020,7,07/31/2020
Manatee  ,113347,81346,3351,65281,263325,2020,7,07/31/2020
Marion  ,115675,82272,2826,55021,255794,2020,7,07/31/2020
Martin  ,56612,29728,1714,26801,114855,2020,7,07/31/2020
Miami-Dade  ,399525,623613,14621,465587,1503346,2020,7,07/31/2020
Monroe  ,21803,18078,917,12904,53702,2020,7,07/31/2020
Nassau  ,40194,14803,1091,13359,69447,2020,7,07/31/2020
Okaloosa  ,81684,28117,2376,31066,143243,2020,7,07/31/2020
Okeechobee  ,10252,6850,272,4246,21620,2020,7,07/31/2020
Orange  ,213092,360090,10256,243918,827356,2020,7,07/31/2020
Osceola  ,51711,96913,2038,76750,227412,2020,7,07/31/2020
Palm Beach  ,280517,421393,15241,275449,992600,2020,7,07/31/2020
Pasco  ,151556,115697,5662,106359,379274,2020,7,07/31/2020
Pinellas  ,240532,249464,9276,189085,688357,2020,7,07/31/2020
Polk  ,164810,157469,5534,125455,453268,2020,7,07/31/2020
Putnam  ,21873,17390,465,9644,49372,2020,7,07/31/2020
Santa Rosa  ,82387,26517,2806,28723,140433,2020,7,07/31/2020
Sarasota  ,139501,104366,4116,81797,329780,2020,7,07/31/2020
Seminole  ,114647,113930,4537,92043,325157,2020,7,07/31/2020
St. Johns  ,107022,50352,2813,41792,201979,2020,7,07/31/2020
St. Lucie  ,71115,85163,2638,56209,215125,2020,7,07/31/2020
Sumter  ,58326,24000,637,19306,102269,2020,7,07/31/2020
Suwannee  ,13862,8620,297,4052,26831,2020,7,07/31/2020
Taylor  ,6168,4954,91,1182,12395,2020,7,07/31/2020
Union  ,4071,2775,63,762,7671,2020,7,07/31/2020
Volusia  ,142147,128504,5407,106757,382815,2020,7,07/31/2020
Wakulla  ,10302,7812,269,3742,22125,2020,7,07/31/2020
Walton  ,33556,10370,779,10630,55335,2020,7,07/31/2020
Washington  ,9186,4861,119,2631,16797,2020,7,07/31/2020
TOTALS,4938433,5176890,175279,3634929,13925531,2020,7,07/31/2020
Alachua  ,50283,91838,2308,41590,186019,2020,8,08/31/2020
Baker  ,9962,4451,128,1830,16371,2020,8,08/31/2020
Bay  ,64492,29117,1952,25169,120730,2020,8,08/31/2020
Bradford  ,9175,5497,139,2548,17359,2020,8,08/31/2020
Brevard  ,188012,136142,8074,109357,441585,2020,8,08/31/2020
Broward  ,261566,622797,13605,339037,1237005,2020,8,08/31/2020
Calhoun  ,3371,4148,49,954,8522,2020,8,08/31/2020
Charlotte  ,68381,39558,2481,38493,148913,2020,8,08/31/2020
Citrus  ,58382,28389,1704,25929,114404,2020,8,08/31/2020
Clay  ,87431,35817,2237,35123,160608,2020,8,08/31/2020
Collier  ,113464,54845,2519,51423,222251,2020,8,08/31/2020
Columbia  ,21506,13677,437,7529,43149,2020,8,08/31/2020
Desoto  ,6687,6541,117,3960,17305,2020,8,08/31/2020
Dixie  ,5406,3187,77,1630,10300,2020,8,08/31/2020
Duval  ,230618,269369,9143,136808,645938,2020,8,08/31/2020
Escambia  ,101395,76593,3426,46254,227668,2020,8,08/31/2020
Flagler  ,39030,27820,1071,22266,90187,2020,8,08/31/2020
Franklin  ,3328,3703,163,1149,8343,2020,8,08/31/2020
Gadsden  ,5208,22401,197,3105,30911,2020,8,08/31/2020
Gilchrist  ,7430,2852,128,1899,12309,2020,8,08/31/2020
Glades  ,3286,2330,86,1244,6946,2020,8,08/31/2020
Gulf  ,5758,3323,220,1240,10541,2020,8,08/31/2020
Hamilton  ,3070,3822,81,1001,7974,2020,8,08/31/2020
Hardee  ,6227,4036,75,2495,12833,2020,8,08/31/2020
Hendry  ,7392,7627,204,3464,18687,2020,8,08/31/2020
Hernando  ,62060,42984,2395,36466,143905,2020,8,08/31/2020
Highlands  ,30536,18583,606,14906,64631,2020,8,08/31/2020
Hillsborough  ,285229,358501,13140,253199,910069,2020,8,08/31/2020
Holmes  ,7191,2637,69,1360,11257,2020,8,08/31/2020
Indian River  ,57107,33612,2016,29109,121844,2020,8,08/31/2020
Jackson  ,13551,12430,134,3125,29240,2020,8,08/31/2020
Jefferson  ,3712,5136,54,1122,10024,2020,8,08/31/2020
Lafayette  ,2915,1230,30,300,4475,2020,8,08/31/2020
Lake  ,112863,77157,2701,64620,257341,2020,8,08/31/2020
Lee  ,204584,129902,5880,135207,475573,2020,8,08/31/2020
Leon  ,56865,114693,2493,39614,213665,2020,8,08/31/2020
Levy  ,14933,8678,573,5198,29382,2020,8,08/31/2020
Liberty  ,1533,2542,8,444,4527,2020,8,08/31/2020
Madison  ,4144,6038,61,1235,11478,2020,8,08/31/2020
Manatee  ,114948,81881,3569,65633,266031,2020,8,08/31/2020
Marion  ,117604,82466,3064,55204,258338,2020,8,08/31/2020
Martin  ,57432,29873,1813,26858,115976,2020,8,08/31/2020
Miami-Dade  ,409005,624518,16038,467628,1517189,2020,8,08/31/2020
Monroe  ,22493,18274,981,13103,54851,2020,8,08/31/2020
Nassau  ,40881,14809,1173,13507,70370,2020,8,08/31/2020
Okaloosa  ,83129,28424,2543,31475,145571,2020,8,08/31/2020
Okeechobee  ,10453,6806,287,4229,21775,2020,8,08/31/2020
Orange  ,215839,364334,10979,245752,836904,2020,8,08/31/2020
Osceola  ,52805,97743,2206,77430,230184,2020,8,08/31/2020
Palm Beach  ,284320,422584,16138,275927,998969,2020,8,08/31/2020
Pasco  ,154399,116276,6132,107071,383878,2020,8,08/31/2020
Pinellas  ,244292,250962,9980,189609,694843,2020,8,08/31/2020
Polk  ,167574,158253,5943,126257,458027,2020,8,08/31/2020
Putnam  ,22334,17245,493,9594,49666,2020,8,08/31/2020
Santa Rosa  ,83693,26706,2919,28848,142166,2020,8,08/31/2020
Sarasota  ,141098,104691,4439,82193,332421,2020,8,08/31/2020
Seminole  ,115981,114748,4913,92566,328208,2020,8,08/31/2020
St. Johns  ,108884,51004,3031,42203,205122,2020,8,08/31/2020
St. Lucie  ,72445,85658,2834,56443,217380,2020,8,08/31/2020
Sumter  ,58605,24530,701,19609,103445,2020,8,08/31/2020
Suwannee  ,14251,8468,320,4050,27089,2020,8,08/31/2020
Taylor  ,6319,4930,93,1213,12555,2020,8,08/31/2020
Union  ,4171,2562,61,704,7498,2020,8,08/31/2020
Volusia  ,145115,129059,5906,107387,387467,2020,8,08/31/2020
Wakulla  ,10526,7751,278,3791,22346,2020,8,08/31/2020
Walton  ,34173,10424,843,10746,56186,2020,8,08/31/2020
Washington  ,9347,4813,129,2614,16903,2020,8,08/31/2020
TOTALS,5020199,5203795,188587,3653046,14065627,2020,8,08/31/2020
Alachua  ,50811,93267,2568,42066,188712,2020,9,09/30/2020
Baker  ,10261,4455,141,1859,16716,2020,9,09/30/2020
Bay  ,65913,29530,2136,25791,123370,2020,9,09/30/2020
Bradford  ,9346,5513,153,2580,17592,2020,9,09/30/2020
Brevard  ,191263,137660,8646,111169,448738,2020,9,09/30/2020
Broward  ,267307,629962,15360,344420,1257049,2020,9,09/30/2020
Calhoun  ,3508,4099,55,961,8623,2020,9,09/30/2020
Charlotte  ,69762,39932,2715,38865,151274,2020,9,09/30/2020
Citrus  ,59657,28533,1845,26270,116305,2020,9,09/30/2020
Clay  ,88829,36498,2446,35687,163460,2020,9,09/30/2020
Collier  ,116481,56219,2818,53166,228684,2020,9,09/30/2020
Columbia  ,21956,13778,470,7652,43856,2020,9,09/30/2020
Desoto  ,6905,6589,128,4031,17653,2020,9,09/30/2020
Dixie  ,5589,3145,87,1668,10489,2020,9,09/30/2020
Duval  ,235075,273747,10209,138925,657956,2020,9,09/30/2020
Escambia  ,102578,77417,3652,47212,230859,2020,9,09/30/2020
Flagler  ,39881,28125,1195,22547,91748,2020,9,09/30/2020
Franklin  ,3410,3678,166,1165,8419,2020,9,09/30/2020
Gadsden  ,5315,22344,220,3111,30990,2020,9,09/30/2020
Gilchrist  ,7559,2850,139,1908,12456,2020,9,09/30/2020
Glades  ,3365,2320,100,1263,7048,2020,9,09/30/2020
Gulf  ,5902,3343,233,1260,10738,2020,9,09/30/2020
Hamilton  ,3129,3815,86,1018,8048,2020,9,09/30/2020
Hardee  ,6343,4048,79,2511,12981,2020,9,09/30/2020
Hendry  ,7583,7650,230,3507,18970,2020,9,09/30/2020
Hernando  ,63175,43278,2565,36795,145813,2020,9,09/30/2020
Highlands  ,31292,18728,663,15141,65824,2020,9,09/30/2020
Hillsborough  ,290667,364204,14388,258022,927281,2020,9,09/30/2020
Holmes  ,7324,2638,75,1371,11408,2020,9,09/30/2020
Indian River  ,58061,34087,2247,29365,123760,2020,9,09/30/2020
Jackson  ,13870,12451,150,3186,29657,2020,9,09/30/2020
Jefferson  ,3801,5159,53,1150,10163,2020,9,09/30/2020
Lafayette  ,2985,1215,36,308,4544,2020,9,09/30/2020
Lake  ,115024,78093,3041,65830,261988,2020,9,09/30/2020
Lee  ,208878,132117,6570,136801,484366,2020,9,09/30/2020
Leon  ,57482,115716,2747,40131,216076,2020,9,09/30/2020
Levy  ,15289,8705,611,5272,29877,2020,9,09/30/2020
Liberty  ,1597,2505,8,451,4561,2020,9,09/30/2020
Madison  ,4277,6084,66,1276,11703,2020,9,09/30/2020
Manatee  ,117536,83169,3963,66729,271397,2020,9,09/30/2020
Marion  ,120125,83436,3356,55971,262888,2020,9,09/30/2020
Martin  ,58361,30235,2004,27217,117817,2020,9,09/30/2020
Miami-Dade  ,421902,629110,18619,475140,1544771,2020,9,09/30/2020
Monroe  ,23151,18641,1088,13523,56403,2020,9,09/30/2020
Nassau  ,41678,14944,1273,13763,71658,2020,9,09/30/2020
Okaloosa  ,84659,29059,2747,32443,148908,2020,9,09/30/2020
Okeechobee  ,10768,6835,307,4259,22169,2020,9,09/30/2020
Orange  ,220327,371090,12274,251303,854994,2020,9,09/30/2020
Osceola  ,54506,99671,2528,79657,236362,2020,9,09/30/2020
Palm Beach  ,289419,426544,17482,279511,1012956,2020,9,09/30/2020
Pasco  ,157730,117469,6704,108600,390503,2020,9,09/30/2020
Pinellas  ,248710,254103,11007,192400,706220,2020,9,09/30/2020
Polk  ,171471,160633,6588,128416,467108,2020,9,09/30/2020
Putnam  ,22863,17273,520,9651,50307,2020,9,09/30/2020
Santa Rosa  ,85175,27088,3119,29326,144708,2020,9,09/30/2020
Sarasota  ,143884,105694,4914,83389,337881,2020,9,09/30/2020
Seminole  ,117635,116095,5351,94102,333183,2020,9,09/30/2020
St. Johns  ,110647,51793,3290,43104,208834,2020,9,09/30/2020
St. Lucie  ,74211,87104,3146,57273,221734,2020,9,09/30/2020
Sumter  ,59496,24835,767,19974,105072,2020,9,09/30/2020
Suwannee  ,14588,8470,337,4122,27517,2020,9,09/30/2020
Taylor  ,6419,4935,99,1243,12696,2020,9,09/30/2020
Union  ,4304,2553,68,714,7639,2020,9,09/30/2020
Volusia  ,148972,130743,6580,109278,395573,2020,9,09/30/2020
Wakulla  ,10791,7751,303,3888,22733,2020,9,09/30/2020
Walton  ,34988,10597,930,10969,57484,2020,9,09/30/2020
Washington  ,9517,4797,138,2617,17069,2020,9,09/30/2020
TOTALS,5125283,5268164,208599,3714293,14316339,2020,9,09/30/2020
Alachua  ,51815,94967,2826,43163,192771,2020,10,10/31/2020
Baker  ,10518,4472,147,1927,17064,2020,10,10/31/2020
Bay  ,67307,29945,2253,26485,125990,2020,10,10/31/2020
Bradford  ,9453,5543,162,2618,17776,2020,10,10/31/2020
Brevard  ,194231,139120,9195,113308,455854,2020,10,10/31/2020
Broward  ,270780,636684,16211,349721,1273396,2020,10,10/31/2020
Calhoun  ,3623,4089,60,984,8756,2020,10,10/31/2020
Charlotte  ,70676,40055,2818,39172,152721,2020,10,10/31/2020
Citrus  ,60631,28674,1906,26700,117911,2020,10,10/31/2020
Clay  ,90079,36937,2599,36283,165898,2020,10,10/31/2020
Collier  ,120394,58196,3088,55755,237433,2020,10,10/31/2020
Columbia  ,22368,13825,513,7803,44509,2020,10,10/31/2020
Desoto  ,7019,6651,142,4082,17894,2020,10,10/31/2020
Dixie  ,5718,3137,91,1698,10644,2020,10,10/31/2020
Duval  ,239367,278971,11004,141830,671172,2020,10,10/31/2020
Escambia  ,104567,78833,3948,48447,235795,2020,10,10/31/2020
Flagler  ,40417,28263,1252,22624,92556,2020,10,10/31/2020
Franklin  ,3464,3677,170,1193,8504,2020,10,10/31/2020
Gadsden  ,5435,22487,230,3155,31307,2020,10,10/31/2020
Gilchrist  ,7679,2843,149,1931,12602,2020,10,10/31/2020
Glades  ,3400,2327,102,1291,7120,2020,10,10/31/2020
Gulf  ,6021,3369,237,1287,10914,2020,10,10/31/2020
Hamilton  ,3182,3827,88,1030,8127,2020,10,10/31/2020
Hardee  ,6426,4055,87,2553,13121,2020,10,10/31/2020
Hendry  ,7763,7717,244,3589,19313,2020,10,10/31/2020
Hernando  ,64077,43476,2680,37218,147451,2020,10,10/31/2020
Highlands  ,31817,18922,704,15428,66871,2020,10,10/31/2020
Hillsborough  ,296541,370875,15473,264663,947552,2020,10,10/31/2020
Holmes  ,7488,2634,82,1407,11611,2020,10,10/31/2020
Indian River  ,58658,34389,2374,29739,125160,2020,10,10/31/2020
Jackson  ,14110,12544,171,3269,30094,2020,10,10/31/2020
Jefferson  ,3846,5157,56,1172,10231,2020,10,10/31/2020
Lafayette  ,3045,1189,38,315,4587,2020,10,10/31/2020
Lake  ,117198,79099,3337,67293,266927,2020,10,10/31/2020
Lee  ,213156,134242,7073,139924,494395,2020,10,10/31/2020
Leon  ,58609,117301,2987,41372,220269,2020,10,10/31/2020
Levy  ,15646,8765,630,5346,30387,2020,10,10/31/2020
Liberty  ,1656,2494,9,457,4616,2020,10,10/31/2020
Madison  ,4381,6235,71,1340,12027,2020,10,10/31/2020
Manatee  ,119281,83927,4157,67793,275158,2020,10,10/31/2020
Marion  ,122132,84194,3562,56852,266740,2020,10,10/31/2020
Martin  ,58988,30407,2122,27571,119088,2020,10,10/31/2020
Miami-Dade  ,434510,635999,20506,485513,1576528,2020,10,10/31/2020
Monroe  ,23835,18912,1136,13959,57842,2020,10,10/31/2020
Nassau  ,42324,15083,1338,14061,72806,2020,10,10/31/2020
Okaloosa  ,86208,29704,2944,33641,152497,2020,10,10/31/2020
Okeechobee  ,10989,6878,318,4343,22528,2020,10,10/31/2020
Orange  ,225177,380349,13493,258949,877968,2020,10,10/31/2020
Osceola  ,56486,102074,2797,82475,243832,2020,10,10/31/2020
Palm Beach  ,293287,428422,18657,282688,1023054,2020,10,10/31/2020
Pasco  ,160183,118323,7020,110538,396064,2020,10,10/31/2020
Pinellas  ,252297,256902,11829,195574,716602,2020,10,10/31/2020
Polk  ,174373,162745,7006,131002,475126,2020,10,10/31/2020
Putnam  ,23296,17334,553,9761,50944,2020,10,10/31/2020
Santa Rosa  ,86325,27275,3257,29872,146729,2020,10,10/31/2020
Sarasota  ,145387,106071,5145,84433,341036,2020,10,10/31/2020
Seminole  ,119424,117549,5852,95866,338691,2020,10,10/31/2020
St. Johns  ,112008,52218,3418,43948,211592,2020,10,10/31/2020
St. Lucie  ,75684,88841,3406,58325,226256,2020,10,10/31/2020
Sumter  ,60145,25009,808,20299,106261,2020,10,10/31/2020
Suwannee  ,14862,8491,348,4200,27901,2020,10,10/31/2020
Taylor  ,6545,4957,102,1294,12898,2020,10,10/31/2020
Union  ,4424,2549,73,751,7797,2020,10,10/31/2020
Volusia  ,151960,132549,7024,111370,402903,2020,10,10/31/2020
Wakulla  ,11025,7746,314,3936,23021,2020,10,10/31/2020
Walton  ,35627,10676,993,11259,58555,2020,10,10/31/2020
Washington  ,9672,4795,150,2633,17250,2020,10,10/31/2020
TOTALS,5219015,5335965,223535,3790478,14568993,2020,10,10/31/2020
Alachua  ,51901,94994,2839,43332,193066,2020,11,11/30/2020
Baker  ,10598,4461,153,1954,17166,2020,11,11/30/2020
Bay  ,67718,30089,2298,26770,126875,2020,11,11/30/2020
Bradford  ,9505,5530,162,2625,17822,2020,11,11/30/2020
Brevard  ,194779,139268,9378,113992,457417,2020,11,11/30/2020
Broward  ,272538,637992,16801,352137,1279468,2020,11,11/30/2020
Calhoun  ,3657,4069,60,996,8782,2020,11,11/30/2020
Charlotte  ,70965,40002,2888,39335,153190,2020,11,11/30/2020
Citrus  ,60774,28667,1930,26781,118152,2020,11,11/30/2020
Clay  ,89967,36820,2615,36146,165548,2020,11,11/30/2020
Collier  ,121473,58685,3164,56624,239946,2020,11,11/30/2020
Columbia  ,22419,13800,525,7833,44577,2020,11,11/30/2020
Desoto  ,7042,6644,144,4088,17918,2020,11,11/30/2020
Dixie  ,5740,3127,94,1699,10660,2020,11,11/30/2020
Duval  ,239984,279600,11163,142704,673451,2020,11,11/30/2020
Escambia  ,104272,78795,4001,48504,235572,2020,11,11/30/2020
Flagler  ,40582,28291,1277,22719,92869,2020,11,11/30/2020
Franklin  ,3475,3649,173,1194,8491,2020,11,11/30/2020
Gadsden  ,5440,22525,231,3168,31364,2020,11,11/30/2020
Gilchrist  ,7712,2844,153,1944,12653,2020,11,11/30/2020
Glades  ,3420,2323,103,1293,7139,2020,11,11/30/2020
Gulf  ,5852,3220,236,1189,10497,2020,11,11/30/2020
Hamilton  ,3193,3822,91,1044,8150,2020,11,11/30/2020
Hardee  ,6448,4042,88,2567,13145,2020,11,11/30/2020
Hendry  ,7812,7748,248,3635,19443,2020,11,11/30/2020
Hernando  ,64233,43456,2719,37338,147746,2020,11,11/30/2020
Highlands  ,31957,18976,724,15536,67193,2020,11,11/30/2020
Hillsborough  ,297299,371443,15662,265728,950132,2020,11,11/30/2020
Holmes  ,7511,2631,84,1419,11645,2020,11,11/30/2020
Indian River  ,58794,34440,2429,29888,125551,2020,11,11/30/2020
Jackson  ,14143,12544,175,3293,30155,2020,11,11/30/2020
Jefferson  ,3847,5148,58,1178,10231,2020,11,11/30/2020
Lafayette  ,3052,1197,39,318,4606,2020,11,11/30/2020
Lake  ,117356,78957,3375,67380,267068,2020,11,11/30/2020
Lee  ,214228,134673,7247,141125,497273,2020,11,11/30/2020
Leon  ,58577,117340,3025,41533,220475,2020,11,11/30/2020
Levy  ,15742,8787,632,5388,30549,2020,11,11/30/2020
Liberty  ,1665,2483,9,459,4616,2020,11,11/30/2020
Madison  ,4427,6265,74,1355,12121,2020,11,11/30/2020
Manatee  ,119045,83246,4198,67491,273980,2020,11,11/30/2020
Marion  ,122651,84166,3645,57117,267579,2020,11,11/30/2020
Martin  ,59183,30502,2164,27750,119599,2020,11,11/30/2020
Miami-Dade  ,435296,636105,20813,486720,1578934,2020,11,11/30/2020
Monroe  ,23972,18927,1162,14073,58134,2020,11,11/30/2020
Nassau  ,42544,15117,1395,14183,73239,2020,11,11/30/2020
Okaloosa  ,86422,29689,2971,33819,152901,2020,11,11/30/2020
Okeechobee  ,11044,6879,327,4379,22629,2020,11,11/30/2020
Orange  ,225631,381303,13703,260507,881144,2020,11,11/30/2020
Osceola  ,56822,102614,2854,83424,245714,2020,11,11/30/2020
Palm Beach  ,293425,427857,18852,282985,1023119,2020,11,11/30/2020
Pasco  ,160742,118401,7111,111116,397370,2020,11,11/30/2020
Pinellas  ,252028,256087,12006,195301,715422,2020,11,11/30/2020
Polk  ,174746,162891,7101,131277,476015,2020,11,11/30/2020
Putnam  ,23377,17352,560,9814,51103,2020,11,11/30/2020
Santa Rosa  ,86637,27312,3303,30089,147341,2020,11,11/30/2020
Sarasota  ,145828,106037,5234,84780,341879,2020,11,11/30/2020
Seminole  ,119463,117697,5966,96364,339490,2020,11,11/30/2020
St. Johns  ,112629,52408,3492,44326,212855,2020,11,11/30/2020
St. Lucie  ,76179,89217,3499,58650,227545,2020,11,11/30/2020
Sumter  ,60462,25175,823,20467,106927,2020,11,11/30/2020
Suwannee  ,14909,8485,357,4232,27983,2020,11,11/30/2020
Taylor  ,6576,4959,104,1308,12947,2020,11,11/30/2020
Union  ,4469,2532,74,755,7830,2020,11,11/30/2020
Volusia  ,152559,132750,7183,111974,404466,2020,11,11/30/2020
Wakulla  ,11066,7727,315,3952,23060,2020,11,11/30/2020
Walton  ,35754,10664,1008,11333,58759,2020,11,11/30/2020
Washington  ,9686,4782,152,2650,17270,2020,11,11/30/2020
TOTALS,5233242,5340228,227439,3807047,14607956,2020,11,11/30/2020
Alachua  ,51806,94969,2859,43441,193075,2020,12,12/31/2020
Baker  ,10616,4454,154,1964,17188,2020,12,12/31/2020
Bay  ,67458,29890,2303,26686,126337,2020,12,12/31/2020
Bradford  ,9537,5515,161,2641,17854,2020,12,12/31/2020
Brevard  ,194913,139320,9585,114590,458408,2020,12,12/31/2020
Broward  ,273028,638428,17125,353417,1281998,2020,12,12/31/2020
Calhoun  ,3651,4055,58,997,8761,2020,12,12/31/2020
Charlotte  ,70507,39243,2955,38746,151451,2020,12,12/31/2020
Citrus  ,60914,28653,1984,26919,118470,2020,12,12/31/2020
Clay  ,89321,36636,2628,35989,164574,2020,12,12/31/2020
Collier  ,121610,58717,3271,56883,240481,2020,12,12/31/2020
Columbia  ,22485,13794,539,7895,44713,2020,12,12/31/2020
Desoto  ,7087,6643,142,4116,17988,2020,12,12/31/2020
Dixie  ,5756,3117,97,1705,10675,2020,12,12/31/2020
Duval  ,239080,279281,11325,142875,672561,2020,12,12/31/2020
Escambia  ,104143,78626,4061,48626,235456,2020,12,12/31/2020
Flagler  ,40792,28361,1310,22880,93343,2020,12,12/31/2020
Franklin  ,3345,3477,166,1090,8078,2020,12,12/31/2020
Gadsden  ,5436,22506,232,3170,31344,2020,12,12/31/2020
Gilchrist  ,7724,2845,156,1954,12679,2020,12,12/31/2020
Glades  ,3433,2326,104,1297,7160,2020,12,12/31/2020
Gulf  ,5872,3213,241,1210,10536,2020,12,12/31/2020
Hamilton  ,3206,3822,97,1049,8174,2020,12,12/31/2020
Hardee  ,6447,4032,88,2577,13144,2020,12,12/31/2020
Hendry  ,7819,7755,253,3651,19478,2020,12,12/31/2020
Hernando  ,64377,43460,2781,37501,148119,2020,12,12/31/2020
Highlands  ,32032,18997,749,15633,67411,2020,12,12/31/2020
Hillsborough  ,292731,364702,15807,264692,937932,2020,12,12/31/2020
Holmes  ,7509,2620,85,1423,11637,2020,12,12/31/2020
Indian River  ,58794,34431,2490,29970,125685,2020,12,12/31/2020
Jackson  ,14146,12499,176,3302,30123,2020,12,12/31/2020
Jefferson  ,3806,4972,55,1132,9965,2020,12,12/31/2020
Lafayette  ,3051,1191,40,319,4601,2020,12,12/31/2020
Lake  ,117452,79031,3450,67739,267672,2020,12,12/31/2020
Lee  ,213969,134210,7437,141074,496690,2020,12,12/31/2020
Leon  ,57420,114222,2975,39785,214402,2020,12,12/31/2020
Levy  ,15759,8782,641,5402,30584,2020,12,12/31/2020
Liberty  ,1674,2470,9,460,4613,2020,12,12/31/2020
Madison  ,4432,6250,75,1354,12111,2020,12,12/31/2020
Manatee  ,119523,83481,4309,67889,275202,2020,12,12/31/2020
Marion  ,122680,84186,3741,57441,268048,2020,12,12/31/2020
Martin  ,59302,30530,2207,27877,119916,2020,12,12/31/2020
Miami-Dade  ,434480,635496,21117,487264,1578357,2020,12,12/31/2020
Monroe  ,24000,18901,1188,14118,58207,2020,12,12/31/2020
Nassau  ,42677,15156,1429,14256,73518,2020,12,12/31/2020
Okaloosa  ,86385,29669,3045,33914,153013,2020,12,12/31/2020
Okeechobee  ,11069,6868,324,4380,22641,2020,12,12/31/2020
Orange  ,225310,381504,13898,261576,882288,2020,12,12/31/2020
Osceola  ,56553,102039,2907,83249,244748,2020,12,12/31/2020
Palm Beach  ,293358,427693,19258,283474,1023783,2020,12,12/31/2020
Pasco  ,161299,118859,7261,112004,399423,2020,12,12/31/2020
Pinellas  ,248583,250990,12041,190202,701816,2020,12,12/31/2020
Polk  ,169435,155680,7076,123386,455577,2020,12,12/31/2020
Putnam  ,23422,17306,576,9872,51176,2020,12,12/31/2020
Santa Rosa  ,86775,27324,3376,30259,147734,2020,12,12/31/2020
Sarasota  ,146346,106201,5392,85216,343155,2020,12,12/31/2020
Seminole  ,119211,117704,6046,96593,339554,2020,12,12/31/2020
St. Johns  ,112800,52484,3588,44400,213272,2020,12,12/31/2020
St. Lucie  ,76304,89252,3573,58836,227965,2020,12,12/31/2020
Sumter  ,60729,25275,853,20639,107496,2020,12,12/31/2020
Suwannee  ,14957,8491,360,4260,28068,2020,12,12/31/2020
Taylor  ,6583,4946,108,1313,12950,2020,12,12/31/2020
Union  ,4469,2525,75,761,7830,2020,12,12/31/2020
Volusia  ,152787,132757,7323,112415,405282,2020,12,12/31/2020
Wakulla  ,11058,7712,323,3980,23073,2020,12,12/31/2020
Walton  ,35798,10641,1034,11410,58883,2020,12,12/31/2020
Washington  ,9708,4769,154,2661,17292,2020,12,12/31/2020
TOTALS,5218739,5315954,231246,3799799,14565738,2020,12,12/31/2020
Alachua  ,51543,94977,2950,43638,193108,2021,1,01/31/2021
Baker  ,10632,4448,165,1989,17234,2021,1,01/31/2021
Bay  ,67367,29897,2419,26948,126631,2021,1,01/31/2021
Bradford  ,9543,5500,169,2672,17884,2021,1,01/31/2021
Brevard  ,193959,139189,10100,115550,458798,2021,1,01/31/2021
Broward  ,270802,637333,17771,354827,1280733,2021,1,01/31/2021
Calhoun  ,3643,4034,59,1006,8742,2021,1,01/31/2021
Charlotte  ,70404,39298,3214,39151,152067,2021,1,01/31/2021
Citrus  ,60824,28706,2104,27285,118919,2021,1,01/31/2021
Clay  ,89225,36852,2772,36457,165306,2021,1,01/31/2021
Collier  ,121593,58956,3514,57628,241691,2021,1,01/31/2021
Columbia  ,22452,13756,570,7934,44712,2021,1,01/31/2021
Desoto  ,7087,6606,148,4151,17992,2021,1,01/31/2021
Dixie  ,5745,3108,101,1729,10683,2021,1,01/31/2021
Duval  ,236104,276581,11664,142123,666472,2021,1,01/31/2021
Escambia  ,103863,78676,4233,49054,235826,2021,1,01/31/2021
Flagler  ,40769,28422,1388,23223,93802,2021,1,01/31/2021
Franklin  ,3358,3473,177,1114,8122,2021,1,01/31/2021
Gadsden  ,5390,22434,240,3208,31272,2021,1,01/31/2021
Gilchrist  ,7721,2830,167,1996,12714,2021,1,01/31/2021
Glades  ,3441,2323,106,1305,7175,2021,1,01/31/2021
Gulf  ,5864,3197,251,1231,10543,2021,1,01/31/2021
Hamilton  ,3209,3814,101,1059,8183,2021,1,01/31/2021
Hardee  ,6465,4025,88,2601,13179,2021,1,01/31/2021
Hendry  ,7822,7755,263,3688,19528,2021,1,01/31/2021
Hernando  ,63952,43072,2819,37612,147455,2021,1,01/31/2021
Highlands  ,32043,18984,786,15738,67551,2021,1,01/31/2021
Hillsborough  ,288554,360035,16083,260214,924886,2021,1,01/31/2021
Holmes  ,7517,2611,92,1435,11655,2021,1,01/31/2021
Indian River  ,58458,34410,2625,30218,125711,2021,1,01/31/2021
Jackson  ,14137,12480,187,3333,30137,2021,1,01/31/2021
Jefferson  ,3778,4898,59,1107,9842,2021,1,01/31/2021
Lafayette  ,3049,1187,43,320,4599,2021,1,01/31/2021
Lake  ,116950,79126,3655,68446,268177,2021,1,01/31/2021
Lee  ,213482,134423,7874,142573,498352,2021,1,01/31/2021
Leon  ,57035,114237,3082,40088,214442,2021,1,01/31/2021
Levy  ,15646,8655,651,5325,30277,2021,1,01/31/2021
Liberty  ,1677,2460,8,465,4610,2021,1,01/31/2021
Madison  ,4423,6224,77,1360,12084,2021,1,01/31/2021
Manatee  ,118954,83405,4520,68228,275107,2021,1,01/31/2021
Marion  ,121782,83698,3932,57484,266896,2021,1,01/31/2021
Martin  ,59098,30618,2353,28195,120264,2021,1,01/31/2021
Miami-Dade  ,430411,630805,21513,485731,1568460,2021,1,01/31/2021
Monroe  ,23935,18939,1238,14242,58354,2021,1,01/31/2021
Nassau  ,42688,15220,1523,14450,73881,2021,1,01/31/2021
Okaloosa  ,86157,29734,3167,34216,153274,2021,1,01/31/2021
Okeechobee  ,11070,6864,338,4412,22684,2021,1,01/31/2021
Orange  ,222870,378694,14220,260656,876440,2021,1,01/31/2021
Osceola  ,55794,101069,2981,82638,242482,2021,1,01/31/2021
Palm Beach  ,291172,427119,20109,284692,1023092,2021,1,01/31/2021
Pasco  ,160911,119141,7580,113142,400774,2021,1,01/31/2021
Pinellas  ,246806,250899,12598,191386,701689,2021,1,01/31/2021
Polk  ,169259,156235,7421,124604,457519,2021,1,01/31/2021
Putnam  ,23426,17286,597,9947,51256,2021,1,01/31/2021
Santa Rosa  ,86699,27364,3527,30559,148149,2021,1,01/31/2021
Sarasota  ,146230,106502,5818,86228,344778,2021,1,01/31/2021
Seminole  ,117991,117456,6316,96985,338748,2021,1,01/31/2021
St. Johns  ,112247,52510,3811,44901,213469,2021,1,01/31/2021
St. Lucie  ,76139,89464,3753,59361,228717,2021,1,01/31/2021
Sumter  ,60625,25299,949,20920,107793,2021,1,01/31/2021
Suwannee  ,14933,8470,384,4311,28098,2021,1,01/31/2021
Taylor  ,6577,4929,115,1337,12958,2021,1,01/31/2021
Union  ,4462,2521,78,771,7832,2021,1,01/31/2021
Volusia  ,152314,132847,7605,113443,406209,2021,1,01/31/2021
Wakulla  ,11066,7701,334,4021,23122,2021,1,01/31/2021
Walton  ,35675,10558,1087,11488,58808,2021,1,01/31/2021
Washington  ,9703,4757,161,2688,17309,2021,1,01/31/2021
TOTALS,5188520,5299096,240803,3810837,14539256,2021,1,01/31/2021
Alachua  ,51419,94996,2995,43762,193172,2021,2,02/28/2021
Baker  ,10676,4441,169,1998,17284,2021,2,02/28/2021
Bay  ,67424,29876,2467,27097,126864,2021,2,02/28/2021
Bradford  ,9576,5504,174,2681,17935,2021,2,02/28/2021
Brevard  ,193858,139258,10300,116159,459575,2021,2,02/28/2021
Broward  ,270102,636701,17985,355814,1280602,2021,2,02/28/2021
Calhoun  ,3635,4021,58,1002,8716,2021,2,02/28/2021
Charlotte  ,70640,39332,3253,39433,152658,2021,2,02/28/2021
Citrus  ,60928,28759,2194,27507,119388,2021,2,02/28/2021
Clay  ,89265,37032,2830,36706,165833,2021,2,02/28/2021
Collier  ,121648,59000,3585,57875,242108,2021,2,02/28/2021
Columbia  ,22344,13594,580,7825,44343,2021,2,02/28/2021
Desoto  ,7102,6600,153,4175,18030,2021,2,02/28/2021
Dixie  ,5755,3093,104,1757,10709,2021,2,02/28/2021
Duval  ,234317,274888,11665,141460,662330,2021,2,02/28/2021
Escambia  ,103810,78616,4303,49247,235976,2021,2,02/28/2021
Flagler  ,40845,28469,1410,23344,94068,2021,2,02/28/2021
Franklin  ,3366,3472,180,1117,8135,2021,2,02/28/2021
Gadsden  ,5366,22308,242,3186,31102,2021,2,02/28/2021
Gilchrist  ,7676,2771,170,1945,12562,2021,2,02/28/2021
Glades  ,3455,2315,109,1311,7190,2021,2,02/28/2021
Gulf  ,5872,3191,258,1239,10560,2021,2,02/28/2021
Hamilton  ,3222,3808,102,1062,8194,2021,2,02/28/2021
Hardee  ,6459,4003,88,2625,13175,2021,2,02/28/2021
Hendry  ,7843,7741,266,3714,19564,2021,2,02/28/2021
Hernando  ,63247,42224,2790,37481,145742,2021,2,02/28/2021
Highlands  ,32094,18996,804,15832,67726,2021,2,02/28/2021
Hillsborough  ,287678,358404,16234,258421,920737,2021,2,02/28/2021
Holmes  ,7514,2598,94,1441,11647,2021,2,02/28/2021
Indian River  ,58337,34452,2658,30353,125800,2021,2,02/28/2021
Jackson  ,14134,12461,189,3364,30148,2021,2,02/28/2021
Jefferson  ,3769,4874,62,1110,9815,2021,2,02/28/2021
Lafayette  ,3041,1183,46,319,4589,2021,2,02/28/2021
Lake  ,116999,79180,3738,68833,268750,2021,2,02/28/2021
Lee  ,214079,134787,8029,143820,500715,2021,2,02/28/2021
Leon  ,56889,114202,3127,40257,214475,2021,2,02/28/2021
Levy  ,15682,8644,677,5339,30342,2021,2,02/28/2021
Liberty  ,1685,2451,8,463,4607,2021,2,02/28/2021
Madison  ,4424,6225,80,1381,12110,2021,2,02/28/2021
Manatee  ,119197,83470,4646,68510,275823,2021,2,02/28/2021
Marion  ,121839,83796,4022,57783,267440,2021,2,02/28/2021
Martin  ,58763,30403,2404,28026,119596,2021,2,02/28/2021
Miami-Dade  ,429761,630268,21710,486652,1568391,2021,2,02/28/2021
Monroe  ,23938,18984,1248,14383,58553,2021,2,02/28/2021
Nassau  ,42804,15275,1566,14600,74245,2021,2,02/28/2021
Okaloosa  ,86224,29793,3243,34436,153696,2021,2,02/28/2021
Okeechobee  ,11112,6859,344,4424,22739,2021,2,02/28/2021
Orange  ,222467,379190,14398,261730,877785,2021,2,02/28/2021
Osceola  ,55558,100591,2999,82334,241482,2021,2,02/28/2021
Palm Beach  ,291172,427561,20564,285744,1025041,2021,2,02/28/2021
Pasco  ,159618,118211,7649,112436,397914,2021,2,02/28/2021
Pinellas  ,246471,251077,12835,192150,702533,2021,2,02/28/2021
Polk  ,169489,156597,7578,125413,459077,2021,2,02/28/2021
Putnam  ,23495,17263,610,10008,51376,2021,2,02/28/2021
Santa Rosa  ,86806,27397,3599,30759,148561,2021,2,02/28/2021
Sarasota  ,146457,106783,6027,86833,346100,2021,2,02/28/2021
Seminole  ,117610,117386,6386,97143,338525,2021,2,02/28/2021
St. Johns  ,112372,52666,3913,45254,214205,2021,2,02/28/2021
St. Lucie  ,76454,89813,3849,59917,230033,2021,2,02/28/2021
Sumter  ,60715,25377,972,21036,108100,2021,2,02/28/2021
Suwannee  ,14965,8468,394,4332,28159,2021,2,02/28/2021
Taylor  ,6600,4901,116,1366,12983,2021,2,02/28/2021
Union  ,4442,2487,80,762,7771,2021,2,02/28/2021
Volusia  ,152410,132932,7718,114118,407178,2021,2,02/28/2021
Wakulla  ,11065,7707,342,4045,23159,2021,2,02/28/2021
Walton  ,35736,10560,1126,11543,58965,2021,2,02/28/2021
Washington  ,9700,4723,164,2700,17287,2021,2,02/28/2021
TOTALS,5183415,5295008,244678,3820892,14543993,2021,2,02/28/2021
Alachua  ,51428,94991,3012,43890,193321,2021,3,03/31/2021
Baker  ,10702,4420,172,2017,17311,2021,3,03/31/2021
Bay  ,67625,29906,2531,27278,127340,2021,3,03/31/2021
Bradford  ,9578,5476,174,2679,17907,2021,3,03/31/2021
Brevard  ,193203,138446,10317,115936,457902,2021,3,03/31/2021
Broward  ,270069,636563,18190,356977,1281799,2021,3,03/31/2021
Calhoun  ,3650,4006,58,1017,8731,2021,3,03/31/2021
Charlotte  ,71011,39358,3253,39763,153385,2021,3,03/31/2021
Citrus  ,61150,28769,2210,27676,119805,2021,3,03/31/2021
Clay  ,89364,37107,2865,36868,166204,2021,3,03/31/2021
Collier  ,121627,58857,3594,57963,242041,2021,3,03/31/2021
Columbia  ,22367,13581,585,7869,44402,2021,3,03/31/2021
Desoto  ,7113,6600,154,4195,18062,2021,3,03/31/2021
Dixie  ,5759,3080,104,1751,10694,2021,3,03/31/2021
Duval  ,233435,273866,11721,141715,660737,2021,3,03/31/2021
Escambia  ,103849,78632,4335,49553,236369,2021,3,03/31/2021
Flagler  ,41074,28540,1429,23518,94561,2021,3,03/31/2021
Franklin  ,3387,3469,185,1131,8172,2021,3,03/31/2021
Gadsden  ,5375,22323,246,3210,31154,2021,3,03/31/2021
Gilchrist  ,7183,2337,161,1576,11257,2021,3,03/31/2021
Glades  ,3453,2313,113,1317,7196,2021,3,03/31/2021
Gulf  ,5882,3183,260,1267,10592,2021,3,03/31/2021
Hamilton  ,3221,3806,103,1071,8201,2021,3,03/31/2021
Hardee  ,6462,3989,88,2647,13186,2021,3,03/31/2021
Hendry  ,7741,7573,262,3635,19211,2021,3,03/31/2021
Hernando  ,63389,42194,2807,37782,146172,2021,3,03/31/2021
Highlands  ,32173,18977,831,15910,67891,2021,3,03/31/2021
Hillsborough  ,287314,357372,16338,257609,918633,2021,3,03/31/2021
Holmes  ,7502,2589,96,1441,11628,2021,3,03/31/2021
Indian River  ,58447,34485,2674,30531,126137,2021,3,03/31/2021
Jackson  ,14153,12431,191,3383,30158,2021,3,03/31/2021
Jefferson  ,3800,4835,61,1119,9815,2021,3,03/31/2021
Lafayette  ,3039,1177,47,322,4585,2021,3,03/31/2021
Lake  ,117236,79216,3816,69275,269543,2021,3,03/31/2021
Lee  ,214784,134874,8085,144806,502549,2021,3,03/31/2021
Leon  ,56855,114173,3131,40413,214572,2021,3,03/31/2021
Levy  ,15742,8634,691,5371,30438,2021,3,03/31/2021
Liberty  ,1681,2383,8,449,4521,2021,3,03/31/2021
Madison  ,4432,6214,80,1384,12110,2021,3,03/31/2021
Manatee  ,119497,83547,4717,68772,276533,2021,3,03/31/2021
Marion  ,122060,83875,4118,58057,268110,2021,3,03/31/2021
Martin  ,58541,30238,2434,28004,119217,2021,3,03/31/2021
Miami-Dade  ,429654,630013,21860,487904,1569431,2021,3,03/31/2021
Monroe  ,23871,18903,1249,14309,58332,2021,3,03/31/2021
Nassau  ,42912,15293,1569,14735,74509,2021,3,03/31/2021
Okaloosa  ,86525,29860,3298,34769,154452,2021,3,03/31/2021
Okeechobee  ,11107,6834,350,4412,22703,2021,3,03/31/2021
Orange  ,222572,379820,14550,262884,879826,2021,3,03/31/2021
Osceola  ,55136,99802,2988,81951,239877,2021,3,03/31/2021
Palm Beach  ,291343,427539,20854,286511,1026247,2021,3,03/31/2021
Pasco  ,159393,117920,7721,112577,397611,2021,3,03/31/2021
Pinellas  ,246539,250977,12951,192896,703363,2021,3,03/31/2021
Polk  ,169869,156937,7722,126057,460585,2021,3,03/31/2021
Putnam  ,23574,17260,622,10064,51520,2021,3,03/31/2021
Santa Rosa  ,87033,27408,3631,31009,149081,2021,3,03/31/2021
Sarasota  ,146959,106859,6156,87188,347162,2021,3,03/31/2021
Seminole  ,117376,117166,6426,97209,338177,2021,3,03/31/2021
St. Johns  ,112820,52803,3980,45721,215324,2021,3,03/31/2021
St. Lucie  ,76400,89547,3909,60102,229958,2021,3,03/31/2021
Sumter  ,61018,25412,991,21148,108569,2021,3,03/31/2021
Suwannee  ,14981,8449,400,4349,28179,2021,3,03/31/2021
Taylor  ,6600,4865,118,1373,12956,2021,3,03/31/2021
Union  ,4441,2483,80,765,7769,2021,3,03/31/2021
Volusia  ,152773,133026,7789,114674,408262,2021,3,03/31/2021
Wakulla  ,11080,7695,344,4063,23182,2021,3,03/31/2021
Walton  ,35701,10471,1138,11537,58847,2021,3,03/31/2021
Washington  ,9714,4718,165,2716,17313,2021,3,03/31/2021
TOTALS,5185744,5290465,247108,3832070,14555387,2021,3,03/31/2021
Alachua  ,51212,94760,3016,43839,192827,2021,4,04/30/2021
Baker  ,10737,4409,176,2044,17366,2021,4,04/30/2021
Bay  ,67646,29815,2535,27367,127363,2021,4,04/30/2021
Bradford  ,9658,5484,175,2706,18023,2021,4,04/30/2021
Brevard  ,192451,137242,10342,115258,455293,2021,4,04/30/2021
Broward  ,268073,633015,18181,355817,1275086,2021,4,04/30/2021
Calhoun  ,3578,3852,54,980,8464,2021,4,04/30/2021
Charlotte  ,71215,39267,3254,39922,153658,2021,4,04/30/2021
Citrus  ,61324,28631,2212,27763,119930,2021,4,04/30/2021
Clay  ,89248,36987,2867,36909,166011,2021,4,04/30/2021
Collier  ,120309,57347,3543,55980,237179,2021,4,04/30/2021
Columbia  ,22393,13577,585,7944,44499,2021,4,04/30/2021
Desoto  ,7131,6557,151,4186,18025,2021,4,04/30/2021
Dixie  ,5707,2988,106,1677,10478,2021,4,04/30/2021
Duval  ,233299,273477,11775,142404,660955,2021,4,04/30/2021
Escambia  ,104079,78655,4359,49922,237015,2021,4,04/30/2021
Flagler  ,41144,28532,1452,23638,94766,2021,4,04/30/2021
Franklin  ,3384,3427,181,1132,8124,2021,4,04/30/2021
Gadsden  ,5322,21991,247,3123,30683,2021,4,04/30/2021
Gilchrist  ,7221,2356,164,1600,11341,2021,4,04/30/2021
Glades  ,3473,2317,113,1332,7235,2021,4,04/30/2021
Gulf  ,5887,3174,257,1274,10592,2021,4,04/30/2021
Hamilton  ,3225,3804,104,1073,8206,2021,4,04/30/2021
Hardee  ,6483,3967,88,2656,13194,2021,4,04/30/2021
Hendry  ,7627,7460,252,3570,18909,2021,4,04/30/2021
Hernando  ,63553,42216,2836,38011,146616,2021,4,04/30/2021
Highlands  ,32271,18971,831,16042,68115,2021,4,04/30/2021
Hillsborough  ,286828,356793,16449,257642,917712,2021,4,04/30/2021
Holmes  ,7441,2521,95,1390,11447,2021,4,04/30/2021
Indian River  ,58075,33997,2658,30161,124891,2021,4,04/30/2021
Jackson  ,14129,12354,195,3359,30037,2021,4,04/30/2021
Jefferson  ,3802,4814,60,1117,9793,2021,4,04/30/2021
Lafayette  ,3043,1162,47,323,4575,2021,4,04/30/2021
Lake  ,117370,79139,3829,69587,269925,2021,4,04/30/2021
Lee  ,215648,135118,8150,145953,504869,2021,4,04/30/2021
Leon  ,56828,114151,3157,40601,214737,2021,4,04/30/2021
Levy  ,15720,8506,703,5318,30247,2021,4,04/30/2021
Liberty  ,1688,2379,8,449,4524,2021,4,04/30/2021
Madison  ,4451,6193,80,1387,12111,2021,4,04/30/2021
Manatee  ,120080,83797,4790,69258,277925,2021,4,04/30/2021
Marion  ,122790,84216,4212,58793,270011,2021,4,04/30/2021
Martin  ,58761,30290,2459,28211,119721,2021,4,04/30/2021
Miami-Dade  ,428687,627953,21991,488128,1566759,2021,4,04/30/2021
Monroe  ,23944,18927,1263,14410,58544,2021,4,04/30/2021
Nassau  ,43137,15343,1586,14912,74978,2021,4,04/30/2021
Okaloosa  ,86642,29921,3327,35065,154955,2021,4,04/30/2021
Okeechobee  ,11108,6793,346,4413,22660,2021,4,04/30/2021
Orange  ,222884,380583,14678,264541,882686,2021,4,04/30/2021
Osceola  ,55223,99714,3023,82194,240154,2021,4,04/30/2021
Palm Beach  ,285077,416256,20724,278305,1000362,2021,4,04/30/2021
Pasco  ,158050,116656,7693,111836,394235,2021,4,04/30/2021
Pinellas  ,245902,249979,12958,192660,701499,2021,4,04/30/2021
Polk  ,170662,157758,7856,127069,463345,2021,4,04/30/2021
Putnam  ,23687,17219,617,10109,51632,2021,4,04/30/2021
Santa Rosa  ,87078,27356,3642,31235,149311,2021,4,04/30/2021
Sarasota  ,147695,107097,6273,87702,348767,2021,4,04/30/2021
Seminole  ,117340,117178,6512,97471,338501,2021,4,04/30/2021
St. Johns  ,113173,52892,3997,46216,216278,2021,4,04/30/2021
St. Lucie  ,76808,89973,3957,60665,231403,2021,4,04/30/2021
Sumter  ,61259,25454,1012,21230,108955,2021,4,04/30/2021
Suwannee  ,15043,8434,401,4403,28281,2021,4,04/30/2021
Taylor  ,6611,4816,118,1378,12923,2021,4,04/30/2021
Union  ,4454,2477,80,775,7786,2021,4,04/30/2021
Volusia  ,152740,132598,7820,114639,407797,2021,4,04/30/2021
Wakulla  ,11014,7605,342,4057,23018,2021,4,04/30/2021
Walton  ,35890,10482,1144,11662,59178,2021,4,04/30/2021
Washington  ,9747,4692,168,2711,17318,2021,4,04/30/2021
TOTALS,5178159,5267864,248276,3829504,14523803,2021,4,04/30/2021
Alachua  ,51306,94860,3022,44078,193266,2021,5,05/31/2021
Baker  ,10729,4382,176,2057,17344,2021,5,05/31/2021
Bay  ,67560,29742,2550,27480,127332,2021,5,05/31/2021
Bradford  ,9624,5445,174,2683,17926,2021,5,05/31/2021
Brevard  ,192714,137252,10371,115861,456198,2021,5,05/31/2021
Broward  ,268221,633168,18387,357426,1277202,2021,5,05/31/2021
Calhoun  ,3597,3835,53,986,8471,2021,5,05/31/2021
Charlotte  ,71194,39162,3249,40036,153641,2021,5,05/31/2021
Citrus  ,61508,28591,2242,27927,120268,2021,5,05/31/2021
Clay  ,89168,36977,2868,36990,166003,2021,5,05/31/2021
Collier  ,120731,57230,3566,56394,237921,2021,5,05/31/2021
Columbia  ,22478,13592,591,8000,44661,2021,5,05/31/2021
Desoto  ,7160,6544,152,4201,18057,2021,5,05/31/2021
Dixie  ,5722,2980,108,1692,10502,2021,5,05/31/2021
Duval  ,232719,272615,11819,142766,659919,2021,5,05/31/2021
Escambia  ,103877,78493,4360,50071,236801,2021,5,05/31/2021
Flagler  ,41274,28532,1472,23832,95110,2021,5,05/31/2021
Franklin  ,3408,3414,178,1134,8134,2021,5,05/31/2021
Gadsden  ,5315,21935,250,3151,30651,2021,5,05/31/2021
Gilchrist  ,7280,2360,165,1613,11418,2021,5,05/31/2021
Glades  ,3466,2299,113,1332,7210,2021,5,05/31/2021
Gulf  ,5889,3161,258,1289,10597,2021,5,05/31/2021
Hamilton  ,3232,3793,107,1074,8206,2021,5,05/31/2021
Hardee  ,6491,3977,88,2687,13243,2021,5,05/31/2021
Hendry  ,7662,7472,253,3606,18993,2021,5,05/31/2021
Hernando  ,63706,42176,2841,38130,146853,2021,5,05/31/2021
Highlands  ,32273,18899,826,16054,68052,2021,5,05/31/2021
Hillsborough  ,287284,357268,16584,259307,920443,2021,5,05/31/2021
Holmes  ,7465,2510,94,1390,11459,2021,5,05/31/2021
Indian River  ,57358,33330,2662,29553,122903,2021,5,05/31/2021
Jackson  ,14147,12319,198,3382,30046,2021,5,05/31/2021
Jefferson  ,3826,4781,65,1121,9793,2021,5,05/31/2021
Lafayette  ,3053,1159,49,327,4588,2021,5,05/31/2021
Lake  ,118049,79617,3917,70444,272027,2021,5,05/31/2021
Lee  ,216309,135096,8232,146638,506275,2021,5,05/31/2021
Leon  ,56585,113688,3166,40559,213998,2021,5,05/31/2021
Levy  ,15727,8450,700,5316,30193,2021,5,05/31/2021
Liberty  ,1701,2366,8,459,4534,2021,5,05/31/2021
Madison  ,4451,6171,80,1380,12082,2021,5,05/31/2021
Manatee  ,120068,83490,4828,69193,277579,2021,5,05/31/2021
Marion  ,122784,84016,4201,58982,269983,2021,5,05/31/2021
Martin  ,58481,29901,2460,28122,118964,2021,5,05/31/2021
Miami-Dade  ,427422,625376,22064,487250,1562112,2021,5,05/31/2021
Monroe  ,23971,18879,1267,14531,58648,2021,5,05/31/2021
Nassau  ,43255,15352,1595,15036,75238,2021,5,05/31/2021
Okaloosa  ,85519,29413,3305,34518,152755,2021,5,05/31/2021
Okeechobee  ,11206,6785,347,4457,22795,2021,5,05/31/2021
Orange  ,220949,377463,14582,262615,875609,2021,5,05/31/2021
Osceola  ,55646,100631,3089,83546,242912,2021,5,05/31/2021
Palm Beach  ,277857,403373,20359,268452,970041,2021,5,05/31/2021
Pasco  ,158532,116847,7759,112553,395691,2021,5,05/31/2021
Pinellas  ,245967,249803,13060,193306,702136,2021,5,05/31/2021
Polk  ,170552,157699,7885,127700,463836,2021,5,05/31/2021
Putnam  ,23586,17090,614,10095,51385,2021,5,05/31/2021
Santa Rosa  ,87242,27317,3639,31458,149656,2021,5,05/31/2021
Sarasota  ,148341,107169,6341,88565,350416,2021,5,05/31/2021
Seminole  ,117771,117991,6603,98593,340958,2021,5,05/31/2021
St. Johns  ,113796,53092,4039,46680,217607,2021,5,05/31/2021
St. Lucie  ,76864,89948,3967,60895,231674,2021,5,05/31/2021
Sumter  ,61586,25494,1030,21359,109469,2021,5,05/31/2021
Suwannee  ,15063,8406,400,4431,28300,2021,5,05/31/2021
Taylor  ,6640,4799,115,1390,12944,2021,5,05/31/2021
Union  ,4475,2481,81,781,7818,2021,5,05/31/2021
Volusia  ,152612,132364,7876,114796,407648,2021,5,05/31/2021
Wakulla  ,11014,7597,343,4058,23012,2021,5,05/31/2021
Walton  ,36111,10518,1153,11813,59595,2021,5,05/31/2021
Washington  ,9739,4657,167,2724,17287,2021,5,05/31/2021
TOTALS,5171308,5247592,249163,3830325,14498388,2021,5,05/31/2021
Alachua  ,51380,94880,3046,44287,193593,2021,6,06/30/2021
Baker  ,10783,4372,177,2068,17400,2021,6,06/30/2021
Bay  ,67737,29707,2562,27670,127676,2021,6,06/30/2021
Bradford  ,9643,5429,174,2686,17932,2021,6,06/30/2021
Brevard  ,193134,137225,10437,116591,457387,2021,6,06/30/2021
Broward  ,268448,632748,18532,358446,1278174,2021,6,06/30/2021
Calhoun  ,3620,3810,52,979,8461,2021,6,06/30/2021
Charlotte  ,71110,38845,3234,40085,153274,2021,6,06/30/2021
Citrus  ,61316,28320,2242,27810,119688,2021,6,06/30/2021
Clay  ,89350,37011,2890,37201,166452,2021,6,06/30/2021
Collier  ,121066,57152,3580,56811,238609,2021,6,06/30/2021
Columbia  ,22405,13478,592,7925,44400,2021,6,06/30/2021
Desoto  ,7199,6506,149,4242,18096,2021,6,06/30/2021
Dixie  ,5744,2977,109,1700,10530,2021,6,06/30/2021
Duval  ,232564,272013,11871,143328,659776,2021,6,06/30/2021
Escambia  ,103838,78466,4369,50325,236998,2021,6,06/30/2021
Flagler  ,41549,28571,1473,24032,95625,2021,6,06/30/2021
Franklin  ,3395,3337,179,1127,8038,2021,6,06/30/2021
Gadsden  ,5339,21914,254,3170,30677,2021,6,06/30/2021
Gilchrist  ,7286,2356,168,1627,11437,2021,6,06/30/2021
Glades  ,3357,2175,111,1245,6888,2021,6,06/30/2021
Gulf  ,5912,3162,255,1316,10645,2021,6,06/30/2021
Hamilton  ,3233,3793,107,1081,8214,2021,6,06/30/2021
Hardee  ,6495,3979,90,2706,13270,2021,6,06/30/2021
Hendry  ,7679,7475,251,3622,19027,2021,6,06/30/2021
Hernando  ,64064,42249,2867,38407,147587,2021,6,06/30/2021
Highlands  ,32348,18875,832,16175,68230,2021,6,06/30/2021
Hillsborough  ,286847,356621,16597,259698,919763,2021,6,06/30/2021
Holmes  ,7466,2493,92,1407,11458,2021,6,06/30/2021
Indian River  ,57125,32962,2670,29324,122081,2021,6,06/30/2021
Jackson  ,14096,12254,198,3376,29924,2021,6,06/30/2021
Jefferson  ,3831,4754,66,1118,9769,2021,6,06/30/2021
Lafayette  ,3057,1156,48,327,4588,2021,6,06/30/2021
Lake  ,118215,79624,3943,70801,272583,2021,6,06/30/2021
Lee  ,214873,133798,8198,146117,502986,2021,6,06/30/2021
Leon  ,56630,113568,3178,40735,214111,2021,6,06/30/2021
Levy  ,15711,8404,698,5332,30145,2021,6,06/30/2021
Liberty  ,1707,2352,8,465,4532,2021,6,06/30/2021
Madison  ,4462,6151,81,1384,12078,2021,6,06/30/2021
Manatee  ,120140,83358,4831,69246,277575,2021,6,06/30/2021
Marion  ,123101,83882,4212,59174,270369,2021,6,06/30/2021
Martin  ,58578,29902,2463,28276,119219,2021,6,06/30/2021
Miami-Dade  ,425934,621647,22051,485756,1555388,2021,6,06/30/2021
Monroe  ,23623,18489,1229,14248,57589,2021,6,06/30/2021
Nassau  ,43287,15289,1596,15069,75241,2021,6,06/30/2021
Okaloosa  ,84744,28957,3246,34223,151170,2021,6,06/30/2021
Okeechobee  ,11185,6736,346,4450,22717,2021,6,06/30/2021
Orange  ,220115,375925,14586,262442,873068,2021,6,06/30/2021
Osceola  ,55687,100424,3095,83901,243107,2021,6,06/30/2021
Palm Beach  ,278283,403414,20480,269430,971607,2021,6,06/30/2021
Pasco  ,158901,116863,7784,113173,396721,2021,6,06/30/2021
Pinellas  ,246518,250032,13151,194294,703995,2021,6,06/30/2021
Polk  ,171099,158014,7942,128618,465673,2021,6,06/30/2021
Putnam  ,23534,16996,612,10058,51200,2021,6,06/30/2021
Santa Rosa  ,87533,27361,3640,31765,150299,2021,6,06/30/2021
Sarasota  ,148963,107089,6349,88956,351357,2021,6,06/30/2021
Seminole  ,117022,116978,6528,98088,338616,2021,6,06/30/2021
St. Johns  ,114457,53238,4061,47195,218951,2021,6,06/30/2021
St. Lucie  ,76352,89244,3950,60660,230206,2021,6,06/30/2021
Sumter  ,61709,25387,1047,21490,109633,2021,6,06/30/2021
Suwannee  ,15111,8388,400,4463,28362,2021,6,06/30/2021
Taylor  ,6655,4764,112,1390,12921,2021,6,06/30/2021
Union  ,4483,2478,81,788,7830,2021,6,06/30/2021
Volusia  ,153450,132637,7949,115651,409687,2021,6,06/30/2021
Wakulla  ,11018,7552,344,4054,22968,2021,6,06/30/2021
Walton  ,36253,10465,1162,11867,59747,2021,6,06/30/2021
Washington  ,9761,4639,166,2739,17305,2021,6,06/30/2021
TOTALS,5171510,5235110,249793,3838210,14494623,2021,6,06/30/2021
Alachua  ,51354,94703,3067,44426,193550,2021,7,07/31/2021
Baker  ,10757,4326,181,2071,17335,2021,7,07/31/2021
Bay  ,66763,29248,2521,27386,125918,2021,7,07/31/2021
Bradford  ,9658,5410,174,2701,17943,2021,7,07/31/2021
Brevard  ,192189,136245,10384,116410,455228,2021,7,07/31/2021
Broward  ,268200,631671,18659,359134,1277664,2021,7,07/31/2021
Calhoun  ,3559,3699,52,929,8239,2021,7,07/31/2021
Charlotte  ,71015,38607,3246,40160,153028,2021,7,07/31/2021
Citrus  ,60473,27676,2221,27329,117699,2021,7,07/31/2021
Clay  ,89477,37093,2913,37440,166923,2021,7,07/31/2021
Collier  ,121747,57255,3599,57479,240080,2021,7,07/31/2021
Columbia  ,22385,13431,597,7938,44351,2021,7,07/31/2021
Desoto  ,7154,6437,149,4192,17932,2021,7,07/31/2021
Dixie  ,5777,2933,114,1703,10527,2021,7,07/31/2021
Duval  ,232217,271475,11875,143713,659280,2021,7,07/31/2021
Escambia  ,103120,77783,4315,50013,235231,2021,7,07/31/2021
Flagler  ,41357,28289,1461,23882,94989,2021,7,07/31/2021
Franklin  ,3405,3326,178,1137,8046,2021,7,07/31/2021
Gadsden  ,5337,21857,255,3157,30606,2021,7,07/31/2021
Gilchrist  ,7319,2349,170,1641,11479,2021,7,07/31/2021
Glades  ,3350,2150,110,1241,6851,2021,7,07/31/2021
Gulf  ,5856,3129,253,1311,10549,2021,7,07/31/2021
Hamilton  ,3239,3777,109,1092,8217,2021,7,07/31/2021
Hardee  ,6493,3973,91,2720,13277,2021,7,07/31/2021
Hendry  ,7604,7381,249,3565,18799,2021,7,07/31/2021
Hernando  ,64009,42131,2887,38456,147483,2021,7,07/31/2021
Highlands  ,31780,18376,817,15776,66749,2021,7,07/31/2021
Hillsborough  ,284795,354035,16606,258309,913745,2021,7,07/31/2021
Holmes  ,7458,2476,93,1424,11451,2021,7,07/31/2021
Indian River  ,57089,32891,2682,29337,121999,2021,7,07/31/2021
Jackson  ,13623,11635,193,3121,28572,2021,7,07/31/2021
Jefferson  ,3762,4674,64,1102,9602,2021,7,07/31/2021
Lafayette  ,3009,1111,48,306,4474,2021,7,07/31/2021
Lake  ,115799,77421,3888,68929,266037,2021,7,07/31/2021
Lee  ,214609,133122,8194,146035,501960,2021,7,07/31/2021
Leon  ,56236,112437,3143,40366,212182,2021,7,07/31/2021
Levy  ,15756,8388,698,5369,30211,2021,7,07/31/2021
Liberty  ,1721,2333,8,465,4527,2021,7,07/31/2021
Madison  ,4458,6133,79,1396,12066,2021,7,07/31/2021
Manatee  ,118643,81990,4789,68192,273614,2021,7,07/31/2021
Marion  ,123043,83589,4233,59314,270179,2021,7,07/31/2021
Martin  ,58435,29691,2466,28226,118818,2021,7,07/31/2021
Miami-Dade  ,427054,620762,22157,486484,1556457,2021,7,07/31/2021
Monroe  ,23716,18483,1244,14358,57801,2021,7,07/31/2021
Nassau  ,43349,15217,1608,15109,75283,2021,7,07/31/2021
Okaloosa  ,81279,27446,3145,31949,143819,2021,7,07/31/2021
Okeechobee  ,11172,6684,345,4441,22642,2021,7,07/31/2021
Orange  ,218644,374197,14602,262318,869761,2021,7,07/31/2021
Osceola  ,55771,100254,3051,84271,243347,2021,7,07/31/2021
Palm Beach  ,277925,402437,20511,269880,970753,2021,7,07/31/2021
Pasco  ,159203,116696,7810,113812,397521,2021,7,07/31/2021
Pinellas  ,245003,247805,13088,193121,699017,2021,7,07/31/2021
Polk  ,170251,156740,7899,127983,462873,2021,7,07/31/2021
Putnam  ,23419,16798,609,9934,50760,2021,7,07/31/2021
Santa Rosa  ,87867,27373,3657,32076,150973,2021,7,07/31/2021
Sarasota  ,149756,107261,6404,89683,353104,2021,7,07/31/2021
Seminole  ,116392,116275,6522,97890,337079,2021,7,07/31/2021
St. Johns  ,114036,52855,4028,47215,218134,2021,7,07/31/2021
St. Lucie  ,74651,86432,3926,58575,223584,2021,7,07/31/2021
Sumter  ,61931,25383,1051,21725,110090,2021,7,07/31/2021
Suwannee  ,15167,8363,404,4490,28424,2021,7,07/31/2021
Taylor  ,6647,4747,114,1398,12906,2021,7,07/31/2021
Union  ,4488,2465,81,784,7818,2021,7,07/31/2021
Volusia  ,153485,132272,8013,115923,409693,2021,7,07/31/2021
Wakulla  ,10818,7390,334,3968,22510,2021,7,07/31/2021
Walton  ,36150,10350,1152,11813,59465,2021,7,07/31/2021
Washington  ,9515,4424,156,2579,16674,2021,7,07/31/2021
TOTALS,5151719,5205765,249742,3830672,14437898,2021,7,07/31/2021
Alachua  ,51287,94540,3106,44625,193558,2021,8,08/31/2021
Baker  ,10767,4306,186,2093,17352,2021,8,08/31/2021
Bay  ,64619,27989,2439,26178,121225,2021,8,08/31/2021
Bradford  ,9677,5395,172,2715,17959,2021,8,08/31/2021
Brevard  ,189359,133527,10276,114367,447529,2021,8,08/31/2021
Broward  ,267749,630454,18770,359883,1276856,2021,8,08/31/2021
Calhoun  ,3561,3683,53,938,8235,2021,8,08/31/2021
Charlotte  ,69719,37517,3209,39155,149600,2021,8,08/31/2021
Citrus  ,60652,27592,2229,27462,117935,2021,8,08/31/2021
Clay  ,87426,35671,2886,36080,162063,2021,8,08/31/2021
Collier  ,121451,56754,3599,57605,239409,2021,8,08/31/2021
Columbia  ,22015,13102,592,7713,43422,2021,8,08/31/2021
Desoto  ,7198,6421,152,4241,18012,2021,8,08/31/2021
Dixie  ,5728,2818,114,1641,10301,2021,8,08/31/2021
Duval  ,226385,263663,11675,138768,640491,2021,8,08/31/2021
Escambia  ,99051,74679,4217,47440,225387,2021,8,08/31/2021
Flagler  ,41443,28205,1472,24016,95136,2021,8,08/31/2021
Franklin  ,3406,3309,178,1147,8040,2021,8,08/31/2021
Gadsden  ,5323,21785,249,3158,30515,2021,8,08/31/2021
Gilchrist  ,7335,2342,171,1647,11495,2021,8,08/31/2021
Glades  ,3359,2150,112,1252,6873,2021,8,08/31/2021
Gulf  ,5642,2980,246,1271,10139,2021,8,08/31/2021
Hamilton  ,3166,3638,109,1047,7960,2021,8,08/31/2021
Hardee  ,6504,3952,92,2738,13286,2021,8,08/31/2021
Hendry  ,7619,7378,249,3596,18842,2021,8,08/31/2021
Hernando  ,63279,41212,2887,37792,145170,2021,8,08/31/2021
Highlands  ,31863,18359,820,15868,66910,2021,8,08/31/2021
Hillsborough  ,283220,351271,16605,257118,908214,2021,8,08/31/2021
Holmes  ,7372,2418,95,1372,11257,2021,8,08/31/2021
Indian River  ,56407,32240,2674,28619,119940,2021,8,08/31/2021
Jackson  ,13528,11453,192,3091,28264,2021,8,08/31/2021
Jefferson  ,3777,4650,64,1109,9600,2021,8,08/31/2021
Lafayette  ,3012,1098,49,305,4464,2021,8,08/31/2021
Lake  ,116132,77470,3930,69512,267044,2021,8,08/31/2021
Lee  ,215306,133083,8242,146823,503454,2021,8,08/31/2021
Leon  ,53966,106625,3051,37585,201227,2021,8,08/31/2021
Levy  ,15671,8258,687,5303,29919,2021,8,08/31/2021
Liberty  ,1741,2324,8,462,4535,2021,8,08/31/2021
Madison  ,4456,6114,77,1401,12048,2021,8,08/31/2021
Manatee  ,119247,82178,4831,68681,274937,2021,8,08/31/2021
Marion  ,120610,81320,4156,57886,263972,2021,8,08/31/2021
Martin  ,58180,29348,2466,28042,118036,2021,8,08/31/2021
Miami-Dade  ,421540,599129,21895,472889,1515453,2021,8,08/31/2021
Monroe  ,23800,18482,1255,14491,58028,2021,8,08/31/2021
Nassau  ,42586,14852,1554,14634,73626,2021,8,08/31/2021
Okaloosa  ,79827,26741,3080,31488,141136,2021,8,08/31/2021
Okeechobee  ,11192,6673,348,4456,22669,2021,8,08/31/2021
Orange  ,214807,367424,14493,257498,854222,2021,8,08/31/2021
Osceola  ,55613,99444,3060,84051,242168,2021,8,08/31/2021
Palm Beach  ,276059,399005,20535,268180,963779,2021,8,08/31/2021
Pasco  ,159579,116651,7831,114440,398501,2021,8,08/31/2021
Pinellas  ,241753,243674,13028,189972,688427,2021,8,08/31/2021
Polk  ,170825,157066,7971,129032,464894,2021,8,08/31/2021
Putnam  ,23182,16506,604,9761,50053,2021,8,08/31/2021
Santa Rosa  ,87525,27151,3655,32162,150493,2021,8,08/31/2021
Sarasota  ,150137,107076,6429,90119,353761,2021,8,08/31/2021
Seminole  ,115318,115013,6506,97257,334094,2021,8,08/31/2021
St. Johns  ,112934,51995,4011,46776,215716,2021,8,08/31/2021
St. Lucie  ,74981,86562,3971,58995,224509,2021,8,08/31/2021
Sumter  ,61674,25073,1068,21633,109448,2021,8,08/31/2021
Suwannee  ,15147,8298,402,4482,28329,2021,8,08/31/2021
Taylor  ,6668,4727,114,1411,12920,2021,8,08/31/2021
Union  ,4411,2423,82,762,7678,2021,8,08/31/2021
Volusia  ,153779,132138,8078,116411,410406,2021,8,08/31/2021
Wakulla  ,10852,7383,335,4012,22582,2021,8,08/31/2021
Walton  ,35841,10156,1142,11698,58837,2021,8,08/31/2021
Washington  ,9525,4401,158,2593,16677,2021,8,08/31/2021
TOTALS,5107763,5131314,248992,3790948,14279017,2021,8,08/31/2021
Alachua  ,51011,94054,3140,44546,192751,2021,9,09/30/2021
Baker  ,10768,4285,184,2112,17349,2021,9,09/30/2021
Bay  ,64875,27981,2452,26380,121688,2021,9,09/30/2021
Bradford  ,9704,5372,173,2727,17976,2021,9,09/30/2021
Brevard  ,189908,133488,10365,115071,448832,2021,9,09/30/2021
Broward  ,268201,630257,19012,361218,1278688,2021,9,09/30/2021
Calhoun  ,3572,3671,54,941,8238,2021,9,09/30/2021
Charlotte  ,70057,37480,3253,39396,150186,2021,9,09/30/2021
Citrus  ,60702,27302,2246,27387,117637,2021,9,09/30/2021
Clay  ,87554,35670,2902,36290,162416,2021,9,09/30/2021
Collier  ,122080,56817,3630,58101,240628,2021,9,09/30/2021
Columbia  ,22085,13057,600,7753,43495,2021,9,09/30/2021
Desoto  ,7176,6349,155,4213,17893,2021,9,09/30/2021
Dixie  ,5760,2800,115,1656,10331,2021,9,09/30/2021
Duval  ,226306,263892,11773,139640,641611,2021,9,09/30/2021
Escambia  ,99273,74795,4255,47810,226133,2021,9,09/30/2021
Flagler  ,40300,27056,1459,23076,91891,2021,9,09/30/2021
Franklin  ,3424,3294,180,1162,8060,2021,9,09/30/2021
Gadsden  ,5210,21334,253,3058,29855,2021,9,09/30/2021
Gilchrist  ,7345,2333,168,1662,11508,2021,9,09/30/2021
Glades  ,3373,2131,113,1266,6883,2021,9,09/30/2021
Gulf  ,5649,2963,245,1283,10140,2021,9,09/30/2021
Hamilton  ,3088,3499,109,994,7690,2021,9,09/30/2021
Hardee  ,6503,3942,91,2746,13282,2021,9,09/30/2021
Hendry  ,7596,7270,246,3590,18702,2021,9,09/30/2021
Hernando  ,63593,41217,2923,38075,145808,2021,9,09/30/2021
Highlands  ,31948,18301,826,15954,67029,2021,9,09/30/2021
Hillsborough  ,284296,351732,16756,259113,911897,2021,9,09/30/2021
Holmes  ,7396,2403,99,1371,11269,2021,9,09/30/2021
Indian River  ,54489,30386,2617,26085,113577,2021,9,09/30/2021
Jackson  ,13554,11377,195,3110,28236,2021,9,09/30/2021
Jefferson  ,3785,4611,63,1111,9570,2021,9,09/30/2021
Lafayette  ,3018,1089,49,310,4466,2021,9,09/30/2021
Lake  ,116550,77567,3981,70056,268154,2021,9,09/30/2021
Lee  ,213921,131118,8240,144985,498264,2021,9,09/30/2021
Leon  ,54034,106902,3084,37938,201958,2021,9,09/30/2021
Levy  ,15717,8222,686,5313,29938,2021,9,09/30/2021
Liberty  ,1747,2320,8,471,4546,2021,9,09/30/2021
Madison  ,4474,6069,77,1406,12026,2021,9,09/30/2021
Manatee  ,119842,82284,4894,69050,276070,2021,9,09/30/2021
Marion  ,121106,81235,4198,58208,264747,2021,9,09/30/2021
Martin  ,58357,29299,2482,28184,118322,2021,9,09/30/2021
Miami-Dade  ,423510,598128,22077,473502,1517217,2021,9,09/30/2021
Monroe  ,23769,18299,1252,14471,57791,2021,9,09/30/2021
Nassau  ,41929,14465,1538,14261,72193,2021,9,09/30/2021
Okaloosa  ,79964,26739,3097,31798,141598,2021,9,09/30/2021
Okeechobee  ,11236,6654,351,4486,22727,2021,9,09/30/2021
Orange  ,215065,367811,14580,259130,856586,2021,9,09/30/2021
Osceola  ,55953,99682,3114,84889,243638,2021,9,09/30/2021
Palm Beach  ,278981,401993,20820,272344,974138,2021,9,09/30/2021
Pasco  ,157105,114126,7733,112143,391107,2021,9,09/30/2021
Pinellas  ,242182,243242,13152,190898,689474,2021,9,09/30/2021
Polk  ,171513,157344,8055,130098,467010,2021,9,09/30/2021
Putnam  ,23230,16437,618,9811,50096,2021,9,09/30/2021
Santa Rosa  ,81821,24779,3398,28994,138992,2021,9,09/30/2021
Sarasota  ,150201,106718,6487,90515,353921,2021,9,09/30/2021
Seminole  ,114539,113896,6505,96488,331428,2021,9,09/30/2021
St. Johns  ,113225,51902,4056,47124,216307,2021,9,09/30/2021
St. Lucie  ,75218,86599,4014,59410,225241,2021,9,09/30/2021
Sumter  ,62213,25135,1103,21967,110418,2021,9,09/30/2021
Suwannee  ,14842,7998,387,4317,27544,2021,9,09/30/2021
Taylor  ,6699,4698,115,1427,12939,2021,9,09/30/2021
Union  ,4392,2406,83,745,7626,2021,9,09/30/2021
Volusia  ,154403,132062,8119,117075,411659,2021,9,09/30/2021
Wakulla  ,10888,7381,335,4044,22648,2021,9,09/30/2021
Walton  ,35607,9982,1138,11576,58303,2021,9,09/30/2021
Washington  ,9546,4377,162,2607,16692,2021,9,09/30/2021
TOTALS,5107378,5120077,250640,3798938,14277033,2021,9,09/30/2021
Alachua  ,51019,93946,3154,44678,192797,2021,10,10/31/2021
Baker  ,10803,4263,184,2131,17381,2021,10,10/31/2021
Bay  ,65088,27945,2460,26594,122087,2021,10,10/31/2021
Bradford  ,9788,5367,174,2745,18074,2021,10,10/31/2021
Brevard  ,190501,133436,10445,115854,450236,2021,10,10/31/2021
Broward  ,268625,630162,19261,362175,1280223,2021,10,10/31/2021
Calhoun  ,3578,3646,53,953,8230,2021,10,10/31/2021
Charlotte  ,70256,37328,3278,39602,150464,2021,10,10/31/2021
Citrus  ,60770,27102,2255,27341,117468,2021,10,10/31/2021
Clay  ,86869,35111,2852,35932,160764,2021,10,10/31/2021
Collier  ,122723,56782,3653,58651,241809,2021,10,10/31/2021
Columbia  ,22097,12992,609,7770,43468,2021,10,10/31/2021
Desoto  ,7085,6224,153,4145,17607,2021,10,10/31/2021
Dixie  ,5769,2785,115,1661,10330,2021,10,10/31/2021
Duval  ,227050,264777,11917,141024,644768,2021,10,10/31/2021
Escambia  ,99310,74785,4273,48006,226374,2021,10,10/31/2021
Flagler  ,40478,27040,1469,23121,92108,2021,10,10/31/2021
Franklin  ,3436,3285,180,1162,8063,2021,10,10/31/2021
Gadsden  ,5218,21337,256,3086,29897,2021,10,10/31/2021
Gilchrist  ,7390,2326,170,1672,11558,2021,10,10/31/2021
Glades  ,3297,2056,115,1204,6672,2021,10,10/31/2021
Gulf  ,5595,2902,240,1272,10009,2021,10,10/31/2021
Hamilton  ,3102,3486,112,1002,7702,2021,10,10/31/2021
Hardee  ,6515,3930,92,2765,13302,2021,10,10/31/2021
Hendry  ,7609,7251,249,3600,18709,2021,10,10/31/2021
Hernando  ,63807,41145,2946,38208,146106,2021,10,10/31/2021
Highlands  ,31989,18199,828,15982,66998,2021,10,10/31/2021
Hillsborough  ,284266,350998,16825,260020,912109,2021,10,10/31/2021
Holmes  ,7414,2394,102,1380,11290,2021,10,10/31/2021
Indian River  ,54597,30311,2632,26226,113766,2021,10,10/31/2021
Jackson  ,13590,11337,203,3134,28264,2021,10,10/31/2021
Jefferson  ,3784,4587,63,1098,9532,2021,10,10/31/2021
Lafayette  ,3021,1085,49,309,4464,2021,10,10/31/2021
Lake  ,116998,77592,4042,70661,269293,2021,10,10/31/2021
Lee  ,214912,131141,8348,145935,500336,2021,10,10/31/2021
Leon  ,54142,107131,3124,38303,202700,2021,10,10/31/2021
Levy  ,15752,8169,687,5344,29952,2021,10,10/31/2021
Liberty  ,1736,2263,8,448,4455,2021,10,10/31/2021
Madison  ,4504,6045,77,1422,12048,2021,10,10/31/2021
Manatee  ,120345,82170,4948,69422,276885,2021,10,10/31/2021
Marion  ,121342,80964,4228,58347,264881,2021,10,10/31/2021
Martin  ,57819,28679,2485,27600,116583,2021,10,10/31/2021
Miami-Dade  ,424823,596369,22224,473735,1517151,2021,10,10/31/2021
Monroe  ,23829,18259,1265,14550,57903,2021,10,10/31/2021
Nassau  ,42011,14432,1558,14359,72360,2021,10,10/31/2021
Okaloosa  ,79950,26626,3089,31924,141589,2021,10,10/31/2021
Okeechobee  ,11289,6628,351,4524,22792,2021,10,10/31/2021
Orange  ,215358,368042,14698,260623,858721,2021,10,10/31/2021
Osceola  ,56376,99868,3125,85671,245040,2021,10,10/31/2021
Palm Beach  ,279647,402165,20961,273596,976369,2021,10,10/31/2021
Pasco  ,157669,113943,7762,112752,392126,2021,10,10/31/2021
Pinellas  ,242418,242729,13225,191468,689840,2021,10,10/31/2021
Polk  ,172094,157462,8097,130934,468587,2021,10,10/31/2021
Putnam  ,23293,16376,619,9840,50128,2021,10,10/31/2021
Santa Rosa  ,82227,24772,3419,29261,139679,2021,10,10/31/2021
Sarasota  ,150851,106723,6590,91231,355395,2021,10,10/31/2021
Seminole  ,114459,113568,6529,96600,331156,2021,10,10/31/2021
St. Johns  ,113160,51639,4071,47205,216075,2021,10,10/31/2021
St. Lucie  ,75525,86394,4054,59724,225697,2021,10,10/31/2021
Sumter  ,62569,25030,1123,22245,110967,2021,10,10/31/2021
Suwannee  ,14881,7968,389,4356,27594,2021,10,10/31/2021
Taylor  ,6719,4675,114,1433,12941,2021,10,10/31/2021
Union  ,4402,2395,81,743,7621,2021,10,10/31/2021
Volusia  ,154815,131921,8213,117614,412563,2021,10,10/31/2021
Wakulla  ,10904,7332,333,4047,22616,2021,10,10/31/2021
Walton  ,35512,9879,1125,11528,58044,2021,10,10/31/2021
Washington  ,9587,4370,163,2619,16739,2021,10,10/31/2021
TOTALS,5118357,5114039,252492,3814567,14299455,2021,10,10/31/2021
Alachua  ,51168,94030,3167,44968,193333,2021,11,11/30/2021
Baker  ,10844,4253,189,2153,17439,2021,11,11/30/2021
Bay  ,65260,27696,2471,26701,122128,2021,11,11/30/2021
Bradford  ,9668,5205,171,2648,17692,2021,11,11/30/2021
Brevard  ,190439,132692,10402,115979,449512,2021,11,11/30/2021
Broward  ,269410,630714,19476,364091,1283691,2021,11,11/30/2021
Calhoun  ,3594,3623,53,953,8223,2021,11,11/30/2021
Charlotte  ,70398,37089,3269,39711,150467,2021,11,11/30/2021
Citrus  ,61009,27033,2265,27471,117778,2021,11,11/30/2021
Clay  ,86481,34811,2850,35764,159906,2021,11,11/30/2021
Collier  ,123706,56884,3680,59254,243524,2021,11,11/30/2021
Columbia  ,22094,12958,609,7780,43441,2021,11,11/30/2021
Desoto  ,7137,6216,159,4202,17714,2021,11,11/30/2021
Dixie  ,5799,2779,117,1680,10375,2021,11,11/30/2021
Duval  ,228103,265435,12026,142323,647887,2021,11,11/30/2021
Escambia  ,98697,73964,4253,47404,224318,2021,11,11/30/2021
Flagler  ,40873,27065,1508,23353,92799,2021,11,11/30/2021
Franklin  ,3375,3223,179,1134,7911,2021,11,11/30/2021
Gadsden  ,5229,21378,257,3097,29961,2021,11,11/30/2021
Gilchrist  ,7417,2318,173,1693,11601,2021,11,11/30/2021
Glades  ,3336,2040,115,1213,6704,2021,11,11/30/2021
Gulf  ,5626,2888,238,1293,10045,2021,11,11/30/2021
Hamilton  ,3113,3476,110,1002,7701,2021,11,11/30/2021
Hardee  ,6497,3919,93,2763,13272,2021,11,11/30/2021
Hendry  ,7639,7266,253,3635,18793,2021,11,11/30/2021
Hernando  ,63899,41028,2957,38334,146218,2021,11,11/30/2021
Highlands  ,32137,18243,838,16114,67332,2021,11,11/30/2021
Hillsborough  ,283918,349977,16786,260355,911036,2021,11,11/30/2021
Holmes  ,7356,2366,99,1377,11198,2021,11,11/30/2021
Indian River  ,54923,30330,2658,26468,114379,2021,11,11/30/2021
Jackson  ,13624,11279,204,3152,28259,2021,11,11/30/2021
Jefferson  ,3788,4571,66,1106,9531,2021,11,11/30/2021
Lafayette  ,3038,1082,48,316,4484,2021,11,11/30/2021
Lake  ,117159,77311,4076,70824,269370,2021,11,11/30/2021
Lee  ,216168,131146,8397,147002,502713,2021,11,11/30/2021
Leon  ,54034,106769,3106,38382,202291,2021,11,11/30/2021
Levy  ,15838,8117,676,5367,29998,2021,11,11/30/2021
Liberty  ,1748,2252,8,448,4456,2021,11,11/30/2021
Madison  ,4516,6040,77,1422,12055,2021,11,11/30/2021
Manatee  ,119403,80679,4906,68626,273614,2021,11,11/30/2021
Marion  ,121685,80632,4243,58478,265038,2021,11,11/30/2021
Martin  ,57729,28418,2485,27420,116052,2021,11,11/30/2021
Miami-Dade  ,426708,595706,22315,474647,1519376,2021,11,11/30/2021
Monroe  ,23901,18165,1269,14610,57945,2021,11,11/30/2021
Nassau  ,42101,14408,1566,14482,72557,2021,11,11/30/2021
Okaloosa  ,80261,26641,3089,32250,142241,2021,11,11/30/2021
Okeechobee  ,11354,6628,354,4549,22885,2021,11,11/30/2021
Orange  ,215826,367984,14774,262100,860684,2021,11,11/30/2021
Osceola  ,55881,98423,3087,84891,242282,2021,11,11/30/2021
Palm Beach  ,280349,402170,21079,274840,978438,2021,11,11/30/2021
Pasco  ,158619,114353,7856,113742,394570,2021,11,11/30/2021
Pinellas  ,242311,241833,13229,191818,689191,2021,11,11/30/2021
Polk  ,170929,155647,8063,129736,464375,2021,11,11/30/2021
Putnam  ,23301,16294,621,9858,50074,2021,11,11/30/2021
Santa Rosa  ,82677,24783,3428,29517,140405,2021,11,11/30/2021
Sarasota  ,148106,103580,6470,88588,346744,2021,11,11/30/2021
Seminole  ,114555,113532,6570,97014,331671,2021,11,11/30/2021
St. Johns  ,112929,51331,4049,47192,215501,2021,11,11/30/2021
St. Lucie  ,76036,86655,4129,60263,227083,2021,11,11/30/2021
Sumter  ,63065,25018,1146,22524,111753,2021,11,11/30/2021
Suwannee  ,14980,7922,391,4380,27673,2021,11,11/30/2021
Taylor  ,6748,4655,114,1452,12969,2021,11,11/30/2021
Union  ,4415,2376,81,744,7616,2021,11,11/30/2021
Volusia  ,150865,126252,8001,111860,396978,2021,11,11/30/2021
Wakulla  ,10979,7290,335,4073,22677,2021,11,11/30/2021
Walton  ,35646,9809,1127,11602,58184,2021,11,11/30/2021
Washington  ,9659,4358,164,2628,16809,2021,11,11/30/2021
TOTALS,5120076,5095008,253020,3816816,14284920,2021,11,11/30/2021
Alachua  ,51277,93911,3178,45192,193558,2021,12,12/31/2021
Baker  ,10878,4232,190,2169,17469,2021,12,12/31/2021
Bay  ,64765,27143,2450,26393,120751,2021,12,12/31/2021
Bradford  ,9637,5113,175,2622,17547,2021,12,12/31/2021
Brevard  ,191216,132664,10463,116967,451310,2021,12,12/31/2021
Broward  ,269480,630255,19503,365131,1284369,2021,12,12/31/2021
Calhoun  ,3615,3563,52,940,8170,2021,12,12/31/2021
Charlotte  ,70242,36686,3260,39772,149960,2021,12,12/31/2021
Citrus  ,60785,26652,2249,27345,117031,2021,12,12/31/2021
Clay  ,86549,34760,2878,35991,160178,2021,12,12/31/2021
Collier  ,124386,56779,3691,59790,244646,2021,12,12/31/2021
Columbia  ,22176,12968,605,7821,43570,2021,12,12/31/2021
Desoto  ,7169,6209,159,4227,17764,2021,12,12/31/2021
Dixie  ,5779,2728,118,1672,10297,2021,12,12/31/2021
Duval  ,228950,266009,12163,143856,650978,2021,12,12/31/2021
Escambia  ,98691,73843,4267,47602,224403,2021,12,12/31/2021
Flagler  ,41031,26911,1507,23312,92761,2021,12,12/31/2021
Franklin  ,3356,3174,178,1147,7855,2021,12,12/31/2021
Gadsden  ,5247,21324,255,3101,29927,2021,12,12/31/2021
Gilchrist  ,7415,2288,174,1698,11575,2021,12,12/31/2021
Glades  ,3342,2023,117,1209,6691,2021,12,12/31/2021
Gulf  ,5693,2898,240,1343,10174,2021,12,12/31/2021
Hamilton  ,3102,3418,107,991,7618,2021,12,12/31/2021
Hardee  ,6460,3832,87,2690,13069,2021,12,12/31/2021
Hendry  ,7609,7166,252,3639,18666,2021,12,12/31/2021
Hernando  ,63890,40726,2969,38355,145940,2021,12,12/31/2021
Highlands  ,32082,17998,836,15952,66868,2021,12,12/31/2021
Hillsborough  ,284726,350192,16869,262232,914019,2021,12,12/31/2021
Holmes  ,7382,2362,100,1378,11222,2021,12,12/31/2021
Indian River  ,55210,30325,2677,26743,114955,2021,12,12/31/2021
Jackson  ,13679,11236,210,3204,28329,2021,12,12/31/2021
Jefferson  ,3776,4541,64,1113,9494,2021,12,12/31/2021
Lafayette  ,3048,1082,49,315,4494,2021,12,12/31/2021
Lake  ,114038,74725,4030,68574,261367,2021,12,12/31/2021
Lee  ,217921,131403,8493,148722,506539,2021,12,12/31/2021
Leon  ,54161,106726,3121,38668,202676,2021,12,12/31/2021
Levy  ,15674,7925,649,5254,29502,2021,12,12/31/2021
Liberty  ,1745,2203,8,434,4390,2021,12,12/31/2021
Madison  ,4489,5935,76,1404,11904,2021,12,12/31/2021
Manatee  ,119826,80602,4933,69022,274383,2021,12,12/31/2021
Marion  ,121829,80117,4257,58594,264797,2021,12,12/31/2021
Martin  ,57603,28150,2488,27265,115506,2021,12,12/31/2021
Miami-Dade  ,426514,592888,22364,474286,1516052,2021,12,12/31/2021
Monroe  ,23713,17921,1263,14456,57353,2021,12,12/31/2021
Nassau  ,41934,14293,1551,14456,72234,2021,12,12/31/2021
Okaloosa  ,78978,25938,2988,31636,139540,2021,12,12/31/2021
Okeechobee  ,10989,6332,337,4320,21978,2021,12,12/31/2021
Orange  ,216105,367895,14890,264165,863055,2021,12,12/31/2021
Osceola  ,55955,97867,3099,84797,241718,2021,12,12/31/2021
Palm Beach  ,281551,402691,21192,276971,982405,2021,12,12/31/2021
Pasco  ,159099,114139,7872,114330,395440,2021,12,12/31/2021
Pinellas  ,242856,241744,13299,193035,690934,2021,12,12/31/2021
Polk  ,170926,155228,8110,130235,464499,2021,12,12/31/2021
Putnam  ,23277,16147,626,9841,49891,2021,12,12/31/2021
Santa Rosa  ,83151,24820,3454,29810,141235,2021,12,12/31/2021
Sarasota  ,148937,103540,6505,89184,348166,2021,12,12/31/2021
Seminole  ,113883,112444,6527,96510,329364,2021,12,12/31/2021
St. Johns  ,112584,50686,4008,47040,214318,2021,12,12/31/2021
St. Lucie  ,76295,86495,4160,60584,227534,2021,12,12/31/2021
Sumter  ,63293,24900,1161,22632,111986,2021,12,12/31/2021
Suwannee  ,15018,7877,393,4387,27675,2021,12,12/31/2021
Taylor  ,6736,4625,113,1452,12926,2021,12,12/31/2021
Union  ,4380,2325,78,725,7508,2021,12,12/31/2021
Volusia  ,151381,125843,8068,112389,397681,2021,12,12/31/2021
Wakulla  ,11015,7242,332,4068,22657,2021,12,12/31/2021
Walton  ,35654,9723,1138,11568,58083,2021,12,12/31/2021
Washington  ,9646,4297,168,2646,16757,2021,12,12/31/2021
TOTALS,5123799,5080697,253843,3829372,14287711,2021,12,12/31/2021
ALACHUA,48594,88269,2984,41678,181525,2022,1,01/31/2022
BAKER,10882,4208,187,2183,17460,2022,1,01/31/2022
BAY,64940,27096,2450,26634,121120,2022,1,01/31/2022
BRADFORD,9670,5085,180,2646,17581,2022,1,01/31/2022
BREVARD,191638,132604,10513,117745,452500,2022,1,01/31/2022
BROWARD,270493,630134,19735,367087,1287449,2022,1,01/31/2022
CALHOUN,3621,3546,53,947,8167,2022,1,01/31/2022
CHARLOTTE,70419,36412,3249,39715,149795,2022,1,01/31/2022
CITRUS,61133,26592,2256,27489,117470,2022,1,01/31/2022
CLAY,86484,34671,2871,36070,160096,2022,1,01/31/2022
COLLIER,124014,56200,3660,59747,243621,2022,1,01/31/2022
COLUMBIA,22241,12921,610,7865,43637,2022,1,01/31/2022
DESOTO,7248,6211,161,4309,17929,2022,1,01/31/2022
DIXIE,5814,2693,117,1690,10314,2022,1,01/31/2022
DUVAL,229373,266003,12228,144883,652487,2022,1,01/31/2022
ESCAMBIA,97197,72188,4190,46380,219955,2022,1,01/31/2022
FLAGLER,41245,26875,1513,23469,93102,2022,1,01/31/2022
FRANKLIN,3365,3138,176,1163,7842,2022,1,01/31/2022
GADSDEN,5205,20883,251,3047,29386,2022,1,01/31/2022
GILCHRIST,7476,2294,175,1722,11667,2022,1,01/31/2022
GLADES,3343,1994,115,1211,6663,2022,1,01/31/2022
GULF,5716,2887,235,1363,10201,2022,1,01/31/2022
HAMILTON,3120,3384,107,994,7605,2022,1,01/31/2022
HARDEE,6483,3816,89,2716,13104,2022,1,01/31/2022
HENDRY,7670,7150,257,3693,18770,2022,1,01/31/2022
HERNANDO,63785,40388,2959,38282,145414,2022,1,01/31/2022
HIGHLANDS,32149,17972,845,16067,67033,2022,1,01/31/2022
HILLSBOROUGH,283786,347894,16852,262282,910814,2022,1,01/31/2022
HOLMES,7391,2339,103,1392,11225,2022,1,01/31/2022
INDIAN RIVER,55352,30318,2679,26933,115282,2022,1,01/31/2022
JACKSON,13685,11176,213,3198,28272,2022,1,01/31/2022
JEFFERSON,3784,4507,63,1116,9470,2022,1,01/31/2022
LAFAYETTE,3033,1068,49,321,4471,2022,1,01/31/2022
LAKE,114557,74887,4061,69173,262678,2022,1,01/31/2022
LEE,218344,130697,8538,148967,506546,2022,1,01/31/2022
LEON,54196,106697,3124,38951,202968,2022,1,01/31/2022
LEVY,15731,7895,645,5296,29567,2022,1,01/31/2022
LIBERTY,1760,2186,8,437,4391,2022,1,01/31/2022
MADISON,4542,5922,78,1438,11980,2022,1,01/31/2022
MANATEE,119754,80153,4938,68812,273657,2022,1,01/31/2022
MARION,122397,80078,4280,59005,265760,2022,1,01/31/2022
MARTIN,57786,28138,2498,27421,115843,2022,1,01/31/2022
MIAMI-DADE,426022,589918,22442,474182,1512564,2022,1,01/31/2022
MONROE,23818,17855,1275,14529,57477,2022,1,01/31/2022
NASSAU,41925,14170,1529,14487,72111,2022,1,01/31/2022
OKALOOSA,78984,25828,2970,31933,139715,2022,1,01/31/2022
OKEECHOBEE,11040,6325,336,4367,22068,2022,1,01/31/2022
ORANGE,216052,367580,14912,265647,864191,2022,1,01/31/2022
OSCEOLA,56046,97593,3125,84940,241704,2022,1,01/31/2022
PALM BEACH,282533,402395,21370,278589,984887,2022,1,01/31/2022
PASCO,158151,112495,7817,112763,391226,2022,1,01/31/2022
PINELLAS,242075,240295,13245,192581,688196,2022,1,01/31/2022
POLK,171617,155319,8201,131115,466252,2022,1,01/31/2022
PUTNAM,23323,15953,627,9841,49744,2022,1,01/31/2022
SANTA ROSA,83722,24929,3473,30209,142333,2022,1,01/31/2022
SARASOTA,150142,103671,6579,89911,350303,2022,1,01/31/2022
SEMINOLE,113930,112277,6539,97035,329781,2022,1,01/31/2022
ST. JOHNS,113471,50890,4041,47652,216054,2022,1,01/31/2022
ST. LUCIE,76426,86087,4183,60633,227329,2022,1,01/31/2022
SUMTER,63429,24774,1170,22732,112105,2022,1,01/31/2022
SUWANNEE,15060,7829,391,4408,27688,2022,1,01/31/2022
TAYLOR,6742,4574,112,1445,12873,2022,1,01/31/2022
UNION,4384,2317,79,741,7521,2022,1,01/31/2022
VOLUSIA,151810,125392,8114,112786,398102,2022,1,01/31/2022
WAKULLA,11050,7184,328,4048,22610,2022,1,01/31/2022
WALTON,35816,9719,1147,11618,58300,2022,1,01/31/2022
WASHINGTON,9705,4276,168,2672,16821,2022,1,01/31/2022
TOTALS,5126689,5059214,254468,3836401,14276772,2022,1,01/31/2022
ALACHUA,48244,86874,2958,41208,179284,2022,2,02/28/2022
BAKER,10862,4159,190,2171,17382,2022,2,02/28/2022
BAY,66052,27534,2494,27202,123282,2022,2,02/28/2022
BRADFORD,9729,5077,179,2669,17654,2022,2,02/28/2022
BREVARD,191197,131528,10453,117506,450684,2022,2,02/28/2022
BROWARD,270978,629323,19851,368842,1288994,2022,2,02/28/2022
CALHOUN,3652,3534,53,963,8202,2022,2,02/28/2022
CHARLOTTE,70928,36438,3265,40078,150709,2022,2,02/28/2022
CITRUS,61522,26595,2278,27650,118045,2022,2,02/28/2022
CLAY,86812,34925,2907,36505,161149,2022,2,02/28/2022
COLLIER,124689,56218,3685,60192,244784,2022,2,02/28/2022
COLUMBIA,22216,12845,608,7886,43555,2022,2,02/28/2022
DESOTO,7324,6202,164,4363,18053,2022,2,02/28/2022
DIXIE,5861,2670,119,1705,10355,2022,2,02/28/2022
DUVAL,229069,264843,12195,145282,651389,2022,2,02/28/2022
ESCAMBIA,97470,72200,4207,46795,220672,2022,2,02/28/2022
FLAGLER,41254,26719,1506,23480,92959,2022,2,02/28/2022
FRANKLIN,3388,3137,178,1177,7880,2022,2,02/28/2022
GADSDEN,5242,20899,251,3074,29466,2022,2,02/28/2022
GILCHRIST,7469,2271,170,1726,11636,2022,2,02/28/2022
GLADES,3379,1993,117,1229,6718,2022,2,02/28/2022
GULF,5729,2877,236,1375,10217,2022,2,02/28/2022
HAMILTON,3129,3379,105,1015,7628,2022,2,02/28/2022
HARDEE,6498,3823,90,2750,13161,2022,2,02/28/2022
HENDRY,7712,7144,258,3741,18855,2022,2,02/28/2022
HERNANDO,64034,40191,2976,38263,145464,2022,2,02/28/2022
HIGHLANDS,32291,17950,860,16172,67273,2022,2,02/28/2022
HILLSBOROUGH,282908,345313,16766,261435,906422,2022,2,02/28/2022
HOLMES,7386,2314,104,1403,11207,2022,2,02/28/2022
INDIAN RIVER,55570,30373,2685,27113,115741,2022,2,02/28/2022
JACKSON,13687,11097,213,3187,28184,2022,2,02/28/2022
JEFFERSON,3809,4497,63,1121,9490,2022,2,02/28/2022
LAFAYETTE,3048,1067,49,327,4491,2022,2,02/28/2022
LAKE,115090,74940,4109,69662,263801,2022,2,02/28/2022
LEE,217500,129279,8498,148385,503662,2022,2,02/28/2022
LEON,54253,106846,3137,39186,203422,2022,2,02/28/2022
LEVY,15789,7872,641,5377,29679,2022,2,02/28/2022
LIBERTY,1772,2173,8,437,4390,2022,2,02/28/2022
MADISON,4565,5911,77,1448,12001,2022,2,02/28/2022
MANATEE,120459,80558,4998,69566,275581,2022,2,02/28/2022
MARION,122250,79731,4279,59129,265389,2022,2,02/28/2022
MARTIN,57832,28027,2508,27484,115851,2022,2,02/28/2022
MIAMI-DADE,426908,589173,22531,475311,1513923,2022,2,02/28/2022
MONROE,23919,17817,1272,14667,57675,2022,2,02/28/2022
NASSAU,42146,14212,1543,14635,72536,2022,2,02/28/2022
OKALOOSA,78957,25740,2964,32121,139782,2022,2,02/28/2022
OKEECHOBEE,11101,6277,333,4367,22078,2022,2,02/28/2022
ORANGE,215039,364857,14847,264707,859450,2022,2,02/28/2022
OSCEOLA,56123,97524,3128,85287,242062,2022,2,02/28/2022
PALM BEACH,283617,402407,21503,280182,987709,2022,2,02/28/2022
PASCO,159368,113185,7906,114454,394913,2022,2,02/28/2022
PINELLAS,242832,240555,13353,193720,690460,2022,2,02/28/2022
POLK,170502,152991,8249,129386,461128,2022,2,02/28/2022
PUTNAM,23485,15894,633,9882,49894,2022,2,02/28/2022
SANTA ROSA,84028,24932,3482,30533,142975,2022,2,02/28/2022
SARASOTA,150383,103103,6593,89786,349865,2022,2,02/28/2022
SEMINOLE,114526,113191,6622,98314,332653,2022,2,02/28/2022
ST. JOHNS,113840,50831,4053,47861,216585,2022,2,02/28/2022
ST. LUCIE,76836,86226,4208,61075,228345,2022,2,02/28/2022
SUMTER,63844,24795,1188,22977,112804,2022,2,02/28/2022
SUWANNEE,15133,7820,389,4456,27798,2022,2,02/28/2022
TAYLOR,6764,4543,114,1462,12883,2022,2,02/28/2022
UNION,4356,2307,79,751,7493,2022,2,02/28/2022
VOLUSIA,152272,125000,8170,113207,398649,2022,2,02/28/2022
WAKULLA,11084,7167,336,4082,22669,2022,2,02/28/2022
WALTON,35918,9691,1150,11629,58388,2022,2,02/28/2022
WASHINGTON,9748,4265,172,2683,16868,2022,2,02/28/2022
TOTALS,5135377,5045849,255306,3847814,14284346,2022,2,02/28/2022
ALACHUA,48395,86902,2991,41634,179922,2022,3,03/31/2022
BAKER,10920,4157,189,2228,17494,2022,3,03/31/2022
BAY,66358,27605,2508,27524,123995,2022,3,03/31/2022
BRADFORD,9753,5035,181,2693,17662,2022,3,03/31/2022
BREVARD,191315,130940,10489,118176,450920,2022,3,03/31/2022
BROWARD,271652,629244,20042,371663,1292601,2022,3,03/31/2022
CALHOUN,3655,3500,50,955,8160,2022,3,03/31/2022
CHARLOTTE,70736,36065,3275,40020,150096,2022,3,03/31/2022
CITRUS,62066,26603,2277,27898,118844,2022,3,03/31/2022
CLAY,86859,34942,2926,36602,161329,2022,3,03/31/2022
COLLIER,125185,56202,3690,60682,245759,2022,3,03/31/2022
COLUMBIA,22304,12834,618,7965,43721,2022,3,03/31/2022
DESOTO,7317,6144,170,4337,17968,2022,3,03/31/2022
DIXIE,5913,2655,123,1719,10410,2022,3,03/31/2022
DUVAL,228792,264298,12247,146107,651444,2022,3,03/31/2022
ESCAMBIA,97681,72168,4226,47230,221305,2022,3,03/31/2022
FLAGLER,41372,26618,1511,23655,93156,2022,3,03/31/2022
FRANKLIN,3408,3125,175,1182,7890,2022,3,03/31/2022
GADSDEN,5313,21001,252,3131,29697,2022,3,03/31/2022
GILCHRIST,7497,2267,168,1742,11674,2022,3,03/31/2022
GLADES,3388,1980,120,1247,6735,2022,3,03/31/2022
GULF,5772,2865,237,1409,10283,2022,3,03/31/2022
HAMILTON,3157,3369,104,1024,7654,2022,3,03/31/2022
HARDEE,6515,3814,92,2775,13196,2022,3,03/31/2022
HENDRY,7765,7179,258,3797,18999,2022,3,03/31/2022
HERNANDO,64415,40162,3005,38539,146121,2022,3,03/31/2022
HIGHLANDS,32375,17903,867,16245,67390,2022,3,03/31/2022
HILLSBOROUGH,283317,344995,16886,263790,908988,2022,3,03/31/2022
HOLMES,7397,2298,107,1423,11225,2022,3,03/31/2022
INDIAN RIVER,55945,30460,2698,27452,116555,2022,3,03/31/2022
JACKSON,13758,11095,220,3223,28296,2022,3,03/31/2022
JEFFERSON,3794,4402,65,1108,9369,2022,3,03/31/2022
LAFAYETTE,3054,1044,47,330,4475,2022,3,03/31/2022
LAKE,115927,75421,4179,70666,266193,2022,3,03/31/2022
LEE,218046,128670,8505,148725,503946,2022,3,03/31/2022
LEON,54136,106747,3170,39455,203508,2022,3,03/31/2022
LEVY,15875,7848,638,5454,29815,2022,3,03/31/2022
LIBERTY,1768,2162,8,445,4383,2022,3,03/31/2022
MADISON,4584,5898,78,1446,12006,2022,3,03/31/2022
MANATEE,119860,79634,4960,69324,273778,2022,3,03/31/2022
MARION,122564,79614,4294,59637,266109,2022,3,03/31/2022
MARTIN,58185,28027,2502,27764,116478,2022,3,03/31/2022
MIAMI-DADE,426472,584737,22582,475739,1509530,2022,3,03/31/2022
MONROE,23989,17789,1266,14771,57815,2022,3,03/31/2022
NASSAU,42310,14226,1550,14792,72878,2022,3,03/31/2022
OKALOOSA,79188,25755,2975,32548,140466,2022,3,03/31/2022
OKEECHOBEE,11197,6274,339,4433,22243,2022,3,03/31/2022
ORANGE,214127,361672,14772,264340,854911,2022,3,03/31/2022
OSCEOLA,56510,98046,3138,86361,244055,2022,3,03/31/2022
PALM BEACH,283796,401002,21552,281733,988083,2022,3,03/31/2022
PASCO,160226,113549,7978,115636,397389,2022,3,03/31/2022
PINELLAS,242504,239317,13421,193699,688941,2022,3,03/31/2022
POLK,171438,153611,8328,131065,464442,2022,3,03/31/2022
PUTNAM,23623,15854,645,9955,50077,2022,3,03/31/2022
SANTA ROSA,84330,24926,3479,30845,143580,2022,3,03/31/2022
SARASOTA,151623,103217,6644,90695,352179,2022,3,03/31/2022
SEMINOLE,114849,113763,6690,99423,334725,2022,3,03/31/2022
ST. JOHNS,114305,50913,4067,48399,217684,2022,3,03/31/2022
ST. LUCIE,77605,86826,4292,62101,230824,2022,3,03/31/2022
SUMTER,64167,24770,1215,23208,113360,2022,3,03/31/2022
SUWANNEE,15352,7803,405,4591,28151,2022,3,03/31/2022
TAYLOR,6812,4531,112,1464,12919,2022,3,03/31/2022
UNION,4372,2300,80,763,7515,2022,3,03/31/2022
VOLUSIA,152934,124993,8241,114173,400341,2022,3,03/31/2022
WAKULLA,11179,7199,336,4146,22860,2022,3,03/31/2022
WALTON,35886,9578,1144,11636,58244,2022,3,03/31/2022
WASHINGTON,9101,3905,161,2399,15566,2022,3,03/31/2022
TOTALS,5145983,5034448,256560,3871336,14308327,2022,3,03/31/2022
ALACHUA,48099,85964,2984,41445,178492,2022,4,04/30/2022
BAKER,10936,4143,191,2225,17495,2022,4,04/30/2022
BAY,66658,27582,2513,27837,124590,2022,4,04/30/2022
BRADFORD,9770,5022,183,2709,17684,2022,4,04/30/2022
BREVARD,191201,130375,10444,118537,450557,2022,4,04/30/2022
BROWARD,271541,628112,20133,373338,1293124,2022,4,04/30/2022
CALHOUN,3665,3492,50,953,8160,2022,4,04/30/2022
CHARLOTTE,70680,35676,3283,39950,149589,2022,4,04/30/2022
CITRUS,62297,26515,2287,27987,119086,2022,4,04/30/2022
CLAY,86842,34889,2921,36746,161398,2022,4,04/30/2022
COLLIER,125706,56136,3699,61174,246715,2022,4,04/30/2022
COLUMBIA,22382,12813,621,8010,43826,2022,4,04/30/2022
DESOTO,7320,6100,168,4338,17926,2022,4,04/30/2022
DIXIE,5930,2638,123,1713,10404,2022,4,04/30/2022
DUVAL,225635,258788,11964,143772,640159,2022,4,04/30/2022
ESCAMBIA,97861,72231,4248,47626,221966,2022,4,04/30/2022
FLAGLER,41399,26446,1509,23748,93102,2022,4,04/30/2022
FRANKLIN,3371,3054,176,1161,7762,2022,4,04/30/2022
GADSDEN,5331,21035,253,3147,29766,2022,4,04/30/2022
GILCHRIST,7573,2266,169,1768,11776,2022,4,04/30/2022
GLADES,3414,1984,122,1261,6781,2022,4,04/30/2022
GULF,5775,2862,238,1423,10298,2022,4,04/30/2022
HAMILTON,3193,3367,105,1043,7708,2022,4,04/30/2022
HARDEE,6536,3824,92,2805,13257,2022,4,04/30/2022
HENDRY,7803,7222,258,3847,19130,2022,4,04/30/2022
HERNANDO,64535,40049,3008,38580,146172,2022,4,04/30/2022
HIGHLANDS,32436,17880,872,16351,67539,2022,4,04/30/2022
HILLSBOROUGH,281980,342601,16763,262980,904324,2022,4,04/30/2022
HOLMES,7413,2286,113,1435,11247,2022,4,04/30/2022
INDIAN RIVER,56026,30356,2688,27550,116620,2022,4,04/30/2022
JACKSON,13746,11037,220,3215,28218,2022,4,04/30/2022
JEFFERSON,3792,4411,68,1128,9399,2022,4,04/30/2022
LAFAYETTE,3067,1039,48,334,4488,2022,4,04/30/2022
LAKE,116705,75821,4221,71490,268237,2022,4,04/30/2022
LEE,218455,128155,8505,149160,504275,2022,4,04/30/2022
LEON,54228,106880,3201,39746,204055,2022,4,04/30/2022
LEVY,15941,7852,640,5502,29935,2022,4,04/30/2022
LIBERTY,1788,2152,9,444,4393,2022,4,04/30/2022
MADISON,4620,5894,78,1467,12059,2022,4,04/30/2022
MANATEE,119226,78868,4914,69028,272036,2022,4,04/30/2022
MARION,121973,78585,4279,59200,264037,2022,4,04/30/2022
MARTIN,58284,28019,2499,27970,116772,2022,4,04/30/2022
MIAMI-DADE,426713,583119,22697,477509,1510038,2022,4,04/30/2022
MONROE,24128,17783,1268,14900,58079,2022,4,04/30/2022
NASSAU,42410,14206,1551,14882,73049,2022,4,04/30/2022
OKALOOSA,78899,25509,2962,32633,140003,2022,4,04/30/2022
OKEECHOBEE,11277,6264,343,4474,22358,2022,4,04/30/2022
ORANGE,213451,359770,14698,264478,852397,2022,4,04/30/2022
OSCEOLA,56772,97785,3134,87317,245008,2022,4,04/30/2022
PALM BEACH,283735,399305,21547,282263,986850,2022,4,04/30/2022
PASCO,160876,113559,7990,116303,398728,2022,4,04/30/2022
PINELLAS,241486,237216,13345,192836,684883,2022,4,04/30/2022
POLK,170293,149280,8326,124459,452358,2022,4,04/30/2022
PUTNAM,23654,15741,647,9922,49964,2022,4,04/30/2022
SANTA ROSA,83129,24291,3381,30234,141035,2022,4,04/30/2022
SARASOTA,152215,103279,6652,91220,353366,2022,4,04/30/2022
SEMINOLE,114822,113676,6703,99903,335104,2022,4,04/30/2022
ST. JOHNS,113822,50374,4051,48403,216650,2022,4,04/30/2022
ST. LUCIE,77902,86862,4305,62689,231758,2022,4,04/30/2022
SUMTER,64300,24650,1206,23276,113432,2022,4,04/30/2022
SUWANNEE,15455,7777,412,4656,28300,2022,4,04/30/2022
TAYLOR,6848,4508,106,1454,12916,2022,4,04/30/2022
UNION,4386,2295,84,775,7540,2022,4,04/30/2022
VOLUSIA,153756,125272,8298,115259,402585,2022,4,04/30/2022
WAKULLA,11236,7173,343,4173,22925,2022,4,04/30/2022
WALTON,36120,9577,1149,11772,58618,2022,4,04/30/2022
WASHINGTON,9184,3898,162,2419,15663,2022,4,04/30/2022
TOTALS,5142002,5007590,256220,3872352,14278164,2022,4,04/30/2022
ALACHUA,48057,85814,2995,41670,178536,2022,5,05/31/2022
BAKER,10995,4120,192,2245,17552,2022,5,05/31/2022
BAY,65097,26538,2410,26894,120939,2022,5,05/31/2022
BRADFORD,9808,5020,183,2730,17741,2022,5,05/31/2022
BREVARD,191135,129674,10410,118695,449914,2022,5,05/31/2022
BROWARD,260583,597285,19398,356381,1233647,2022,5,05/31/2022
CALHOUN,3691,3475,50,960,8176,2022,5,05/31/2022
CHARLOTTE,70653,35400,3289,39857,149199,2022,5,05/31/2022
CITRUS,62588,26362,2284,28053,119287,2022,5,05/31/2022
CLAY,86603,34656,2903,36646,160808,2022,5,05/31/2022
COLLIER,126248,55885,3704,61358,247195,2022,5,05/31/2022
COLUMBIA,22388,12710,612,8029,43739,2022,5,05/31/2022
DESOTO,7352,6050,172,4357,17931,2022,5,05/31/2022
DIXIE,5943,2622,124,1720,10409,2022,5,05/31/2022
DUVAL,225720,258723,12024,144871,641338,2022,5,05/31/2022
ESCAMBIA,97008,71385,4189,47101,219683,2022,5,05/31/2022
FLAGLER,41513,26262,1519,23846,93140,2022,5,05/31/2022
FRANKLIN,3418,3042,177,1177,7814,2022,5,05/31/2022
GADSDEN,5378,21042,257,3186,29863,2022,5,05/31/2022
GILCHRIST,7613,2256,172,1785,11826,2022,5,05/31/2022
GLADES,3446,1982,120,1280,6828,2022,5,05/31/2022
GULF,5798,2841,239,1439,10317,2022,5,05/31/2022
HAMILTON,3212,3357,106,1053,7728,2022,5,05/31/2022
HARDEE,6556,3813,94,2823,13286,2022,5,05/31/2022
HENDRY,7809,7159,257,3847,19072,2022,5,05/31/2022
HERNANDO,64942,40023,3011,38845,146821,2022,5,05/31/2022
HIGHLANDS,32584,17845,878,16430,67737,2022,5,05/31/2022
HILLSBOROUGH,281483,339341,16686,262284,899794,2022,5,05/31/2022
HOLMES,7456,2273,113,1441,11283,2022,5,05/31/2022
INDIAN RIVER,56288,30392,2704,27729,117113,2022,5,05/31/2022
JACKSON,13771,10996,220,3231,28218,2022,5,05/31/2022
JEFFERSON,3815,4409,72,1139,9435,2022,5,05/31/2022
LAFAYETTE,3071,1031,48,330,4480,2022,5,05/31/2022
LAKE,117049,75681,4246,71700,268676,2022,5,05/31/2022
LEE,219703,128150,8567,150355,506775,2022,5,05/31/2022
LEON,53706,105431,3147,39330,201614,2022,5,05/31/2022
LEVY,16033,7864,634,5537,30068,2022,5,05/31/2022
LIBERTY,1809,2139,9,452,4409,2022,5,05/31/2022
MADISON,4626,5895,80,1471,12072,2022,5,05/31/2022
MANATEE,119868,78960,4947,69561,273336,2022,5,05/31/2022
MARION,122287,78336,4287,59451,264361,2022,5,05/31/2022
MARTIN,58466,27983,2504,28084,117037,2022,5,05/31/2022
MIAMI-DADE,427589,582512,22816,480817,1513734,2022,5,05/31/2022
MONROE,23869,17426,1225,13989,56509,2022,5,05/31/2022
NASSAU,42577,14189,1562,15018,73346,2022,5,05/31/2022
OKALOOSA,79075,25562,2964,33016,140617,2022,5,05/31/2022
OKEECHOBEE,11306,6243,348,4502,22399,2022,5,05/31/2022
ORANGE,212779,356955,14591,264663,848988,2022,5,05/31/2022
OSCEOLA,56655,97249,3097,86998,243999,2022,5,05/31/2022
PALM BEACH,284541,399024,21612,284376,989553,2022,5,05/31/2022
PASCO,161646,113591,8043,117051,400331,2022,5,05/31/2022
PINELLAS,242153,237164,13370,193940,686627,2022,5,05/31/2022
POLK,171266,149209,8392,125057,453924,2022,5,05/31/2022
PUTNAM,23675,15601,649,9909,49834,2022,5,05/31/2022
SANTA ROSA,83442,24302,3392,30537,141673,2022,5,05/31/2022
SARASOTA,149696,100792,6503,89369,346360,2022,5,05/31/2022
SEMINOLE,114602,113465,6714,100183,334964,2022,5,05/31/2022
ST. JOHNS,114197,50333,4059,48735,217324,2022,5,05/31/2022
ST. LUCIE,78302,86998,4340,63178,232818,2022,5,05/31/2022
SUMTER,64742,24699,1226,23475,114142,2022,5,05/31/2022
SUWANNEE,15547,7750,411,4685,28393,2022,5,05/31/2022
TAYLOR,6887,4493,106,1452,12938,2022,5,05/31/2022
UNION,4401,2290,84,780,7555,2022,5,05/31/2022
VOLUSIA,154433,125161,8325,115966,403885,2022,5,05/31/2022
WAKULLA,11279,7159,339,4217,22994,2022,5,05/31/2022
WALTON,36319,9553,1150,11856,58878,2022,5,05/31/2022
WASHINGTON,9202,3896,159,2433,15690,2022,5,05/31/2022
TOTALS,5135749,4959838,255510,3865575,14216672,2022,5,05/31/2022
ALACHUA,48151,85791,3009,41930,178881,2022,6,06/30/2022
BAKER,11061,4109,190,2260,17620,2022,6,06/30/2022
BAY,65477,26558,2425,27160,121620,2022,6,06/30/2022
BRADFORD,9852,5004,185,2751,17792,2022,6,06/30/2022
BREVARD,192102,129897,10474,119464,451937,2022,6,06/30/2022
BROWARD,261084,596749,19486,358998,1236317,2022,6,06/30/2022
CALHOUN,3722,3437,50,965,8174,2022,6,06/30/2022
CHARLOTTE,71116,35397,3287,40176,149976,2022,6,06/30/2022
CITRUS,62872,26284,2272,28069,119497,2022,6,06/30/2022
CLAY,86735,34547,2873,36745,160900,2022,6,06/30/2022
COLLIER,127266,55919,3723,61685,248593,2022,6,06/30/2022
COLUMBIA,22492,12663,614,8087,43856,2022,6,06/30/2022
DESOTO,7405,6047,172,4382,18006,2022,6,06/30/2022
DIXIE,5992,2614,125,1732,10463,2022,6,06/30/2022
DUVAL,226529,259474,12089,146396,644488,2022,6,06/30/2022
ESCAMBIA,97184,71317,4164,47293,219958,2022,6,06/30/2022
FLAGLER,41881,26256,1533,23985,93655,2022,6,06/30/2022
FRANKLIN,3452,3035,176,1197,7860,2022,6,06/30/2022
GADSDEN,5344,20731,258,3169,29502,2022,6,06/30/2022
GILCHRIST,7659,2255,176,1818,11908,2022,6,06/30/2022
GLADES,3484,1972,123,1285,6864,2022,6,06/30/2022
GULF,5794,2814,239,1452,10299,2022,6,06/30/2022
HAMILTON,3237,3340,107,1074,7758,2022,6,06/30/2022
HARDEE,6574,3806,95,2849,13324,2022,6,06/30/2022
HENDRY,7878,7165,252,3888,19183,2022,6,06/30/2022
HERNANDO,65249,39809,3032,38830,146920,2022,6,06/30/2022
HIGHLANDS,32796,17829,886,16507,68018,2022,6,06/30/2022
HILLSBOROUGH,282620,339781,16812,264736,903949,2022,6,06/30/2022
HOLMES,7470,2247,113,1442,11272,2022,6,06/30/2022
INDIAN RIVER,56647,30401,2713,27930,117691,2022,6,06/30/2022
JACKSON,13876,10964,222,3268,28330,2022,6,06/30/2022
JEFFERSON,3861,4376,70,1134,9441,2022,6,06/30/2022
LAFAYETTE,3076,1027,49,330,4482,2022,6,06/30/2022
LAKE,117668,75861,4252,72339,270120,2022,6,06/30/2022
LEE,220853,128164,8602,151031,508650,2022,6,06/30/2022
LEON,53843,105473,3156,39587,202059,2022,6,06/30/2022
LEVY,16157,7861,640,5594,30252,2022,6,06/30/2022
LIBERTY,1819,2122,9,454,4404,2022,6,06/30/2022
MADISON,4660,5881,81,1475,12097,2022,6,06/30/2022
MANATEE,120673,79000,4943,70065,274681,2022,6,06/30/2022
MARION,123015,78332,4322,59953,265622,2022,6,06/30/2022
MARTIN,58643,27980,2524,28179,117326,2022,6,06/30/2022
MIAMI-DADE,426051,575666,22732,478337,1502786,2022,6,06/30/2022
MONROE,23490,17049,1206,13965,55710,2022,6,06/30/2022
NASSAU,42899,14246,1589,15237,73971,2022,6,06/30/2022
OKALOOSA,79216,25528,2976,33222,140942,2022,6,06/30/2022
OKEECHOBEE,11364,6223,349,4508,22444,2022,6,06/30/2022
ORANGE,214121,357789,14654,265758,852322,2022,6,06/30/2022
OSCEOLA,57429,97687,3143,88921,247180,2022,6,06/30/2022
PALM BEACH,285430,398870,21685,286251,992236,2022,6,06/30/2022
PASCO,163025,113709,8105,117822,402661,2022,6,06/30/2022
PINELLAS,242947,237170,13409,194830,688356,2022,6,06/30/2022
POLK,172220,149497,8460,126391,456568,2022,6,06/30/2022
PUTNAM,23851,15568,656,9964,50039,2022,6,06/30/2022
SANTA ROSA,84112,24365,3384,30902,142763,2022,6,06/30/2022
SARASOTA,150584,100964,6521,89950,348019,2022,6,06/30/2022
SEMINOLE,114883,113678,6730,100834,336125,2022,6,06/30/2022
ST. JOHNS,114842,50506,4053,49210,218611,2022,6,06/30/2022
ST. LUCIE,78789,87154,4388,63688,234019,2022,6,06/30/2022
SUMTER,65395,24801,1219,23641,115056,2022,6,06/30/2022
SUWANNEE,15649,7729,414,4730,28522,2022,6,06/30/2022
TAYLOR,6921,4468,107,1454,12950,2022,6,06/30/2022
UNION,4399,2258,83,761,7501,2022,6,06/30/2022
VOLUSIA,155232,125191,8383,116705,405511,2022,6,06/30/2022
WAKULLA,11348,7138,343,4253,23082,2022,6,06/30/2022
WALTON,36622,9589,1144,11957,59312,2022,6,06/30/2022
WASHINGTON,9255,3890,157,2451,15753,2022,6,06/30/2022
TOTALS,5157343,4955022,256413,3887406,14256184,2022,6,06/30/2022
ALACHUA,48362,85920,3014,42093,179389,2022,7,07/31/2022
BAKER,11129,4085,195,2287,17696,2022,7,07/31/2022
BAY,66031,26585,2430,27398,122444,2022,7,07/31/2022
BRADFORD,9922,4985,181,2769,17857,2022,7,07/31/2022
BREVARD,193469,130377,10506,120116,454468,2022,7,07/31/2022
BROWARD,262390,597190,19622,361607,1240809,2022,7,07/31/2022
CALHOUN,3798,3388,47,969,8202,2022,7,07/31/2022
CHARLOTTE,71756,35361,3294,40389,150800,2022,7,07/31/2022
CITRUS,63482,26321,2283,28223,120309,2022,7,07/31/2022
CLAY,86969,34651,2895,36977,161492,2022,7,07/31/2022
COLLIER,128344,55946,3730,62043,250063,2022,7,07/31/2022
COLUMBIA,22091,12204,596,7799,42690,2022,7,07/31/2022
DESOTO,7508,6029,174,4428,18139,2022,7,07/31/2022
DIXIE,6037,2589,126,1740,10492,2022,7,07/31/2022
DUVAL,227798,260149,12223,147806,647976,2022,7,07/31/2022
ESCAMBIA,97760,71459,4197,47712,221128,2022,7,07/31/2022
FLAGLER,42471,26332,1538,24052,94393,2022,7,07/31/2022
FRANKLIN,3481,3009,181,1211,7882,2022,7,07/31/2022
GADSDEN,5374,20744,262,3205,29585,2022,7,07/31/2022
GILCHRIST,7710,2243,178,1832,11963,2022,7,07/31/2022
GLADES,3506,1959,122,1303,6890,2022,7,07/31/2022
GULF,5820,2810,234,1474,10338,2022,7,07/31/2022
HAMILTON,3256,3318,107,1082,7763,2022,7,07/31/2022
HARDEE,6600,3796,95,2856,13347,2022,7,07/31/2022
HENDRY,7956,7157,251,3931,19295,2022,7,07/31/2022
HERNANDO,65459,39642,3014,38737,146852,2022,7,07/31/2022
HIGHLANDS,33015,17808,893,16528,68244,2022,7,07/31/2022
HILLSBOROUGH,284989,340886,16906,267008,909789,2022,7,07/31/2022
HOLMES,7517,2239,113,1452,11321,2022,7,07/31/2022
INDIAN RIVER,57050,30487,2717,28005,118259,2022,7,07/31/2022
JACKSON,14053,10883,218,3286,28440,2022,7,07/31/2022
JEFFERSON,3914,4370,72,1144,9500,2022,7,07/31/2022
LAFAYETTE,3086,1031,48,334,4499,2022,7,07/31/2022
LAKE,118815,76157,4302,72817,272091,2022,7,07/31/2022
LEE,222840,128478,8646,151367,511331,2022,7,07/31/2022
LEON,53961,105308,3167,39683,202119,2022,7,07/31/2022
LEVY,16294,7858,629,5618,30399,2022,7,07/31/2022
LIBERTY,1842,2106,10,459,4417,2022,7,07/31/2022
MADISON,4703,5850,81,1478,12112,2022,7,07/31/2022
MANATEE,121853,79268,4996,70480,276597,2022,7,07/31/2022
MARION,124032,78490,4367,60315,267204,2022,7,07/31/2022
MARTIN,59020,28102,2502,28271,117895,2022,7,07/31/2022
MIAMI-DADE,429422,576319,22824,480788,1509353,2022,7,07/31/2022
MONROE,23144,16734,1182,13664,54724,2022,7,07/31/2022
NASSAU,43239,14312,1615,15373,74539,2022,7,07/31/2022
OKALOOSA,79650,25557,2984,33510,141701,2022,7,07/31/2022
OKEECHOBEE,11423,6211,355,4550,22539,2022,7,07/31/2022
ORANGE,215818,359607,14719,267915,858059,2022,7,07/31/2022
OSCEOLA,58151,98146,3174,89890,249361,2022,7,07/31/2022
PALM BEACH,286809,399268,21687,287661,995425,2022,7,07/31/2022
PASCO,164702,114123,8129,118375,405329,2022,7,07/31/2022
PINELLAS,244604,237655,13499,195135,690893,2022,7,07/31/2022
POLK,173314,149544,8499,127296,458653,2022,7,07/31/2022
PUTNAM,24092,15516,673,9990,50271,2022,7,07/31/2022
SANTA ROSA,84775,24437,3377,31163,143752,2022,7,07/31/2022
SARASOTA,151796,101312,6524,90242,349874,2022,7,07/31/2022
SEMINOLE,115681,114270,6753,101471,338175,2022,7,07/31/2022
ST. JOHNS,115780,50518,4019,49336,219653,2022,7,07/31/2022
ST. LUCIE,79425,87463,4431,64145,235464,2022,7,07/31/2022
SUMTER,66039,24897,1217,23699,115852,2022,7,07/31/2022
SUWANNEE,15667,7654,415,4739,28475,2022,7,07/31/2022
TAYLOR,6943,4412,111,1463,12929,2022,7,07/31/2022
UNION,4475,2237,85,765,7562,2022,7,07/31/2022
VOLUSIA,156689,125505,8409,117051,407654,2022,7,07/31/2022
WAKULLA,11446,7163,351,4315,23275,2022,7,07/31/2022
WALTON,36964,9631,1142,12053,59790,2022,7,07/31/2022
WASHINGTON,9334,3869,155,2467,15825,2022,7,07/31/2022
TOTALS,5194845,4963930,257491,3909340,14325606,2022,7,07/31/2022
ALACHUA,48508,86128,3021,42458,180115,2022,8,08/31/2022
BAKER,11220,4046,195,2309,17770,2022,8,08/31/2022
BAY,66648,26593,2446,27690,123377,2022,8,08/31/2022
BRADFORD,9994,4948,184,2766,17892,2022,8,08/31/2022
BREVARD,194707,130552,10561,121274,457094,2022,8,08/31/2022
BROWARD,263491,596774,19710,364308,1244283,2022,8,08/31/2022
CALHOUN,3884,3326,49,966,8225,2022,8,08/31/2022
CHARLOTTE,72360,35394,3322,40678,151754,2022,8,08/31/2022
CITRUS,64077,26298,2271,28420,121066,2022,8,08/31/2022
CLAY,87438,34759,2899,37379,162475,2022,8,08/31/2022
COLLIER,129405,55972,3771,62647,251795,2022,8,08/31/2022
COLUMBIA,22331,12164,604,7857,42956,2022,8,08/31/2022
DESOTO,7593,5994,176,4470,18233,2022,8,08/31/2022
DIXIE,6116,2560,125,1745,10546,2022,8,08/31/2022
DUVAL,228883,260733,12305,149035,650956,2022,8,08/31/2022
ESCAMBIA,98483,71518,4218,48172,222391,2022,8,08/31/2022
FLAGLER,42732,26190,1542,24031,94495,2022,8,08/31/2022
FRANKLIN,3532,2999,181,1224,7936,2022,8,08/31/2022
GADSDEN,5415,20740,264,3223,29642,2022,8,08/31/2022
GILCHRIST,7746,2207,179,1823,11955,2022,8,08/31/2022
GLADES,3548,1948,124,1305,6925,2022,8,08/31/2022
GULF,5870,2783,232,1490,10375,2022,8,08/31/2022
HAMILTON,3279,3312,110,1097,7798,2022,8,08/31/2022
HARDEE,6643,3763,96,2866,13368,2022,8,08/31/2022
HENDRY,8069,7157,258,3962,19446,2022,8,08/31/2022
HERNANDO,66066,39649,3036,38869,147620,2022,8,08/31/2022
HIGHLANDS,33273,17756,905,16649,68583,2022,8,08/31/2022
HILLSBOROUGH,287419,341597,17055,270119,916190,2022,8,08/31/2022
HOLMES,7601,2213,114,1473,11401,2022,8,08/31/2022
INDIAN RIVER,57385,30444,2715,28127,118671,2022,8,08/31/2022
JACKSON,14159,10853,220,3338,28570,2022,8,08/31/2022
JEFFERSON,3965,4364,71,1151,9551,2022,8,08/31/2022
LAFAYETTE,3137,1014,50,334,4535,2022,8,08/31/2022
LAKE,119865,76315,4357,73278,273815,2022,8,08/31/2022
LEE,225035,128532,8738,152378,514683,2022,8,08/31/2022
LEON,54173,105309,3193,40256,202931,2022,8,08/31/2022
LEVY,16503,7832,631,5652,30618,2022,8,08/31/2022
LIBERTY,1874,2080,10,465,4429,2022,8,08/31/2022
MADISON,4751,5827,80,1492,12150,2022,8,08/31/2022
MANATEE,122968,79480,5045,70918,278411,2022,8,08/31/2022
MARION,125066,78495,4418,60834,268813,2022,8,08/31/2022
MARTIN,59330,28096,2535,28433,118394,2022,8,08/31/2022
MIAMI-DADE,433113,575793,22963,484016,1515885,2022,8,08/31/2022
MONROE,23442,16770,1182,13781,55175,2022,8,08/31/2022
NASSAU,43622,14365,1625,15552,75164,2022,8,08/31/2022
OKALOOSA,80323,25667,2998,33860,142848,2022,8,08/31/2022
OKEECHOBEE,11519,6171,359,4578,22627,2022,8,08/31/2022
ORANGE,217061,360389,14752,271212,863414,2022,8,08/31/2022
OSCEOLA,58868,98395,3188,91141,251592,2022,8,08/31/2022
PALM BEACH,288547,398703,21759,289036,998045,2022,8,08/31/2022
PASCO,166338,114413,8209,119469,408429,2022,8,08/31/2022
PINELLAS,245755,237396,13506,195570,692227,2022,8,08/31/2022
POLK,173731,148417,8464,127960,458572,2022,8,08/31/2022
PUTNAM,24367,15373,674,10036,50450,2022,8,08/31/2022
SANTA ROSA,85564,24417,3343,31268,144592,2022,8,08/31/2022
SARASOTA,152975,101350,6547,90664,351536,2022,8,08/31/2022
SEMINOLE,116107,114246,6799,102214,339366,2022,8,08/31/2022
ST. JOHNS,116854,50686,4035,49904,221479,2022,8,08/31/2022
ST. LUCIE,80258,87458,4466,64600,236782,2022,8,08/31/2022
SUMTER,66703,24961,1219,23921,116804,2022,8,08/31/2022
SUWANNEE,15872,7552,418,4738,28580,2022,8,08/31/2022
TAYLOR,6954,4325,111,1454,12844,2022,8,08/31/2022
UNION,4553,2200,87,767,7607,2022,8,08/31/2022
VOLUSIA,158016,125385,8445,117685,409531,2022,8,08/31/2022
WAKULLA,11538,7149,343,4381,23411,2022,8,08/31/2022
WALTON,37292,9589,1141,12145,60167,2022,8,08/31/2022
WASHINGTON,9452,3838,155,2476,15921,2022,8,08/31/2022
TOTALS,5233366,4963722,258804,3939389,14395281,2022,8,08/31/2022
ALACHUA,48624,86274,3038,42793,180729,2022,9,09/30/2022
BAKER,11162,3945,194,2283,17584,2022,9,09/30/2022
BAY,67031,26622,2463,27980,124096,2022,9,09/30/2022
BRADFORD,10059,4938,186,2780,17963,2022,9,09/30/2022
BREVARD,195551,130700,10656,122328,459235,2022,9,09/30/2022
BROWARD,264973,596811,19834,367560,1249178,2022,9,09/30/2022
CALHOUN,3909,3305,49,967,8230,2022,9,09/30/2022
CHARLOTTE,72825,35416,3339,41037,152617,2022,9,09/30/2022
CITRUS,64542,26274,2277,28730,121823,2022,9,09/30/2022
CLAY,87746,34834,2933,37712,163225,2022,9,09/30/2022
COLLIER,130018,56064,3838,63214,253134,2022,9,09/30/2022
COLUMBIA,22477,12176,608,7921,43182,2022,9,09/30/2022
DESOTO,7620,5980,176,4491,18267,2022,9,09/30/2022
DIXIE,6161,2553,127,1741,10582,2022,9,09/30/2022
DUVAL,229657,261485,12423,150704,654269,2022,9,09/30/2022
ESCAMBIA,98987,71746,4252,48734,223719,2022,9,09/30/2022
FLAGLER,43007,26241,1545,24248,95041,2022,9,09/30/2022
FRANKLIN,3562,2973,181,1233,7949,2022,9,09/30/2022
GADSDEN,5462,20723,265,3245,29695,2022,9,09/30/2022
GILCHRIST,7817,2186,179,1834,12016,2022,9,09/30/2022
GLADES,3574,1944,123,1306,6947,2022,9,09/30/2022
GULF,5901,2768,231,1517,10417,2022,9,09/30/2022
HAMILTON,3305,3298,111,1108,7822,2022,9,09/30/2022
HARDEE,6661,3744,97,2887,13389,2022,9,09/30/2022
HENDRY,8127,7161,258,3998,19544,2022,9,09/30/2022
HERNANDO,66382,39634,3070,39068,148154,2022,9,09/30/2022
HIGHLANDS,33393,17776,909,16742,68820,2022,9,09/30/2022
HILLSBOROUGH,288919,342075,17241,273161,921396,2022,9,09/30/2022
HOLMES,7639,2201,114,1490,11444,2022,9,09/30/2022
INDIAN RIVER,57590,30470,2749,28343,119152,2022,9,09/30/2022
JACKSON,14236,10833,227,3364,28660,2022,9,09/30/2022
JEFFERSON,4002,4354,72,1163,9591,2022,9,09/30/2022
LAFAYETTE,3135,1010,51,335,4531,2022,9,09/30/2022
LAKE,120476,76469,4407,73844,275196,2022,9,09/30/2022
LEE,226257,128677,8817,153499,517250,2022,9,09/30/2022
LEON,54366,105369,3197,40665,203597,2022,9,09/30/2022
LEVY,16605,7839,637,5726,30807,2022,9,09/30/2022
LIBERTY,1900,2055,10,464,4429,2022,9,09/30/2022
MADISON,4793,5811,84,1508,12196,2022,9,09/30/2022
MANATEE,123631,79565,5097,71555,279848,2022,9,09/30/2022
MARION,125731,78587,4441,61387,270146,2022,9,09/30/2022
MARTIN,59594,28130,2558,28562,118844,2022,9,09/30/2022
MIAMI-DADE,436037,575556,23109,487758,1522460,2022,9,09/30/2022
MONROE,23571,16748,1182,13862,55363,2022,9,09/30/2022
NASSAU,43777,14380,1639,15675,75471,2022,9,09/30/2022
OKALOOSA,80732,25719,3032,34231,143714,2022,9,09/30/2022
OKEECHOBEE,11589,6145,361,4611,22706,2022,9,09/30/2022
ORANGE,217697,360808,14861,274632,867998,2022,9,09/30/2022
OSCEOLA,59204,98285,3222,92479,253190,2022,9,09/30/2022
PALM BEACH,289586,398594,21954,290828,1000962,2022,9,09/30/2022
PASCO,167450,114674,8274,120574,410972,2022,9,09/30/2022
PINELLAS,246303,237258,13579,196175,693315,2022,9,09/30/2022
POLK,174894,148622,8564,130205,462285,2022,9,09/30/2022
PUTNAM,24469,15341,675,10081,50566,2022,9,09/30/2022
SANTA ROSA,85998,24438,3349,31529,145314,2022,9,09/30/2022
SARASOTA,153570,101424,6578,91161,352733,2022,9,09/30/2022
SEMINOLE,116376,114268,6852,103038,340534,2022,9,09/30/2022
ST. JOHNS,117649,50866,4098,50576,223189,2022,9,09/30/2022
ST. LUCIE,80847,87505,4535,65009,237896,2022,9,09/30/2022
SUMTER,67179,25044,1241,24145,117609,2022,9,09/30/2022
SUWANNEE,15984,7533,417,4786,28720,2022,9,09/30/2022
TAYLOR,6988,4315,111,1464,12878,2022,9,09/30/2022
UNION,4574,2183,91,775,7623,2022,9,09/30/2022
VOLUSIA,158854,125621,8500,118528,411503,2022,9,09/30/2022
WAKULLA,11614,7133,348,4433,23528,2022,9,09/30/2022
WALTON,37554,9574,1145,12268,60541,2022,9,09/30/2022
WASHINGTON,9503,3823,155,2490,15971,2022,9,09/30/2022
TOTALS,5259406,4966873,260936,3974540,14461755,2022,9,09/30/2022
ALACHUA,48817,86749,3076,43294,181936,2022,10,10/31/2022
BAKER,11212,3924,198,2279,17613,2022,10,10/31/2022
BAY,67521,26682,2467,28275,124945,2022,10,10/31/2022
BRADFORD,10116,4921,190,2793,18020,2022,10,10/31/2022
BREVARD,196702,130851,10761,123471,461785,2022,10,10/31/2022
BROWARD,266562,597035,19999,370427,1254023,2022,10,10/31/2022
CALHOUN,3949,3285,49,981,8264,2022,10,10/31/2022
CHARLOTTE,73403,35365,3342,41301,153411,2022,10,10/31/2022
CITRUS,65024,26269,2299,28929,122521,2022,10,10/31/2022
CLAY,88168,34933,2961,37931,163993,2022,10,10/31/2022
COLLIER,131208,56209,3900,63891,255208,2022,10,10/31/2022
COLUMBIA,22509,11995,608,7821,42933,2022,10,10/31/2022
DESOTO,7678,5948,178,4528,18332,2022,10,10/31/2022
DIXIE,6207,2540,130,1748,10625,2022,10,10/31/2022
DUVAL,230719,262025,12576,152167,657487,2022,10,10/31/2022
ESCAMBIA,99517,71878,4266,49136,224797,2022,10,10/31/2022
FLAGLER,43485,26265,1546,24521,95817,2022,10,10/31/2022
FRANKLIN,3621,2950,182,1254,8007,2022,10,10/31/2022
GADSDEN,5482,20703,263,3276,29724,2022,10,10/31/2022
GILCHRIST,7902,2187,184,1834,12107,2022,10,10/31/2022
GLADES,3607,1938,121,1315,6981,2022,10,10/31/2022
GULF,5972,2763,222,1519,10476,2022,10,10/31/2022
HAMILTON,3351,3282,112,1126,7871,2022,10,10/31/2022
HARDEE,6670,3727,100,2892,13389,2022,10,10/31/2022
HENDRY,8230,7151,257,4025,19663,2022,10,10/31/2022
HERNANDO,66838,39633,3092,39272,148835,2022,10,10/31/2022
HIGHLANDS,33682,17760,923,16861,69226,2022,10,10/31/2022
HILLSBOROUGH,291543,343029,17412,276459,928443,2022,10,10/31/2022
HOLMES,7688,2188,110,1507,11493,2022,10,10/31/2022
INDIAN RIVER,57932,30504,2768,28605,119809,2022,10,10/31/2022
JACKSON,14365,10804,234,3407,28810,2022,10,10/31/2022
JEFFERSON,4041,4350,73,1173,9637,2022,10,10/31/2022
LAFAYETTE,3156,1003,54,341,4554,2022,10,10/31/2022
LAKE,121495,76758,4471,74597,277321,2022,10,10/31/2022
LEE,225550,126522,8758,151668,512498,2022,10,10/31/2022
LEON,54691,105837,3254,41215,204997,2022,10,10/31/2022
LEVY,16802,7823,642,5778,31045,2022,10,10/31/2022
LIBERTY,1940,2041,10,472,4463,2022,10,10/31/2022
MADISON,4830,5806,85,1514,12235,2022,10,10/31/2022
MANATEE,124668,79582,5158,72265,281673,2022,10,10/31/2022
MARION,126819,78721,4473,61947,271960,2022,10,10/31/2022
MARTIN,59940,28108,2588,28763,119399,2022,10,10/31/2022
MIAMI-DADE,441698,576352,23455,492580,1534085,2022,10,10/31/2022
MONROE,23599,16627,1167,13903,55296,2022,10,10/31/2022
NASSAU,44112,14411,1656,15850,76029,2022,10,10/31/2022
OKALOOSA,81294,25809,3065,34533,144701,2022,10,10/31/2022
OKEECHOBEE,11720,6118,362,4634,22834,2022,10,10/31/2022
ORANGE,218955,361872,14996,277639,873462,2022,10,10/31/2022
OSCEOLA,59892,98108,3235,94410,255645,2022,10,10/31/2022
PALM BEACH,291480,398241,22164,292983,1004868,2022,10,10/31/2022
PASCO,168836,114760,8340,121379,413315,2022,10,10/31/2022
PINELLAS,248078,237722,13753,197965,697518,2022,10,10/31/2022
POLK,176431,148925,8659,131916,465931,2022,10,10/31/2022
PUTNAM,24708,15317,683,10122,50830,2022,10,10/31/2022
SANTA ROSA,86448,24467,3359,31796,146070,2022,10,10/31/2022
SARASOTA,154577,101448,6643,91843,354511,2022,10,10/31/2022
SEMINOLE,116889,114484,6885,103831,342089,2022,10,10/31/2022
ST. JOHNS,118359,50900,4125,51087,224471,2022,10,10/31/2022
ST. LUCIE,81630,87749,4587,65621,239587,2022,10,10/31/2022
SUMTER,67819,25136,1264,24462,118681,2022,10,10/31/2022
SUWANNEE,16117,7505,430,4804,28856,2022,10,10/31/2022
TAYLOR,7059,4287,113,1486,12945,2022,10,10/31/2022
UNION,4609,2176,95,786,7666,2022,10,10/31/2022
VOLUSIA,160021,125606,8570,119379,413576,2022,10,10/31/2022
WAKULLA,11740,7111,354,4487,23692,2022,10,10/31/2022
WALTON,37869,9556,1144,12369,60938,2022,10,10/31/2022
WASHINGTON,9569,3823,156,2519,16067,2022,10,10/31/2022
TOTALS,5297121,4970554,263352,4008962,14539989,2022,10,10/31/2022
ALACHUA,49179,87477,3134,43836,183626,2022,11,11/30/2022
BAKER,11318,3928,199,2301,17746,2022,11,11/30/2022
BAY,68025,26684,2476,28586,125771,2022,11,11/30/2022
BRADFORD,10173,4894,193,2823,18083,2022,11,11/30/2022
BREVARD,197441,130801,10822,124372,463436,2022,11,11/30/2022
BROWARD,268069,597200,20141,373226,1258636,2022,11,11/30/2022
CALHOUN,3975,3255,51,989,8270,2022,11,11/30/2022
CHARLOTTE,73834,35278,3331,41563,154006,2022,11,11/30/2022
CITRUS,64986,25934,2264,28773,121957,2022,11,11/30/2022
CLAY,88683,35018,2986,38299,164986,2022,11,11/30/2022
COLLIER,132209,56329,3918,64529,256985,2022,11,11/30/2022
COLUMBIA,23121,12230,623,8072,44046,2022,11,11/30/2022
DESOTO,7674,5929,179,4529,18311,2022,11,11/30/2022
DIXIE,6272,2528,129,1760,10689,2022,11,11/30/2022
DUVAL,231606,262195,12577,153165,659543,2022,11,11/30/2022
ESCAMBIA,99891,71942,4271,49526,225630,2022,11,11/30/2022
FLAGLER,43714,26237,1559,24727,96237,2022,11,11/30/2022
FRANKLIN,3675,2957,186,1274,8092,2022,11,11/30/2022
GADSDEN,5424,20298,262,3239,29223,2022,11,11/30/2022
GILCHRIST,7967,2192,186,1859,12204,2022,11,11/30/2022
GLADES,3632,1936,120,1329,7017,2022,11,11/30/2022
GULF,6030,2751,219,1533,10533,2022,11,11/30/2022
HAMILTON,3383,3273,110,1136,7902,2022,11,11/30/2022
HARDEE,6710,3716,106,2926,13458,2022,11,11/30/2022
HENDRY,8314,7152,259,4066,19791,2022,11,11/30/2022
HERNANDO,67301,39626,3103,39519,149549,2022,11,11/30/2022
HIGHLANDS,33809,17621,927,16878,69235,2022,11,11/30/2022
HILLSBOROUGH,293711,343836,17544,279159,934250,2022,11,11/30/2022
HOLMES,7717,2173,110,1511,11511,2022,11,11/30/2022
INDIAN RIVER,58074,30432,2751,28805,120062,2022,11,11/30/2022
JACKSON,14447,10773,236,3448,28904,2022,11,11/30/2022
JEFFERSON,4087,4348,71,1198,9704,2022,11,11/30/2022
LAFAYETTE,3182,990,54,347,4573,2022,11,11/30/2022
LAKE,121847,76575,4479,74729,277630,2022,11,11/30/2022
LEE,227062,126479,8829,152958,515328,2022,11,11/30/2022
LEON,54974,106064,3308,41612,205958,2022,11,11/30/2022
LEVY,16928,7819,643,5834,31224,2022,11,11/30/2022
LIBERTY,1963,2023,11,469,4466,2022,11,11/30/2022
MADISON,4867,5810,88,1521,12286,2022,11,11/30/2022
MANATEE,125628,79739,5194,72998,283559,2022,11,11/30/2022
MARION,127605,78783,4496,62440,273324,2022,11,11/30/2022
MARTIN,60104,27945,2591,28846,119486,2022,11,11/30/2022
MIAMI-DADE,445224,574948,23699,495192,1539063,2022,11,11/30/2022
MONROE,23908,16650,1174,14076,55808,2022,11,11/30/2022
NASSAU,44438,14428,1676,16011,76553,2022,11,11/30/2022
OKALOOSA,81393,25575,3037,34532,144537,2022,11,11/30/2022
OKEECHOBEE,11525,5882,342,4495,22244,2022,11,11/30/2022
ORANGE,219567,361976,15074,279526,876143,2022,11,11/30/2022
OSCEOLA,60278,98189,3264,94983,256714,2022,11,11/30/2022
PALM BEACH,293009,397925,22231,294949,1008114,2022,11,11/30/2022
PASCO,169878,114837,8372,122225,415312,2022,11,11/30/2022
PINELLAS,248787,237258,13829,198791,698665,2022,11,11/30/2022
POLK,177531,149215,8769,133414,468929,2022,11,11/30/2022
PUTNAM,24842,15289,688,10197,51016,2022,11,11/30/2022
SANTA ROSA,86877,24467,3357,32094,146795,2022,11,11/30/2022
SARASOTA,155387,101300,6697,92332,355716,2022,11,11/30/2022
SEMINOLE,117134,114654,6933,104563,343284,2022,11,11/30/2022
ST. JOHNS,118711,50881,4137,51403,225132,2022,11,11/30/2022
ST. LUCIE,82164,87741,4629,66126,240660,2022,11,11/30/2022
SUMTER,68273,25193,1288,24763,119517,2022,11,11/30/2022
SUWANNEE,16230,7486,436,4845,28997,2022,11,11/30/2022
TAYLOR,7103,4279,113,1506,13001,2022,11,11/30/2022
UNION,4653,2162,105,785,7705,2022,11,11/30/2022
VOLUSIA,160922,125596,8576,120252,415346,2022,11,11/30/2022
WAKULLA,11811,7090,359,4519,23779,2022,11,11/30/2022
WALTON,37724,9361,1123,12274,60482,2022,11,11/30/2022
WASHINGTON,9609,3825,158,2535,16127,2022,11,11/30/2022
TOTALS,5325589,4969377,264802,4037098,14596866,2022,11,11/30/2022
ALACHUA,49103,87385,3127,43971,183586,2022,12,12/31/2022
BAKER,11399,3926,204,2328,17857,2022,12,12/31/2022
BAY,68120,26640,2473,28781,126014,2022,12,12/31/2022
BRADFORD,10164,4857,193,2824,18038,2022,12,12/31/2022
BREVARD,197708,130632,10830,125123,464293,2022,12,12/31/2022
BROWARD,268636,596983,20241,376003,1261863,2022,12,12/31/2022
CALHOUN,3983,3241,53,994,8271,2022,12,12/31/2022
CHARLOTTE,73945,35036,3358,41674,154013,2022,12,12/31/2022
CITRUS,64638,25597,2236,28600,121071,2022,12,12/31/2022
CLAY,88559,34942,2993,38366,164860,2022,12,12/31/2022
COLLIER,132657,56320,3939,64974,257890,2022,12,12/31/2022
COLUMBIA,22927,12048,617,8045,43637,2022,12,12/31/2022
DESOTO,7746,5871,179,4538,18334,2022,12,12/31/2022
DIXIE,6306,2519,131,1775,10731,2022,12,12/31/2022
DUVAL,229792,258526,12445,151869,652632,2022,12,12/31/2022
ESCAMBIA,100016,71796,4287,49742,225841,2022,12,12/31/2022
FLAGLER,43896,26235,1568,24893,96592,2022,12,12/31/2022
FRANKLIN,3696,2932,185,1285,8098,2022,12,12/31/2022
GADSDEN,5442,20411,262,3276,29391,2022,12,12/31/2022
GILCHRIST,7984,2193,188,1862,12227,2022,12,12/31/2022
GLADES,3627,1936,119,1347,7029,2022,12,12/31/2022
GULF,5866,2650,209,1474,10199,2022,12,12/31/2022
HAMILTON,3396,3269,109,1143,7917,2022,12,12/31/2022
HARDEE,6700,3699,105,2933,13437,2022,12,12/31/2022
HENDRY,8354,7151,263,4112,19880,2022,12,12/31/2022
HERNANDO,65948,38215,3033,38427,145623,2022,12,12/31/2022
HIGHLANDS,33928,17612,928,17005,69473,2022,12,12/31/2022
HILLSBOROUGH,291401,337139,17263,277480,923283,2022,12,12/31/2022
HOLMES,7714,2153,110,1492,11469,2022,12,12/31/2022
INDIAN RIVER,57793,30010,2740,28710,119253,2022,12,12/31/2022
JACKSON,14208,10458,233,3327,28226,2022,12,12/31/2022
JEFFERSON,4096,4340,74,1200,9710,2022,12,12/31/2022
LAFAYETTE,3161,972,52,340,4525,2022,12,12/31/2022
LAKE,121679,76355,4494,74855,277383,2022,12,12/31/2022
LEE,227883,126480,8880,154131,517374,2022,12,12/31/2022
LEON,55008,105934,3319,41853,206114,2022,12,12/31/2022
LEVY,16864,7712,646,5799,31021,2022,12,12/31/2022
LIBERTY,1943,1995,10,459,4407,2022,12,12/31/2022
MADISON,4625,5376,82,1378,11461,2022,12,12/31/2022
MANATEE,125292,78802,5183,72972,282249,2022,12,12/31/2022
MARION,128073,78876,4536,62990,274475,2022,12,12/31/2022
MARTIN,59994,27618,2592,28802,119006,2022,12,12/31/2022
MIAMI-DADE,444016,571146,23697,495679,1534538,2022,12,12/31/2022
MONROE,23987,16656,1172,14206,56021,2022,12,12/31/2022
NASSAU,44666,14475,1687,16200,77028,2022,12,12/31/2022
OKALOOSA,81578,25609,3045,34837,145069,2022,12,12/31/2022
OKEECHOBEE,11558,5874,343,4524,22299,2022,12,12/31/2022
ORANGE,219513,361014,15072,280239,875838,2022,12,12/31/2022
OSCEOLA,59213,94824,3161,92155,249353,2022,12,12/31/2022
PALM BEACH,290868,392515,21992,293211,998586,2022,12,12/31/2022
PASCO,170554,114974,8423,123112,417063,2022,12,12/31/2022
PINELLAS,247502,234905,13755,197848,694010,2022,12,12/31/2022
POLK,173229,143141,8383,128792,453545,2022,12,12/31/2022
PUTNAM,24864,15208,698,10224,50994,2022,12,12/31/2022
SANTA ROSA,87122,24483,3369,32329,147303,2022,12,12/31/2022
SARASOTA,155365,100666,6691,92359,355081,2022,12,12/31/2022
SEMINOLE,117177,114657,6977,105165,343976,2022,12,12/31/2022
ST. JOHNS,118872,50729,4145,51720,225466,2022,12,12/31/2022
ST. LUCIE,82329,87370,4615,66182,240496,2022,12,12/31/2022
SUMTER,68477,25128,1298,24894,119797,2022,12,12/31/2022
SUWANNEE,16131,7364,429,4802,28726,2022,12,12/31/2022
TAYLOR,7003,4170,107,1452,12732,2022,12,12/31/2022
UNION,4658,2154,106,789,7707,2022,12,12/31/2022
VOLUSIA,160368,124227,8527,119629,412751,2022,12,12/31/2022
WAKULLA,11835,7045,355,4525,23760,2022,12,12/31/2022
WALTON,37385,9197,1100,12190,59872,2022,12,12/31/2022
WASHINGTON,9582,3795,154,2516,16047,2022,12,12/31/2022
TOTALS,5312122,4928168,263790,4032731,14536811,2022,12,12/31/2022
ALACHUA,49077,87230,3128,44246,183681,2023,1,01/31/2023
BAKER,11421,3904,202,2359,17886,2023,1,01/31/2023
BAY,68457,26659,2477,29074,126667,2023,1,01/31/2023
BRADFORD,10217,4847,196,2846,18106,2023,1,01/31/2023
BREVARD,198186,130677,10891,126209,465963,2023,1,01/31/2023
BROWARD,268845,596007,20343,378998,1264193,2023,1,01/31/2023
CALHOUN,3994,3201,54,996,8245,2023,1,01/31/2023
CHARLOTTE,73437,34376,3306,41260,152379,2023,1,01/31/2023
CITRUS,64964,25564,2250,28849,121627,2023,1,01/31/2023
CLAY,87756,34251,2970,37837,162814,2023,1,01/31/2023
COLLIER,133167,56358,3969,65552,259046,2023,1,01/31/2023
COLUMBIA,22968,12015,622,8127,43732,2023,1,01/31/2023
DESOTO,7765,5853,179,4571,18368,2023,1,01/31/2023
DIXIE,6351,2506,132,1780,10769,2023,1,01/31/2023
DUVAL,229974,258641,12493,153354,654462,2023,1,01/31/2023
ESCAMBIA,97729,68881,4090,47757,218457,2023,1,01/31/2023
FLAGLER,44133,26233,1586,25246,97198,2023,1,01/31/2023
FRANKLIN,3711,2923,186,1299,8119,2023,1,01/31/2023
GADSDEN,5448,20409,265,3316,29438,2023,1,01/31/2023
GILCHRIST,8029,2197,191,1881,12298,2023,1,01/31/2023
GLADES,3646,1921,120,1365,7052,2023,1,01/31/2023
GULF,5891,2638,207,1488,10224,2023,1,01/31/2023
HAMILTON,3416,3269,109,1150,7944,2023,1,01/31/2023
HARDEE,6732,3692,107,2961,13492,2023,1,01/31/2023
HENDRY,8419,7141,262,4177,19999,2023,1,01/31/2023
HERNANDO,66457,38359,3069,39002,146887,2023,1,01/31/2023
HIGHLANDS,34005,17615,925,17105,69650,2023,1,01/31/2023
HILLSBOROUGH,292288,337004,17344,280071,926707,2023,1,01/31/2023
HOLMES,7733,2140,113,1494,11480,2023,1,01/31/2023
INDIAN RIVER,57465,29738,2717,28593,118513,2023,1,01/31/2023
JACKSON,14244,10458,236,3362,28300,2023,1,01/31/2023
JEFFERSON,4102,4334,74,1208,9718,2023,1,01/31/2023
LAFAYETTE,3169,965,52,342,4528,2023,1,01/31/2023
LAKE,122049,76458,4539,75693,278739,2023,1,01/31/2023
LEE,228465,126344,8920,155377,519106,2023,1,01/31/2023
LEON,54987,105749,3325,42069,206130,2023,1,01/31/2023
LEVY,16728,7571,634,5695,30628,2023,1,01/31/2023
LIBERTY,1945,1990,11,462,4408,2023,1,01/31/2023
MADISON,4632,5377,81,1379,11469,2023,1,01/31/2023
MANATEE,125719,78731,5199,73564,283213,2023,1,01/31/2023
MARION,128313,78641,4561,63459,274974,2023,1,01/31/2023
MARTIN,60143,27597,2604,28984,119328,2023,1,01/31/2023
MIAMI-DADE,435971,548739,22959,480303,1487972,2023,1,01/31/2023
MONROE,24027,16635,1173,14337,56172,2023,1,01/31/2023
NASSAU,44877,14522,1705,16370,77474,2023,1,01/31/2023
OKALOOSA,81592,25536,3045,35202,145375,2023,1,01/31/2023
OKEECHOBEE,11597,5853,347,4557,22354,2023,1,01/31/2023
ORANGE,219531,360856,15121,282438,877946,2023,1,01/31/2023
OSCEOLA,58369,92933,3084,90769,245155,2023,1,01/31/2023
PALM BEACH,286623,384659,21809,289367,982458,2023,1,01/31/2023
PASCO,169159,113453,8290,121939,412841,2023,1,01/31/2023
PINELLAS,244367,229584,13416,193966,681333,2023,1,01/31/2023
POLK,173608,143101,8441,130063,455213,2023,1,01/31/2023
PUTNAM,24914,15176,707,10289,51086,2023,1,01/31/2023
SANTA ROSA,87410,24477,3364,32683,147934,2023,1,01/31/2023
SARASOTA,155845,100653,6702,92982,356182,2023,1,01/31/2023
SEMINOLE,117244,114621,7000,106035,344900,2023,1,01/31/2023
ST. JOHNS,119253,50762,4169,52350,226534,2023,1,01/31/2023
ST. LUCIE,82736,87510,4633,66790,241669,2023,1,01/31/2023
SUMTER,68899,25208,1334,25155,120596,2023,1,01/31/2023
SUWANNEE,16189,7370,431,4853,28843,2023,1,01/31/2023
TAYLOR,7019,4150,108,1475,12752,2023,1,01/31/2023
UNION,4652,2148,106,795,7701,2023,1,01/31/2023
VOLUSIA,160302,123639,8521,119820,412282,2023,1,01/31/2023
WAKULLA,11874,7040,355,4563,23832,2023,1,01/31/2023
WALTON,37501,9166,1103,12287,60057,2023,1,01/31/2023
WASHINGTON,9615,3787,153,2546,16101,2023,1,01/31/2023
TOTALS,5299351,4882042,262815,4026491,14470699,2023,1,01/31/2023
ALACHUA,49050,87200,3127,44545,183922,2023,2,02/28/2023
BAKER,11451,3892,200,2386,17929,2023,2,02/28/2023
BAY,68744,26677,2489,29421,127331,2023,2,02/28/2023
BRADFORD,10267,4843,199,2869,18178,2023,2,02/28/2023
BREVARD,198715,130643,10909,127173,467440,2023,2,02/28/2023
BROWARD,269504,595574,20416,381988,1267482,2023,2,02/28/2023
CALHOUN,3990,3153,54,982,8179,2023,2,02/28/2023
CHARLOTTE,73737,34361,3323,41550,152971,2023,2,02/28/2023
CITRUS,65275,25567,2253,29026,122121,2023,2,02/28/2023
CLAY,87862,34256,2980,38108,163206,2023,2,02/28/2023
COLLIER,133641,56401,3977,66020,260039,2023,2,02/28/2023
COLUMBIA,23050,12009,622,8181,43862,2023,2,02/28/2023
DESOTO,7811,5841,181,4598,18431,2023,2,02/28/2023
DIXIE,6386,2497,134,1795,10812,2023,2,02/28/2023
DUVAL,230145,258568,12516,154427,655656,2023,2,02/28/2023
ESCAMBIA,97977,68897,4093,48240,219207,2023,2,02/28/2023
FLAGLER,44336,26226,1594,25439,97595,2023,2,02/28/2023
FRANKLIN,3737,2918,189,1324,8168,2023,2,02/28/2023
GADSDEN,5464,20416,265,3342,29487,2023,2,02/28/2023
GILCHRIST,7973,2176,188,1851,12188,2023,2,02/28/2023
GLADES,3666,1920,121,1382,7089,2023,2,02/28/2023
GULF,5905,2619,207,1474,10205,2023,2,02/28/2023
HAMILTON,3436,3252,106,1163,7957,2023,2,02/28/2023
HARDEE,6739,3684,108,2985,13516,2023,2,02/28/2023
HENDRY,8481,7153,264,4246,20144,2023,2,02/28/2023
HERNANDO,66673,38336,3084,39226,147319,2023,2,02/28/2023
HIGHLANDS,34105,17634,929,17219,69887,2023,2,02/28/2023
HILLSBOROUGH,292455,336267,17325,281660,927707,2023,2,02/28/2023
HOLMES,7753,2128,113,1511,11505,2023,2,02/28/2023
INDIAN RIVER,56960,29299,2660,28355,117274,2023,2,02/28/2023
JACKSON,14303,10464,237,3402,28406,2023,2,02/28/2023
JEFFERSON,4111,4314,77,1222,9724,2023,2,02/28/2023
LAFAYETTE,3171,960,51,346,4528,2023,2,02/28/2023
LAKE,122435,76577,4572,76351,279935,2023,2,02/28/2023
LEE,229290,126285,8923,156588,521086,2023,2,02/28/2023
LEON,54971,105573,3327,42220,206091,2023,2,02/28/2023
LEVY,16811,7580,633,5753,30777,2023,2,02/28/2023
LIBERTY,1950,1979,11,466,4406,2023,2,02/28/2023
MADISON,4652,5364,83,1401,11500,2023,2,02/28/2023
MANATEE,126099,78684,5222,74036,284041,2023,2,02/28/2023
MARION,128542,78437,4564,63794,275337,2023,2,02/28/2023
MARTIN,60407,27608,2601,29223,119839,2023,2,02/28/2023
MIAMI-DADE,435155,544737,22876,480628,1483396,2023,2,02/28/2023
MONROE,24098,16619,1169,14450,56336,2023,2,02/28/2023
NASSAU,45061,14534,1703,16543,77841,2023,2,02/28/2023
OKALOOSA,81888,25566,3048,35576,146078,2023,2,02/28/2023
OKEECHOBEE,11508,5694,335,4442,21979,2023,2,02/28/2023
ORANGE,217749,355533,14912,280367,868561,2023,2,02/28/2023
OSCEOLA,58372,92759,3084,91310,245525,2023,2,02/28/2023
PALM BEACH,285919,382725,21704,289972,980320,2023,2,02/28/2023
PASCO,169769,113483,8320,122745,414317,2023,2,02/28/2023
PINELLAS,244709,229414,13463,195080,682666,2023,2,02/28/2023
POLK,174204,143366,8494,131454,457518,2023,2,02/28/2023
PUTNAM,25022,15144,704,10398,51268,2023,2,02/28/2023
SANTA ROSA,87659,24482,3361,32977,148479,2023,2,02/28/2023
SARASOTA,156054,100496,6705,93356,356611,2023,2,02/28/2023
SEMINOLE,117157,114430,6987,106556,345130,2023,2,02/28/2023
ST. JOHNS,118220,49826,4086,51781,223913,2023,2,02/28/2023
ST. LUCIE,83171,87901,4673,67538,243283,2023,2,02/28/2023
SUMTER,68860,25057,1330,25153,120400,2023,2,02/28/2023
SUWANNEE,16220,7345,435,4889,28889,2023,2,02/28/2023
TAYLOR,7053,4134,108,1481,12776,2023,2,02/28/2023
UNION,4652,2138,108,788,7686,2023,2,02/28/2023
VOLUSIA,160669,123494,8527,120646,413336,2023,2,02/28/2023
WAKULLA,11929,7032,359,4602,23922,2023,2,02/28/2023
WALTON,37030,8904,1068,12094,59096,2023,2,02/28/2023
WASHINGTON,9653,3776,155,2585,16169,2023,2,02/28/2023
TOTALS,5303811,4866821,262641,4044699,14477972,2023,2,02/28/2023
ALACHUA,49103,87134,3191,44639,184067,2023,3,03/31/2023
BAKER,11497,3879,203,2394,17973,2023,3,03/31/2023
BAY,69072,26716,2550,29609,127947,2023,3,03/31/2023
BRADFORD,10291,4826,202,2885,18204,2023,3,03/31/2023
BREVARD,196876,128039,10913,125487,461315,2023,3,03/31/2023
BROWARD,269998,595176,20698,383627,1269499,2023,3,03/31/2023
CALHOUN,3991,3123,55,981,8150,2023,3,03/31/2023
CHARLOTTE,74022,34370,3413,41669,153474,2023,3,03/31/2023
CITRUS,65539,25526,2315,29142,122522,2023,3,03/31/2023
CLAY,88069,34280,3059,38260,163668,2023,3,03/31/2023
COLLIER,134167,56417,4098,66344,261026,2023,3,03/31/2023
COLUMBIA,23119,12021,647,8210,43997,2023,3,03/31/2023
DESOTO,7836,5825,188,4614,18463,2023,3,03/31/2023
DIXIE,6410,2490,140,1796,10836,2023,3,03/31/2023
DUVAL,230740,259025,12839,155354,657958,2023,3,03/31/2023
ESCAMBIA,98218,68834,4194,48562,219808,2023,3,03/31/2023
FLAGLER,44445,26194,1631,25505,97775,2023,3,03/31/2023
FRANKLIN,3745,2907,191,1337,8180,2023,3,03/31/2023
GADSDEN,5487,20418,269,3362,29536,2023,3,03/31/2023
GILCHRIST,8007,2174,191,1870,12242,2023,3,03/31/2023
GLADES,3682,1912,124,1384,7102,2023,3,03/31/2023
GULF,5936,2618,213,1484,10251,2023,3,03/31/2023
HAMILTON,3394,3127,101,1118,7740,2023,3,03/31/2023
HARDEE,6740,3676,109,2990,13515,2023,3,03/31/2023
HENDRY,8284,6707,264,4031,19286,2023,3,03/31/2023
HERNANDO,66871,38302,3158,39293,147624,2023,3,03/31/2023
HIGHLANDS,34192,17632,960,17254,70038,2023,3,03/31/2023
HILLSBOROUGH,293323,336487,17761,283137,930708,2023,3,03/31/2023
HOLMES,7767,2122,118,1517,11524,2023,3,03/31/2023
INDIAN RIVER,56827,29070,2664,28157,116718,2023,3,03/31/2023
JACKSON,14204,10310,241,3339,28094,2023,3,03/31/2023
JEFFERSON,4072,4223,74,1179,9548,2023,3,03/31/2023
LAFAYETTE,3173,955,51,348,4527,2023,3,03/31/2023
LAKE,122507,76323,4711,76362,279903,2023,3,03/31/2023
LEE,230145,126262,9173,157115,522695,2023,3,03/31/2023
LEON,55015,105476,3376,42370,206237,2023,3,03/31/2023
LEVY,16857,7573,638,5782,30850,2023,3,03/31/2023
LIBERTY,1955,1970,11,465,4401,2023,3,03/31/2023
MADISON,4673,5356,86,1409,11524,2023,3,03/31/2023
MANATEE,126552,78672,5334,74363,284921,2023,3,03/31/2023
MARION,128910,78369,4710,63997,275986,2023,3,03/31/2023
MARTIN,60504,27564,2650,29324,120042,2023,3,03/31/2023
MIAMI-DADE,435328,543489,23123,481232,1483172,2023,3,03/31/2023
MONROE,23004,15456,1086,12534,52080,2023,3,03/31/2023
NASSAU,44690,14310,1718,16232,76950,2023,3,03/31/2023
OKALOOSA,82183,25681,3131,35872,146867,2023,3,03/31/2023
OKEECHOBEE,10713,4557,287,3364,18921,2023,3,03/31/2023
ORANGE,216557,351543,15069,277937,861106,2023,3,03/31/2023
OSCEOLA,58544,92749,3198,91625,246116,2023,3,03/31/2023
PALM BEACH,286186,382017,22008,290853,981064,2023,3,03/31/2023
PASCO,169869,113235,8530,122782,414416,2023,3,03/31/2023
PINELLAS,244940,229041,13722,195455,683158,2023,3,03/31/2023
POLK,174972,143755,8716,132605,460048,2023,3,03/31/2023
PUTNAM,25107,15117,716,10422,51362,2023,3,03/31/2023
SANTA ROSA,87944,24518,3426,33136,149024,2023,3,03/31/2023
SARASOTA,156487,100434,6809,93550,357280,2023,3,03/31/2023
SEMINOLE,117331,114488,7134,106908,345861,2023,3,03/31/2023
ST. JOHNS,118675,49977,4162,52217,225031,2023,3,03/31/2023
ST. LUCIE,83589,88030,4806,67879,244304,2023,3,03/31/2023
SUMTER,69126,25075,1373,25245,120819,2023,3,03/31/2023
SUWANNEE,16252,7326,444,4918,28940,2023,3,03/31/2023
TAYLOR,7076,4127,114,1494,12811,2023,3,03/31/2023
UNION,4641,2116,108,789,7654,2023,3,03/31/2023
VOLUSIA,160853,123321,8692,120920,413786,2023,3,03/31/2023
WAKULLA,11973,7022,370,4620,23985,2023,3,03/31/2023
WALTON,37059,8855,1097,12110,59121,2023,3,03/31/2023
WASHINGTON,9691,3768,160,2592,16211,2023,3,03/31/2023
TOTALS,5309005,4854087,267513,4049356,14479961,2023,3,03/31/2023
ALACHUA,49276,87299,3287,44832,184694,2023,4,04/30/2023
BAKER,11532,3871,215,2398,18016,2023,4,04/30/2023
BAY,69436,26793,2674,29647,128550,2023,4,04/30/2023
BRADFORD,10319,4812,219,2891,18241,2023,4,04/30/2023
BREVARD,196925,127746,11240,125128,461039,2023,4,04/30/2023
BROWARD,269097,591484,20974,381352,1262907,2023,4,04/30/2023
CALHOUN,3968,3093,57,979,8097,2023,4,04/30/2023
CHARLOTTE,74404,34392,3550,41708,154054,2023,4,04/30/2023
CITRUS,65855,25589,2427,29201,123072,2023,4,04/30/2023
CLAY,88251,34359,3184,38298,164092,2023,4,04/30/2023
COLLIER,134980,56550,4276,66610,262416,2023,4,04/30/2023
COLUMBIA,21376,10010,584,6373,38343,2023,4,04/30/2023
DESOTO,7888,5825,197,4633,18543,2023,4,04/30/2023
DIXIE,6356,2458,141,1766,10721,2023,4,04/30/2023
DUVAL,231460,259608,13312,155563,659943,2023,4,04/30/2023
ESCAMBIA,98435,68915,4348,48613,220311,2023,4,04/30/2023
FLAGLER,44706,26252,1723,25488,98169,2023,4,04/30/2023
FRANKLIN,3738,2835,192,1312,8077,2023,4,04/30/2023
GADSDEN,5499,20405,275,3359,29538,2023,4,04/30/2023
GILCHRIST,8059,2182,195,1877,12313,2023,4,04/30/2023
GLADES,3698,1915,126,1381,7120,2023,4,04/30/2023
GULF,5975,2632,220,1481,10308,2023,4,04/30/2023
HAMILTON,3407,3123,109,1120,7759,2023,4,04/30/2023
HARDEE,6779,3682,119,2989,13569,2023,4,04/30/2023
HENDRY,8093,6244,250,3657,18244,2023,4,04/30/2023
HERNANDO,66981,38206,3268,39156,147611,2023,4,04/30/2023
HIGHLANDS,34336,17683,1011,17260,70290,2023,4,04/30/2023
HILLSBOROUGH,292623,333143,18086,280677,924529,2023,4,04/30/2023
HOLMES,7802,2121,126,1519,11568,2023,4,04/30/2023
INDIAN RIVER,55724,27671,2550,26269,112214,2023,4,04/30/2023
JACKSON,14273,10308,248,3359,28188,2023,4,04/30/2023
JEFFERSON,4087,4204,76,1184,9551,2023,4,04/30/2023
LAFAYETTE,3187,949,51,349,4536,2023,4,04/30/2023
LAKE,123162,76631,4993,76597,281383,2023,4,04/30/2023
LEE,230665,126275,9593,156849,523382,2023,4,04/30/2023
LEON,55072,105514,3469,42411,206466,2023,4,04/30/2023
LEVY,16952,7578,663,5801,30994,2023,4,04/30/2023
LIBERTY,1969,1953,11,460,4393,2023,4,04/30/2023
MADISON,4708,5347,89,1424,11568,2023,4,04/30/2023
MANATEE,126602,78407,5503,73947,284459,2023,4,04/30/2023
MARION,129013,78247,4897,63886,276043,2023,4,04/30/2023
MARTIN,60653,27545,2741,29267,120206,2023,4,04/30/2023
MIAMI-DADE,436461,544176,23585,482353,1486575,2023,4,04/30/2023
MONROE,23003,15363,1143,12587,52096,2023,4,04/30/2023
NASSAU,44776,14312,1775,16222,77085,2023,4,04/30/2023
OKALOOSA,82393,25681,3263,35861,147198,2023,4,04/30/2023
OKEECHOBEE,10747,4574,308,3375,19004,2023,4,04/30/2023
ORANGE,216447,350400,15551,276459,858857,2023,4,04/30/2023
OSCEOLA,58861,92885,3372,91795,246913,2023,4,04/30/2023
PALM BEACH,287439,382849,22585,291778,984651,2023,4,04/30/2023
PASCO,167088,110417,8591,119467,405563,2023,4,04/30/2023
PINELLAS,244978,228594,14086,195082,682740,2023,4,04/30/2023
POLK,175624,144267,9048,133081,462020,2023,4,04/30/2023
PUTNAM,25205,15093,750,10436,51484,2023,4,04/30/2023
SANTA ROSA,88227,24551,3526,33175,149479,2023,4,04/30/2023
SARASOTA,157017,100543,7002,93768,358330,2023,4,04/30/2023
SEMINOLE,117507,114667,7366,106893,346433,2023,4,04/30/2023
ST. JOHNS,118743,49912,4319,52255,225229,2023,4,04/30/2023
ST. LUCIE,83204,87086,4952,66988,242230,2023,4,04/30/2023
SUMTER,69172,25054,1435,25181,120842,2023,4,04/30/2023
SUWANNEE,16300,7315,468,4924,29007,2023,4,04/30/2023
TAYLOR,7109,4109,124,1490,12832,2023,4,04/30/2023
UNION,4662,2106,108,790,7666,2023,4,04/30/2023
VOLUSIA,156503,117389,8563,115690,398145,2023,4,04/30/2023
WAKULLA,12030,7022,391,4615,24058,2023,4,04/30/2023
WALTON,37029,8809,1141,12046,59025,2023,4,04/30/2023
WASHINGTON,9728,3764,173,2601,16266,2023,4,04/30/2023
TOTALS,5307574,4834794,274894,4031983,14449245,2023,4,04/30/2023
ALACHUA,49359,87312,3366,44856,184893,2023,5,05/31/2023
BAKER,11609,3876,228,2401,18114,2023,5,05/31/2023
BAY,69708,26797,2762,29576,128843,2023,5,05/31/2023
BRADFORD,10363,4810,229,2898,18300,2023,5,05/31/2023
BREVARD,197179,127471,11547,124948,461145,2023,5,05/31/2023
BROWARD,270660,592961,21478,383160,1268259,2023,5,05/31/2023
CALHOUN,3919,3022,55,934,7930,2023,5,05/31/2023
CHARLOTTE,74812,34408,3694,41745,154659,2023,5,05/31/2023
CITRUS,66192,25603,2546,29185,123526,2023,5,05/31/2023
CLAY,88607,34553,3306,38441,164907,2023,5,05/31/2023
COLLIER,135119,56315,4466,66340,262240,2023,5,05/31/2023
COLUMBIA,21495,10064,612,6429,38600,2023,5,05/31/2023
DESOTO,7920,5828,203,4632,18583,2023,5,05/31/2023
DIXIE,6362,2458,142,1767,10729,2023,5,05/31/2023
DUVAL,231761,259828,13772,155302,660663,2023,5,05/31/2023
ESCAMBIA,98631,68831,4490,48541,220493,2023,5,05/31/2023
FLAGLER,45007,26339,1837,25482,98665,2023,5,05/31/2023
FRANKLIN,3753,2828,201,1311,8093,2023,5,05/31/2023
GADSDEN,5464,20000,284,3261,29009,2023,5,05/31/2023
GILCHRIST,8120,2173,199,1895,12387,2023,5,05/31/2023
GLADES,3722,1915,133,1385,7155,2023,5,05/31/2023
GULF,5995,2643,228,1488,10354,2023,5,05/31/2023
HAMILTON,3421,3118,120,1125,7784,2023,5,05/31/2023
HARDEE,6792,3688,132,2989,13601,2023,5,05/31/2023
HENDRY,7725,5428,250,3072,16475,2023,5,05/31/2023
HERNANDO,67450,38321,3397,39355,148523,2023,5,05/31/2023
HIGHLANDS,34324,17536,1056,17103,70019,2023,5,05/31/2023
HILLSBOROUGH,293435,332345,18561,280323,924664,2023,5,05/31/2023
HOLMES,7800,2094,134,1495,11523,2023,5,05/31/2023
INDIAN RIVER,55974,27746,2668,26351,112739,2023,5,05/31/2023
JACKSON,14329,10311,266,3363,28269,2023,5,05/31/2023
JEFFERSON,4102,4174,78,1176,9530,2023,5,05/31/2023
LAFAYETTE,3189,946,51,354,4540,2023,5,05/31/2023
LAKE,123595,76745,5247,76636,282223,2023,5,05/31/2023
LEE,228975,124638,9825,154662,518100,2023,5,05/31/2023
LEON,55188,105519,3571,42441,206719,2023,5,05/31/2023
LEVY,17057,7577,686,5812,31132,2023,5,05/31/2023
LIBERTY,1988,1945,13,461,4407,2023,5,05/31/2023
MADISON,4718,5329,92,1430,11569,2023,5,05/31/2023
MANATEE,126923,78277,5651,73798,284649,2023,5,05/31/2023
MARION,128761,77873,5055,63440,275129,2023,5,05/31/2023
MARTIN,60281,27154,2801,28603,118839,2023,5,05/31/2023
MIAMI-DADE,435880,541097,23881,480010,1480868,2023,5,05/31/2023
MONROE,23073,15304,1183,12521,52081,2023,5,05/31/2023
NASSAU,45045,14350,1865,16297,77557,2023,5,05/31/2023
OKALOOSA,82613,25724,3363,35810,147510,2023,5,05/31/2023
OKEECHOBEE,10823,4576,329,3379,19107,2023,5,05/31/2023
ORANGE,211928,337832,15820,263836,829416,2023,5,05/31/2023
OSCEOLA,58986,92712,3530,91408,246636,2023,5,05/31/2023
PALM BEACH,288754,383062,23100,292425,987341,2023,5,05/31/2023
PASCO,167885,110583,8931,119707,407106,2023,5,05/31/2023
PINELLAS,244433,227505,14346,193792,680076,2023,5,05/31/2023
POLK,176433,144900,9407,133519,464259,2023,5,05/31/2023
PUTNAM,25346,15102,778,10437,51663,2023,5,05/31/2023
SANTA ROSA,87115,23907,3505,32237,146764,2023,5,05/31/2023
SARASOTA,157668,100551,7197,93953,359369,2023,5,05/31/2023
SEMINOLE,117570,114402,7531,106494,345997,2023,5,05/31/2023
ST. JOHNS,119190,50001,4455,52371,226017,2023,5,05/31/2023
ST. LUCIE,83594,87319,5164,67126,243203,2023,5,05/31/2023
SUMTER,69270,25043,1512,25184,121009,2023,5,05/31/2023
SUWANNEE,16374,7323,486,4928,29111,2023,5,05/31/2023
TAYLOR,7161,4065,127,1486,12839,2023,5,05/31/2023
UNION,4671,2097,107,788,7663,2023,5,05/31/2023
VOLUSIA,157160,117545,8869,115882,399456,2023,5,05/31/2023
WAKULLA,12063,7001,411,4590,24065,2023,5,05/31/2023
WALTON,36781,8655,1186,11859,58481,2023,5,05/31/2023
WASHINGTON,9765,3760,180,2605,16310,2023,5,05/31/2023
TOTALS,5311365,4815215,282695,4012610,14421885,2023,5,05/31/2023
ALACHUA,49461,87196,3432,44830,184919,2023,6,06/30/2023
BAKER,11667,3866,233,2405,18171,2023,6,06/30/2023
BAY,69822,26729,2847,29381,128779,2023,6,06/30/2023
BRADFORD,10430,4804,234,2916,18384,2023,6,06/30/2023
BREVARD,196335,126442,11729,123479,457985,2023,6,06/30/2023
BROWARD,271391,592940,21882,383734,1269947,2023,6,06/30/2023
CALHOUN,3908,2979,55,921,7863,2023,6,06/30/2023
CHARLOTTE,75458,34609,3843,41993,155903,2023,6,06/30/2023
CITRUS,66611,25600,2665,29214,124090,2023,6,06/30/2023
CLAY,88195,34245,3397,38015,163852,2023,6,06/30/2023
COLLIER,134946,55937,4631,65862,261376,2023,6,06/30/2023
COLUMBIA,21582,10080,656,6446,38764,2023,6,06/30/2023
DESOTO,7997,5834,217,4642,18690,2023,6,06/30/2023
DIXIE,6382,2452,147,1758,10739,2023,6,06/30/2023
DUVAL,228106,252667,13759,149601,644133,2023,6,06/30/2023
ESCAMBIA,98937,68873,4628,48670,221108,2023,6,06/30/2023
FLAGLER,45289,26380,1928,25480,99077,2023,6,06/30/2023
FRANKLIN,3743,2804,207,1297,8051,2023,6,06/30/2023
GADSDEN,5480,19989,289,3256,29014,2023,6,06/30/2023
GILCHRIST,8144,2168,202,1893,12407,2023,6,06/30/2023
GLADES,3744,1914,140,1379,7177,2023,6,06/30/2023
GULF,6027,2632,239,1484,10382,2023,6,06/30/2023
HAMILTON,3446,3108,123,1126,7803,2023,6,06/30/2023
HARDEE,6790,3685,135,2996,13606,2023,6,06/30/2023
HENDRY,7776,5439,255,3117,16587,2023,6,06/30/2023
HERNANDO,64302,34274,3366,34006,135948,2023,6,06/30/2023
HIGHLANDS,34198,17287,1109,16773,69367,2023,6,06/30/2023
HILLSBOROUGH,293786,331935,19001,279971,924693,2023,6,06/30/2023
HOLMES,7805,2063,136,1479,11483,2023,6,06/30/2023
INDIAN RIVER,56216,27806,2763,26443,113228,2023,6,06/30/2023
JACKSON,14383,10304,278,3373,28338,2023,6,06/30/2023
JEFFERSON,4117,4158,81,1182,9538,2023,6,06/30/2023
LAFAYETTE,3205,944,52,355,4556,2023,6,06/30/2023
LAKE,112572,62884,4892,63440,243788,2023,6,06/30/2023
LEE,225989,122316,10005,151704,510014,2023,6,06/30/2023
LEON,53947,100886,3496,40050,198379,2023,6,06/30/2023
LEVY,16940,7487,697,5718,30842,2023,6,06/30/2023
LIBERTY,1996,1938,13,458,4405,2023,6,06/30/2023
MADISON,4743,5318,93,1441,11595,2023,6,06/30/2023
MANATEE,126653,77792,5775,73305,283525,2023,6,06/30/2023
MARION,129189,77970,5292,63458,275909,2023,6,06/30/2023
MARTIN,58600,25653,2764,26042,113059,2023,6,06/30/2023
MIAMI-DADE,436920,541033,24343,480407,1482703,2023,6,06/30/2023
MONROE,22622,14885,1187,11999,50693,2023,6,06/30/2023
NASSAU,44683,14178,1892,15970,76723,2023,6,06/30/2023
OKALOOSA,81176,25013,3347,34109,143645,2023,6,06/30/2023
OKEECHOBEE,10677,4515,346,3297,18835,2023,6,06/30/2023
ORANGE,210123,330379,16328,255556,812386,2023,6,06/30/2023
OSCEOLA,54905,79420,3425,73869,211619,2023,6,06/30/2023
PALM BEACH,280382,365167,22555,277647,945751,2023,6,06/30/2023
PASCO,157918,98408,8534,101031,365891,2023,6,06/30/2023
PINELLAS,243521,225844,14550,192262,676177,2023,6,06/30/2023
POLK,177261,145194,9721,133956,466132,2023,6,06/30/2023
PUTNAM,25382,15070,802,10440,51694,2023,6,06/30/2023
SANTA ROSA,87575,23980,3627,32310,147492,2023,6,06/30/2023
SARASOTA,156746,99398,7299,92723,356166,2023,6,06/30/2023
SEMINOLE,116629,112748,7654,104842,341873,2023,6,06/30/2023
ST. JOHNS,119434,49929,4583,52346,226292,2023,6,06/30/2023
ST. LUCIE,84066,87528,5362,67197,244153,2023,6,06/30/2023
SUMTER,68884,24793,1571,24962,120210,2023,6,06/30/2023
SUWANNEE,16437,7314,511,4927,29189,2023,6,06/30/2023
TAYLOR,7179,4052,130,1487,12848,2023,6,06/30/2023
UNION,4669,2076,107,774,7626,2023,6,06/30/2023
VOLUSIA,156979,116848,9079,115040,397946,2023,6,06/30/2023
WAKULLA,12041,6931,423,4530,23925,2023,6,06/30/2023
WALTON,36906,8612,1238,11785,58541,2023,6,06/30/2023
WASHINGTON,9846,3769,193,2572,16380,2023,6,06/30/2023
TOTALS,5263269,4721471,286493,3911131,14182364,2023,6,06/30/2023
ALACHUA,46688,79998,3228,40461,170375,2023,7,07/31/2023
BAKER,11710,3853,237,2404,18204,2023,7,07/31/2023
BAY,68712,25998,2876,28321,125907,2023,7,07/31/2023
BRADFORD,10363,4730,239,2851,18183,2023,7,07/31/2023
BREVARD,195929,125431,11980,122282,455622,2023,7,07/31/2023
BROWARD,271915,593103,22245,384302,1271565,2023,7,07/31/2023
CALHOUN,3932,2969,58,927,7886,2023,7,07/31/2023
CHARLOTTE,75797,34582,3974,42006,156359,2023,7,07/31/2023
CITRUS,62963,22667,2469,24597,112696,2023,7,07/31/2023
CLAY,88580,34374,3531,38089,164574,2023,7,07/31/2023
COLLIER,132564,53463,4528,61510,252065,2023,7,07/31/2023
COLUMBIA,21447,9996,678,6389,38510,2023,7,07/31/2023
DESOTO,8043,5806,231,4636,18716,2023,7,07/31/2023
DIXIE,6385,2440,154,1752,10731,2023,7,07/31/2023
DUVAL,228806,253314,14227,149958,646305,2023,7,07/31/2023
ESCAMBIA,98931,68749,4753,48477,220910,2023,7,07/31/2023
FLAGLER,45059,26081,1993,25025,98158,2023,7,07/31/2023
FRANKLIN,3762,2799,209,1294,8064,2023,7,07/31/2023
GADSDEN,5147,17554,258,2619,25578,2023,7,07/31/2023
GILCHRIST,8165,2162,208,1900,12435,2023,7,07/31/2023
GLADES,3772,1919,143,1379,7213,2023,7,07/31/2023
GULF,6082,2627,243,1490,10442,2023,7,07/31/2023
HAMILTON,3190,2530,98,883,6701,2023,7,07/31/2023
HARDEE,6801,3671,145,2996,13613,2023,7,07/31/2023
HENDRY,7815,5444,266,3138,16663,2023,7,07/31/2023
HERNANDO,64295,34068,3458,33798,135619,2023,7,07/31/2023
HIGHLANDS,32596,15166,1091,13880,62733,2023,7,07/31/2023
HILLSBOROUGH,293108,329865,19279,278137,920389,2023,7,07/31/2023
HOLMES,7853,2058,149,1492,11552,2023,7,07/31/2023
INDIAN RIVER,56479,27881,2833,26464,113657,2023,7,07/31/2023
JACKSON,14474,10297,295,3396,28462,2023,7,07/31/2023
JEFFERSON,4159,4179,89,1194,9621,2023,7,07/31/2023
LAFAYETTE,3219,941,53,355,4568,2023,7,07/31/2023
LAKE,106127,55977,4556,53500,220160,2023,7,07/31/2023
LEE,226956,122495,10330,151668,511449,2023,7,07/31/2023
LEON,53784,100398,3580,39832,197594,2023,7,07/31/2023
LEVY,16916,7432,711,5631,30690,2023,7,07/31/2023
LIBERTY,2006,1934,13,465,4418,2023,7,07/31/2023
MADISON,4759,5307,95,1448,11609,2023,7,07/31/2023
MANATEE,127420,77936,5986,73487,284829,2023,7,07/31/2023
MARION,129154,77724,5475,63136,275489,2023,7,07/31/2023
MARTIN,58777,25666,2890,26040,113373,2023,7,07/31/2023
MIAMI-DADE,435938,537117,24541,477649,1475245,2023,7,07/31/2023
MONROE,22760,14893,1223,11958,50834,2023,7,07/31/2023
NASSAU,44917,14195,1972,16024,77108,2023,7,07/31/2023
OKALOOSA,81389,25041,3462,34157,144049,2023,7,07/31/2023
OKEECHOBEE,10731,4523,370,3300,18924,2023,7,07/31/2023
ORANGE,206337,322246,16780,244904,790267,2023,7,07/31/2023
OSCEOLA,55395,79806,3712,74196,213109,2023,7,07/31/2023
PALM BEACH,280705,364437,22947,276941,945030,2023,7,07/31/2023
PASCO,159255,99003,8955,101642,368855,2023,7,07/31/2023
PINELLAS,244010,225720,14898,192238,676866,2023,7,07/31/2023
POLK,177471,145103,10017,133820,466411,2023,7,07/31/2023
PUTNAM,25488,15060,828,10471,51847,2023,7,07/31/2023
SANTA ROSA,88266,24120,3742,32527,148655,2023,7,07/31/2023
SARASOTA,154471,97448,7336,90837,350092,2023,7,07/31/2023
SEMINOLE,115732,111486,7761,103592,338571,2023,7,07/31/2023
ST. JOHNS,119717,49945,4720,52236,226618,2023,7,07/31/2023
ST. LUCIE,84491,87750,5573,67291,245105,2023,7,07/31/2023
SUMTER,69013,24804,1646,24925,120388,2023,7,07/31/2023
SUWANNEE,15127,5843,453,3764,25187,2023,7,07/31/2023
TAYLOR,7180,4026,136,1479,12821,2023,7,07/31/2023
UNION,4674,2067,109,774,7624,2023,7,07/31/2023
VOLUSIA,157757,117114,9389,115367,399627,2023,7,07/31/2023
WAKULLA,11589,6351,434,3909,22283,2023,7,07/31/2023
WALTON,37120,8619,1295,11797,58831,2023,7,07/31/2023
WASHINGTON,9965,3786,202,2543,16496,2023,7,07/31/2023
TOTALS,5244138,4676087,292355,3861950,14074530,2023,7,07/31/2023
ALACHUA,46943,80235,3319,40600,171097,2023,8,08/31/2023
BAKER,11744,3850,248,2402,18244,2023,8,08/31/2023
BAY,67823,25514,2927,27581,123845,2023,8,08/31/2023
BRADFORD,10361,4714,253,2851,18179,2023,8,08/31/2023
BREVARD,186065,113903,11338,105712,417018,2023,8,08/31/2023
BROWARD,272685,593058,22695,384804,1273242,2023,8,08/31/2023
CALHOUN,3952,2956,59,925,7892,2023,8,08/31/2023
CHARLOTTE,76093,34562,4117,41930,156702,2023,8,08/31/2023
CITRUS,62886,22518,2540,24362,112306,2023,8,08/31/2023
CLAY,88043,34098,3615,37644,163400,2023,8,08/31/2023
COLLIER,133133,53581,4708,61544,252966,2023,8,08/31/2023
COLUMBIA,21551,9982,706,6403,38642,2023,8,08/31/2023
DESOTO,8106,5800,240,4631,18777,2023,8,08/31/2023
DIXIE,6399,2428,158,1752,10737,2023,8,08/31/2023
DUVAL,229516,253692,14744,150194,648146,2023,8,08/31/2023
ESCAMBIA,99072,68660,4896,48448,221076,2023,8,08/31/2023
FLAGLER,45211,26039,2108,24940,98298,2023,8,08/31/2023
FRANKLIN,3784,2799,216,1292,8091,2023,8,08/31/2023
GADSDEN,5183,17580,270,2638,25671,2023,8,08/31/2023
GILCHRIST,8148,2123,211,1870,12352,2023,8,08/31/2023
GLADES,3790,1913,147,1373,7223,2023,8,08/31/2023
GULF,6118,2620,251,1493,10482,2023,8,08/31/2023
HAMILTON,3202,2541,99,896,6738,2023,8,08/31/2023
HARDEE,6830,3676,153,3007,13666,2023,8,08/31/2023
HENDRY,7876,5454,276,3162,16768,2023,8,08/31/2023
HERNANDO,64063,33842,3524,33540,134969,2023,8,08/31/2023
HIGHLANDS,32726,15189,1167,13901,62983,2023,8,08/31/2023
HILLSBOROUGH,293847,329947,19825,278444,922063,2023,8,08/31/2023
HOLMES,7888,2053,154,1494,11589,2023,8,08/31/2023
INDIAN RIVER,56688,27883,2946,26495,114012,2023,8,08/31/2023
JACKSON,14543,10295,302,3397,28537,2023,8,08/31/2023
JEFFERSON,4175,4158,94,1192,9619,2023,8,08/31/2023
LAFAYETTE,3233,939,54,355,4581,2023,8,08/31/2023
LAKE,107308,56796,4858,54302,223264,2023,8,08/31/2023
LEE,227880,122551,10646,151567,512644,2023,8,08/31/2023
LEON,53824,100174,3679,39719,197396,2023,8,08/31/2023
LEVY,15964,6367,669,4567,27567,2023,8,08/31/2023
LIBERTY,2013,1933,13,463,4422,2023,8,08/31/2023
MADISON,4771,5294,97,1451,11613,2023,8,08/31/2023
MANATEE,121833,69970,5815,63700,261318,2023,8,08/31/2023
MARION,129165,76976,5633,62411,274185,2023,8,08/31/2023
MARTIN,58989,25690,2982,26034,113695,2023,8,08/31/2023
MIAMI-DADE,434090,529220,24776,472223,1460309,2023,8,08/31/2023
MONROE,22925,14884,1272,11955,51036,2023,8,08/31/2023
NASSAU,45125,14248,2044,16069,77486,2023,8,08/31/2023
OKALOOSA,81023,24781,3565,33691,143060,2023,8,08/31/2023
OKEECHOBEE,10779,4531,397,3298,19005,2023,8,08/31/2023
ORANGE,205357,320188,17276,242733,785554,2023,8,08/31/2023
OSCEOLA,55942,80591,3938,74808,215279,2023,8,08/31/2023
PALM BEACH,282083,364865,23457,277412,947817,2023,8,08/31/2023
PASCO,159706,99012,9280,101616,369614,2023,8,08/31/2023
PINELLAS,230412,205340,14139,164369,614260,2023,8,08/31/2023
POLK,178602,145856,10449,134684,469591,2023,8,08/31/2023
PUTNAM,25340,14952,851,10371,51514,2023,8,08/31/2023
SANTA ROSA,80529,20713,3315,26603,131160,2023,8,08/31/2023
SARASOTA,154757,97164,7492,90486,349899,2023,8,08/31/2023
SEMINOLE,116457,112253,8055,104133,340898,2023,8,08/31/2023
ST. JOHNS,114859,46630,4544,46526,212559,2023,8,08/31/2023
ST. LUCIE,84187,87251,5741,66773,243952,2023,8,08/31/2023
SUMTER,69331,24825,1740,24956,120852,2023,8,08/31/2023
SUWANNEE,15184,5842,461,3774,25261,2023,8,08/31/2023
TAYLOR,6523,3279,117,1127,11046,2023,8,08/31/2023
UNION,4709,2065,114,786,7674,2023,8,08/31/2023
VOLUSIA,158513,117229,9702,115597,401041,2023,8,08/31/2023
WAKULLA,11643,6355,455,3900,22353,2023,8,08/31/2023
WALTON,35260,7650,1258,9989,54157,2023,8,08/31/2023
WASHINGTON,10014,3767,215,2542,16538,2023,8,08/31/2023
TOTALS,5206774,4617844,297405,3785907,13907930,2023,8,08/31/2023
ALACHUA,43093,72044,3136,33914,152187,2023,9,09/30/2023
BAKER,11805,3848,259,2402,18314,2023,9,09/30/2023
BAY,68174,25562,3031,27541,124308,2023,9,09/30/2023
BRADFORD,10356,4674,251,2811,18092,2023,9,09/30/2023
BREVARD,187021,114112,11671,106092,418896,2023,9,09/30/2023
BROWARD,273860,593409,23139,385995,1276403,2023,9,09/30/2023
CALHOUN,4003,2919,59,923,7904,2023,9,09/30/2023
CHARLOTTE,76444,34584,4257,41927,157212,2023,9,09/30/2023
CITRUS,63146,22527,2629,24392,112694,2023,9,09/30/2023
CLAY,86328,32998,3646,35672,158644,2023,9,09/30/2023
COLLIER,133647,53671,4862,61602,253782,2023,9,09/30/2023
COLUMBIA,21596,9958,735,6362,38651,2023,9,09/30/2023
DESOTO,8152,5801,252,4627,18832,2023,9,09/30/2023
DIXIE,6431,2415,168,1752,10766,2023,9,09/30/2023
DUVAL,227363,248663,14863,146743,637632,2023,9,09/30/2023
ESCAMBIA,99353,68685,5021,48547,221606,2023,9,09/30/2023
FLAGLER,42956,23448,2055,21258,89717,2023,9,09/30/2023
FRANKLIN,3802,2794,222,1290,8108,2023,9,09/30/2023
GADSDEN,5198,17602,284,2648,25732,2023,9,09/30/2023
GILCHRIST,8175,2110,221,1878,12384,2023,9,09/30/2023
GLADES,3807,1921,152,1378,7258,2023,9,09/30/2023
GULF,6150,2615,251,1489,10505,2023,9,09/30/2023
HAMILTON,3207,2536,105,903,6751,2023,9,09/30/2023
HARDEE,6859,3682,160,3004,13705,2023,9,09/30/2023
HENDRY,7932,5479,287,3185,16883,2023,9,09/30/2023
HERNANDO,64234,33834,3640,33504,135212,2023,9,09/30/2023
HIGHLANDS,32880,15199,1238,13931,63248,2023,9,09/30/2023
HILLSBOROUGH,292202,325912,20042,273910,912066,2023,9,09/30/2023
HOLMES,7913,2038,164,1500,11615,2023,9,09/30/2023
INDIAN RIVER,56892,27923,3041,26528,114384,2023,9,09/30/2023
JACKSON,14635,10283,307,3353,28578,2023,9,09/30/2023
JEFFERSON,4194,4163,95,1186,9638,2023,9,09/30/2023
LAFAYETTE,3244,933,55,355,4587,2023,9,09/30/2023
LAKE,108264,57277,5108,54789,225438,2023,9,09/30/2023
LEE,218119,109825,10193,128865,467002,2023,9,09/30/2023
LEON,53927,100304,3769,39832,197832,2023,9,09/30/2023
LEVY,16041,6355,700,4574,27670,2023,9,09/30/2023
LIBERTY,2022,1928,15,465,4430,2023,9,09/30/2023
MADISON,4780,5285,98,1455,11618,2023,9,09/30/2023
MANATEE,122586,70098,5994,63965,262643,2023,9,09/30/2023
MARION,122098,67090,5379,51882,246449,2023,9,09/30/2023
MARTIN,59332,25783,3087,26098,114300,2023,9,09/30/2023
MIAMI-DADE,434873,527176,25181,471181,1458411,2023,9,09/30/2023
MONROE,23053,14901,1319,11997,51270,2023,9,09/30/2023
NASSAU,43007,12906,1981,14003,71897,2023,9,09/30/2023
OKALOOSA,80841,24638,3630,33405,142514,2023,9,09/30/2023
OKEECHOBEE,10859,4549,422,3319,19149,2023,9,09/30/2023
ORANGE,206469,320519,17848,242466,787302,2023,9,09/30/2023
OSCEOLA,56357,81047,4126,75096,216626,2023,9,09/30/2023
PALM BEACH,282185,363913,23841,276609,946548,2023,9,09/30/2023
PASCO,160640,99338,9620,101880,371478,2023,9,09/30/2023
PINELLAS,231402,205646,14583,164888,616519,2023,9,09/30/2023
POLK,170844,130525,9830,113267,424466,2023,9,09/30/2023
PUTNAM,24721,14319,849,9864,49753,2023,9,09/30/2023
SANTA ROSA,81027,20795,3408,26684,131914,2023,9,09/30/2023
SARASOTA,155286,97047,7691,90432,350456,2023,9,09/30/2023
SEMINOLE,116704,112197,8294,104045,341240,2023,9,09/30/2023
ST. JOHNS,115460,46730,4654,46688,213532,2023,9,09/30/2023
ST. LUCIE,84731,87567,5920,66997,245215,2023,9,09/30/2023
SUMTER,69658,24820,1829,24975,121282,2023,9,09/30/2023
SUWANNEE,15256,5848,476,3781,25361,2023,9,09/30/2023
TAYLOR,6147,2522,110,882,9661,2023,9,09/30/2023
UNION,4715,2059,117,790,7681,2023,9,09/30/2023
VOLUSIA,159243,117389,9992,115882,402506,2023,9,09/30/2023
WAKULLA,11699,6339,467,3883,22388,2023,9,09/30/2023
WALTON,35634,7717,1324,10107,54782,2023,9,09/30/2023
WASHINGTON,10046,3766,221,2545,16578,2023,9,09/30/2023
TOTALS,5183078,4556560,302374,3710193,13752205,2023,9,09/30/2023
ALACHUA,43291,72417,3240,34090,153038,2023,10,10/31/2023
BAKER,11812,3812,269,2387,18280,2023,10,10/31/2023
BAY,68415,25577,3142,27493,124627,2023,10,10/31/2023
BRADFORD,10317,4609,258,2761,17945,2023,10,10/31/2023
BREVARD,187584,114171,11973,106276,420004,2023,10,10/31/2023
BROWARD,274486,592771,23504,386441,1277202,2023,10,10/31/2023
CALHOUN,4048,2914,62,929,7953,2023,10,10/31/2023
CHARLOTTE,74001,32120,4282,37547,147950,2023,10,10/31/2023
CITRUS,63516,22571,2721,24477,113285,2023,10,10/31/2023
CLAY,81956,29729,3498,30619,145802,2023,10,10/31/2023
COLLIER,134378,53684,5012,61710,254784,2023,10,10/31/2023
COLUMBIA,21719,9980,769,6391,38859,2023,10,10/31/2023
DESOTO,8183,5805,265,4621,18874,2023,10,10/31/2023
DIXIE,6339,2338,160,1685,10522,2023,10,10/31/2023
DUVAL,228213,249467,15209,147315,640204,2023,10,10/31/2023
ESCAMBIA,99656,68746,5153,48616,222171,2023,10,10/31/2023
FLAGLER,43275,23493,2152,21328,90248,2023,10,10/31/2023
FRANKLIN,3829,2778,226,1300,8133,2023,10,10/31/2023
GADSDEN,5213,17746,298,2677,25934,2023,10,10/31/2023
GILCHRIST,8230,2109,229,1878,12446,2023,10,10/31/2023
GLADES,3806,1901,153,1373,7233,2023,10,10/31/2023
GULF,6182,2615,264,1489,10550,2023,10,10/31/2023
HAMILTON,3216,2533,114,899,6762,2023,10,10/31/2023
HARDEE,6873,3671,173,3002,13719,2023,10,10/31/2023
HENDRY,7971,5496,296,3215,16978,2023,10,10/31/2023
HERNANDO,64762,33947,3780,33649,136138,2023,10,10/31/2023
HIGHLANDS,33042,15233,1297,13941,63513,2023,10,10/31/2023
HILLSBOROUGH,274718,290834,19049,231978,816579,2023,10,10/31/2023
HOLMES,7938,2034,170,1511,11653,2023,10,10/31/2023
INDIAN RIVER,57166,27991,3154,26580,114891,2023,10,10/31/2023
JACKSON,14333,9835,294,3119,27581,2023,10,10/31/2023
JEFFERSON,4174,4148,95,1180,9597,2023,10,10/31/2023
LAFAYETTE,3251,925,56,353,4585,2023,10,10/31/2023
LAKE,109057,57756,5317,55237,227367,2023,10,10/31/2023
LEE,219334,109917,10578,129135,468964,2023,10,10/31/2023
LEON,53687,99490,3825,39380,196382,2023,10,10/31/2023
LEVY,16106,6388,725,4592,27811,2023,10,10/31/2023
LIBERTY,2034,1918,15,467,4434,2023,10,10/31/2023
MADISON,4804,5277,103,1460,11644,2023,10,10/31/2023
MANATEE,123101,69781,6204,63803,262889,2023,10,10/31/2023
MARION,122793,67358,5575,52171,247897,2023,10,10/31/2023
MARTIN,59540,25818,3177,26137,114672,2023,10,10/31/2023
MIAMI-DADE,433804,523861,25515,468223,1451403,2023,10,10/31/2023
MONROE,23190,14935,1351,12029,51505,2023,10,10/31/2023
NASSAU,43262,12951,2027,14095,72335,2023,10,10/31/2023
OKALOOSA,81156,24663,3748,33451,143018,2023,10,10/31/2023
OKEECHOBEE,10894,4535,428,3313,19170,2023,10,10/31/2023
ORANGE,207479,321592,18363,243276,790710,2023,10,10/31/2023
OSCEOLA,56945,81533,4376,75517,218371,2023,10,10/31/2023
PALM BEACH,263533,325230,22582,237013,848358,2023,10,10/31/2023
PASCO,161021,99375,9936,102045,372377,2023,10,10/31/2023
PINELLAS,232339,205954,14906,165439,618638,2023,10,10/31/2023
POLK,172080,131268,10252,114192,427792,2023,10,10/31/2023
PUTNAM,22698,11374,780,7166,42018,2023,10,10/31/2023
SANTA ROSA,81497,20848,3505,26798,132648,2023,10,10/31/2023
SARASOTA,155911,97111,7928,90591,351541,2023,10,10/31/2023
SEMINOLE,116855,112047,8547,103927,341376,2023,10,10/31/2023
ST. JOHNS,116168,46905,4755,46982,214810,2023,10,10/31/2023
ST. LUCIE,85081,87716,6115,67158,246070,2023,10,10/31/2023
SUMTER,70031,24853,1917,25047,121848,2023,10,10/31/2023
SUWANNEE,15339,5861,493,3799,25492,2023,10,10/31/2023
TAYLOR,6182,2543,124,888,9737,2023,10,10/31/2023
UNION,4736,2054,122,789,7701,2023,10,10/31/2023
VOLUSIA,159349,116910,10250,115414,401923,2023,10,10/31/2023
WAKULLA,11740,6354,492,3900,22486,2023,10,10/31/2023
WALTON,35962,7720,1380,10147,55209,2023,10,10/31/2023
WASHINGTON,10094,3769,227,2557,16647,2023,10,10/31/2023
TOTALS,5153695,4473665,306955,3618968,13553283,2023,10,10/31/2023
ALACHUA,43484,72734,3342,34294,153854,2023,11,11/30/2023
BAKER,11767,3751,282,2350,18150,2023,11,11/30/2023
BAY,68375,25433,3198,27314,124320,2023,11,11/30/2023
BRADFORD,10203,4505,265,2683,17656,2023,11,11/30/2023
BREVARD,187488,113698,12161,106006,419353,2023,11,11/30/2023
BROWARD,275103,592226,23706,386822,1277857,2023,11,11/30/2023
CALHOUN,4059,2903,63,933,7958,2023,11,11/30/2023
CHARLOTTE,74550,32150,4412,37592,148704,2023,11,11/30/2023
CITRUS,63901,22610,2825,24551,113887,2023,11,11/30/2023
CLAY,81998,29719,3574,30620,145911,2023,11,11/30/2023
COLLIER,134776,53623,5147,61583,255129,2023,11,11/30/2023
COLUMBIA,21856,10085,805,6472,39218,2023,11,11/30/2023
DESOTO,8221,5808,277,4624,18930,2023,11,11/30/2023
DIXIE,6361,2332,170,1684,10547,2023,11,11/30/2023
DUVAL,227528,248584,15478,146465,638055,2023,11,11/30/2023
ESCAMBIA,99972,68904,5275,48745,222896,2023,11,11/30/2023
FLAGLER,43581,23583,2233,21396,90793,2023,11,11/30/2023
FRANKLIN,3324,2113,187,940,6564,2023,11,11/30/2023
GADSDEN,5237,17869,310,2713,26129,2023,11,11/30/2023
GILCHRIST,8253,2107,235,1884,12479,2023,11,11/30/2023
GLADES,3828,1897,156,1375,7256,2023,11,11/30/2023
GULF,6219,2612,267,1488,10586,2023,11,11/30/2023
HAMILTON,3232,2550,120,907,6809,2023,11,11/30/2023
HARDEE,6537,3183,174,2639,12533,2023,11,11/30/2023
HENDRY,7999,5497,303,3230,17029,2023,11,11/30/2023
HERNANDO,65065,33945,3870,33650,136530,2023,11,11/30/2023
HIGHLANDS,33162,15231,1360,13942,63695,2023,11,11/30/2023
HILLSBOROUGH,274223,289976,19428,231327,814954,2023,11,11/30/2023
HOLMES,7954,2035,178,1516,11683,2023,11,11/30/2023
INDIAN RIVER,57382,28021,3237,26613,115253,2023,11,11/30/2023
JACKSON,14379,9828,313,3120,27640,2023,11,11/30/2023
JEFFERSON,4174,4134,98,1168,9574,2023,11,11/30/2023
LAFAYETTE,3258,922,57,354,4591,2023,11,11/30/2023
LAKE,109850,58351,5523,55777,229501,2023,11,11/30/2023
LEE,219762,109634,10842,129086,469324,2023,11,11/30/2023
LEON,53742,99264,3881,39326,196213,2023,11,11/30/2023
LEVY,16318,6444,725,4376,27863,2023,11,11/30/2023
LIBERTY,2048,1906,15,470,4439,2023,11,11/30/2023
MADISON,4825,5271,104,1467,11667,2023,11,11/30/2023
MANATEE,123849,70025,6367,64098,264339,2023,11,11/30/2023
MARION,123470,67621,5826,52371,249288,2023,11,11/30/2023
MARTIN,59803,25860,3245,26177,115085,2023,11,11/30/2023
MIAMI-DADE,433360,518986,25591,465393,1443330,2023,11,11/30/2023
MONROE,23281,14961,1400,12064,51706,2023,11,11/30/2023
NASSAU,43512,12994,2076,14151,72733,2023,11,11/30/2023
OKALOOSA,81350,24670,3817,33469,143306,2023,11,11/30/2023
OKEECHOBEE,10938,4546,448,3317,19249,2023,11,11/30/2023
ORANGE,208465,322537,18953,244108,794063,2023,11,11/30/2023
OSCEOLA,57337,81896,4564,75799,219596,2023,11,11/30/2023
PALM BEACH,265476,325830,23149,237898,852353,2023,11,11/30/2023
PASCO,161731,99559,10198,102298,373786,2023,11,11/30/2023
PINELLAS,233016,206243,15278,166003,620540,2023,11,11/30/2023
POLK,172953,132013,10586,115059,430611,2023,11,11/30/2023
PUTNAM,22821,11387,811,7205,42224,2023,11,11/30/2023
SANTA ROSA,81965,20918,3583,26926,133392,2023,11,11/30/2023
SARASOTA,147541,88174,7497,78361,321573,2023,11,11/30/2023
SEMINOLE,116996,111964,8709,103830,341499,2023,11,11/30/2023
ST. JOHNS,116484,46965,4850,47016,215315,2023,11,11/30/2023
ST. LUCIE,85482,87911,6277,67319,246989,2023,11,11/30/2023
SUMTER,70417,24865,1993,25121,122396,2023,11,11/30/2023
SUWANNEE,15401,5881,509,3819,25610,2023,11,11/30/2023
TAYLOR,6237,2579,131,895,9842,2023,11,11/30/2023
UNION,4751,2050,122,794,7717,2023,11,11/30/2023
VOLUSIA,160038,117119,10532,115659,403348,2023,11,11/30/2023
WAKULLA,11764,6332,505,3899,22500,2023,11,11/30/2023
WALTON,36196,7754,1428,10170,55548,2023,11,11/30/2023
WASHINGTON,10125,3753,231,2558,16667,2023,11,11/30/2023
TOTALS,5158753,4460831,313272,3607279,13540135,2023,11,11/30/2023
ALACHUA,43605,72850,3421,34411,154287,2023,12,12/31/2023
BAKER,11804,3745,288,2345,18182,2023,12,12/31/2023
BAY,68697,25507,3272,27383,124859,2023,12,12/31/2023
BRADFORD,10237,4490,269,2682,17678,2023,12,12/31/2023
BREVARD,188364,113856,12386,106416,421022,2023,12,12/31/2023
BROWARD,246119,505525,21908,316506,1090058,2023,12,12/31/2023
CALHOUN,4086,2889,62,931,7968,2023,12,12/31/2023
CHARLOTTE,75012,32172,4513,37578,149275,2023,12,12/31/2023
CITRUS,64325,22616,2933,24582,114456,2023,12,12/31/2023
CLAY,82258,29785,3664,30693,146400,2023,12,12/31/2023
COLLIER,135504,53634,5253,61650,256041,2023,12,12/31/2023
COLUMBIA,21891,10085,825,6477,39278,2023,12,12/31/2023
DESOTO,8274,5789,286,4622,18971,2023,12,12/31/2023
DIXIE,6370,2332,171,1686,10559,2023,12,12/31/2023
DUVAL,227792,248341,15840,146309,638282,2023,12,12/31/2023
ESCAMBIA,100337,68964,5374,48774,223449,2023,12,12/31/2023
FLAGLER,43898,23635,2319,21441,91293,2023,12,12/31/2023
FRANKLIN,3353,2120,190,941,6604,2023,12,12/31/2023
GADSDEN,5255,17932,320,2735,26242,2023,12,12/31/2023
GILCHRIST,8274,2097,238,1884,12493,2023,12,12/31/2023
GLADES,3844,1898,160,1375,7277,2023,12,12/31/2023
GULF,6270,2613,274,1479,10636,2023,12,12/31/2023
HAMILTON,3239,2554,119,907,6819,2023,12,12/31/2023
HARDEE,6553,3183,181,2635,12552,2023,12,12/31/2023
HENDRY,8025,5509,316,3269,17119,2023,12,12/31/2023
HERNANDO,65331,33955,3957,33737,136980,2023,12,12/31/2023
HIGHLANDS,33262,15234,1426,13965,63887,2023,12,12/31/2023
HILLSBOROUGH,275217,289903,19846,231978,816944,2023,12,12/31/2023
HOLMES,7964,2040,180,1521,11705,2023,12,12/31/2023
INDIAN RIVER,57599,28025,3303,26636,115563,2023,12,12/31/2023
JACKSON,13880,8782,319,2614,25595,2023,12,12/31/2023
JEFFERSON,4173,4116,102,1165,9556,2023,12,12/31/2023
LAFAYETTE,3081,699,51,269,4100,2023,12,12/31/2023
LAKE,109604,57930,5618,55348,228500,2023,12,12/31/2023
LEE,220959,109718,11104,129447,471228,2023,12,12/31/2023
LEON,53857,99219,3944,39351,196371,2023,12,12/31/2023
LEVY,16411,6464,740,4262,27877,2023,12,12/31/2023
LIBERTY,2058,1891,15,467,4431,2023,12,12/31/2023
MADISON,4850,5243,104,1477,11674,2023,12,12/31/2023
MANATEE,124682,70250,6542,64479,265953,2023,12,12/31/2023
MARION,124158,67866,6028,52589,250641,2023,12,12/31/2023
MARTIN,60045,25842,3311,26177,115375,2023,12,12/31/2023
MIAMI-DADE,432979,515539,25860,463481,1437859,2023,12,12/31/2023
MONROE,23394,14956,1437,12054,51841,2023,12,12/31/2023
NASSAU,43614,12974,2122,14129,72839,2023,12,12/31/2023
OKALOOSA,81451,24626,3892,33364,143333,2023,12,12/31/2023
OKEECHOBEE,11020,4555,467,3330,19372,2023,12,12/31/2023
ORANGE,209191,322893,19464,244512,796060,2023,12,12/31/2023
OSCEOLA,57871,82000,4748,75767,220386,2023,12,12/31/2023
PALM BEACH,266870,326199,23631,238494,855194,2023,12,12/31/2023
PASCO,162615,99805,10423,102648,375491,2023,12,12/31/2023
PINELLAS,232791,204362,15463,164664,617280,2023,12,12/31/2023
POLK,173629,132604,10901,115926,433060,2023,12,12/31/2023
PUTNAM,22932,11409,831,7252,42424,2023,12,12/31/2023
SANTA ROSA,82288,20924,3651,26928,133791,2023,12,12/31/2023
SARASOTA,148288,88112,7628,78361,322389,2023,12,12/31/2023
SEMINOLE,117034,111743,8872,103699,341348,2023,12,12/31/2023
ST. JOHNS,117199,47134,4952,47209,216494,2023,12,12/31/2023
ST. LUCIE,81978,80636,6261,58715,227590,2023,12,12/31/2023
SUMTER,70672,24878,2048,25107,122705,2023,12,12/31/2023
SUWANNEE,15468,5876,520,3839,25703,2023,12,12/31/2023
TAYLOR,6315,2596,135,910,9956,2023,12,12/31/2023
UNION,4747,2051,126,787,7711,2023,12,12/31/2023
VOLUSIA,160686,117194,10776,115846,404502,2023,12,12/31/2023
WAKULLA,11832,6333,522,3907,22594,2023,12,12/31/2023
WALTON,36409,7758,1472,10173,55812,2023,12,12/31/2023
WASHINGTON,10058,3692,233,2512,16495,2023,12,12/31/2023
TOTALS,5141848,4362147,317607,3528807,13350409,2023,12,12/31/2023
ALACHUA,44079,72923,3525,34586,155113,2024,1,01/31/2024
BAKER,11867,3723,298,2362,18250,2024,1,01/31/2024
BAY,69246,25560,3388,27362,125556,2024,1,01/31/2024
BRADFORD,10303,4468,295,2680,17746,2024,1,01/31/2024
BREVARD,189821,113961,12711,106735,423228,2024,1,01/31/2024
BROWARD,248341,505574,22354,318211,1094480,2024,1,01/31/2024
CALHOUN,4153,2854,66,939,8012,2024,1,01/31/2024
CHARLOTTE,75746,32100,4653,37605,150104,2024,1,01/31/2024
CITRUS,64831,22562,3040,24576,115009,2024,1,01/31/2024
CLAY,82704,29844,3788,30749,147085,2024,1,01/31/2024
COLLIER,136609,53522,5444,61637,257212,2024,1,01/31/2024
COLUMBIA,22031,10076,855,6495,39457,2024,1,01/31/2024
DESOTO,8339,5774,296,4613,19022,2024,1,01/31/2024
DIXIE,6431,2322,173,1691,10617,2024,1,01/31/2024
DUVAL,229697,248438,16421,146630,641186,2024,1,01/31/2024
ESCAMBIA,100875,69028,5506,48803,224212,2024,1,01/31/2024
FLAGLER,44390,23637,2470,21434,91931,2024,1,01/31/2024
FRANKLIN,3401,2104,198,934,6637,2024,1,01/31/2024
GADSDEN,5307,17898,328,2734,26267,2024,1,01/31/2024
GILCHRIST,8395,2084,246,1886,12611,2024,1,01/31/2024
GLADES,3899,1888,166,1372,7325,2024,1,01/31/2024
GULF,6328,2611,277,1477,10693,2024,1,01/31/2024
HAMILTON,3276,2542,124,895,6837,2024,1,01/31/2024
HARDEE,6596,3173,197,2629,12595,2024,1,01/31/2024
HENDRY,8099,5522,328,3304,17253,2024,1,01/31/2024
HERNANDO,65790,33926,4104,33749,137569,2024,1,01/31/2024
HIGHLANDS,33512,15226,1482,13940,64160,2024,1,01/31/2024
HILLSBOROUGH,278300,290065,20400,232563,821328,2024,1,01/31/2024
HOLMES,7995,2029,184,1526,11734,2024,1,01/31/2024
INDIAN RIVER,58107,27959,3401,26568,116035,2024,1,01/31/2024
JACKSON,13998,8747,342,2596,25683,2024,1,01/31/2024
JEFFERSON,4214,4105,107,1163,9589,2024,1,01/31/2024
LAFAYETTE,3091,690,51,270,4102,2024,1,01/31/2024
LAKE,110804,58214,5865,55718,230601,2024,1,01/31/2024
LEE,222643,109744,11422,129572,473381,2024,1,01/31/2024
LEON,54231,99226,4021,39459,196937,2024,1,01/31/2024
LEVY,16582,6455,757,4217,28011,2024,1,01/31/2024
LIBERTY,2074,1882,16,463,4435,2024,1,01/31/2024
MADISON,4906,5219,108,1477,11710,2024,1,01/31/2024
MANATEE,125802,70271,6779,64804,267656,2024,1,01/31/2024
MARION,125466,68064,6222,52372,252124,2024,1,01/31/2024
MARTIN,60488,25770,3409,26088,115755,2024,1,01/31/2024
MIAMI-DADE,435482,512888,26192,462821,1437383,2024,1,01/31/2024
MONROE,23476,14967,1487,12091,52021,2024,1,01/31/2024
NASSAU,43971,12982,2190,14168,73311,2024,1,01/31/2024
OKALOOSA,81753,24585,4002,33362,143702,2024,1,01/31/2024
OKEECHOBEE,11130,4544,484,3343,19501,2024,1,01/31/2024
ORANGE,210623,323118,20144,244880,798765,2024,1,01/31/2024
OSCEOLA,58598,82260,4982,76051,221891,2024,1,01/31/2024
PALM BEACH,269558,326289,24228,239113,859188,2024,1,01/31/2024
PASCO,163930,99956,10819,102869,377574,2024,1,01/31/2024
PINELLAS,234231,204178,15868,164914,619191,2024,1,01/31/2024
POLK,176642,133323,11121,114449,435535,2024,1,01/31/2024
PUTNAM,23136,11423,867,7301,42727,2024,1,01/31/2024
SANTA ROSA,82909,20934,3774,26995,134612,2024,1,01/31/2024
SARASOTA,149673,87938,7840,78249,323700,2024,1,01/31/2024
SEMINOLE,117727,111757,9203,103629,342316,2024,1,01/31/2024
ST. JOHNS,118873,47052,5057,46798,217780,2024,1,01/31/2024
ST. LUCIE,82958,80791,6482,58857,229088,2024,1,01/31/2024
SUMTER,71141,24824,2109,25072,123146,2024,1,01/31/2024
SUWANNEE,15553,5857,540,3856,25806,2024,1,01/31/2024
TAYLOR,6426,2588,144,875,10033,2024,1,01/31/2024
UNION,4759,2047,123,789,7718,2024,1,01/31/2024
VOLUSIA,161762,117133,11087,115972,405954,2024,1,01/31/2024
WAKULLA,11933,6303,543,3895,22674,2024,1,01/31/2024
WALTON,36743,7746,1526,10201,56216,2024,1,01/31/2024
WASHINGTON,10128,3668,246,2508,16550,2024,1,01/31/2024
TOTALS,5185882,4360931,326875,3531942,13405630,2024,1,01/31/2024
ALACHUA,44362,73110,3559,34766,155797,2024,2,02/29/2024
BAKER,11941,3710,309,2362,18322,2024,2,02/29/2024
BAY,69812,25581,3492,27429,126314,2024,2,02/29/2024
BRADFORD,10345,4452,298,2690,17785,2024,2,02/29/2024
BREVARD,191068,114129,12944,107184,425325,2024,2,02/29/2024
BROWARD,250176,506093,22675,320116,1099060,2024,2,02/29/2024
CALHOUN,4214,2829,71,938,8052,2024,2,02/29/2024
CHARLOTTE,76279,32121,4744,37674,150818,2024,2,02/29/2024
CITRUS,65404,22555,3135,24645,115739,2024,2,02/29/2024
CLAY,83113,29952,3904,30887,147856,2024,2,02/29/2024
COLLIER,137505,53547,5573,61777,258402,2024,2,02/29/2024
COLUMBIA,22178,10075,881,6532,39666,2024,2,02/29/2024
DESOTO,8405,5764,307,4615,19091,2024,2,02/29/2024
DIXIE,6509,2310,184,1700,10703,2024,2,02/29/2024
DUVAL,230565,248562,16754,146904,642785,2024,2,02/29/2024
ESCAMBIA,95003,62418,5341,42606,205368,2024,2,02/29/2024
FLAGLER,44829,23701,2545,21498,92573,2024,2,02/29/2024
FRANKLIN,3458,2122,212,939,6731,2024,2,02/29/2024
GADSDEN,5370,17932,333,2756,26391,2024,2,02/29/2024
GILCHRIST,8484,2075,252,1891,12702,2024,2,02/29/2024
GLADES,3945,1885,166,1393,7389,2024,2,02/29/2024
GULF,6367,2605,285,1488,10745,2024,2,02/29/2024
HAMILTON,3322,2536,123,892,6873,2024,2,02/29/2024
HARDEE,6639,3158,204,2626,12627,2024,2,02/29/2024
HENDRY,8041,5345,327,3255,16968,2024,2,02/29/2024
HERNANDO,66051,33857,4168,33754,137830,2024,2,02/29/2024
HIGHLANDS,33676,15266,1516,13995,64453,2024,2,02/29/2024
HILLSBOROUGH,280175,290629,20821,233482,825107,2024,2,02/29/2024
HOLMES,8022,2024,187,1534,11767,2024,2,02/29/2024
INDIAN RIVER,58483,27959,3467,26550,116459,2024,2,02/29/2024
JACKSON,14104,8764,366,2621,25855,2024,2,02/29/2024
JEFFERSON,4259,4090,108,1168,9625,2024,2,02/29/2024
LAFAYETTE,3106,690,53,269,4118,2024,2,02/29/2024
LAKE,111790,58481,6033,56119,232423,2024,2,02/29/2024
LEE,224244,109849,11681,129958,475732,2024,2,02/29/2024
LEON,54443,99063,4083,39510,197099,2024,2,02/29/2024
LEVY,16686,6465,771,4221,28143,2024,2,02/29/2024
LIBERTY,2103,1851,16,465,4435,2024,2,02/29/2024
MADISON,4968,5210,112,1488,11778,2024,2,02/29/2024
MANATEE,126825,70383,6896,65119,269223,2024,2,02/29/2024
MARION,126444,68318,6375,52492,253629,2024,2,02/29/2024
MARTIN,60871,25745,3485,26048,116149,2024,2,02/29/2024
MIAMI-DADE,439603,513000,26569,464338,1443510,2024,2,02/29/2024
MONROE,23320,14946,1516,12104,51886,2024,2,02/29/2024
NASSAU,44257,12995,2237,14190,73679,2024,2,02/29/2024
OKALOOSA,82163,24654,4084,33519,144420,2024,2,02/29/2024
OKEECHOBEE,11220,4555,493,3359,19627,2024,2,02/29/2024
ORANGE,211585,323447,20565,245276,800873,2024,2,02/29/2024
OSCEOLA,59254,82710,5197,76537,223698,2024,2,02/29/2024
PALM BEACH,271621,326859,24632,240019,863131,2024,2,02/29/2024
PASCO,165014,100269,11082,103281,379646,2024,2,02/29/2024
PINELLAS,235497,204290,16164,165363,621314,2024,2,02/29/2024
POLK,177958,133892,11422,114711,437983,2024,2,02/29/2024
PUTNAM,23316,11433,885,7361,42995,2024,2,02/29/2024
SANTA ROSA,83526,20985,3841,27174,135526,2024,2,02/29/2024
SARASOTA,150763,87871,7996,78256,324886,2024,2,02/29/2024
SEMINOLE,118230,111827,9309,103783,343149,2024,2,02/29/2024
ST. JOHNS,120088,47132,5118,46761,219099,2024,2,02/29/2024
ST. LUCIE,83700,81004,6621,59022,230347,2024,2,02/29/2024
SUMTER,71459,24800,2152,25083,123494,2024,2,02/29/2024
SUWANNEE,15639,5861,555,3881,25936,2024,2,02/29/2024
TAYLOR,6517,2628,146,897,10188,2024,2,02/29/2024
UNION,4765,2033,123,787,7708,2024,2,02/29/2024
VOLUSIA,162730,117212,11288,116234,407464,2024,2,02/29/2024
WAKULLA,12043,6307,558,3892,22800,2024,2,02/29/2024
WALTON,37034,7786,1557,10257,56634,2024,2,02/29/2024
WASHINGTON,10130,3608,246,2468,16452,2024,2,02/29/2024
TOTALS,5215016,4359315,333112,3536909,13444352,2024,2,02/29/2024
ALACHUA,44690,73212,3712,34897,156511,2024,3,03/31/2024
BAKER,12011,3674,318,2356,18359,2024,3,03/31/2024
BAY,70379,25604,3621,27306,126910,2024,3,03/31/2024
BRADFORD,10376,4420,314,2663,17773,2024,3,03/31/2024
BREVARD,192158,114066,13393,107301,426918,2024,3,03/31/2024
BROWARD,252162,506092,23218,321498,1102970,2024,3,03/31/2024
CALHOUN,4311,2756,71,930,8068,2024,3,03/31/2024
CHARLOTTE,75881,31800,4837,37180,149698,2024,3,03/31/2024
CITRUS,65831,22489,3276,24543,116139,2024,3,03/31/2024
CLAY,83573,30084,4082,30865,148604,2024,3,03/31/2024
COLLIER,138423,53602,5851,61637,259513,2024,3,03/31/2024
COLUMBIA,22405,10080,928,6535,39948,2024,3,03/31/2024
DESOTO,8476,5734,330,4582,19122,2024,3,03/31/2024
DIXIE,6584,2280,189,1689,10742,2024,3,03/31/2024
DUVAL,231320,248542,17394,146544,643800,2024,3,03/31/2024
ESCAMBIA,95675,62462,5526,42661,206324,2024,3,03/31/2024
FLAGLER,45204,23687,2674,21451,93016,2024,3,03/31/2024
FRANKLIN,3516,2131,219,942,6808,2024,3,03/31/2024
GADSDEN,5435,17981,347,2778,26541,2024,3,03/31/2024
GILCHRIST,8529,2055,272,1876,12732,2024,3,03/31/2024
GLADES,3990,1884,173,1384,7431,2024,3,03/31/2024
GULF,6467,2590,289,1478,10824,2024,3,03/31/2024
HAMILTON,3350,2539,129,892,6910,2024,3,03/31/2024
HARDEE,6692,3146,224,2611,12673,2024,3,03/31/2024
HENDRY,7380,3917,300,2713,14310,2024,3,03/31/2024
HERNANDO,66362,33755,4273,33528,137918,2024,3,03/31/2024
HIGHLANDS,33957,15260,1625,13945,64787,2024,3,03/31/2024
HILLSBOROUGH,280659,289116,21472,232320,823567,2024,3,03/31/2024
HOLMES,7754,1763,184,1282,10983,2024,3,03/31/2024
INDIAN RIVER,58816,27997,3582,26540,116935,2024,3,03/31/2024
JACKSON,14244,8732,390,2611,25977,2024,3,03/31/2024
JEFFERSON,4299,4087,120,1180,9686,2024,3,03/31/2024
LAFAYETTE,3119,668,51,265,4103,2024,3,03/31/2024
LAKE,113054,58788,6297,56456,234595,2024,3,03/31/2024
LEE,224804,109540,12045,129654,476043,2024,3,03/31/2024
LEON,54464,98612,4199,39401,196676,2024,3,03/31/2024
LEVY,16759,6441,793,4201,28194,2024,3,03/31/2024
LIBERTY,2142,1836,15,469,4462,2024,3,03/31/2024
MADISON,5008,5129,117,1484,11738,2024,3,03/31/2024
MANATEE,127909,70514,7119,65334,270876,2024,3,03/31/2024
MARION,127665,68487,6648,52607,255407,2024,3,03/31/2024
MARTIN,61085,25630,3598,25954,116267,2024,3,03/31/2024
MIAMI-DADE,443773,512477,27138,464837,1448225,2024,3,03/31/2024
MONROE,23511,14941,1562,12091,52105,2024,3,03/31/2024
NASSAU,44604,13027,2298,14223,74152,2024,3,03/31/2024
OKALOOSA,82424,24583,4204,33270,144481,2024,3,03/31/2024
OKEECHOBEE,11357,4551,516,3351,19775,2024,3,03/31/2024
ORANGE,213122,324068,21330,245969,804489,2024,3,03/31/2024
OSCEOLA,59546,82608,5355,76237,223746,2024,3,03/31/2024
PALM BEACH,270826,322997,24990,237172,855985,2024,3,03/31/2024
PASCO,166184,100504,11518,103404,381610,2024,3,03/31/2024
PINELLAS,236269,203666,16631,165368,621934,2024,3,03/31/2024
POLK,179612,134356,11944,115078,440990,2024,3,03/31/2024
PUTNAM,23562,11451,927,7389,43329,2024,3,03/31/2024
SANTA ROSA,84019,20977,3938,27086,136020,2024,3,03/31/2024
SARASOTA,151537,88105,8310,78504,326456,2024,3,03/31/2024
SEMINOLE,118677,111927,9660,103890,344154,2024,3,03/31/2024
ST. JOHNS,120643,47107,5321,46860,219931,2024,3,03/31/2024
ST. LUCIE,84870,81138,6918,59031,231957,2024,3,03/31/2024
SUMTER,71603,24672,2219,24841,123335,2024,3,03/31/2024
SUWANNEE,15797,5817,591,3868,26073,2024,3,03/31/2024
TAYLOR,6549,2597,155,857,10158,2024,3,03/31/2024
UNION,4802,2011,128,789,7730,2024,3,03/31/2024
VOLUSIA,163569,116918,11640,115981,408108,2024,3,03/31/2024
WAKULLA,12094,6258,577,3856,22785,2024,3,03/31/2024
WALTON,37221,7746,1590,10184,56741,2024,3,03/31/2024
WASHINGTON,10210,3581,257,2470,16518,2024,3,03/31/2024
TOTALS,5243299,4351265,343932,3533149,13471645,2024,3,03/31/2024
ALACHUA,44915,73576,3821,35232,157544,2024,4,04/30/2024
BAKER,12076,3665,326,2352,18419,2024,4,04/30/2024
BAY,70485,25474,3732,27161,126852,2024,4,04/30/2024
BRADFORD,10427,4411,322,2660,17820,2024,4,04/30/2024
BREVARD,192518,114092,13762,107409,427781,2024,4,04/30/2024
BROWARD,253483,506892,23657,324237,1108269,2024,4,04/30/2024
CALHOUN,4324,2718,74,920,8036,2024,4,04/30/2024
CHARLOTTE,76444,31936,5021,37371,150772,2024,4,04/30/2024
CITRUS,65456,22206,3375,24313,115350,2024,4,04/30/2024
CLAY,83500,30067,4218,30801,148586,2024,4,04/30/2024
COLLIER,138038,53216,5985,61216,258455,2024,4,04/30/2024
COLUMBIA,22566,10140,973,6600,40279,2024,4,04/30/2024
DESOTO,8563,5745,349,4615,19272,2024,4,04/30/2024
DIXIE,6635,2265,196,1692,10788,2024,4,04/30/2024
DUVAL,231944,248817,17956,147012,645729,2024,4,04/30/2024
ESCAMBIA,95925,62493,5674,42741,206833,2024,4,04/30/2024
FLAGLER,45228,23643,2742,21395,93008,2024,4,04/30/2024
FRANKLIN,3533,2129,221,949,6832,2024,4,04/30/2024
GADSDEN,5463,18028,362,2806,26659,2024,4,04/30/2024
GILCHRIST,8615,2052,281,1871,12819,2024,4,04/30/2024
GLADES,3998,1860,178,1371,7407,2024,4,04/30/2024
GULF,6525,2595,296,1482,10898,2024,4,04/30/2024
HAMILTON,3351,2533,130,891,6905,2024,4,04/30/2024
HARDEE,6748,3146,232,2609,12735,2024,4,04/30/2024
HENDRY,7477,3997,316,2767,14557,2024,4,04/30/2024
HERNANDO,67064,33964,4429,33801,139258,2024,4,04/30/2024
HIGHLANDS,33903,15187,1691,13894,64675,2024,4,04/30/2024
HILLSBOROUGH,276779,287895,21896,231723,818293,2024,4,04/30/2024
HOLMES,7795,1751,187,1285,11018,2024,4,04/30/2024
INDIAN RIVER,58692,27866,3639,26473,116670,2024,4,04/30/2024
JACKSON,14306,8713,400,2616,26035,2024,4,04/30/2024
JEFFERSON,4318,4086,129,1176,9709,2024,4,04/30/2024
LAFAYETTE,3140,674,53,269,4136,2024,4,04/30/2024
LAKE,114489,59424,6592,57194,237699,2024,4,04/30/2024
LEE,225124,109297,12359,129760,476540,2024,4,04/30/2024
LEON,52820,94476,4246,37289,188831,2024,4,04/30/2024
LEVY,16916,6476,809,4253,28454,2024,4,04/30/2024
LIBERTY,2183,1805,15,478,4481,2024,4,04/30/2024
MADISON,5107,5091,118,1488,11804,2024,4,04/30/2024
MANATEE,127746,70098,7215,65036,270095,2024,4,04/30/2024
MARION,127464,68318,6817,52492,255091,2024,4,04/30/2024
MARTIN,60569,25284,3649,25583,115085,2024,4,04/30/2024
MIAMI-DADE,445141,511653,27524,465613,1449931,2024,4,04/30/2024
MONROE,23604,14877,1609,12077,52167,2024,4,04/30/2024
NASSAU,44759,13034,2354,14222,74369,2024,4,04/30/2024
OKALOOSA,82697,24636,4307,33375,145015,2024,4,04/30/2024
OKEECHOBEE,11365,4546,541,3353,19805,2024,4,04/30/2024
ORANGE,212558,321896,21757,244353,800564,2024,4,04/30/2024
OSCEOLA,59825,82543,5583,76217,224168,2024,4,04/30/2024
PALM BEACH,272008,323046,25523,237627,858204,2024,4,04/30/2024
PASCO,166777,100703,11917,103787,383184,2024,4,04/30/2024
PINELLAS,236021,203159,16934,165049,621163,2024,4,04/30/2024
POLK,179704,134041,12199,114536,440480,2024,4,04/30/2024
PUTNAM,23657,11454,962,7392,43465,2024,4,04/30/2024
SANTA ROSA,84432,21055,4056,27265,136808,2024,4,04/30/2024
SARASOTA,150943,86985,8428,77622,323978,2024,4,04/30/2024
SEMINOLE,118076,111082,9809,102817,341784,2024,4,04/30/2024
ST. JOHNS,120884,47158,5379,46337,219758,2024,4,04/30/2024
ST. LUCIE,84876,80817,7073,58778,231544,2024,4,04/30/2024
SUMTER,71784,24658,2290,24866,123598,2024,4,04/30/2024
SUWANNEE,15793,5761,601,3827,25982,2024,4,04/30/2024
TAYLOR,6584,2614,159,865,10222,2024,4,04/30/2024
UNION,4752,1904,129,757,7542,2024,4,04/30/2024
VOLUSIA,164637,117375,11969,116621,410602,2024,4,04/30/2024
WAKULLA,12008,6195,591,3804,22598,2024,4,04/30/2024
WALTON,37375,7752,1618,10201,56946,2024,4,04/30/2024
WASHINGTON,10253,3569,272,2468,16562,2024,4,04/30/2024
TOTALS,5247165,4340614,352027,3531112,13470918,2024,4,04/30/2024
ALACHUA,44642,72579,3846,34816,155883,2024,5,05/31/2024
BAKER,12110,3648,333,2343,18434,2024,5,05/31/2024
BAY,70782,25494,3822,27182,127280,2024,5,05/31/2024
BRADFORD,10437,4397,330,2653,17817,2024,5,05/31/2024
BREVARD,191728,113293,13902,106587,425510,2024,5,05/31/2024
BROWARD,252672,503444,23767,322856,1102739,2024,5,05/31/2024
CALHOUN,4368,2669,75,910,8022,2024,5,05/31/2024
CHARLOTTE,76541,31800,5132,37270,150743,2024,5,05/31/2024
CITRUS,65859,22206,3483,24360,115908,2024,5,05/31/2024
CLAY,83818,30164,4339,30875,149196,2024,5,05/31/2024
COLLIER,136932,52481,6065,60425,255903,2024,5,05/31/2024
COLUMBIA,22709,10126,995,6580,40410,2024,5,05/31/2024
DESOTO,8576,5738,356,4609,19279,2024,5,05/31/2024
DIXIE,6651,2239,199,1694,10783,2024,5,05/31/2024
DUVAL,226912,238093,17683,140549,623237,2024,5,05/31/2024
ESCAMBIA,95556,62101,5728,42344,205729,2024,5,05/31/2024
FLAGLER,45216,23478,2824,21296,92814,2024,5,05/31/2024
FRANKLIN,3573,2126,223,961,6883,2024,5,05/31/2024
GADSDEN,5457,17904,365,2775,26501,2024,5,05/31/2024
GILCHRIST,8650,2052,286,1880,12868,2024,5,05/31/2024
GLADES,3845,1595,171,1159,6770,2024,5,05/31/2024
GULF,6590,2601,303,1486,10980,2024,5,05/31/2024
HAMILTON,3392,2527,134,894,6947,2024,5,05/31/2024
HARDEE,6770,3137,239,2614,12760,2024,5,05/31/2024
HENDRY,7566,4032,329,2812,14739,2024,5,05/31/2024
HERNANDO,67010,33763,4516,33747,139036,2024,5,05/31/2024
HIGHLANDS,32476,14316,1702,13014,61508,2024,5,05/31/2024
HILLSBOROUGH,277622,287947,22437,232174,820180,2024,5,05/31/2024
HOLMES,7784,1724,192,1278,10978,2024,5,05/31/2024
INDIAN RIVER,58864,27842,3722,26490,116918,2024,5,05/31/2024
JACKSON,14370,8710,408,2625,26113,2024,5,05/31/2024
JEFFERSON,4340,4085,133,1185,9743,2024,5,05/31/2024
LAFAYETTE,3146,676,55,273,4150,2024,5,05/31/2024
LAKE,115043,59569,6753,57374,238739,2024,5,05/31/2024
LEE,222828,107327,12432,127524,470111,2024,5,05/31/2024
LEON,52888,94413,4327,37403,189031,2024,5,05/31/2024
LEVY,16999,6476,821,4269,28565,2024,5,05/31/2024
LIBERTY,2274,1727,18,473,4492,2024,5,05/31/2024
MADISON,5106,5066,120,1479,11771,2024,5,05/31/2024
MANATEE,128283,69856,7346,65105,270590,2024,5,05/31/2024
MARION,127044,67898,6973,52222,254137,2024,5,05/31/2024
MARTIN,59737,24769,3660,25092,113258,2024,5,05/31/2024
MIAMI-DADE,447523,512308,28090,467292,1455213,2024,5,05/31/2024
MONROE,23210,14396,1569,11613,50788,2024,5,05/31/2024
NASSAU,44829,13019,2378,14210,74436,2024,5,05/31/2024
OKALOOSA,82617,24492,4377,33170,144656,2024,5,05/31/2024
OKEECHOBEE,11255,4473,545,3315,19588,2024,5,05/31/2024
ORANGE,213286,322055,22339,245196,802876,2024,5,05/31/2024
OSCEOLA,58399,80736,5661,73962,218758,2024,5,05/31/2024
PALM BEACH,269846,320032,25663,235861,851402,2024,5,05/31/2024
PASCO,167060,100546,12200,103695,383501,2024,5,05/31/2024
PINELLAS,235959,202581,17185,165003,620728,2024,5,05/31/2024
POLK,178987,132846,12389,113630,437852,2024,5,05/31/2024
PUTNAM,23798,11384,983,7411,43576,2024,5,05/31/2024
SANTA ROSA,84333,20945,4083,27058,136419,2024,5,05/31/2024
SARASOTA,151632,86018,8577,77319,323546,2024,5,05/31/2024
SEMINOLE,118208,111013,10063,102751,342035,2024,5,05/31/2024
ST. JOHNS,120588,47106,5504,46538,219736,2024,5,05/31/2024
ST. LUCIE,85579,81065,7323,59137,233104,2024,5,05/31/2024
SUMTER,71183,24308,2330,24603,122424,2024,5,05/31/2024
SUWANNEE,15807,5766,614,3826,26013,2024,5,05/31/2024
TAYLOR,6620,2612,167,872,10271,2024,5,05/31/2024
UNION,4757,1890,128,760,7535,2024,5,05/31/2024
VOLUSIA,154798,103430,11334,98062,367624,2024,5,05/31/2024
WAKULLA,12092,6187,601,3811,22691,2024,5,05/31/2024
WALTON,37513,7764,1663,10243,57183,2024,5,05/31/2024
WASHINGTON,10178,3492,273,2414,16357,2024,5,05/31/2024
TOTALS,5227223,4296552,356583,3495409,13375767,2024,5,05/31/2024
ALACHUA,44794,72623,3936,34959,156312,2024,6,06/30/2024
BAKER,12219,3647,350,2348,18564,2024,6,06/30/2024
BAY,71283,25536,3945,27228,127992,2024,6,06/30/2024
BRADFORD,10523,4343,336,2645,17847,2024,6,06/30/2024
BREVARD,192690,113494,14220,107091,427495,2024,6,06/30/2024
BROWARD,253512,503632,24055,324210,1105409,2024,6,06/30/2024
CALHOUN,4437,2627,77,910,8051,2024,6,06/30/2024
CHARLOTTE,76842,31754,5213,37199,151008,2024,6,06/30/2024
CITRUS,66211,22259,3596,24422,116488,2024,6,06/30/2024
CLAY,84243,30296,4455,31029,150023,2024,6,06/30/2024
COLLIER,137833,52400,6189,60488,256910,2024,6,06/30/2024
COLUMBIA,22850,10116,1020,6599,40585,2024,6,06/30/2024
DESOTO,8653,5725,372,4612,19362,2024,6,06/30/2024
DIXIE,6718,2231,203,1693,10845,2024,6,06/30/2024
DUVAL,227962,238953,18205,141387,626507,2024,6,06/30/2024
ESCAMBIA,95984,62332,5857,42499,206672,2024,6,06/30/2024
FLAGLER,45520,23504,2909,21335,93268,2024,6,06/30/2024
FRANKLIN,3547,2103,226,932,6808,2024,6,06/30/2024
GADSDEN,5492,17920,379,2797,26588,2024,6,06/30/2024
GILCHRIST,8695,2043,291,1885,12914,2024,6,06/30/2024
GLADES,3862,1598,178,1175,6813,2024,6,06/30/2024
GULF,6649,2603,313,1487,11052,2024,6,06/30/2024
HAMILTON,3420,2489,135,874,6918,2024,6,06/30/2024
HARDEE,6795,3134,245,2616,12790,2024,6,06/30/2024
HENDRY,7618,4056,340,2824,14838,2024,6,06/30/2024
HERNANDO,67383,33781,4646,33837,139647,2024,6,06/30/2024
HIGHLANDS,32629,14350,1741,13017,61737,2024,6,06/30/2024
HILLSBOROUGH,278894,288335,22941,232939,823109,2024,6,06/30/2024
HOLMES,7818,1717,196,1280,11011,2024,6,06/30/2024
INDIAN RIVER,59301,27791,3806,26520,117418,2024,6,06/30/2024
JACKSON,14485,8676,413,2637,26211,2024,6,06/30/2024
JEFFERSON,4349,4086,134,1187,9756,2024,6,06/30/2024
LAFAYETTE,3160,672,58,276,4166,2024,6,06/30/2024
LAKE,115902,59842,6983,57723,240450,2024,6,06/30/2024
LEE,223963,107286,12701,127743,471693,2024,6,06/30/2024
LEON,53055,94407,4424,37539,189425,2024,6,06/30/2024
LEVY,17101,6471,844,4280,28696,2024,6,06/30/2024
LIBERTY,2391,1644,18,459,4512,2024,6,06/30/2024
MADISON,5134,5041,123,1486,11784,2024,6,06/30/2024
MANATEE,129534,69707,7510,65312,272063,2024,6,06/30/2024
MARION,127846,68111,7198,52437,255592,2024,6,06/30/2024
MARTIN,60074,24789,3739,25139,113741,2024,6,06/30/2024
MIAMI-DADE,450157,512377,28477,468664,1459675,2024,6,06/30/2024
MONROE,23309,14413,1624,11631,50977,2024,6,06/30/2024
NASSAU,45077,13064,2428,14247,74816,2024,6,06/30/2024
OKALOOSA,82934,24564,4479,33216,145193,2024,6,06/30/2024
OKEECHOBEE,11317,4481,564,3305,19667,2024,6,06/30/2024
ORANGE,214177,322541,22936,245856,805510,2024,6,06/30/2024
OSCEOLA,59347,81286,6029,74509,221171,2024,6,06/30/2024
PALM BEACH,271069,320260,26126,236751,854206,2024,6,06/30/2024
PASCO,168164,100804,12591,104223,385782,2024,6,06/30/2024
PINELLAS,236780,202940,17493,165496,622709,2024,6,06/30/2024
POLK,180076,133278,12751,114204,440309,2024,6,06/30/2024
PUTNAM,23982,11356,1013,7415,43766,2024,6,06/30/2024
SANTA ROSA,84816,20929,4162,27122,137029,2024,6,06/30/2024
SARASOTA,153370,85531,8754,77313,324968,2024,6,06/30/2024
SEMINOLE,118613,111072,10304,103014,343003,2024,6,06/30/2024
ST. JOHNS,121310,47148,5657,46789,220904,2024,6,06/30/2024
ST. LUCIE,86274,81248,7506,59315,234343,2024,6,06/30/2024
SUMTER,71742,24204,2402,24618,122966,2024,6,06/30/2024
SUWANNEE,15888,5768,631,3823,26110,2024,6,06/30/2024
TAYLOR,6692,2618,174,873,10357,2024,6,06/30/2024
UNION,4785,1887,126,762,7560,2024,6,06/30/2024
VOLUSIA,155912,103617,11672,98551,369752,2024,6,06/30/2024
WAKULLA,12184,6191,614,3812,22801,2024,6,06/30/2024
WALTON,37847,7787,1700,10275,57609,2024,6,06/30/2024
WASHINGTON,10214,3476,276,2391,16357,2024,6,06/30/2024
TOTALS,5257407,4300964,365009,3507230,13430610,2024,6,06/30/2024
ALACHUA,45168,73104,4053,35292,157617,2024,7,07/31/2024
BAKER,12383,3624,362,2363,18732,2024,7,07/31/2024
BAY,72078,25732,4084,27386,129280,2024,7,07/31/2024
BRADFORD,10691,4287,349,2639,17966,2024,7,07/31/2024
BREVARD,194918,114151,14671,107988,431728,2024,7,07/31/2024
BROWARD,256979,506541,24826,327868,1116214,2024,7,07/31/2024
CALHOUN,4642,2520,80,900,8142,2024,7,07/31/2024
CHARLOTTE,77803,31920,5356,37316,152395,2024,7,07/31/2024
CITRUS,66797,22307,3688,24495,117287,2024,7,07/31/2024
CLAY,85023,30685,4613,31309,151630,2024,7,07/31/2024
COLLIER,139443,52453,6359,60751,259006,2024,7,07/31/2024
COLUMBIA,23146,10138,1050,6638,40972,2024,7,07/31/2024
DESOTO,8722,5723,400,4622,19467,2024,7,07/31/2024
DIXIE,6797,2224,212,1698,10931,2024,7,07/31/2024
DUVAL,229669,240897,18693,142138,631397,2024,7,07/31/2024
ESCAMBIA,96864,62793,5987,42751,208395,2024,7,07/31/2024
FLAGLER,46165,23578,3002,21420,94165,2024,7,07/31/2024
FRANKLIN,3621,2119,230,943,6913,2024,7,07/31/2024
GADSDEN,5561,18057,394,2828,26840,2024,7,07/31/2024
GILCHRIST,8769,2035,306,1890,13000,2024,7,07/31/2024
GLADES,3916,1604,177,1183,6880,2024,7,07/31/2024
GULF,6717,2605,323,1487,11132,2024,7,07/31/2024
HAMILTON,3486,2486,140,887,6999,2024,7,07/31/2024
HARDEE,6851,3136,248,2622,12857,2024,7,07/31/2024
HENDRY,7770,4152,356,2876,15154,2024,7,07/31/2024
HERNANDO,68106,33949,4742,34033,140830,2024,7,07/31/2024
HIGHLANDS,32924,14413,1799,13073,62209,2024,7,07/31/2024
HILLSBOROUGH,282577,290859,23728,235175,832339,2024,7,07/31/2024
HOLMES,7088,1404,188,1011,9691,2024,7,07/31/2024
INDIAN RIVER,60401,27700,3872,26457,118430,2024,7,07/31/2024
JACKSON,14923,8520,430,2634,26507,2024,7,07/31/2024
JEFFERSON,4421,4080,142,1197,9840,2024,7,07/31/2024
LAFAYETTE,3196,678,59,292,4225,2024,7,07/31/2024
LAKE,117594,60805,7247,58551,244197,2024,7,07/31/2024
LEE,226851,108139,13111,128793,476894,2024,7,07/31/2024
LEON,53396,94671,4554,37677,190298,2024,7,07/31/2024
LEVY,17368,6494,866,4312,29040,2024,7,07/31/2024
LIBERTY,2588,1516,21,458,4583,2024,7,07/31/2024
MADISON,5261,5011,124,1505,11901,2024,7,07/31/2024
MANATEE,132111,69767,7740,65682,275300,2024,7,07/31/2024
MARION,129352,68679,7439,53032,258502,2024,7,07/31/2024
MARTIN,60769,24819,3803,25191,114582,2024,7,07/31/2024
MIAMI-DADE,459195,514921,29233,473204,1476553,2024,7,07/31/2024
MONROE,23252,14243,1623,11494,50612,2024,7,07/31/2024
NASSAU,45521,13173,2488,14392,75574,2024,7,07/31/2024
OKALOOSA,83690,24786,4573,33450,146499,2024,7,07/31/2024
OKEECHOBEE,11455,4496,590,3331,19872,2024,7,07/31/2024
ORANGE,216683,325396,23768,247774,813621,2024,7,07/31/2024
OSCEOLA,60544,82356,6321,75440,224661,2024,7,07/31/2024
PALM BEACH,275423,322789,26850,239210,864272,2024,7,07/31/2024
PASCO,170042,101464,12986,105025,389517,2024,7,07/31/2024
PINELLAS,238965,204445,18007,166639,628056,2024,7,07/31/2024
POLK,182133,134542,13190,115469,445334,2024,7,07/31/2024
PUTNAM,24418,11347,1045,7469,44279,2024,7,07/31/2024
SANTA ROSA,85937,21012,4269,27392,138610,2024,7,07/31/2024
SARASOTA,155767,85304,8940,77510,327521,2024,7,07/31/2024
SEMINOLE,119490,111684,10653,103522,345349,2024,7,07/31/2024
ST. JOHNS,123069,47552,5861,47148,223630,2024,7,07/31/2024
ST. LUCIE,87139,81749,7750,59658,236296,2024,7,07/31/2024
SUMTER,72449,24220,2479,24702,123850,2024,7,07/31/2024
SUWANNEE,16134,5744,661,3832,26371,2024,7,07/31/2024
TAYLOR,6782,2676,183,904,10545,2024,7,07/31/2024
UNION,4732,1713,125,666,7236,2024,7,07/31/2024
VOLUSIA,157706,104440,12036,99279,373461,2024,7,07/31/2024
WAKULLA,12405,6223,618,3851,23097,2024,7,07/31/2024
WALTON,38497,7739,1738,10304,58278,2024,7,07/31/2024
WASHINGTON,10321,3470,285,2398,16474,2024,7,07/31/2024
TOTALS,5324654,4327859,376096,3535426,13564035,2024,7,07/31/2024
ALACHUA,45658,73911,4225,35564,159358,2024,8,08/31/2024
BAKER,12542,3614,376,2360,18892,2024,8,08/31/2024
BAY,72964,25913,4259,27348,130484,2024,8,08/31/2024
BRADFORD,10817,4299,358,2601,18075,2024,8,08/31/2024
BREVARD,196964,115081,15205,108167,435417,2024,8,08/31/2024
BROWARD,260106,509408,25718,329285,1124517,2024,8,08/31/2024
CALHOUN,4769,2459,79,899,8206,2024,8,08/31/2024
CHARLOTTE,78449,31980,5506,37196,153131,2024,8,08/31/2024
CITRUS,67375,22390,3794,24515,118074,2024,8,08/31/2024
CLAY,85707,31044,4835,31327,152913,2024,8,08/31/2024
COLLIER,140289,52875,6597,60672,260433,2024,8,08/31/2024
COLUMBIA,23464,10133,1100,6654,41351,2024,8,08/31/2024
DESOTO,8816,5708,421,4601,19546,2024,8,08/31/2024
DIXIE,6920,2217,217,1702,11056,2024,8,08/31/2024
DUVAL,231866,243759,19417,142678,637720,2024,8,08/31/2024
ESCAMBIA,97811,63422,6134,42912,210279,2024,8,08/31/2024
FLAGLER,46722,23712,3140,21433,95007,2024,8,08/31/2024
FRANKLIN,3718,2120,240,945,7023,2024,8,08/31/2024
GADSDEN,5588,18242,412,2819,27061,2024,8,08/31/2024
GILCHRIST,8838,2027,328,1879,13072,2024,8,08/31/2024
GLADES,3966,1620,180,1198,6964,2024,8,08/31/2024
GULF,6812,2610,324,1487,11233,2024,8,08/31/2024
HAMILTON,3541,2481,147,889,7058,2024,8,08/31/2024
HARDEE,6902,3147,251,2635,12935,2024,8,08/31/2024
HENDRY,7945,4298,368,2923,15534,2024,8,08/31/2024
HERNANDO,68858,33987,4917,33958,141720,2024,8,08/31/2024
HIGHLANDS,33314,14514,1879,13099,62806,2024,8,08/31/2024
HILLSBOROUGH,286090,293272,24735,236257,840354,2024,8,08/31/2024
HOLMES,7237,1422,201,1030,9890,2024,8,08/31/2024
INDIAN RIVER,61007,27900,3986,26340,119233,2024,8,08/31/2024
JACKSON,15179,8496,436,2620,26731,2024,8,08/31/2024
JEFFERSON,4473,4099,152,1187,9911,2024,8,08/31/2024
LAFAYETTE,3247,678,58,292,4275,2024,8,08/31/2024
LAKE,119133,61754,7603,58909,247399,2024,8,08/31/2024
LEE,229367,109066,13603,128848,480884,2024,8,08/31/2024
LEON,53741,95072,4700,37804,191317,2024,8,08/31/2024
LEVY,17600,6521,893,4338,29352,2024,8,08/31/2024
LIBERTY,2650,1481,21,444,4596,2024,8,08/31/2024
MADISON,5353,5001,128,1494,11976,2024,8,08/31/2024
MANATEE,133357,70360,7988,65833,277538,2024,8,08/31/2024
MARION,130841,69258,7771,53054,260924,2024,8,08/31/2024
MARTIN,61186,24974,3936,25107,115203,2024,8,08/31/2024
MIAMI-DADE,466356,516551,30107,475190,1488204,2024,8,08/31/2024
MONROE,23578,14405,1693,11553,51229,2024,8,08/31/2024
NASSAU,45967,13297,2555,14378,76197,2024,8,08/31/2024
OKALOOSA,84594,25076,4735,33491,147896,2024,8,08/31/2024
OKEECHOBEE,11658,4520,615,3324,20117,2024,8,08/31/2024
ORANGE,219134,327693,24835,248245,819907,2024,8,08/31/2024
OSCEOLA,61505,82818,6511,75627,226461,2024,8,08/31/2024
PALM BEACH,280333,325747,27765,240602,874447,2024,8,08/31/2024
PASCO,172034,102408,13550,105187,393179,2024,8,08/31/2024
PINELLAS,240703,205861,18589,166941,632094,2024,8,08/31/2024
POLK,184108,135730,13791,115829,449458,2024,8,08/31/2024
PUTNAM,24699,11421,1089,7445,44654,2024,8,08/31/2024
SANTA ROSA,86982,21275,4407,27374,140038,2024,8,08/31/2024
SARASOTA,156487,86391,9226,77557,329661,2024,8,08/31/2024
SEMINOLE,120385,112295,11058,103529,347267,2024,8,08/31/2024
ST. JOHNS,124452,48082,6084,47365,225983,2024,8,08/31/2024
ST. LUCIE,88483,82341,8067,59537,238428,2024,8,08/31/2024
SUMTER,72861,24380,2569,24725,124535,2024,8,08/31/2024
SUWANNEE,16434,5702,681,3802,26619,2024,8,08/31/2024
TAYLOR,7017,2763,201,922,10903,2024,8,08/31/2024
UNION,4830,1689,133,676,7328,2024,8,08/31/2024
VOLUSIA,159600,105046,12569,99464,376679,2024,8,08/31/2024
WAKULLA,12576,6218,651,3866,23311,2024,8,08/31/2024
WALTON,39194,7855,1800,10258,59107,2024,8,08/31/2024
WASHINGTON,10402,3465,301,2386,16554,2024,8,08/31/2024
TOTALS,5385554,4359354,390220,3544576,13679704,2024,8,08/31/2024
ALACHUA,46212,74888,4414,36345,161859,2024,9,09/30/2024
BAKER,12641,3605,398,2356,19000,2024,9,09/30/2024
BAY,73740,26164,4409,27530,131843,2024,9,09/30/2024
BRADFORD,10907,4320,371,2620,18218,2024,9,09/30/2024
BREVARD,199279,116217,15724,109322,440542,2024,9,09/30/2024
BROWARD,264528,513311,26805,334203,1138847,2024,9,09/30/2024
CALHOUN,4815,2441,81,904,8241,2024,9,09/30/2024
CHARLOTTE,79245,32220,5681,37410,154556,2024,9,09/30/2024
CITRUS,68047,22467,3929,24628,119071,2024,9,09/30/2024
CLAY,86511,31401,5038,31571,154521,2024,9,09/30/2024
COLLIER,141358,53315,6818,61095,262586,2024,9,09/30/2024
COLUMBIA,23742,10202,1138,6713,41795,2024,9,09/30/2024
DESOTO,8877,5707,442,4596,19622,2024,9,09/30/2024
DIXIE,6982,2211,223,1716,11132,2024,9,09/30/2024
DUVAL,234577,246756,20202,144156,645691,2024,9,09/30/2024
ESCAMBIA,98879,64151,6333,43360,212723,2024,9,09/30/2024
FLAGLER,47311,23927,3286,21587,96111,2024,9,09/30/2024
FRANKLIN,3789,2159,249,986,7183,2024,9,09/30/2024
GADSDEN,5641,18300,413,2825,27179,2024,9,09/30/2024
GILCHRIST,8936,2019,344,1871,13170,2024,9,09/30/2024
GLADES,4000,1623,189,1207,7019,2024,9,09/30/2024
GULF,6864,2613,329,1486,11292,2024,9,09/30/2024
HAMILTON,3578,2479,162,885,7104,2024,9,09/30/2024
HARDEE,6968,3142,267,2644,13021,2024,9,09/30/2024
HENDRY,8102,4456,390,2993,15941,2024,9,09/30/2024
HERNANDO,69580,34129,5082,34067,142858,2024,9,09/30/2024
HIGHLANDS,33763,14672,1950,13213,63598,2024,9,09/30/2024
HILLSBOROUGH,290362,296316,25700,238921,851299,2024,9,09/30/2024
HOLMES,7359,1438,206,1056,10059,2024,9,09/30/2024
INDIAN RIVER,61536,28122,4110,26511,120279,2024,9,09/30/2024
JACKSON,15336,8515,457,2643,26951,2024,9,09/30/2024
JEFFERSON,4511,4107,154,1193,9965,2024,9,09/30/2024
LAFAYETTE,3286,679,65,304,4334,2024,9,09/30/2024
LAKE,121021,63178,7976,60111,252286,2024,9,09/30/2024
LEE,232380,110270,14080,130145,486875,2024,9,09/30/2024
LEON,54359,96077,4851,38380,193667,2024,9,09/30/2024
LEVY,17790,6549,939,4378,29656,2024,9,09/30/2024
LIBERTY,2679,1462,21,448,4610,2024,9,09/30/2024
MADISON,5412,5002,126,1508,12048,2024,9,09/30/2024
MANATEE,134591,70978,8272,66464,280305,2024,9,09/30/2024
MARION,132540,69948,8132,53681,264301,2024,9,09/30/2024
MARTIN,61605,25187,4045,25301,116138,2024,9,09/30/2024
MIAMI-DADE,475443,519517,31150,481399,1507509,2024,9,09/30/2024
MONROE,23938,14549,1737,11741,51965,2024,9,09/30/2024
NASSAU,46403,13410,2645,14472,76930,2024,9,09/30/2024
OKALOOSA,85505,25487,4844,33745,149581,2024,9,09/30/2024
OKEECHOBEE,11800,4560,638,3344,20342,2024,9,09/30/2024
ORANGE,222463,330718,25795,250593,829569,2024,9,09/30/2024
OSCEOLA,63326,84315,6989,76892,231522,2024,9,09/30/2024
PALM BEACH,284956,329314,28695,244001,886966,2024,9,09/30/2024
PASCO,174471,103570,14114,106410,398565,2024,9,09/30/2024
PINELLAS,242813,207605,19229,168366,638013,2024,9,09/30/2024
POLK,187113,137531,14386,117693,456723,2024,9,09/30/2024
PUTNAM,24969,11518,1152,7503,45142,2024,9,09/30/2024
SANTA ROSA,88111,21651,4544,27755,142061,2024,9,09/30/2024
SARASOTA,157446,86980,9482,78151,332059,2024,9,09/30/2024
SEMINOLE,121209,112790,11369,103971,349339,2024,9,09/30/2024
ST. JOHNS,125708,48654,6312,47941,228615,2024,9,09/30/2024
ST. LUCIE,89766,83068,8403,60164,241401,2024,9,09/30/2024
SUMTER,73355,24595,2649,24869,125468,2024,9,09/30/2024
SUWANNEE,16581,5694,716,3818,26809,2024,9,09/30/2024
TAYLOR,7088,2767,205,926,10986,2024,9,09/30/2024
UNION,4874,1688,137,684,7383,2024,9,09/30/2024
VOLUSIA,161624,106185,13047,100551,381407,2024,9,09/30/2024
WAKULLA,12742,6245,681,3906,23574,2024,9,09/30/2024
WALTON,39655,7963,1861,10361,59840,2024,9,09/30/2024
WASHINGTON,10482,3464,309,2393,16648,2024,9,09/30/2024
TOTALS,5455480,4400561,404890,3584982,13845913,2024,9,09/30/2024
ALACHUA,48743,78384,4913,39803,171843,2024,10,10/31/2024
BAKER,12770,3629,413,2378,19190,2024,10,10/31/2024
BAY,75467,26580,4569,28146,134762,2024,10,10/31/2024
BRADFORD,11111,4336,390,2664,18501,2024,10,10/31/2024
BREVARD,202826,117777,16330,111904,448837,2024,10,10/31/2024
BROWARD,272462,520478,28084,342021,1163045,2024,10,10/31/2024
CALHOUN,4914,2425,88,916,8343,2024,10,10/31/2024
CHARLOTTE,80452,32432,5867,37924,156675,2024,10,10/31/2024
CITRUS,69188,22609,4027,25073,120897,2024,10,10/31/2024
CLAY,88371,32036,5223,32481,158111,2024,10,10/31/2024
COLLIER,143420,53735,7097,62002,266254,2024,10,10/31/2024
COLUMBIA,24220,10339,1167,6899,42625,2024,10,10/31/2024
DESOTO,8966,5711,458,4619,19754,2024,10,10/31/2024
DIXIE,7080,2213,232,1748,11273,2024,10,10/31/2024
DUVAL,239328,252062,21030,147396,659816,2024,10,10/31/2024
ESCAMBIA,101126,65422,6598,44650,217796,2024,10,10/31/2024
FLAGLER,48179,24217,3411,22085,97892,2024,10,10/31/2024
FRANKLIN,4011,2321,267,1080,7679,2024,10,10/31/2024
GADSDEN,5763,18434,422,2890,27509,2024,10,10/31/2024
GILCHRIST,9070,2012,370,1879,13331,2024,10,10/31/2024
GLADES,4061,1620,195,1224,7100,2024,10,10/31/2024
GULF,6981,2610,334,1514,11439,2024,10,10/31/2024
HAMILTON,3663,2512,168,896,7239,2024,10,10/31/2024
HARDEE,7052,3140,282,2644,13118,2024,10,10/31/2024
HENDRY,8597,4921,417,3252,17187,2024,10,10/31/2024
HERNANDO,70842,34451,5209,34654,145156,2024,10,10/31/2024
HIGHLANDS,34642,15004,2027,13587,65260,2024,10,10/31/2024
HILLSBOROUGH,300115,304246,27069,247369,878799,2024,10,10/31/2024
HOLMES,7696,1503,228,1123,10550,2024,10,10/31/2024
INDIAN RIVER,62371,28412,4254,26942,121979,2024,10,10/31/2024
JACKSON,15672,8655,480,2769,27576,2024,10,10/31/2024
JEFFERSON,4578,4109,165,1207,10059,2024,10,10/31/2024
LAFAYETTE,3376,676,70,313,4435,2024,10,10/31/2024
LAKE,126398,67021,8528,64531,266478,2024,10,10/31/2024
LEE,238937,112478,14772,133785,499972,2024,10,10/31/2024
LEON,57643,100021,5447,41668,204779,2024,10,10/31/2024
LEVY,18247,6641,981,4528,30397,2024,10,10/31/2024
LIBERTY,2722,1458,21,456,4657,2024,10,10/31/2024
MADISON,5511,5056,133,1544,12244,2024,10,10/31/2024
MANATEE,136772,71779,8514,67704,284769,2024,10,10/31/2024
MARION,135201,71030,8511,55094,269836,2024,10,10/31/2024
MARTIN,62388,25399,4183,25756,117726,2024,10,10/31/2024
MIAMI-DADE,493888,526020,32576,493815,1546299,2024,10,10/31/2024
MONROE,24805,14888,1762,12227,53682,2024,10,10/31/2024
NASSAU,47208,13573,2721,14806,78308,2024,10,10/31/2024
OKALOOSA,87355,25977,5025,34630,152987,2024,10,10/31/2024
OKEECHOBEE,12211,4720,684,3516,21131,2024,10,10/31/2024
ORANGE,227788,336630,26929,256768,848115,2024,10,10/31/2024
OSCEOLA,66087,86531,7287,79604,239509,2024,10,10/31/2024
PALM BEACH,294937,335719,30096,252271,913023,2024,10,10/31/2024
PASCO,178177,105137,14724,109017,407055,2024,10,10/31/2024
PINELLAS,246995,210623,19999,172077,649694,2024,10,10/31/2024
POLK,191603,140733,15021,121581,468938,2024,10,10/31/2024
PUTNAM,25487,11686,1189,7688,46050,2024,10,10/31/2024
SANTA ROSA,90015,22019,4717,28500,145251,2024,10,10/31/2024
SARASOTA,159410,87587,9735,79279,336011,2024,10,10/31/2024
SEMINOLE,122489,113260,11691,104433,351873,2024,10,10/31/2024
ST. JOHNS,127974,49163,6564,49101,232802,2024,10,10/31/2024
ST. LUCIE,91475,84283,8729,61429,245916,2024,10,10/31/2024
SUMTER,73950,24681,2742,25131,126504,2024,10,10/31/2024
SUWANNEE,17002,5810,739,3947,27498,2024,10,10/31/2024
TAYLOR,7404,2961,211,1031,11607,2024,10,10/31/2024
UNION,5018,1712,145,701,7576,2024,10,10/31/2024
VOLUSIA,165684,108497,13589,103383,391153,2024,10,10/31/2024
WAKULLA,13016,6331,710,4024,24081,2024,10,10/31/2024
WALTON,40586,8086,1941,10623,61236,2024,10,10/31/2024
WASHINGTON,10655,3485,328,2397,16865,2024,10,10/31/2024
TOTALS,5592151,4480006,422798,3683097,14178052,2024,10,10/31/2024
ALACHUA,49317,78946,5041,40490,173794,2024,11,11/30/2024
BAKER,12843,3623,419,2393,19278,2024,11,11/30/2024
BAY,75711,26531,4613,28170,135025,2024,11,11/30/2024
BRADFORD,11151,4351,401,2669,18572,2024,11,11/30/2024
BREVARD,204239,118353,16620,113330,452542,2024,11,11/30/2024
BROWARD,275453,523067,28402,345921,1172843,2024,11,11/30/2024
CALHOUN,4922,2412,90,925,8349,2024,11,11/30/2024
CHARLOTTE,80880,32370,5964,38021,157235,2024,11,11/30/2024
CITRUS,69801,22644,4104,25399,121948,2024,11,11/30/2024
CLAY,89178,32302,5286,32923,159689,2024,11,11/30/2024
COLLIER,144226,53933,7212,62365,267736,2024,11,11/30/2024
COLUMBIA,24395,10439,1191,7007,43032,2024,11,11/30/2024
DESOTO,9036,5705,468,4630,19839,2024,11,11/30/2024
DIXIE,7114,2203,234,1755,11306,2024,11,11/30/2024
DUVAL,241441,253694,21239,148889,665263,2024,11,11/30/2024
ESCAMBIA,101633,65448,6673,44995,218749,2024,11,11/30/2024
FLAGLER,48563,24373,3475,22355,98766,2024,11,11/30/2024
FRANKLIN,4037,2320,271,1086,7714,2024,11,11/30/2024
GADSDEN,5773,18319,431,2853,27376,2024,11,11/30/2024
GILCHRIST,9130,2024,375,1890,13419,2024,11,11/30/2024
GLADES,4093,1632,202,1244,7171,2024,11,11/30/2024
GULF,7009,2616,341,1520,11486,2024,11,11/30/2024
HAMILTON,3689,2546,174,913,7322,2024,11,11/30/2024
HARDEE,7076,3143,289,2646,13154,2024,11,11/30/2024
HENDRY,8888,5331,437,3470,18126,2024,11,11/30/2024
HERNANDO,71460,34545,5276,34972,146253,2024,11,11/30/2024
HIGHLANDS,35081,15177,2056,13857,66171,2024,11,11/30/2024
HILLSBOROUGH,302556,305525,27587,249795,885463,2024,11,11/30/2024
HOLMES,7986,1608,237,1215,11046,2024,11,11/30/2024
INDIAN RIVER,62204,28197,4274,26832,121507,2024,11,11/30/2024
JACKSON,15830,8714,490,2821,27855,2024,11,11/30/2024
JEFFERSON,4578,4091,164,1198,10031,2024,11,11/30/2024
LAFAYETTE,3393,684,70,321,4468,2024,11,11/30/2024
LAKE,129166,69035,8723,66972,273896,2024,11,11/30/2024
LEE,240762,112996,15071,135243,504072,2024,11,11/30/2024
LEON,57746,100000,5520,41925,205191,2024,11,11/30/2024
LEVY,18411,6699,993,4594,30697,2024,11,11/30/2024
LIBERTY,2737,1429,21,452,4639,2024,11,11/30/2024
MADISON,5556,5075,133,1563,12327,2024,11,11/30/2024
MANATEE,137964,72147,8673,68454,287238,2024,11,11/30/2024
MARION,136455,71654,8728,55918,272755,2024,11,11/30/2024
MARTIN,62678,25402,4265,25942,118287,2024,11,11/30/2024
MIAMI-DADE,498051,526394,33129,496530,1554104,2024,11,11/30/2024
MONROE,23703,15017,1806,12419,52945,2024,11,11/30/2024
NASSAU,47594,13628,2778,14997,78997,2024,11,11/30/2024
OKALOOSA,88144,26091,4844,35271,154350,2024,11,11/30/2024
OKEECHOBEE,12290,4714,702,3525,21231,2024,11,11/30/2024
ORANGE,229386,337720,27422,258759,853287,2024,11,11/30/2024
OSCEOLA,67156,87656,7395,81054,243261,2024,11,11/30/2024
PALM BEACH,297394,337482,30572,255095,920543,2024,11,11/30/2024
PASCO,179929,105841,15060,110312,411142,2024,11,11/30/2024
PINELLAS,247481,210444,20203,172935,651063,2024,11,11/30/2024
POLK,191492,140190,14318,122295,468295,2024,11,11/30/2024
PUTNAM,25857,11854,1212,7838,46761,2024,11,11/30/2024
SANTA ROSA,90849,22133,4829,28875,146686,2024,11,11/30/2024
SARASOTA,160928,87765,9985,80404,339082,2024,11,11/30/2024
SEMINOLE,122309,112358,11793,103976,350436,2024,11,11/30/2024
ST. JOHNS,128989,49319,6686,49793,234787,2024,11,11/30/2024
ST. LUCIE,92233,84735,8894,61993,247855,2024,11,11/30/2024
SUMTER,74313,24736,2698,25387,127134,2024,11,11/30/2024
SUWANNEE,17079,5800,755,3973,27607,2024,11,11/30/2024
TAYLOR,7513,3073,227,1066,11879,2024,11,11/30/2024
UNION,5074,1719,148,717,7658,2024,11,11/30/2024
VOLUSIA,167197,109267,13876,104818,395158,2024,11,11/30/2024
WAKULLA,13079,6309,724,4045,24157,2024,11,11/30/2024
WALTON,40754,8065,1966,10639,61424,2024,11,11/30/2024
WASHINGTON,10745,3506,332,2417,17000,2024,11,11/30/2024
TOTALS,5633700,4497119,428587,3719066,14278472,2024,11,11/30/2024
ALACHUA,49407,78894,5094,40576,173971,2024,12,12/31/2024
BAKER,12894,3620,423,2397,19334,2024,12,12/31/2024
BAY,75354,26297,4619,27878,134148,2024,12,12/31/2024
BRADFORD,11188,4342,407,2673,18610,2024,12,12/31/2024
BREVARD,204499,118133,16746,113369,452747,2024,12,12/31/2024
BROWARD,276345,523275,28647,346944,1175211,2024,12,12/31/2024
CALHOUN,4917,2390,88,920,8315,2024,12,12/31/2024
CHARLOTTE,79782,31486,5911,36972,154151,2024,12,12/31/2024
CITRUS,69816,22519,4144,25310,121789,2024,12,12/31/2024
CLAY,89376,32309,5359,32962,160006,2024,12,12/31/2024
COLLIER,144243,53712,7259,62199,267413,2024,12,12/31/2024
COLUMBIA,24468,10405,1208,7014,43095,2024,12,12/31/2024
DESOTO,9063,5700,475,4628,19866,2024,12,12/31/2024
DIXIE,7125,2196,239,1761,11321,2024,12,12/31/2024
DUVAL,241529,253450,21494,148804,665277,2024,12,12/31/2024
ESCAMBIA,102269,65787,6747,45320,220123,2024,12,12/31/2024
FLAGLER,48641,24304,3507,22356,98808,2024,12,12/31/2024
FRANKLIN,4023,2301,271,1086,7681,2024,12,12/31/2024
GADSDEN,5782,18293,435,2856,27366,2024,12,12/31/2024
GILCHRIST,9152,2021,387,1889,13449,2024,12,12/31/2024
GLADES,4114,1631,205,1245,7195,2024,12,12/31/2024
GULF,7030,2608,344,1516,11498,2024,12,12/31/2024
HAMILTON,3706,2544,184,915,7349,2024,12,12/31/2024
HARDEE,7101,3142,296,2639,13178,2024,12,12/31/2024
HENDRY,8925,5347,448,3505,18225,2024,12,12/31/2024
HERNANDO,71569,34438,5329,34939,146275,2024,12,12/31/2024
HIGHLANDS,35184,15164,2090,13845,66283,2024,12,12/31/2024
HILLSBOROUGH,302973,305187,27899,249990,886049,2024,12,12/31/2024
HOLMES,8026,1599,243,1215,11083,2024,12,12/31/2024
INDIAN RIVER,62157,28034,4309,26733,121233,2024,12,12/31/2024
JACKSON,15871,8684,502,2827,27884,2024,12,12/31/2024
JEFFERSON,4560,4077,165,1191,9993,2024,12,12/31/2024
LAFAYETTE,3390,682,69,317,4458,2024,12,12/31/2024
LAKE,129689,69101,8853,67204,274847,2024,12,12/31/2024
LEE,240261,112200,15198,134582,502241,2024,12,12/31/2024
LEON,57443,99056,5514,41473,203486,2024,12,12/31/2024
LEVY,18413,6688,997,4582,30680,2024,12,12/31/2024
LIBERTY,2742,1426,21,454,4643,2024,12,12/31/2024
MADISON,5560,5062,134,1558,12314,2024,12,12/31/2024
MANATEE,137503,71473,8689,68033,285698,2024,12,12/31/2024
MARION,137022,71784,8858,56100,273764,2024,12,12/31/2024
MARTIN,62633,25301,4296,25870,118100,2024,12,12/31/2024
MIAMI-DADE,497394,523415,33121,494788,1548718,2024,12,12/31/2024
MONROE,23794,14981,1822,12414,53011,2024,12,12/31/2024
NASSAU,47677,13615,2774,14977,79043,2024,12,12/31/2024
OKALOOSA,88395,26105,4912,35351,154763,2024,12,12/31/2024
OKEECHOBEE,12317,4724,716,3528,21285,2024,12,12/31/2024
ORANGE,227091,330679,27139,252326,837235,2024,12,12/31/2024
OSCEOLA,67252,87434,6989,81420,243095,2024,12,12/31/2024
PALM BEACH,298202,337237,30873,255302,921614,2024,12,12/31/2024
PASCO,180676,105932,15246,110568,412422,2024,12,12/31/2024
PINELLAS,247456,209926,20325,172933,650640,2024,12,12/31/2024
POLK,192099,140354,14554,122573,469580,2024,12,12/31/2024
PUTNAM,25921,11859,1223,7865,46868,2024,12,12/31/2024
SANTA ROSA,91172,22154,4883,28960,147169,2024,12,12/31/2024
SARASOTA,161403,87663,10108,80525,339699,2024,12,12/31/2024
SEMINOLE,122495,112148,11912,103966,350521,2024,12,12/31/2024
ST. JOHNS,129578,49478,6777,50064,235897,2024,12,12/31/2024
ST. LUCIE,91382,83635,8939,61082,245038,2024,12,12/31/2024
SUMTER,74378,24691,2732,25347,127148,2024,12,12/31/2024
SUWANNEE,17108,5794,760,3972,27634,2024,12,12/31/2024
TAYLOR,7504,3051,230,1062,11847,2024,12,12/31/2024
UNION,5070,1713,150,720,7653,2024,12,12/31/2024
VOLUSIA,167664,109293,14064,105060,396081,2024,12,12/31/2024
WAKULLA,13150,6319,735,4045,24249,2024,12,12/31/2024
WALTON,40962,8069,1987,10679,61697,2024,12,12/31/2024
WASHINGTON,10017,2889,303,1862,15071,2024,12,12/31/2024
TOTALS,5635902,4479820,431377,3710036,14257135,2024,12,12/31/2024
ALACHUA,49464,78637,5165,40586,173852,2025,1,01/31/2025
BAKER,12948,3609,431,2416,19404,2025,1,01/31/2025
BAY,75650,26273,4697,27906,134526,2025,1,01/31/2025
BRADFORD,11228,4349,401,2686,18664,2025,1,01/31/2025
BREVARD,204082,117216,16785,113010,451093,2025,1,01/31/2025
BROWARD,275998,521104,28717,346232,1172051,2025,1,01/31/2025
CALHOUN,4910,2369,89,921,8289,2025,1,01/31/2025
CHARLOTTE,78971,30815,5884,36125,151795,2025,1,01/31/2025
CITRUS,70077,22502,4102,25472,122153,2025,1,01/31/2025
CLAY,89575,32337,5163,33254,160329,2025,1,01/31/2025
COLLIER,144742,53759,7107,62593,268201,2025,1,01/31/2025
COLUMBIA,24530,10387,1227,7034,43178,2025,1,01/31/2025
DESOTO,9113,5688,486,4626,19913,2025,1,01/31/2025
DIXIE,7148,2190,239,1762,11339,2025,1,01/31/2025
DUVAL,241377,253060,21753,148557,664747,2025,1,01/31/2025
ESCAMBIA,102577,65723,6837,45311,220448,2025,1,01/31/2025
FLAGLER,48954,24325,3548,22430,99257,2025,1,01/31/2025
FRANKLIN,4041,2304,275,1094,7714,2025,1,01/31/2025
GADSDEN,5793,18286,430,2885,27394,2025,1,01/31/2025
GILCHRIST,9195,2022,394,1893,13504,2025,1,01/31/2025
GLADES,4142,1630,190,1259,7221,2025,1,01/31/2025
GULF,7065,2598,342,1516,11521,2025,1,01/31/2025
HAMILTON,3720,2543,186,911,7360,2025,1,01/31/2025
HARDEE,7139,3129,307,2632,13207,2025,1,01/31/2025
HENDRY,8970,5373,411,3604,18358,2025,1,01/31/2025
HERNANDO,71508,34269,5382,34795,145954,2025,1,01/31/2025
HIGHLANDS,35306,15172,2146,13841,66465,2025,1,01/31/2025
HILLSBOROUGH,301940,301019,26593,247649,877201,2025,1,01/31/2025
HOLMES,8036,1594,246,1220,11096,2025,1,01/31/2025
INDIAN RIVER,62167,27827,4239,26669,120902,2025,1,01/31/2025
JACKSON,15901,8679,498,2846,27924,2025,1,01/31/2025
JEFFERSON,4558,4028,170,1182,9938,2025,1,01/31/2025
LAFAYETTE,3380,678,71,316,4445,2025,1,01/31/2025
LAKE,130239,69192,9046,67432,275909,2025,1,01/31/2025
LEE,241033,112075,15420,134877,503405,2025,1,01/31/2025
LEON,57406,98747,5372,41721,203246,2025,1,01/31/2025
LEVY,18400,6655,1007,4568,30630,2025,1,01/31/2025
LIBERTY,2743,1420,19,456,4638,2025,1,01/31/2025
MADISON,5574,5050,141,1560,12325,2025,1,01/31/2025
MANATEE,137305,70930,8708,67797,284740,2025,1,01/31/2025
MARION,137758,71859,8676,56682,274975,2025,1,01/31/2025
MARTIN,62730,25261,4367,25863,118221,2025,1,01/31/2025
MIAMI-DADE,497640,521461,33416,494353,1546870,2025,1,01/31/2025
MONROE,24004,14984,1854,12459,53301,2025,1,01/31/2025
NASSAU,47556,13520,2687,14951,78714,2025,1,01/31/2025
OKALOOSA,88440,26002,4953,35189,154584,2025,1,01/31/2025
OKEECHOBEE,12359,4728,740,3542,21369,2025,1,01/31/2025
ORANGE,226814,328725,25897,252400,833836,2025,1,01/31/2025
OSCEOLA,68171,87958,7380,81991,245500,2025,1,01/31/2025
PALM BEACH,299370,337230,31261,256132,923993,2025,1,01/31/2025
PASCO,181446,105859,15545,110830,413680,2025,1,01/31/2025
PINELLAS,246493,207966,20342,171903,646704,2025,1,01/31/2025
POLK,192794,140583,14837,123187,471401,2025,1,01/31/2025
PUTNAM,26041,11853,1209,7920,47023,2025,1,01/31/2025
SANTA ROSA,91642,22197,4926,28998,147763,2025,1,01/31/2025
SARASOTA,160820,86777,10151,79964,337712,2025,1,01/31/2025
SEMINOLE,122537,111939,12079,103866,350421,2025,1,01/31/2025
ST. JOHNS,130390,49585,6896,50441,237312,2025,1,01/31/2025
ST. LUCIE,91878,83832,9113,61358,246181,2025,1,01/31/2025
SUMTER,74562,24606,2771,25395,127334,2025,1,01/31/2025
SUWANNEE,17179,5788,783,3980,27730,2025,1,01/31/2025
TAYLOR,7455,3011,217,1063,11746,2025,1,01/31/2025
UNION,5065,1700,151,721,7637,2025,1,01/31/2025
VOLUSIA,168510,109350,13799,105932,397591,2025,1,01/31/2025
WAKULLA,13243,6329,762,4067,24401,2025,1,01/31/2025
WALTON,41207,8044,1923,10758,61932,2025,1,01/31/2025
WASHINGTON,10091,2882,310,1873,15156,2025,1,01/31/2025
TOTALS,5643100,4463592,431269,3709462,14247423,2025,1,01/31/2025
ALACHUA,49402,78192,4980,40698,173272,2025,2,02/28/2025
BAKER,12979,3605,418,2434,19436,2025,2,02/28/2025
BAY,75871,26260,4529,28170,134830,2025,2,02/28/2025
BRADFORD,11253,4345,411,2683,18692,2025,2,02/28/2025
BREVARD,204406,117070,16339,113783,451598,2025,2,02/28/2025
BROWARD,277596,521867,28112,349418,1176993,2025,2,02/28/2025
CALHOUN,4673,1975,84,711,7443,2025,2,02/28/2025
CHARLOTTE,79456,30832,5732,36433,152453,2025,2,02/28/2025
CITRUS,66959,20739,3965,22323,113986,2025,2,02/28/2025
CLAY,89336,32115,5189,32976,159616,2025,2,02/28/2025
COLLIER,145228,53803,7227,62648,268906,2025,2,02/28/2025
COLUMBIA,24595,10383,1242,7023,43243,2025,2,02/28/2025
DESOTO,9134,5676,464,4648,19922,2025,2,02/28/2025
DIXIE,7147,2182,232,1768,11329,2025,2,02/28/2025
DUVAL,239189,249770,20701,146907,656567,2025,2,02/28/2025
ESCAMBIA,102964,65763,6604,45788,221119,2025,2,02/28/2025
FLAGLER,49221,24374,3499,22603,99697,2025,2,02/28/2025
FRANKLIN,4050,2306,264,1114,7734,2025,2,02/28/2025
GADSDEN,5815,18274,436,2892,27417,2025,2,02/28/2025
GILCHRIST,9196,2006,380,1888,13470,2025,2,02/28/2025
GLADES,4148,1629,194,1264,7235,2025,2,02/28/2025
GULF,7104,2594,335,1519,11552,2025,2,02/28/2025
HAMILTON,3707,2549,175,924,7355,2025,2,02/28/2025
HARDEE,7168,3127,291,2649,13235,2025,2,02/28/2025
HENDRY,8989,5372,419,3607,18387,2025,2,02/28/2025
HERNANDO,71723,34264,5253,35004,146244,2025,2,02/28/2025
HIGHLANDS,35445,15193,2084,13974,66696,2025,2,02/28/2025
HILLSBOROUGH,301636,299127,26713,246390,873866,2025,2,02/28/2025
HOLMES,8056,1590,240,1237,11123,2025,2,02/28/2025
INDIAN RIVER,59944,25532,4079,23875,113430,2025,2,02/28/2025
JACKSON,15277,7914,487,2526,26204,2025,2,02/28/2025
JEFFERSON,4509,3836,165,1123,9633,2025,2,02/28/2025
LAFAYETTE,3379,671,70,312,4432,2025,2,02/28/2025
LAKE,130688,69275,8715,68164,276842,2025,2,02/28/2025
LEE,242053,112243,15641,135295,505232,2025,2,02/28/2025
LEON,57457,98569,5456,41805,203287,2025,2,02/28/2025
LEVY,17559,6028,922,3933,28442,2025,2,02/28/2025
LIBERTY,2749,1366,20,453,4588,2025,2,02/28/2025
MADISON,5589,5035,137,1571,12332,2025,2,02/28/2025
MANATEE,137436,70755,8499,68190,284880,2025,2,02/28/2025
MARION,138472,71973,8849,56951,276245,2025,2,02/28/2025
MARTIN,62861,25208,4318,25936,118323,2025,2,02/28/2025
MIAMI-DADE,496859,518190,32559,493329,1540937,2025,2,02/28/2025
MONROE,24147,14968,1802,12576,53493,2025,2,02/28/2025
NASSAU,47703,13518,2720,14985,78926,2025,2,02/28/2025
OKALOOSA,88654,26040,5033,35216,154943,2025,2,02/28/2025
OKEECHOBEE,12346,4707,715,3532,21300,2025,2,02/28/2025
ORANGE,227418,328725,26272,252505,834920,2025,2,02/28/2025
OSCEOLA,68075,87439,7428,81395,244337,2025,2,02/28/2025
PALM BEACH,299591,336392,30567,257293,923843,2025,2,02/28/2025
PASCO,171861,95892,14088,96556,378397,2025,2,02/28/2025
PINELLAS,246827,207534,19952,172530,646843,2025,2,02/28/2025
POLK,193649,140962,15160,123856,473627,2025,2,02/28/2025
PUTNAM,26166,11852,1236,7954,47208,2025,2,02/28/2025
SANTA ROSA,92020,22226,4741,29337,148324,2025,2,02/28/2025
SARASOTA,160954,86423,9843,80405,337625,2025,2,02/28/2025
SEMINOLE,122852,112142,11765,104765,351524,2025,2,02/28/2025
ST. JOHNS,130998,49684,6786,50898,238366,2025,2,02/28/2025
ST. LUCIE,92417,84111,9248,61645,247421,2025,2,02/28/2025
SUMTER,74893,24581,2825,25526,127825,2025,2,02/28/2025
SUWANNEE,17230,5789,804,3982,27805,2025,2,02/28/2025
TAYLOR,7483,3008,219,1056,11766,2025,2,02/28/2025
UNION,5068,1697,147,726,7638,2025,2,02/28/2025
VOLUSIA,169240,109379,14010,106184,398813,2025,2,02/28/2025
WAKULLA,13278,6305,749,4068,24400,2025,2,02/28/2025
WALTON,41444,8040,1959,10795,62238,2025,2,02/28/2025
WASHINGTON,10151,2893,311,1897,15252,2025,2,02/28/2025
TOTALS,5635743,4437884,424809,3696621,14195057,2025,2,02/28/2025
ALACHUA,49447,78106,5057,40793,173403,2025,3,03/31/2025
BAKER,12971,3583,415,2420,19389,2025,3,03/31/2025
BAY,76182,26314,4636,28224,135356,2025,3,03/31/2025
BRADFORD,11193,4296,408,2655,18552,2025,3,03/31/2025
BREVARD,204125,116416,16390,113184,450115,2025,3,03/31/2025
BROWARD,278448,521756,28491,350699,1179394,2025,3,03/31/2025
CALHOUN,4680,1964,84,719,7447,2025,3,03/31/2025
CHARLOTTE,79829,30844,5805,36546,153024,2025,3,03/31/2025
CITRUS,66869,20596,4012,22261,113738,2025,3,03/31/2025
CLAY,89566,32221,5283,33046,160116,2025,3,03/31/2025
COLLIER,145398,53659,7348,62590,268995,2025,3,03/31/2025
COLUMBIA,24680,10386,1192,7146,43404,2025,3,03/31/2025
DESOTO,9164,5670,477,4663,19974,2025,3,03/31/2025
DIXIE,7154,2169,236,1771,11330,2025,3,03/31/2025
DUVAL,239429,249856,20999,147129,657413,2025,3,03/31/2025
ESCAMBIA,103305,65891,6714,45963,221873,2025,3,03/31/2025
FLAGLER,49398,24418,3559,22640,100015,2025,3,03/31/2025
FRANKLIN,4015,2284,264,1103,7666,2025,3,03/31/2025
GADSDEN,5822,18261,440,2898,27421,2025,3,03/31/2025
GILCHRIST,8760,1784,363,1556,12463,2025,3,03/31/2025
GLADES,4157,1634,195,1270,7256,2025,3,03/31/2025
GULF,6757,2360,313,1254,10684,2025,3,03/31/2025
HAMILTON,3713,2548,180,924,7365,2025,3,03/31/2025
HARDEE,7159,3122,297,2632,13210,2025,3,03/31/2025
HENDRY,9080,5375,440,3646,18541,2025,3,03/31/2025
HERNANDO,67503,30326,4860,29138,131827,2025,3,03/31/2025
HIGHLANDS,35538,15195,2127,13982,66842,2025,3,03/31/2025
HILLSBOROUGH,301313,298179,26942,245591,872025,2025,3,03/31/2025
HOLMES,8079,1585,246,1242,11152,2025,3,03/31/2025
INDIAN RIVER,59966,25501,4134,23919,113520,2025,3,03/31/2025
JACKSON,15366,7908,501,2542,26317,2025,3,03/31/2025
JEFFERSON,4528,3836,171,1116,9651,2025,3,03/31/2025
LAFAYETTE,3385,673,72,311,4441,2025,3,03/31/2025
LAKE,131558,69742,8898,68802,279000,2025,3,03/31/2025
LEE,242207,112081,15196,135822,505306,2025,3,03/31/2025
LEON,57399,98139,5510,41738,202786,2025,3,03/31/2025
LEVY,17624,6040,942,3961,28567,2025,3,03/31/2025
LIBERTY,2762,1360,20,453,4595,2025,3,03/31/2025
MADISON,5043,3878,124,1141,10186,2025,3,03/31/2025
MANATEE,137343,70529,8594,68038,284504,2025,3,03/31/2025
MARION,138634,71898,8974,57007,276513,2025,3,03/31/2025
MARTIN,61184,23821,4226,24060,113291,2025,3,03/31/2025
MIAMI-DADE,496241,515761,32719,492317,1537038,2025,3,03/31/2025
MONROE,24275,14971,1845,12584,53675,2025,3,03/31/2025
NASSAU,47837,13499,2747,14971,79054,2025,3,03/31/2025
OKALOOSA,88956,26124,5123,35331,155534,2025,3,03/31/2025
OKEECHOBEE,12400,4702,729,3525,21356,2025,3,03/31/2025
ORANGE,227118,327750,26611,251899,833378,2025,3,03/31/2025
OSCEOLA,68477,87737,7612,81741,245567,2025,3,03/31/2025
PALM BEACH,300471,336179,30963,257821,925434,2025,3,03/31/2025
PASCO,172481,96228,14363,97423,380495,2025,3,03/31/2025
PINELLAS,246189,206438,20160,171899,644686,2025,3,03/31/2025
POLK,194524,141551,15512,124655,476242,2025,3,03/31/2025
PUTNAM,26309,11846,1261,7995,47411,2025,3,03/31/2025
SANTA ROSA,92396,22288,4824,29388,148896,2025,3,03/31/2025
SARASOTA,160485,85682,9897,79885,335949,2025,3,03/31/2025
SEMINOLE,123363,112465,11965,105081,352874,2025,3,03/31/2025
ST. JOHNS,131555,49812,6878,51177,239422,2025,3,03/31/2025
ST. LUCIE,92827,84232,9404,61842,248305,2025,3,03/31/2025
SUMTER,75042,24531,2880,25746,128199,2025,3,03/31/2025
SUWANNEE,17193,5752,776,4008,27729,2025,3,03/31/2025
TAYLOR,7328,2902,218,935,11383,2025,3,03/31/2025
UNION,4822,1531,129,617,7099,2025,3,03/31/2025
VOLUSIA,169819,109563,14266,106399,400047,2025,3,03/31/2025
WAKULLA,13342,6288,765,4077,24472,2025,3,03/31/2025
WALTON,41385,7968,1970,10717,62040,2025,3,03/31/2025
WASHINGTON,10203,2884,316,1909,15312,2025,3,03/31/2025
TOTALS,5635771,4424888,429068,3690537,14180264,2025,3,03/31/2025
ALACHUA,49572,78146,5104,40941,173763,2025,4,04/30/2025
BAKER,13004,3573,419,2419,19415,2025,4,04/30/2025
BAY,76522,26345,4703,28309,135879,2025,4,04/30/2025
BRADFORD,11174,4239,405,2633,18451,2025,4,04/30/2025
BREVARD,204555,116395,16558,113427,450935,2025,4,04/30/2025
BROWARD,279154,521669,28741,352237,1181801,2025,4,04/30/2025
CALHOUN,4697,1967,85,731,7480,2025,4,04/30/2025
CHARLOTTE,76657,28530,5498,32450,143135,2025,4,04/30/2025
CITRUS,67100,20639,4085,22339,114163,2025,4,04/30/2025
CLAY,89360,32154,5281,32852,159647,2025,4,04/30/2025
COLLIER,141751,49910,7188,57783,256632,2025,4,04/30/2025
COLUMBIA,24765,10410,1205,7170,43550,2025,4,04/30/2025
DESOTO,9174,5636,478,4646,19934,2025,4,04/30/2025
DIXIE,7166,2160,244,1765,11335,2025,4,04/30/2025
DUVAL,239335,249544,21195,147071,657145,2025,4,04/30/2025
ESCAMBIA,103680,66040,6791,46168,222679,2025,4,04/30/2025
FLAGLER,49478,24392,3624,22635,100129,2025,4,04/30/2025
FRANKLIN,4014,2258,264,1087,7623,2025,4,04/30/2025
GADSDEN,5654,17439,414,2682,26189,2025,4,04/30/2025
GILCHRIST,8793,1777,388,1562,12520,2025,4,04/30/2025
GLADES,3876,1385,176,1026,6463,2025,4,04/30/2025
GULF,6784,2363,321,1257,10725,2025,4,04/30/2025
HAMILTON,3548,2306,166,754,6774,2025,4,04/30/2025
HARDEE,6953,2915,304,2405,12577,2025,4,04/30/2025
HENDRY,9143,5389,444,3679,18655,2025,4,04/30/2025
HERNANDO,67756,30295,4914,29193,132158,2025,4,04/30/2025
HIGHLANDS,35404,14995,2167,13815,66381,2025,4,04/30/2025
HILLSBOROUGH,285929,268826,25307,210801,790863,2025,4,04/30/2025
HOLMES,7971,1558,238,1153,10920,2025,4,04/30/2025
INDIAN RIVER,59984,25492,4168,23922,113566,2025,4,04/30/2025
JACKSON,15357,7911,506,2560,26334,2025,4,04/30/2025
JEFFERSON,4530,3831,171,1133,9665,2025,4,04/30/2025
LAFAYETTE,3387,671,73,313,4444,2025,4,04/30/2025
LAKE,131901,69886,8999,68974,279760,2025,4,04/30/2025
LEE,242516,112004,15371,135800,505691,2025,4,04/30/2025
LEON,57436,98054,5564,41822,202876,2025,4,04/30/2025
LEVY,17727,6062,962,3993,28744,2025,4,04/30/2025
LIBERTY,2781,1228,20,448,4477,2025,4,04/30/2025
MADISON,5063,3900,124,1153,10240,2025,4,04/30/2025
MANATEE,132530,65082,8273,61563,267448,2025,4,04/30/2025
MARION,138239,71244,9042,56298,274823,2025,4,04/30/2025
MARTIN,60997,23669,4254,23955,112875,2025,4,04/30/2025
MIAMI-DADE,496796,514814,33042,492960,1537612,2025,4,04/30/2025
MONROE,24262,14915,1860,12548,53585,2025,4,04/30/2025
NASSAU,47911,13482,2778,14944,79115,2025,4,04/30/2025
OKALOOSA,88607,25804,5163,34661,154235,2025,4,04/30/2025
OKEECHOBEE,11890,4272,695,3048,19905,2025,4,04/30/2025
ORANGE,223904,319699,26076,244706,814385,2025,4,04/30/2025
OSCEOLA,68832,87699,7811,81843,246185,2025,4,04/30/2025
PALM BEACH,296028,328909,30490,251954,907381,2025,4,04/30/2025
PASCO,172322,95955,14505,97419,380201,2025,4,04/30/2025
PINELLAS,233503,190132,19023,150779,593437,2025,4,04/30/2025
POLK,181163,123756,14372,101319,420610,2025,4,04/30/2025
PUTNAM,26224,11746,1258,7935,47163,2025,4,04/30/2025
SANTA ROSA,92589,22292,4873,29456,149210,2025,4,04/30/2025
SARASOTA,160886,85666,10036,79982,336570,2025,4,04/30/2025
SEMINOLE,123604,112550,12108,105278,353540,2025,4,04/30/2025
ST. JOHNS,131371,49629,6850,51084,238934,2025,4,04/30/2025
ST. LUCIE,93278,84356,9111,62385,249130,2025,4,04/30/2025
SUMTER,75428,24577,2933,25925,128863,2025,4,04/30/2025
SUWANNEE,17014,5629,780,3896,27319,2025,4,04/30/2025
TAYLOR,7340,2905,219,941,11405,2025,4,04/30/2025
UNION,4820,1533,130,625,7108,2025,4,04/30/2025
VOLUSIA,170281,109642,14463,106537,400923,2025,4,04/30/2025
WAKULLA,13399,6281,780,4083,24543,2025,4,04/30/2025
WALTON,41403,7966,1977,10698,62044,2025,4,04/30/2025
WASHINGTON,10185,2873,315,1904,15277,2025,4,04/30/2025
TOTALS,5578457,4329371,425882,3583834,13917544,2025,4,04/30/2025
ALACHUA,49393,77714,5106,40595,172808,2025,5,05/31/2025
BAKER,12519,3147,404,2080,18150,2025,5,05/31/2025
BAY,76858,26408,4790,28363,136419,2025,5,05/31/2025
BRADFORD,11189,4229,412,2622,18452,2025,5,05/31/2025
BREVARD,205179,116578,16773,113891,452421,2025,5,05/31/2025
BROWARD,279596,521729,29026,353598,1183949,2025,5,05/31/2025
CALHOUN,4707,1969,86,739,7501,2025,5,05/31/2025
CHARLOTTE,77104,28615,5586,32599,143904,2025,5,05/31/2025
CITRUS,67354,20684,4158,22393,114589,2025,5,05/31/2025
CLAY,89341,32138,5334,32743,159556,2025,5,05/31/2025
COLLIER,142132,49998,7292,57870,257292,2025,5,05/31/2025
COLUMBIA,23429,9435,1117,6008,39989,2025,5,05/31/2025
DESOTO,7809,4067,435,2962,15273,2025,5,05/31/2025
DIXIE,7196,2150,247,1763,11356,2025,5,05/31/2025
DUVAL,239523,249594,21461,147210,657788,2025,5,05/31/2025
ESCAMBIA,103944,66218,6895,46287,223344,2025,5,05/31/2025
FLAGLER,49223,24257,3636,22495,99611,2025,5,05/31/2025
FRANKLIN,4030,2260,270,1090,7650,2025,5,05/31/2025
GADSDEN,5673,17475,420,2701,26269,2025,5,05/31/2025
GILCHRIST,8817,1780,403,1563,12563,2025,5,05/31/2025
GLADES,3882,1384,179,1027,6472,2025,5,05/31/2025
GULF,6820,2361,330,1263,10774,2025,5,05/31/2025
HAMILTON,3561,2320,168,759,6808,2025,5,05/31/2025
HARDEE,6746,2673,308,2203,11930,2025,5,05/31/2025
HENDRY,9172,5438,464,3707,18781,2025,5,05/31/2025
HERNANDO,67672,30202,4945,29167,131986,2025,5,05/31/2025
HIGHLANDS,34228,13747,2111,12174,62260,2025,5,05/31/2025
HILLSBOROUGH,287137,270431,25803,212512,795883,2025,5,05/31/2025
HOLMES,7989,1554,240,1167,10950,2025,5,05/31/2025
INDIAN RIVER,60257,25619,4228,24077,114181,2025,5,05/31/2025
JACKSON,15388,7920,520,2572,26400,2025,5,05/31/2025
JEFFERSON,4544,3830,173,1137,9684,2025,5,05/31/2025
LAFAYETTE,3390,671,72,314,4447,2025,5,05/31/2025
LAKE,132489,70157,9144,69299,281089,2025,5,05/31/2025
LEE,241028,111181,15446,134894,502549,2025,5,05/31/2025
LEON,57440,98014,5604,41931,202989,2025,5,05/31/2025
LEVY,17833,6072,983,4012,28900,2025,5,05/31/2025
LIBERTY,2778,1222,20,450,4470,2025,5,05/31/2025
MADISON,5069,3905,123,1159,10256,2025,5,05/31/2025
MANATEE,133059,65268,8394,61959,268680,2025,5,05/31/2025
MARION,132133,65047,8755,49158,255093,2025,5,05/31/2025
MARTIN,60867,23524,4282,23849,112522,2025,5,05/31/2025
MIAMI-DADE,449693,415527,29824,388733,1283777,2025,5,05/31/2025
MONROE,24208,14794,1876,12439,53317,2025,5,05/31/2025
NASSAU,47744,13400,2781,14790,78715,2025,5,05/31/2025
OKALOOSA,83973,23607,4832,30309,142721,2025,5,05/31/2025
OKEECHOBEE,11934,4270,706,3055,19965,2025,5,05/31/2025
ORANGE,224617,320532,26477,245613,817239,2025,5,05/31/2025
OSCEOLA,65381,78168,7596,67597,218742,2025,5,05/31/2025
PALM BEACH,296783,328725,30890,252555,908953,2025,5,05/31/2025
PASCO,173187,96417,14789,98171,382564,2025,5,05/31/2025
PINELLAS,234316,190560,19297,151634,595807,2025,5,05/31/2025
POLK,182138,124750,14727,102478,424093,2025,5,05/31/2025
PUTNAM,26154,11674,1273,7922,47023,2025,5,05/31/2025
SANTA ROSA,92839,22299,4952,29537,149627,2025,5,05/31/2025
SARASOTA,161252,85603,10183,79980,337018,2025,5,05/31/2025
SEMINOLE,123800,112714,12259,105323,354096,2025,5,05/31/2025
ST. JOHNS,131819,49767,6972,51327,239885,2025,5,05/31/2025
ST. LUCIE,93064,83854,9199,61991,248108,2025,5,05/31/2025
SUMTER,75855,24613,2984,26058,129510,2025,5,05/31/2025
SUWANNEE,17065,5635,798,3908,27406,2025,5,05/31/2025
TAYLOR,7355,2899,223,945,11422,2025,5,05/31/2025
UNION,4819,1536,129,632,7116,2025,5,05/31/2025
VOLUSIA,170695,109788,14722,106858,402063,2025,5,05/31/2025
WAKULLA,13440,6275,793,4076,24584,2025,5,05/31/2025
WALTON,41192,7890,1977,10555,61614,2025,5,05/31/2025
WASHINGTON,10196,2876,321,1907,15300,2025,5,05/31/2025
TOTALS,5522017,4211158,426723,3456755,13616653,2025,5,05/31/2025
ALACHUA,49515,77846,5166,40696,173223,2025,6,06/30/2025
BAKER,12264,2941,397,1884,17486,2025,6,06/30/2025
BAY,76635,26298,4824,28191,135948,2025,6,06/30/2025
BRADFORD,11211,4227,416,2625,18479,2025,6,06/30/2025
BREVARD,205555,116606,16942,114245,453348,2025,6,06/30/2025
BROWARD,279966,521896,29269,354571,1185702,2025,6,06/30/2025
CALHOUN,4711,1963,85,746,7505,2025,6,06/30/2025
CHARLOTTE,77526,28662,5681,32722,144591,2025,6,06/30/2025
CITRUS,67601,20714,4218,22467,115000,2025,6,06/30/2025
CLAY,89235,32026,5379,32594,159234,2025,6,06/30/2025
COLLIER,142507,50076,7400,57956,257939,2025,6,06/30/2025
COLUMBIA,23500,9423,1138,6039,40100,2025,6,06/30/2025
DESOTO,7811,4066,438,2963,15278,2025,6,06/30/2025
DIXIE,7198,2142,248,1769,11357,2025,6,06/30/2025
DUVAL,239376,249508,21646,147108,657638,2025,6,06/30/2025
ESCAMBIA,104175,66338,6998,46411,223922,2025,6,06/30/2025
FLAGLER,49348,24198,3687,22391,99624,2025,6,06/30/2025
FRANKLIN,4040,2249,269,1087,7645,2025,6,06/30/2025
GADSDEN,5678,17464,428,2704,26274,2025,6,06/30/2025
GILCHRIST,8839,1772,413,1557,12581,2025,6,06/30/2025
GLADES,3910,1393,183,1037,6523,2025,6,06/30/2025
GULF,6849,2356,332,1261,10798,2025,6,06/30/2025
HAMILTON,3564,2316,170,767,6817,2025,6,06/30/2025
HARDEE,6764,2678,313,2202,11957,2025,6,06/30/2025
HENDRY,8919,5157,451,3257,17784,2025,6,06/30/2025
HERNANDO,67543,30064,4997,29079,131683,2025,6,06/30/2025
HIGHLANDS,34324,13788,2160,12222,62494,2025,6,06/30/2025
HILLSBOROUGH,288139,271600,26279,213756,799774,2025,6,06/30/2025
HOLMES,8030,1551,242,1172,10995,2025,6,06/30/2025
INDIAN RIVER,60441,25697,4289,24222,114649,2025,6,06/30/2025
JACKSON,15443,7930,535,2586,26494,2025,6,06/30/2025
JEFFERSON,4547,3826,178,1142,9693,2025,6,06/30/2025
LAFAYETTE,3251,592,67,264,4174,2025,6,06/30/2025
LAKE,127000,66091,8726,62572,264389,2025,6,06/30/2025
LEE,241753,111390,15660,135217,504020,2025,6,06/30/2025
LEON,53896,87468,5229,35279,181872,2025,6,06/30/2025
LEVY,17889,6074,1002,4043,29008,2025,6,06/30/2025
LIBERTY,2782,1220,21,447,4470,2025,6,06/30/2025
MADISON,5076,3909,123,1160,10268,2025,6,06/30/2025
MANATEE,133590,65454,8533,62302,269879,2025,6,06/30/2025
MARION,131716,64761,8821,49030,254328,2025,6,06/30/2025
MARTIN,61015,23502,4341,23885,112743,2025,6,06/30/2025
MIAMI-DADE,450532,416439,30281,390297,1287549,2025,6,06/30/2025
MONROE,24333,14803,1900,12469,53505,2025,6,06/30/2025
NASSAU,47724,13412,2822,14774,78732,2025,6,06/30/2025
OKALOOSA,84200,23687,4902,30454,143243,2025,6,06/30/2025
OKEECHOBEE,11969,4283,722,3074,20048,2025,6,06/30/2025
ORANGE,225470,321717,27102,246524,820813,2025,6,06/30/2025
OSCEOLA,65609,78333,7748,67831,219521,2025,6,06/30/2025
PALM BEACH,297599,329028,31260,253228,911115,2025,6,06/30/2025
PASCO,173142,96112,14926,97657,381837,2025,6,06/30/2025
PINELLAS,235030,190953,19586,152414,597983,2025,6,06/30/2025
POLK,183028,125460,15082,103336,426906,2025,6,06/30/2025
PUTNAM,26220,11684,1293,7952,47149,2025,6,06/30/2025
SANTA ROSA,86257,19780,4508,24330,134875,2025,6,06/30/2025
SARASOTA,161828,85650,10328,80248,338054,2025,6,06/30/2025
SEMINOLE,122863,111524,12203,104085,350675,2025,6,06/30/2025
ST. JOHNS,127524,46813,6782,46503,227622,2025,6,06/30/2025
ST. LUCIE,93495,84010,9383,62139,249027,2025,6,06/30/2025
SUMTER,76312,24708,3055,26202,130277,2025,6,06/30/2025
SUWANNEE,17120,5635,808,3933,27496,2025,6,06/30/2025
TAYLOR,7363,2894,223,951,11431,2025,6,06/30/2025
UNION,4820,1537,131,633,7121,2025,6,06/30/2025
VOLUSIA,168799,108025,14704,104953,396481,2025,6,06/30/2025
WAKULLA,13484,6271,811,4086,24652,2025,6,06/30/2025
WALTON,41422,7923,2009,10598,61952,2025,6,06/30/2025
WASHINGTON,10225,2873,324,1912,15334,2025,6,06/30/2025
TOTALS,5509500,4192786,430587,3438211,13571084,2025,6,06/30/2025
ALACHUA,49637,77840,5233,40800,173510,2025,7,07/31/2025
BAKER,12264,2876,406,1852,17398,2025,7,07/31/2025
BAY,76732,26295,4897,28155,136079,2025,7,07/31/2025
BRADFORD,11216,4218,427,2623,18484,2025,7,07/31/2025
BREVARD,197940,109081,16272,102829,426122,2025,7,07/31/2025
BROWARD,281060,522009,29839,355991,1188899,2025,7,07/31/2025
CALHOUN,4725,1962,86,745,7518,2025,7,07/31/2025
CHARLOTTE,77977,28704,5757,32788,145226,2025,7,07/31/2025
CITRUS,67769,20677,4251,22419,115116,2025,7,07/31/2025
CLAY,85770,29615,5169,28760,149314,2025,7,07/31/2025
COLLIER,142887,50137,7482,58053,258559,2025,7,07/31/2025
COLUMBIA,23580,9455,1163,6094,40292,2025,7,07/31/2025
DESOTO,7831,4060,445,2973,15309,2025,7,07/31/2025
DIXIE,6654,1643,224,1305,9826,2025,7,07/31/2025
DUVAL,239318,249234,21870,147062,657484,2025,7,07/31/2025
ESCAMBIA,103129,65560,6972,45721,221382,2025,7,07/31/2025
FLAGLER,47770,22812,3589,20089,94260,2025,7,07/31/2025
FRANKLIN,4043,2246,272,1092,7653,2025,7,07/31/2025
GADSDEN,5678,17442,438,2714,26272,2025,7,07/31/2025
GILCHRIST,8886,1759,423,1552,12620,2025,7,07/31/2025
GLADES,3925,1392,190,1036,6543,2025,7,07/31/2025
GULF,6883,2349,337,1259,10828,2025,7,07/31/2025
HAMILTON,3578,2320,171,775,6844,2025,7,07/31/2025
HARDEE,6766,2691,320,2205,11982,2025,7,07/31/2025
HENDRY,8954,5163,464,3289,17870,2025,7,07/31/2025
HERNANDO,67777,30101,5071,29180,132129,2025,7,07/31/2025
HIGHLANDS,34427,13787,2209,12263,62686,2025,7,07/31/2025
HILLSBOROUGH,288998,272043,26744,214571,802356,2025,7,07/31/2025
HOLMES,8057,1545,248,1174,11024,2025,7,07/31/2025
INDIAN RIVER,60627,25687,4327,24303,114944,2025,7,07/31/2025
JACKSON,15369,7856,534,2539,26298,2025,7,07/31/2025
JEFFERSON,4563,3826,180,1149,9718,2025,7,07/31/2025
LAFAYETTE,3257,590,70,267,4184,2025,7,07/31/2025
LAKE,127754,66421,8920,63076,266171,2025,7,07/31/2025
LEE,242500,111531,15936,135401,505368,2025,7,07/31/2025
LEON,54023,87491,5290,35379,182183,2025,7,07/31/2025
LEVY,17953,6087,1023,4058,29121,2025,7,07/31/2025
LIBERTY,2793,1215,21,448,4477,2025,7,07/31/2025
MADISON,5086,3909,123,1168,10286,2025,7,07/31/2025
MANATEE,134217,65601,8649,62537,271004,2025,7,07/31/2025
MARION,132384,64929,9001,49298,255612,2025,7,07/31/2025
MARTIN,61172,23474,4397,23887,112930,2025,7,07/31/2025
MIAMI-DADE,449692,414094,30537,389316,1283639,2025,7,07/31/2025
MONROE,24437,14802,1940,12502,53681,2025,7,07/31/2025
NASSAU,47757,13370,2845,14746,78718,2025,7,07/31/2025
OKALOOSA,83769,23463,4882,30137,142251,2025,7,07/31/2025
OKEECHOBEE,12018,4289,737,3090,20134,2025,7,07/31/2025
ORANGE,225639,321700,27535,246563,821437,2025,7,07/31/2025
OSCEOLA,66099,78807,7996,68226,221128,2025,7,07/31/2025
PALM BEACH,298605,329227,31680,253821,913333,2025,7,07/31/2025
PASCO,173643,96228,15162,97820,382853,2025,7,07/31/2025
PINELLAS,235551,190900,19819,152749,599019,2025,7,07/31/2025
POLK,184055,126053,15387,104202,429697,2025,7,07/31/2025
PUTNAM,26335,11697,1303,7988,47323,2025,7,07/31/2025
SANTA ROSA,86772,19892,4581,24469,135714,2025,7,07/31/2025
SARASOTA,156254,80251,9956,72952,319413,2025,7,07/31/2025
SEMINOLE,122644,111068,12300,103718,349730,2025,7,07/31/2025
ST. JOHNS,128424,47033,6942,46919,229318,2025,7,07/31/2025
ST. LUCIE,93853,84242,9590,62291,249976,2025,7,07/31/2025
SUMTER,76767,24787,3119,26338,131011,2025,7,07/31/2025
SUWANNEE,16314,5083,774,3349,25520,2025,7,07/31/2025
TAYLOR,7373,2895,227,955,11450,2025,7,07/31/2025
UNION,4824,1534,132,632,7122,2025,7,07/31/2025
VOLUSIA,168841,107817,14868,104776,396302,2025,7,07/31/2025
WAKULLA,13534,6283,835,4092,24744,2025,7,07/31/2025
WALTON,40232,7403,1945,9511,59091,2025,7,07/31/2025
WASHINGTON,10282,2875,329,1924,15410,2025,7,07/31/2025
TOTALS,5499643,4173426,434861,3415965,13523895,2025,7,07/31/2025
ALACHUA,49769,77930,5254,40926,173879,2025,8,08/31/2025
BAKER,12239,2858,403,1840,17340,2025,8,08/31/2025
BAY,77084,26322,4952,28195,136553,2025,8,08/31/2025
BRADFORD,11256,4209,436,2629,18530,2025,8,08/31/2025
BREVARD,198891,109323,16462,103343,428019,2025,8,08/31/2025
BROWARD,281311,521542,30048,356498,1189399,2025,8,08/31/2025
CALHOUN,4723,1951,89,752,7515,2025,8,08/31/2025
CHARLOTTE,78397,28719,5832,32835,145783,2025,8,08/31/2025
CITRUS,68028,20661,4296,22454,115439,2025,8,08/31/2025
CLAY,86176,29766,5273,28949,150164,2025,8,08/31/2025
COLLIER,143235,50210,7573,58194,259212,2025,8,08/31/2025
COLUMBIA,23641,9475,1180,6117,40413,2025,8,08/31/2025
DESOTO,7845,4061,454,2987,15347,2025,8,08/31/2025
DIXIE,6683,1651,222,1318,9874,2025,8,08/31/2025
DUVAL,238092,246373,21904,145603,651972,2025,8,08/31/2025
ESCAMBIA,102537,64495,7057,45414,219503,2025,8,08/31/2025
FLAGLER,48108,22825,3638,20203,94774,2025,8,08/31/2025
FRANKLIN,4068,2235,278,1098,7679,2025,8,08/31/2025
GADSDEN,5690,17425,441,2731,26287,2025,8,08/31/2025
GILCHRIST,8913,1762,430,1553,12658,2025,8,08/31/2025
GLADES,3942,1388,194,1041,6565,2025,8,08/31/2025
GULF,6901,2347,338,1260,10846,2025,8,08/31/2025
HAMILTON,3582,2316,174,779,6851,2025,8,08/31/2025
HARDEE,6783,2701,335,2216,12035,2025,8,08/31/2025
HENDRY,9006,5197,470,3316,17989,2025,8,08/31/2025
HERNANDO,67996,30069,5126,29217,132408,2025,8,08/31/2025
HIGHLANDS,34522,13813,2254,12270,62859,2025,8,08/31/2025
HILLSBOROUGH,289804,272513,27159,215147,804623,2025,8,08/31/2025
HOLMES,8083,1548,249,1175,11055,2025,8,08/31/2025
INDIAN RIVER,60827,25732,4420,24359,115338,2025,8,08/31/2025
JACKSON,15436,7844,544,2553,26377,2025,8,08/31/2025
JEFFERSON,4582,3831,184,1154,9751,2025,8,08/31/2025
LAFAYETTE,3271,591,69,267,4198,2025,8,08/31/2025
LAKE,128238,66588,9062,63409,267297,2025,8,08/31/2025
LEE,243390,111772,16216,135720,507098,2025,8,08/31/2025
LEON,54189,87581,5346,35498,182614,2025,8,08/31/2025
LEVY,18033,6094,1038,4071,29236,2025,8,08/31/2025
LIBERTY,2794,1210,22,448,4474,2025,8,08/31/2025
MADISON,5095,3909,126,1173,10303,2025,8,08/31/2025
MANATEE,134750,65686,8767,62741,271944,2025,8,08/31/2025
MARION,133039,65185,9138,49571,256933,2025,8,08/31/2025
MARTIN,61346,23490,4474,23920,113230,2025,8,08/31/2025
MIAMI-DADE,448901,412347,30762,388509,1280519,2025,8,08/31/2025
MONROE,24489,14809,1970,12520,53788,2025,8,08/31/2025
NASSAU,47828,13326,2880,14725,78759,2025,8,08/31/2025
OKALOOSA,84079,23516,4942,30255,142792,2025,8,08/31/2025
OKEECHOBEE,12040,4294,751,3107,20192,2025,8,08/31/2025
ORANGE,226319,322507,28005,247118,823949,2025,8,08/31/2025
OSCEOLA,66581,79087,8179,68529,222376,2025,8,08/31/2025
PALM BEACH,288834,307307,30400,230718,857259,2025,8,08/31/2025
PASCO,174356,96422,15373,98059,384210,2025,8,08/31/2025
PINELLAS,236063,190882,20043,152986,599974,2025,8,08/31/2025
POLK,184839,126498,15629,104830,431796,2025,8,08/31/2025
PUTNAM,26381,11734,1314,8012,47441,2025,8,08/31/2025
SANTA ROSA,87186,19942,4667,24592,136387,2025,8,08/31/2025
SARASOTA,157023,80367,10147,73212,320749,2025,8,08/31/2025
SEMINOLE,122827,111097,12485,103783,350192,2025,8,08/31/2025
ST. JOHNS,128794,47101,7054,47124,230073,2025,8,08/31/2025
ST. LUCIE,90676,77102,9235,55788,232801,2025,8,08/31/2025
SUMTER,73525,22538,3059,23110,122232,2025,8,08/31/2025
SUWANNEE,16380,5078,792,3357,25607,2025,8,08/31/2025
TAYLOR,7371,2889,234,953,11447,2025,8,08/31/2025
UNION,4840,1534,133,632,7139,2025,8,08/31/2025
VOLUSIA,169506,107887,15124,104964,397481,2025,8,08/31/2025
WAKULLA,13587,6280,849,4091,24807,2025,8,08/31/2025
WALTON,40465,7415,1966,9542,59388,2025,8,08/31/2025
WASHINGTON,10332,2873,334,1930,15469,2025,8,08/31/2025
TOTALS,5495517,4140030,438254,3387390,13461191,2025,8,08/31/2025
ALACHUA,49872,77766,5335,41042,174015,2025,9,09/30/2025
BAKER,12267,2859,412,1844,17382,2025,9,09/30/2025
BAY,77391,26288,5049,28265,136993,2025,9,09/30/2025
BRADFORD,10510,3467,426,2033,16436,2025,9,09/30/2025
BREVARD,199884,109317,16655,103918,429774,2025,9,09/30/2025
BROWARD,282973,521878,30634,358404,1193889,2025,9,09/30/2025
CALHOUN,4739,1943,92,749,7523,2025,9,09/30/2025
CHARLOTTE,78903,28753,5912,32850,146418,2025,9,09/30/2025
CITRUS,68111,20569,4373,22375,115428,2025,9,09/30/2025
CLAY,86481,29823,5345,29051,150700,2025,9,09/30/2025
COLLIER,143703,50197,7690,58378,259968,2025,9,09/30/2025
COLUMBIA,23700,9467,1197,6140,40504,2025,9,09/30/2025
DESOTO,7862,4049,457,2993,15361,2025,9,09/30/2025
DIXIE,6684,1641,222,1317,9864,2025,9,09/30/2025
DUVAL,234985,240150,21617,142060,638812,2025,9,09/30/2025
ESCAMBIA,99884,61132,6912,42014,209942,2025,9,09/30/2025
FLAGLER,48371,22824,3701,20241,95137,2025,9,09/30/2025
FRANKLIN,4071,2224,282,1106,7683,2025,9,09/30/2025
GADSDEN,5734,17404,450,2752,26340,2025,9,09/30/2025
GILCHRIST,8943,1759,450,1558,12710,2025,9,09/30/2025
GLADES,3938,1387,198,1046,6569,2025,9,09/30/2025
GULF,6937,2337,348,1266,10888,2025,9,09/30/2025
HAMILTON,3598,2320,176,790,6884,2025,9,09/30/2025
HARDEE,6797,2712,337,2226,12072,2025,9,09/30/2025
HENDRY,9074,5227,477,3335,18113,2025,9,09/30/2025
HERNANDO,68301,30032,5171,29291,132795,2025,9,09/30/2025
HIGHLANDS,34648,13807,2299,12310,63064,2025,9,09/30/2025
HILLSBOROUGH,290747,272309,27514,215780,806350,2025,9,09/30/2025
HOLMES,8113,1536,252,1176,11077,2025,9,09/30/2025
INDIAN RIVER,61017,25770,4516,24438,115741,2025,9,09/30/2025
JACKSON,15508,7847,541,2603,26499,2025,9,09/30/2025
JEFFERSON,4600,3823,186,1162,9771,2025,9,09/30/2025
LAFAYETTE,3276,592,69,270,4207,2025,9,09/30/2025
LAKE,128860,66703,9230,63721,268514,2025,9,09/30/2025
LEE,244377,111778,16467,136116,508738,2025,9,09/30/2025
LEON,54354,87572,5421,35668,183015,2025,9,09/30/2025
LEVY,18101,6078,1055,4090,29324,2025,9,09/30/2025
LIBERTY,2795,1203,22,452,4472,2025,9,09/30/2025
MADISON,5121,3901,126,1175,10323,2025,9,09/30/2025
MANATEE,135357,65653,8883,62991,272884,2025,9,09/30/2025
MARION,133692,65271,9285,49803,258051,2025,9,09/30/2025
MARTIN,61543,23454,4542,23961,113500,2025,9,09/30/2025
MIAMI-DADE,447323,407801,30966,386526,1272616,2025,9,09/30/2025
MONROE,24502,14752,1984,12491,53729,2025,9,09/30/2025
NASSAU,47987,13305,2917,14741,78950,2025,9,09/30/2025
OKALOOSA,84413,23537,5029,30322,143301,2025,9,09/30/2025
OKEECHOBEE,12095,4283,763,3119,20260,2025,9,09/30/2025
ORANGE,226410,317519,28406,246505,818840,2025,9,09/30/2025
OSCEOLA,66944,79144,8291,68701,223080,2025,9,09/30/2025
PALM BEACH,290334,307039,30878,231613,859864,2025,9,09/30/2025
PASCO,175137,96528,15637,98546,385848,2025,9,09/30/2025
PINELLAS,236878,190515,20360,153357,601110,2025,9,09/30/2025
POLK,185985,126968,15974,105738,434665,2025,9,09/30/2025
PUTNAM,26411,11675,1332,8019,47437,2025,9,09/30/2025
SANTA ROSA,87661,19972,4762,24734,137129,2025,9,09/30/2025
SARASOTA,157679,80204,10393,73374,321650,2025,9,09/30/2025
SEMINOLE,122031,109360,12533,102213,346137,2025,9,09/30/2025
ST. JOHNS,129046,46898,7133,47253,230330,2025,9,09/30/2025
ST. LUCIE,91128,77297,9371,55975,233771,2025,9,09/30/2025
SUMTER,73946,22606,3145,23169,122866,2025,9,09/30/2025
SUWANNEE,16476,5057,809,3375,25717,2025,9,09/30/2025
TAYLOR,7396,2867,239,955,11457,2025,9,09/30/2025
UNION,4841,1516,136,633,7126,2025,9,09/30/2025
VOLUSIA,170203,107657,15404,105133,398397,2025,9,09/30/2025
WAKULLA,13625,6272,857,4102,24856,2025,9,09/30/2025
WALTON,40674,7411,1983,9549,59617,2025,9,09/30/2025
WASHINGTON,10379,2866,343,1934,15522,2025,9,09/30/2025
TOTALS,5505326,4117871,443971,3384837,13452005,2025,9,09/30/2025
ALACHUA,49948,77819,5400,41221,174388,2025,10,10/31/2025
BAKER,12234,2842,407,1836,17319,2025,10,10/31/2025
BAY,72679,23420,4751,23647,124497,2025,10,10/31/2025
BRADFORD,10521,3467,436,2051,16475,2025,10,10/31/2025
BREVARD,200678,109514,16912,104498,431602,2025,10,10/31/2025
BROWARD,283727,521427,31058,358872,1195084,2025,10,10/31/2025
CALHOUN,4749,1940,95,753,7537,2025,10,10/31/2025
CHARLOTTE,79501,28833,6047,32966,147347,2025,10,10/31/2025
CITRUS,68484,20548,4457,22418,115907,2025,10,10/31/2025
CLAY,86521,29840,5425,29146,150932,2025,10,10/31/2025
COLLIER,143987,50214,7780,58475,260456,2025,10,10/31/2025
COLUMBIA,23783,9477,1214,6161,40635,2025,10,10/31/2025
DESOTO,7919,4033,458,3000,15410,2025,10,10/31/2025
DIXIE,6694,1638,224,1320,9876,2025,10,10/31/2025
DUVAL,234357,238971,21789,141329,636446,2025,10,10/31/2025
ESCAMBIA,100182,61154,7056,42088,210480,2025,10,10/31/2025
FLAGLER,48652,22890,3763,20338,95643,2025,10,10/31/2025
FRANKLIN,4091,2230,283,1111,7715,2025,10,10/31/2025
GADSDEN,5766,17426,458,2760,26410,2025,10,10/31/2025
GILCHRIST,8971,1758,452,1564,12745,2025,10,10/31/2025
GLADES,3949,1391,201,1053,6594,2025,10,10/31/2025
GULF,6955,2329,356,1280,10920,2025,10,10/31/2025
HAMILTON,3603,2324,183,794,6904,2025,10,10/31/2025
HARDEE,6794,2717,352,2219,12082,2025,10,10/31/2025
HENDRY,9127,5243,482,3367,18219,2025,10,10/31/2025
HERNANDO,68557,30059,5243,29378,133237,2025,10,10/31/2025
HIGHLANDS,34788,13830,2349,12330,63297,2025,10,10/31/2025
HILLSBOROUGH,291297,272181,27879,216415,807772,2025,10,10/31/2025
HOLMES,8137,1529,258,1176,11100,2025,10,10/31/2025
INDIAN RIVER,61272,25871,4608,24545,116296,2025,10,10/31/2025
JACKSON,15603,7845,560,2618,26626,2025,10,10/31/2025
JEFFERSON,4629,3827,188,1161,9805,2025,10,10/31/2025
LAFAYETTE,3283,592,70,270,4215,2025,10,10/31/2025
LAKE,129407,66909,9393,64147,269856,2025,10,10/31/2025
LEE,237793,103537,16177,124553,482060,2025,10,10/31/2025
LEON,54437,87667,5488,35864,183456,2025,10,10/31/2025
LEVY,18201,6090,1090,4101,29482,2025,10,10/31/2025
LIBERTY,2803,1203,23,451,4480,2025,10,10/31/2025
MADISON,5135,3901,128,1183,10347,2025,10,10/31/2025
MANATEE,135958,65657,9015,63147,273777,2025,10,10/31/2025
MARION,134356,65467,9464,50116,259403,2025,10,10/31/2025
MARTIN,61698,23434,4613,24023,113768,2025,10,10/31/2025
MIAMI-DADE,447934,406964,31353,387164,1273415,2025,10,10/31/2025
MONROE,24604,14734,1994,12543,53875,2025,10,10/31/2025
NASSAU,48150,13325,2954,14791,79220,2025,10,10/31/2025
OKALOOSA,84696,23596,5079,30477,143848,2025,10,10/31/2025
OKEECHOBEE,12001,4253,762,3082,20098,2025,10,10/31/2025
ORANGE,226457,317412,28876,246209,818954,2025,10,10/31/2025
OSCEOLA,67484,79567,8491,69234,224776,2025,10,10/31/2025
PALM BEACH,291830,307504,31378,232612,863324,2025,10,10/31/2025
PASCO,175971,96683,15942,98877,387473,2025,10,10/31/2025
PINELLAS,237789,190906,20738,153912,603345,2025,10,10/31/2025
POLK,187355,127949,16414,106929,438647,2025,10,10/31/2025
PUTNAM,25326,10573,1269,6886,44054,2025,10,10/31/2025
SANTA ROSA,88159,20043,4854,24821,137877,2025,10,10/31/2025
SARASOTA,158396,80212,10602,73609,322819,2025,10,10/31/2025
SEMINOLE,120853,107283,12417,100219,340772,2025,10,10/31/2025
ST. JOHNS,129799,46856,7167,47715,231537,2025,10,10/31/2025
ST. LUCIE,91683,77606,9534,56274,235097,2025,10,10/31/2025
SUMTER,74557,22746,3263,23272,123838,2025,10,10/31/2025
SUWANNEE,16534,5070,828,3400,25832,2025,10,10/31/2025
TAYLOR,7416,2870,244,966,11496,2025,10,10/31/2025
UNION,4849,1504,135,632,7120,2025,10,10/31/2025
VOLUSIA,170970,107724,15706,105512,399912,2025,10,10/31/2025
WAKULLA,13682,6269,877,4104,24932,2025,10,10/31/2025
WALTON,40974,7432,2033,9567,60006,2025,10,10/31/2025
WASHINGTON,10407,2865,354,1938,15564,2025,10,10/31/2025
TOTALS,5509102,4104990,449849,3374490,13438431,2025,10,10/31/2025
ALACHUA,50029,77877,5474,41290,174670,2025,11,11/30/2025
BAKER,12282,2847,407,1843,17379,2025,11,11/30/2025
BAY,72949,23492,4822,23717,124980,2025,11,11/30/2025
BRADFORD,10533,3483,453,2050,16519,2025,11,11/30/2025
BREVARD,201228,109688,17135,104949,433000,2025,11,11/30/2025
BROWARD,284190,521401,31270,359449,1196310,2025,11,11/30/2025
CALHOUN,4761,1938,98,755,7552,2025,11,11/30/2025
CHARLOTTE,79974,28913,6199,33071,148157,2025,11,11/30/2025
CITRUS,68815,20577,4561,22434,116387,2025,11,11/30/2025
CLAY,86739,29911,5494,29209,151353,2025,11,11/30/2025
COLLIER,144106,50179,7871,58460,260616,2025,11,11/30/2025
COLUMBIA,23810,9495,1233,6182,40720,2025,11,11/30/2025
DESOTO,7950,4033,465,3010,15458,2025,11,11/30/2025
DIXIE,6716,1633,227,1323,9899,2025,11,11/30/2025
DUVAL,234308,238839,21959,141282,636388,2025,11,11/30/2025
ESCAMBIA,100433,61248,7166,42210,211057,2025,11,11/30/2025
FLAGLER,48847,22942,3802,20428,96019,2025,11,11/30/2025
FRANKLIN,4096,2221,283,1125,7725,2025,11,11/30/2025
GADSDEN,5784,17442,465,2771,26462,2025,11,11/30/2025
GILCHRIST,8986,1761,457,1577,12781,2025,11,11/30/2025
GLADES,3964,1396,202,1054,6616,2025,11,11/30/2025
GULF,6989,2326,360,1283,10958,2025,11,11/30/2025
HAMILTON,3623,2322,190,803,6938,2025,11,11/30/2025
HARDEE,6790,2713,360,2219,12082,2025,11,11/30/2025
HENDRY,9149,5267,495,3398,18309,2025,11,11/30/2025
HERNANDO,68752,30095,5293,29436,133576,2025,11,11/30/2025
HIGHLANDS,34931,13845,2389,12322,63487,2025,11,11/30/2025
HILLSBOROUGH,292121,272909,28345,217242,810617,2025,11,11/30/2025
HOLMES,8168,1519,259,1178,11124,2025,11,11/30/2025
INDIAN RIVER,61466,25925,4688,24581,116660,2025,11,11/30/2025
JACKSON,15707,7831,565,2634,26737,2025,11,11/30/2025
JEFFERSON,4643,3822,195,1164,9824,2025,11,11/30/2025
LAFAYETTE,3292,592,71,267,4222,2025,11,11/30/2025
LAKE,129746,67033,9496,64341,270616,2025,11,11/30/2025
LEE,238718,103749,16466,124900,483833,2025,11,11/30/2025
LEON,54472,87702,5546,35963,183683,2025,11,11/30/2025
LEVY,18253,6092,1116,4098,29559,2025,11,11/30/2025
LIBERTY,2807,1199,23,451,4480,2025,11,11/30/2025
MADISON,5144,3896,130,1185,10355,2025,11,11/30/2025
MANATEE,136404,65825,9153,63347,274729,2025,11,11/30/2025
MARION,134760,65626,9601,50388,260375,2025,11,11/30/2025
MARTIN,61872,23437,4665,24042,114016,2025,11,11/30/2025
MIAMI-DADE,448732,407343,31739,388051,1275865,2025,11,11/30/2025
MONROE,24671,14719,2031,12545,53966,2025,11,11/30/2025
NASSAU,48332,13350,2989,14808,79479,2025,11,11/30/2025
OKALOOSA,84855,23640,5152,30546,144193,2025,11,11/30/2025
OKEECHOBEE,12045,4263,775,3082,20165,2025,11,11/30/2025
ORANGE,226228,317045,29125,245703,818101,2025,11,11/30/2025
OSCEOLA,67904,79973,8655,69618,226150,2025,11,11/30/2025
PALM BEACH,293043,308250,31849,233454,866596,2025,11,11/30/2025
PASCO,176606,96958,16196,99226,388986,2025,11,11/30/2025
PINELLAS,237981,190818,20954,154016,603769,2025,11,11/30/2025
POLK,187738,128172,16636,107272,439818,2025,11,11/30/2025
PUTNAM,25398,10588,1286,6912,44184,2025,11,11/30/2025
SANTA ROSA,88543,20109,4930,24891,138473,2025,11,11/30/2025
SARASOTA,158854,80268,10812,73709,323643,2025,11,11/30/2025
SEMINOLE,120765,107079,12516,100059,340419,2025,11,11/30/2025
ST. JOHNS,130343,46871,7175,48175,232564,2025,11,11/30/2025
ST. LUCIE,91881,77566,9622,56311,235380,2025,11,11/30/2025
SUMTER,75007,22868,3355,23356,124586,2025,11,11/30/2025
SUWANNEE,16578,5067,849,3404,25898,2025,11,11/30/2025
TAYLOR,7431,2881,250,975,11537,2025,11,11/30/2025
UNION,4850,1507,138,636,7131,2025,11,11/30/2025
VOLUSIA,171519,107965,15942,105656,401082,2025,11,11/30/2025
WAKULLA,13721,6260,891,4108,24980,2025,11,11/30/2025
WALTON,41041,7421,2051,9560,60073,2025,11,11/30/2025
WASHINGTON,10460,2862,358,1939,15619,2025,11,11/30/2025
TOTALS,5522833,4108884,455725,3381443,13468885,2025,11,11/30/2025
ALACHUA,47605,72535,5243,36647,162030,2025,12,12/31/2025
BAKER,12321,2852,420,1862,17455,2025,12,12/31/2025
BAY,73223,23521,4902,23806,125452,2025,12,12/31/2025
BRADFORD,10568,3484,457,2056,16565,2025,12,12/31/2025
BREVARD,201713,109847,17337,105365,434262,2025,12,12/31/2025
BROWARD,263498,461220,28556,308727,1062001,2025,12,12/31/2025
CALHOUN,4770,1931,99,760,7560,2025,12,12/31/2025
CHARLOTTE,80445,29002,6305,33202,148954,2025,12,12/31/2025
CITRUS,69057,20566,4656,22444,116723,2025,12,12/31/2025
CLAY,86930,30041,5579,29298,151848,2025,12,12/31/2025
COLLIER,144768,50327,7993,58660,261748,2025,12,12/31/2025
COLUMBIA,23836,9499,1255,6190,40780,2025,12,12/31/2025
DESOTO,8007,4040,483,3010,15540,2025,12,12/31/2025
DIXIE,6719,1629,232,1326,9906,2025,12,12/31/2025
DUVAL,234274,238810,22168,141279,636531,2025,12,12/31/2025
ESCAMBIA,100289,61009,7241,42004,210543,2025,12,12/31/2025
FLAGLER,49093,22983,3844,20449,96369,2025,12,12/31/2025
FRANKLIN,4112,2212,285,1137,7746,2025,12,12/31/2025
GADSDEN,5808,17445,474,2789,26516,2025,12,12/31/2025
GILCHRIST,9006,1752,459,1574,12791,2025,12,12/31/2025
GLADES,3981,1404,204,1064,6653,2025,12,12/31/2025
GULF,7027,2325,368,1290,11010,2025,12,12/31/2025
HAMILTON,3630,2324,195,799,6948,2025,12,12/31/2025
HARDEE,6803,2718,364,2225,12110,2025,12,12/31/2025
HENDRY,9216,5324,503,3444,18487,2025,12,12/31/2025
HERNANDO,68961,30172,5361,29531,134025,2025,12,12/31/2025
HIGHLANDS,35046,13877,2441,12322,63686,2025,12,12/31/2025
HILLSBOROUGH,292783,273402,28824,217941,812950,2025,12,12/31/2025
HOLMES,8207,1511,263,1181,11162,2025,12,12/31/2025
INDIAN RIVER,61719,26010,4757,24655,117141,2025,12,12/31/2025
JACKSON,15758,7843,575,2652,26828,2025,12,12/31/2025
JEFFERSON,4654,3803,203,1157,9817,2025,12,12/31/2025
LAFAYETTE,3290,595,71,266,4222,2025,12,12/31/2025
LAKE,129315,66578,9500,64027,269420,2025,12,12/31/2025
LEE,239666,104002,16739,125205,485612,2025,12,12/31/2025
LEON,54470,87637,5607,35968,183682,2025,12,12/31/2025
LEVY,18316,6105,1135,4100,29656,2025,12,12/31/2025
LIBERTY,2813,1198,24,450,4485,2025,12,12/31/2025
MADISON,5160,3895,134,1188,10377,2025,12,12/31/2025
MANATEE,137047,66081,9262,63640,276030,2025,12,12/31/2025
MARION,135306,65933,9783,50753,261775,2025,12,12/31/2025
MARTIN,62089,23481,4734,24077,114381,2025,12,12/31/2025
MIAMI-DADE,449428,407810,32118,389080,1278436,2025,12,12/31/2025
MONROE,24756,14762,2058,12573,54149,2025,12,12/31/2025
NASSAU,48402,13370,2988,14808,79568,2025,12,12/31/2025
OKALOOSA,85010,23658,5234,30600,144502,2025,12,12/31/2025
OKEECHOBEE,12092,4281,789,3099,20261,2025,12,12/31/2025
ORANGE,226534,317412,29590,245814,819350,2025,12,12/31/2025
OSCEOLA,68156,80275,8799,69916,227146,2025,12,12/31/2025
PALM BEACH,294233,308936,32150,234385,869704,2025,12,12/31/2025
PASCO,176954,97026,16357,99344,389681,2025,12,12/31/2025
PINELLAS,238556,190967,21254,154388,605165,2025,12,12/31/2025
POLK,188526,128742,16942,108036,442246,2025,12,12/31/2025
PUTNAM,25459,10606,1306,6941,44312,2025,12,12/31/2025
SANTA ROSA,88905,20152,4997,25005,139059,2025,12,12/31/2025
SARASOTA,159603,80398,10984,74009,324994,2025,12,12/31/2025
SEMINOLE,120658,106794,12585,99755,339792,2025,12,12/31/2025
ST. JOHNS,130673,46784,7178,48419,233054,2025,12,12/31/2025
ST. LUCIE,92229,77782,9755,56458,236224,2025,12,12/31/2025
SUMTER,75623,23027,3476,23476,125602,2025,12,12/31/2025
SUWANNEE,16648,5068,876,3414,26006,2025,12,12/31/2025
TAYLOR,7432,2882,256,972,11542,2025,12,12/31/2025
UNION,4848,1506,139,639,7132,2025,12,12/31/2025
VOLUSIA,167721,104669,15599,102022,390011,2025,12,12/31/2025
WAKULLA,13803,6262,908,4102,25075,2025,12,12/31/2025
WALTON,41294,7435,2100,9598,60427,2025,12,12/31/2025
WASHINGTON,10512,2863,368,1956,15699,2025,12,12/31/2025
TOTALS,5509354,4044390,457841,3329329,13340914,2025,12,12/31/2025
ALACHUA,47744,72709,5294,36866,162613,2026,1,01/31/2026
BAKER,12394,2870,430,1884,17578,2026,1,01/31/2026
BAY,73514,23567,4999,23884,125964,2026,1,01/31/2026
BRADFORD,10528,3481,472,2026,16507,2026,1,01/31/2026
BREVARD,202335,109997,17528,105768,435628,2026,1,01/31/2026
BROWARD,265597,462425,29320,310772,1068114,2026,1,01/31/2026
CALHOUN,4786,1928,101,765,7580,2026,1,01/31/2026
CHARLOTTE,81092,29090,6436,33257,149875,2026,1,01/31/2026
CITRUS,69194,20565,4721,22438,116918,2026,1,01/31/2026
CLAY,87272,30275,5724,29473,152744,2026,1,01/31/2026
COLLIER,145143,50408,8071,58675,262297,2026,1,01/31/2026
COLUMBIA,23920,9501,1280,6190,40891,2026,1,01/31/2026
DESOTO,8021,4048,487,3002,15558,2026,1,01/31/2026
DIXIE,6731,1630,234,1341,9936,2026,1,01/31/2026
DUVAL,234411,238922,22410,141318,637061,2026,1,01/31/2026
ESCAMBIA,100633,61153,7349,42159,211294,2026,1,01/31/2026
FLAGLER,49430,23058,3947,20545,96980,2026,1,01/31/2026
FRANKLIN,4104,2205,288,1125,7722,2026,1,01/31/2026
GADSDEN,5833,17395,482,2800,26510,2026,1,01/31/2026
GILCHRIST,9035,1748,463,1576,12822,2026,1,01/31/2026
GLADES,4008,1413,205,1082,6708,2026,1,01/31/2026
GULF,7059,2318,371,1295,11043,2026,1,01/31/2026
HAMILTON,3647,2325,200,802,6974,2026,1,01/31/2026
HARDEE,6817,2739,360,2229,12145,2026,1,01/31/2026
HENDRY,9253,5351,516,3478,18598,2026,1,01/31/2026
HERNANDO,69469,30251,5463,29647,134830,2026,1,01/31/2026
HIGHLANDS,35179,13929,2489,12335,63932,2026,1,01/31/2026
HILLSBOROUGH,294019,274194,29388,218790,816391,2026,1,01/31/2026
HOLMES,8219,1507,266,1181,11173,2026,1,01/31/2026
INDIAN RIVER,61877,25969,4829,24566,117241,2026,1,01/31/2026
JACKSON,15860,7852,601,2657,26970,2026,1,01/31/2026
JEFFERSON,4667,3806,208,1158,9839,2026,1,01/31/2026
LAFAYETTE,3283,598,71,268,4220,2026,1,01/31/2026
LAKE,129886,66880,9658,64361,270785,2026,1,01/31/2026
LEE,240950,104519,17049,125620,488138,2026,1,01/31/2026
LEON,54542,87544,5647,35990,183723,2026,1,01/31/2026
LEVY,18389,6122,1143,4095,29749,2026,1,01/31/2026
LIBERTY,2814,1198,24,454,4490,2026,1,01/31/2026
MADISON,5177,3893,137,1195,10402,2026,1,01/31/2026
MANATEE,137876,66442,9406,64027,277751,2026,1,01/31/2026
MARION,135824,66167,9962,50890,262843,2026,1,01/31/2026
MARTIN,62307,23510,4807,24102,114726,2026,1,01/31/2026
MIAMI-DADE,450507,407798,32542,389794,1280641,2026,1,01/31/2026
MONROE,24846,14755,2102,12585,54288,2026,1,01/31/2026
NASSAU,48419,13355,3002,14757,79533,2026,1,01/31/2026
OKALOOSA,85217,23724,5298,30614,144853,2026,1,01/31/2026
OKEECHOBEE,12151,4284,814,3115,20364,2026,1,01/31/2026
ORANGE,223053,311058,29287,239972,803370,2026,1,01/31/2026
OSCEOLA,68553,80645,8993,70179,228370,2026,1,01/31/2026
PALM BEACH,294604,308695,32556,234207,870062,2026,1,01/31/2026
PASCO,176693,96715,16474,99049,388931,2026,1,01/31/2026
PINELLAS,239165,191155,21613,154734,606667,2026,1,01/31/2026
POLK,189293,129454,17282,108847,444876,2026,1,01/31/2026
PUTNAM,25451,10592,1315,6949,44307,2026,1,01/31/2026
SANTA ROSA,89116,20180,5059,25050,139405,2026,1,01/31/2026
SARASOTA,159928,80303,11150,73936,325317,2026,1,01/31/2026
SEMINOLE,120943,106979,12772,99769,340463,2026,1,01/31/2026
ST. JOHNS,131125,46925,7274,48577,233901,2026,1,01/31/2026
ST. LUCIE,92553,77994,9943,56530,237020,2026,1,01/31/2026
SUMTER,76140,23124,3614,23609,126487,2026,1,01/31/2026
SUWANNEE,16748,5076,888,3438,26150,2026,1,01/31/2026
TAYLOR,7439,2877,263,969,11548,2026,1,01/31/2026
UNION,4862,1511,146,643,7162,2026,1,01/31/2026
VOLUSIA,168464,104848,15821,102284,391417,2026,1,01/31/2026
WAKULLA,13847,6275,931,4119,25172,2026,1,01/31/2026
WALTON,41395,7452,2117,9615,60579,2026,1,01/31/2026
WASHINGTON,10349,2801,365,1894,15409,2026,1,01/31/2026
TOTALS,5523700,4044077,464457,3331321,13363555,2026,1,01/31/2026
ALACHUA,48084,73186,5451,37288,164009,2026,2,02/28/2026
BAKER,12440,2864,439,1886,17629,2026,2,02/28/2026
BAY,73357,23517,5059,23773,125706,2026,2,02/28/2026
BRADFORD,10611,3481,499,2025,16616,2026,2,02/28/2026
BREVARD,202230,109789,17590,105751,435360,2026,2,02/28/2026
BROWARD,267758,464251,30068,312430,1074507,2026,2,02/28/2026
CALHOUN,4771,1914,98,761,7544,2026,2,02/28/2026
CHARLOTTE,81815,29240,6586,33426,151067,2026,2,02/28/2026
CITRUS,69632,20622,4842,22505,117601,2026,2,02/28/2026
CLAY,87110,30175,5761,29396,152442,2026,2,02/28/2026
COLLIER,144559,50057,8088,58321,261025,2026,2,02/28/2026
COLUMBIA,24030,9515,1296,6220,41061,2026,2,02/28/2026
DESOTO,8048,4065,504,3015,15632,2026,2,02/28/2026
DIXIE,6785,1635,240,1348,10008,2026,2,02/28/2026
DUVAL,235017,239799,22717,142014,639547,2026,2,02/28/2026
ESCAMBIA,98000,58205,7162,38118,201485,2026,2,02/28/2026
FLAGLER,49736,23111,4017,20687,97551,2026,2,02/28/2026
FRANKLIN,4106,2184,295,1121,7706,2026,2,02/28/2026
GADSDEN,5867,17390,488,2816,26561,2026,2,02/28/2026
GILCHRIST,8984,1736,470,1554,12744,2026,2,02/28/2026
GLADES,4013,1412,208,1080,6713,2026,2,02/28/2026
GULF,7105,2316,375,1301,11097,2026,2,02/28/2026
HAMILTON,3633,2322,205,804,6964,2026,2,02/28/2026
HARDEE,6853,2749,378,2235,12215,2026,2,02/28/2026
HENDRY,9326,5381,524,3542,18773,2026,2,02/28/2026
HERNANDO,69371,30175,5489,29538,134573,2026,2,02/28/2026
HIGHLANDS,35361,14005,2556,12347,64269,2026,2,02/28/2026
HILLSBOROUGH,292644,273065,29565,217582,812856,2026,2,02/28/2026
HOLMES,8229,1501,268,1178,11176,2026,2,02/28/2026
INDIAN RIVER,62124,26073,4915,24591,117703,2026,2,02/28/2026
JACKSON,15889,7845,615,2658,27007,2026,2,02/28/2026
JEFFERSON,4643,3789,213,1152,9797,2026,2,02/28/2026
LAFAYETTE,3275,592,70,267,4204,2026,2,02/28/2026
LAKE,130413,67196,9819,64667,272095,2026,2,02/28/2026
LEE,242808,105352,17433,126326,491919,2026,2,02/28/2026
LEON,54639,87632,5714,36060,184045,2026,2,02/28/2026
LEVY,18362,6088,1148,4086,29684,2026,2,02/28/2026
LIBERTY,2825,1199,24,458,4506,2026,2,02/28/2026
MADISON,5191,3888,137,1208,10424,2026,2,02/28/2026
MANATEE,138661,66690,9543,64440,279334,2026,2,02/28/2026
MARION,136495,66425,10166,51167,264253,2026,2,02/28/2026
MARTIN,62618,23616,4879,24140,115253,2026,2,02/28/2026
MIAMI-DADE,450677,407346,32924,389692,1280639,2026,2,02/28/2026
MONROE,24940,14792,2149,12624,54505,2026,2,02/28/2026
NASSAU,48517,13379,3041,14800,79737,2026,2,02/28/2026
OKALOOSA,85432,23809,5358,30725,145324,2026,2,02/28/2026
OKEECHOBEE,12215,4309,830,3130,20484,2026,2,02/28/2026
ORANGE,224120,312583,29884,240750,807337,2026,2,02/28/2026
OSCEOLA,68840,80904,9140,70322,229206,2026,2,02/28/2026
PALM BEACH,295249,308540,32929,234114,870832,2026,2,02/28/2026
PASCO,178075,97588,16882,99951,392496,2026,2,02/28/2026
PINELLAS,239810,191441,21979,155069,608299,2026,2,02/28/2026
POLK,190020,130062,17584,109811,447477,2026,2,02/28/2026
PUTNAM,25455,10594,1332,6956,44337,2026,2,02/28/2026
SANTA ROSA,89492,20255,5131,25195,140073,2026,2,02/28/2026
SARASOTA,160209,80265,11282,73924,325680,2026,2,02/28/2026
SEMINOLE,121127,107180,12943,99994,341244,2026,2,02/28/2026
ST. JOHNS,131103,46868,7364,48598,233933,2026,2,02/28/2026
ST. LUCIE,93054,78404,10104,56810,238372,2026,2,02/28/2026
SUMTER,76533,23236,3700,23668,127137,2026,2,02/28/2026
SUWANNEE,16825,5088,915,3457,26285,2026,2,02/28/2026
TAYLOR,7449,2866,275,975,11565,2026,2,02/28/2026
UNION,4858,1514,148,657,7177,2026,2,02/28/2026
VOLUSIA,169232,105200,16090,102519,393041,2026,2,02/28/2026
WAKULLA,13902,6280,940,4115,25237,2026,2,02/28/2026
WALTON,41418,7419,2148,9554,60539,2026,2,02/28/2026
WASHINGTON,9867,2582,337,1644,14430,2026,2,02/28/2026
TOTALS,5535837,4048551,471323,3334336,13390047,2026,2,02/28/2026
ALACHUA,48186,73322,5542,37413,164463,2026,3,03/31/2026
BAKER,12471,2865,448,1888,17672,2026,3,03/31/2026
BAY,73739,23597,5148,23904,126388,2026,3,03/31/2026
BRADFORD,10617,3477,503,2019,16616,2026,3,03/31/2026
BREVARD,201095,108869,17586,104995,432545,2026,3,03/31/2026
BROWARD,268516,464638,30400,313336,1076890,2026,3,03/31/2026
CALHOUN,4769,1900,99,762,7530,2026,3,03/31/2026
CHARLOTTE,81723,29128,6652,33260,150763,2026,3,03/31/2026
CITRUS,70089,20720,4925,22642,118376,2026,3,03/31/2026
CLAY,87024,30213,5836,29274,152347,2026,3,03/31/2026
COLLIER,143246,49501,8118,57737,258602,2026,3,03/31/2026
COLUMBIA,24016,9406,1307,6121,40850,2026,3,03/31/2026
DESOTO,8111,4074,515,3047,15747,2026,3,03/31/2026
DIXIE,6753,1624,246,1337,9960,2026,3,03/31/2026
DUVAL,235284,240213,23048,142083,640628,2026,3,03/31/2026
ESCAMBIA,98305,58387,7282,38316,202290,2026,3,03/31/2026
FLAGLER,49729,23036,4077,20624,97466,2026,3,03/31/2026
FRANKLIN,4078,2156,286,1100,7620,2026,3,03/31/2026
GADSDEN,5907,17430,493,2839,26669,2026,3,03/31/2026
GILCHRIST,8980,1709,475,1539,12703,2026,3,03/31/2026
GLADES,4034,1411,215,1085,6745,2026,3,03/31/2026
GULF,7104,2304,374,1296,11078,2026,3,03/31/2026
HAMILTON,3648,2326,210,808,6992,2026,3,03/31/2026
HARDEE,6553,2356,387,1940,11236,2026,3,03/31/2026
HENDRY,9293,5342,527,3523,18685,2026,3,03/31/2026
HERNANDO,69233,29991,5536,29518,134278,2026,3,03/31/2026
HIGHLANDS,35511,14056,2608,12366,64541,2026,3,03/31/2026
HILLSBOROUGH,293837,273932,30159,218660,816588,2026,3,03/31/2026
HOLMES,8238,1495,273,1188,11194,2026,3,03/31/2026
INDIAN RIVER,62169,26097,4996,24538,117800,2026,3,03/31/2026
JACKSON,15926,7821,625,2656,27028,2026,3,03/31/2026
JEFFERSON,4641,3780,223,1154,9798,2026,3,03/31/2026
LAFAYETTE,3275,592,70,266,4203,2026,3,03/31/2026
LAKE,131299,67731,10060,65175,274265,2026,3,03/31/2026
LEE,244029,105860,17754,126719,494362,2026,3,03/31/2026
LEON,54539,87556,5769,35994,183858,2026,3,03/31/2026
LEVY,18398,6093,1150,4087,29728,2026,3,03/31/2026
LIBERTY,2842,1196,23,461,4522,2026,3,03/31/2026
MADISON,5225,3900,136,1223,10484,2026,3,03/31/2026
MANATEE,138477,66541,9575,64297,278890,2026,3,03/31/2026
MARION,136628,66558,10276,51182,264644,2026,3,03/31/2026
MARTIN,62680,23620,4947,24063,115310,2026,3,03/31/2026
MIAMI-DADE,451667,407826,33292,390426,1283211,2026,3,03/31/2026
MONROE,24939,14781,2184,12608,54512,2026,3,03/31/2026
NASSAU,48665,13399,3108,14799,79971,2026,3,03/31/2026
OKALOOSA,85689,23957,5497,30879,146022,2026,3,03/31/2026
OKEECHOBEE,12194,4287,834,3130,20445,2026,3,03/31/2026
ORANGE,225115,314181,30563,241552,811411,2026,3,03/31/2026
OSCEOLA,69131,81088,9298,70414,229931,2026,3,03/31/2026
PALM BEACH,296540,309018,33442,234786,873786,2026,3,03/31/2026
PASCO,179236,98293,17237,100626,395392,2026,3,03/31/2026
PINELLAS,239089,190932,22170,154317,606508,2026,3,03/31/2026
POLK,190965,130895,17937,110777,450574,2026,3,03/31/2026
PUTNAM,25620,10593,1364,7007,44584,2026,3,03/31/2026
SANTA ROSA,89014,20095,5136,25003,139248,2026,3,03/31/2026
SARASOTA,160009,79873,11486,73565,324933,2026,3,03/31/2026
SEMINOLE,120266,106158,12884,98964,338272,2026,3,03/31/2026
ST. JOHNS,131586,47121,7466,48868,235041,2026,3,03/31/2026
ST. LUCIE,93611,78821,10287,57135,239854,2026,3,03/31/2026
SUMTER,76686,23265,3792,23645,127388,2026,3,03/31/2026
SUWANNEE,16867,5084,936,3470,26357,2026,3,03/31/2026
TAYLOR,7437,2870,280,969,11556,2026,3,03/31/2026
UNION,4874,1510,150,661,7195,2026,3,03/31/2026
VOLUSIA,170248,105658,16432,103036,395374,2026,3,03/31/2026
WAKULLA,13931,6303,953,4120,25307,2026,3,03/31/2026
WALTON,41749,7447,2197,9606,60999,2026,3,03/31/2026
WASHINGTON,9939,2584,341,1659,14523,2026,3,03/31/2026
TOTALS,5545284,4052862,478145,3338457,13414748,2026,3,03/31/2026
ALACHUA,48188,73023,5571,37280,164062,2026,4,04/30/2026
BAKER,12469,2833,458,1863,17623,2026,4,04/30/2026
BAY,72893,23057,5111,23341,124402,2026,4,04/30/2026
BRADFORD,10631,3461,511,2015,16618,2026,4,04/30/2026
BREVARD,201758,109094,17813,105304,433969,2026,4,04/30/2026
BROWARD,268767,464622,30652,313921,1077962,2026,4,04/30/2026
CALHOUN,4770,1881,96,761,7508,2026,4,04/30/2026
CHARLOTTE,82114,29062,6753,33008,150937,2026,4,04/30/2026
CITRUS,70127,20636,4989,22600,118352,2026,4,04/30/2026
CLAY,86963,30104,5915,29104,152086,2026,4,04/30/2026
COLLIER,143838,49727,8259,57865,259689,2026,4,04/30/2026
COLUMBIA,24117,9426,1333,6145,41021,2026,4,04/30/2026
DESOTO,8140,4058,521,3054,15773,2026,4,04/30/2026
DIXIE,6728,1616,241,1331,9916,2026,4,04/30/2026
DUVAL,235244,240195,23305,142088,640832,2026,4,04/30/2026
ESCAMBIA,98162,58389,7393,38301,202245,2026,4,04/30/2026
FLAGLER,49832,23018,4127,20595,97572,2026,4,04/30/2026
FRANKLIN,4054,2140,279,1092,7565,2026,4,04/30/2026
GADSDEN,5897,17300,495,2819,26511,2026,4,04/30/2026
GILCHRIST,9006,1700,490,1528,12724,2026,4,04/30/2026
GLADES,4032,1410,214,1084,6740,2026,4,04/30/2026
GULF,7071,2261,377,1283,10992,2026,4,04/30/2026
HAMILTON,3673,2306,212,802,6993,2026,4,04/30/2026
HARDEE,6581,2375,391,1948,11295,2026,4,04/30/2026
HENDRY,9332,5361,546,3540,18779,2026,4,04/30/2026
HERNANDO,69464,30058,5588,29632,134742,2026,4,04/30/2026
HIGHLANDS,35452,13900,2645,12210,64207,2026,4,04/30/2026
HILLSBOROUGH,289640,267184,29676,212917,799417,2026,4,04/30/2026
HOLMES,8259,1497,275,1191,11222,2026,4,04/30/2026
INDIAN RIVER,61978,25913,5028,24251,117170,2026,4,04/30/2026
JACKSON,15942,7793,636,2633,27004,2026,4,04/30/2026
JEFFERSON,4657,3772,231,1159,9819,2026,4,04/30/2026
LAFAYETTE,3288,592,69,267,4216,2026,4,04/30/2026
LAKE,131677,67864,10212,65340,275093,2026,4,04/30/2026
LEE,241242,104553,17752,124921,488468,2026,4,04/30/2026
LEON,54274,86915,5780,35752,182721,2026,4,04/30/2026
LEVY,18420,6049,1169,4044,29682,2026,4,04/30/2026
LIBERTY,2847,1195,23,464,4529,2026,4,04/30/2026
MADISON,5192,3844,133,1205,10374,2026,4,04/30/2026
MANATEE,138390,66323,9632,64221,278566,2026,4,04/30/2026
MARION,135946,65870,10293,50550,262659,2026,4,04/30/2026
MARTIN,62769,23631,5022,23995,115417,2026,4,04/30/2026
MIAMI-DADE,451390,404791,33452,388980,1278613,2026,4,04/30/2026
MONROE,24875,14709,2189,12556,54329,2026,4,04/30/2026
NASSAU,48666,13394,3153,14755,79968,2026,4,04/30/2026
OKALOOSA,85745,24010,5550,30911,146216,2026,4,04/30/2026
OKEECHOBEE,12209,4265,841,3114,20429,2026,4,04/30/2026
ORANGE,224345,312564,30725,239807,807441,2026,4,04/30/2026
OSCEOLA,68439,80276,9331,69410,227456,2026,4,04/30/2026
PALM BEACH,295071,305188,33545,232315,866119,2026,4,04/30/2026
PASCO,179101,98168,17378,100480,395127,2026,4,04/30/2026
PINELLAS,237311,188073,22159,151941,599484,2026,4,04/30/2026
POLK,190780,130718,18067,110754,450319,2026,4,04/30/2026
PUTNAM,25596,10489,1381,6950,44416,2026,4,04/30/2026
SANTA ROSA,89349,20174,5197,25095,139815,2026,4,04/30/2026
SARASOTA,160297,79802,11638,73303,325040,2026,4,04/30/2026
SEMINOLE,119955,105743,13011,98495,337204,2026,4,04/30/2026
ST. JOHNS,132035,47225,7542,49013,235815,2026,4,04/30/2026
ST. LUCIE,93429,78721,10384,56993,239527,2026,4,04/30/2026
SUMTER,75938,22955,3808,23308,126009,2026,4,04/30/2026
SUWANNEE,16850,5069,943,3439,26301,2026,4,04/30/2026
TAYLOR,7444,2856,281,971,11552,2026,4,04/30/2026
UNION,4870,1494,150,658,7172,2026,4,04/30/2026
VOLUSIA,170066,105080,16563,102249,393958,2026,4,04/30/2026
WAKULLA,13944,6304,964,4136,25348,2026,4,04/30/2026
WALTON,42002,7465,2230,9604,61301,2026,4,04/30/2026
WASHINGTON,9966,2582,343,1678,14569,2026,4,04/30/2026
TOTALS,5533497,4028123,481041,3318339,13361000,2026,4,04/30/2026
