Year,Date,County,Total,REP,DEM,No_Party,Other
2015,01/02/2015,Adair,5063,1929,1057,2069,8
2015,01/02/2015,Adams,2799,975,625,1196,3
2015,01/02/2015,Allamakee,9614,4236,2158,3210,10
2015,01/02/2015,Appanoose,8371,2836,2478,3050,7
2015,01/02/2015,Audubon,4223,1557,1238,1421,7
2015,01/02/2015,Benton,17083,5043,4372,7635,33
2015,01/02/2015,Black Hawk,82430,20697,29242,32167,324
2015,01/02/2015,Boone,17973,5565,5226,7133,49
2015,01/02/2015,Bremer,16301,5022,3658,7582,39
2015,01/02/2015,Buchanan,13334,3104,3726,6488,16
2015,01/02/2015,Buena Vista,11733,4049,2910,4756,18
2015,01/02/2015,Butler,9737,4507,1707,3511,12
2015,01/02/2015,Calhoun,6398,2372,1354,2657,15
2015,01/02/2015,Carroll,14139,3930,3934,6227,48
2015,01/02/2015,Cass,9352,4745,1542,3053,12
2015,01/02/2015,Cedar,11544,3708,3127,4680,29
2015,01/02/2015,Cerro Gordo,29878,8013,9153,12666,46
2015,01/02/2015,Cherokee,8148,3198,1865,3068,17
2015,01/02/2015,Chickasaw,8517,2224,2698,3583,12
2015,01/02/2015,Clarke,5600,1805,1534,2251,10
2015,01/02/2015,Clay,11172,4509,2387,4263,13
2015,01/02/2015,Clayton,11490,3317,3339,4810,24
2015,01/02/2015,Clinton,30878,7305,10226,13302,45
2015,01/02/2015,Crawford,9267,3159,2612,3489,7
2015,01/02/2015,Dallas,47756,17337,10516,19763,140
2015,01/02/2015,Davis,4848,1530,1861,1455,2
2015,01/02/2015,Decatur,4727,1617,1492,1609,9
2015,01/02/2015,Delaware,11400,3832,2515,5049,4
2015,01/02/2015,Des Moines,26045,6089,11074,8828,54
2015,01/02/2015,Dickinson,12128,5155,2397,4554,22
2015,01/02/2015,Dubuque,63546,15243,25156,22961,186
2015,01/02/2015,Emmet,6483,1653,1934,2888,8
2015,01/02/2015,Fayette,11822,3970,3559,4258,35
2015,01/02/2015,Floyd,10597,2623,3128,4836,10
2015,01/02/2015,Franklin,6692,3081,1274,2330,7
2015,01/02/2015,Fremont,4815,2003,1146,1661,5
2015,01/02/2015,Greene,6288,2123,1814,2342,9
2015,01/02/2015,Grundy,8520,4027,1414,3064,15
2015,01/02/2015,Guthrie,7365,2694,1759,2887,25
2015,01/02/2015,Hamilton,9932,3534,2538,3843,17
2015,01/02/2015,Hancock,7594,3252,1493,2842,7
2015,01/02/2015,Hardin,11164,4628,2545,3975,16
2015,01/02/2015,Harrison,8073,3607,2110,2326,30
2015,01/02/2015,Henry,12928,5159,2778,4969,22
2015,01/02/2015,Howard,5837,1427,1781,2625,4
2015,01/02/2015,Humboldt,6350,2627,1284,2435,4
2015,01/02/2015,Ida,4856,2186,857,1803,10
2015,01/02/2015,Iowa,11465,3843,2642,4957,23
2015,01/02/2015,Jackson,13864,2825,5347,5673,19
2015,01/02/2015,Jasper,23866,7179,8228,8421,38
2015,01/02/2015,Jefferson,10381,3434,3433,3437,77
2015,01/02/2015,Johnson,91188,18440,39203,32958,587
2015,01/02/2015,Jones,12997,3709,3317,5954,17
2015,01/02/2015,Keokuk,6669,2271,2050,2343,5
2015,01/02/2015,Kossuth,11006,3393,3285,4318,10
2015,01/02/2015,Lee,21956,4079,9602,8228,47
2015,01/02/2015,Linn,133680,36681,46511,49876,612
2015,01/02/2015,Louisa,6575,2383,1674,2508,10
2015,01/02/2015,Lucas,5583,2216,1340,2020,7
2015,01/02/2015,Lyon,7951,5406,856,1685,4
2015,01/02/2015,Madison,10583,3988,2767,3807,21
2015,01/02/2015,Mahaska,13948,5967,2971,4965,45
2015,01/02/2015,Marion,22239,9183,5252,7763,41
2015,01/02/2015,Marshall,23815,7468,7111,9203,33
2015,01/02/2015,Mills,9860,4848,1912,3074,26
2015,01/02/2015,Mitchell,6967,2455,1755,2747,10
2015,01/02/2015,Monona,6219,1872,1941,2400,6
2015,01/02/2015,Monroe,4780,1529,1658,1586,7
2015,01/02/2015,Montgomery,6883,3751,1002,2124,6
2015,01/02/2015,Muscatine,26209,8029,7587,10546,47
2015,01/02/2015,O'Brien,9345,5339,1296,2697,13
2015,01/02/2015,Osceola,4134,2535,499,1096,4
2015,01/02/2015,Page,9196,4256,1532,3396,12
2015,01/02/2015,Palo Alto,6059,1621,2245,2184,9
2015,01/02/2015,Plymouth,16464,7779,3136,5520,29
2015,01/02/2015,Pocahontas,5021,1684,1068,2253,16
2015,01/02/2015,Polk,272435,82669,103269,85209,1288
2015,01/02/2015,Pottawattamie,56005,20780,15559,19469,197
2015,01/02/2015,Poweshiek,12790,3688,3745,5313,44
2015,01/02/2015,Ringgold,3094,1476,861,755,2
2015,01/02/2015,Sac,6961,3091,1306,2559,5
2015,01/02/2015,Scott,112847,30877,35249,46281,440
2015,01/02/2015,Shelby,8033,3602,1794,2628,9
2015,01/02/2015,Sioux,20303,14579,1661,4038,25
2015,01/02/2015,Story,55275,16224,16085,22611,355
2015,01/02/2015,Tama,11234,3309,3205,4703,17
2015,01/02/2015,Taylor,3832,1856,725,1244,7
2015,01/02/2015,Totals,1953251,623465,603469,720281,6036
2015,01/02/2015,Union,7647,2768,1685,3183,11
2015,01/02/2015,Van Buren,4718,2143,1000,1561,14
2015,01/02/2015,Wapello,21160,5092,8909,7118,41
2015,01/02/2015,Warren,31708,10926,9511,11207,64
2015,01/02/2015,Washington,13927,5662,2945,5275,45
2015,01/02/2015,Wayne,3523,1366,973,1181,3
2015,01/02/2015,Webster,23488,6477,8418,8544,49
2015,01/02/2015,Winnebago,7292,2910,1534,2841,7
2015,01/02/2015,Winneshiek,13349,4365,3570,5390,24
2015,01/02/2015,Woodbury,56635,19069,18298,19120,148
2015,01/02/2015,Worth,5286,1723,1481,2078,4
2015,01/02/2015,Wright,7996,3448,1873,2664,11
2015,02/02/2015,Adair,4972,1905,1039,2020,8
2015,02/02/2015,Adams,2739,962,608,1166,3
2015,02/02/2015,Allamakee,9525,4194,2135,3185,11
2015,02/02/2015,Appanoose,8246,2802,2441,2996,7
2015,02/02/2015,Audubon,4162,1534,1230,1390,8
2015,02/02/2015,Benton,16771,4972,4297,7469,33
2015,02/02/2015,Black Hawk,80636,20275,28610,31429,322
2015,02/02/2015,Boone,17647,5451,5136,7011,49
2015,02/02/2015,Bremer,16052,4960,3613,7442,37
2015,02/02/2015,Buchanan,13160,3074,3666,6404,16
2015,02/02/2015,Buena Vista,11578,3988,2871,4700,19
2015,02/02/2015,Butler,9618,4468,1678,3460,12
2015,02/02/2015,Calhoun,6343,2354,1339,2636,14
2015,02/02/2015,Carroll,13942,3874,3897,6125,46
2015,02/02/2015,Cass,9232,4698,1523,2999,12
2015,02/02/2015,Cedar,11395,3658,3082,4627,28
2015,02/02/2015,Cerro Gordo,29352,7889,8992,12424,47
2015,02/02/2015,Cherokee,8007,3156,1830,3004,17
2015,02/02/2015,Chickasaw,8395,2184,2654,3545,12
2015,02/02/2015,Clarke,5506,1773,1509,2214,10
2015,02/02/2015,Clay,11009,4456,2349,4191,13
2015,02/02/2015,Clayton,11402,3293,3309,4777,23
2015,02/02/2015,Clinton,30420,7208,10047,13119,46
2015,02/02/2015,Crawford,9153,3122,2583,3441,7
2015,02/02/2015,Dallas,46375,16852,10212,19172,139
2015,02/02/2015,Davis,4754,1508,1823,1420,3
2015,02/02/2015,Decatur,4449,1556,1402,1483,8
2015,02/02/2015,Delaware,11261,3790,2482,4985,4
2015,02/02/2015,Des Moines,25601,5967,10927,8655,52
2015,02/02/2015,Dickinson,11919,5068,2352,4474,25
2015,02/02/2015,Dubuque,62729,15025,24863,22656,185
2015,02/02/2015,Emmet,6346,1622,1902,2814,8
2015,02/02/2015,Fayette,11678,3919,3516,4209,34
2015,02/02/2015,Floyd,10401,2581,3072,4738,10
2015,02/02/2015,Franklin,6606,3054,1249,2296,7
2015,02/02/2015,Fremont,4745,1978,1127,1635,5
2015,02/02/2015,Greene,6189,2091,1791,2298,9
2015,02/02/2015,Grundy,8384,3973,1400,2996,15
2015,02/02/2015,Guthrie,7249,2663,1739,2822,25
2015,02/02/2015,Hamilton,9770,3474,2501,3777,18
2015,02/02/2015,Hancock,7468,3216,1457,2788,7
2015,02/02/2015,Hardin,11016,4565,2510,3926,15
2015,02/02/2015,Harrison,7980,3562,2091,2295,32
2015,02/02/2015,Henry,12562,5044,2691,4804,23
2015,02/02/2015,Howard,5757,1405,1756,2592,4
2015,02/02/2015,Humboldt,6248,2603,1262,2379,4
2015,02/02/2015,Ida,4781,2161,836,1774,10
2015,02/02/2015,Iowa,11316,3804,2597,4892,23
2015,02/02/2015,Jackson,13713,2792,5285,5618,18
2015,02/02/2015,Jasper,23610,7110,8119,8343,38
2015,02/02/2015,Jefferson,10180,3385,3369,3352,74
2015,02/02/2015,Johnson,88519,17924,38113,31905,577
2015,02/02/2015,Jones,12790,3669,3255,5849,17
2015,02/02/2015,Keokuk,6591,2255,2026,2305,5
2015,02/02/2015,Kossuth,10890,3359,3251,4269,11
2015,02/02/2015,Lee,21656,4035,9472,8101,48
2015,02/02/2015,Linn,132982,36493,46189,49683,617
2015,02/02/2015,Louisa,6490,2351,1651,2478,10
2015,02/02/2015,Lucas,5490,2195,1318,1970,7
2015,02/02/2015,Lyon,7897,5375,846,1672,4
2015,02/02/2015,Madison,10410,3929,2713,3748,20
2015,02/02/2015,Mahaska,13705,5882,2905,4875,43
2015,02/02/2015,Marion,21816,9035,5143,7599,39
2015,02/02/2015,Marshall,23462,7370,6997,9063,32
2015,02/02/2015,Mills,9697,4764,1882,3028,23
2015,02/02/2015,Mitchell,6870,2418,1723,2719,10
2015,02/02/2015,Monona,6137,1846,1925,2360,6
2015,02/02/2015,Monroe,4690,1508,1634,1541,7
2015,02/02/2015,Montgomery,6745,3674,989,2076,6
2015,02/02/2015,Muscatine,25983,7925,7534,10475,49
2015,02/02/2015,O'Brien,9224,5281,1273,2657,13
2015,02/02/2015,Osceola,4088,2506,490,1088,4
2015,02/02/2015,Page,8811,4151,1453,3196,11
2015,02/02/2015,Palo Alto,5965,1593,2219,2144,9
2015,02/02/2015,Plymouth,16204,7660,3072,5442,30
2015,02/02/2015,Pocahontas,4937,1661,1060,2200,16
2015,02/02/2015,Polk,268598,81466,101851,83986,1295
2015,02/02/2015,Pottawattamie,56062,20770,15543,19542,207
2015,02/02/2015,Poweshiek,12631,3657,3692,5237,45
2015,02/02/2015,Ringgold,3047,1460,842,743,2
2015,02/02/2015,Sac,6920,3080,1293,2542,5
2015,02/02/2015,Scott,110823,30334,34616,45427,446
2015,02/02/2015,Shelby,7916,3546,1761,2601,8
2015,02/02/2015,Sioux,20062,14439,1638,3961,24
2015,02/02/2015,Story,53814,15887,15630,21947,350
2015,02/02/2015,Tama,11065,3265,3164,4620,16
2015,02/02/2015,Taylor,3755,1820,705,1223,7
2015,02/02/2015,Totals,1922842,614653,593886,708275,6028
2015,02/02/2015,Union,7496,2710,1652,3123,11
2015,02/02/2015,Van Buren,4646,2116,986,1530,14
2015,02/02/2015,Wapello,20824,5017,8770,6996,41
2015,02/02/2015,Warren,31149,10775,9340,10971,63
2015,02/02/2015,Washington,13748,5603,2904,5195,46
2015,02/02/2015,Wayne,3455,1347,951,1154,3
2015,02/02/2015,Webster,23129,6398,8286,8395,50
2015,02/02/2015,Winnebago,7181,2873,1507,2794,7
2015,02/02/2015,Winneshiek,13199,4321,3530,5324,24
2015,02/02/2015,Woodbury,55787,18763,18026,18857,141
2015,02/02/2015,Worth,5212,1703,1451,2055,3
2015,02/02/2015,Wright,7925,3426,1846,2642,11
2015,03/02/2015,Adair,4987,1906,1041,2032,8
2015,03/02/2015,Adams,2741,965,608,1165,3
2015,03/02/2015,Allamakee,9530,4196,2132,3192,10
2015,03/02/2015,Appanoose,8244,2793,2437,3007,7
2015,03/02/2015,Audubon,4169,1540,1228,1393,8
2015,03/02/2015,Benton,16798,4979,4295,7491,33
2015,03/02/2015,Black Hawk,80591,20284,28502,31471,334
2015,03/02/2015,Boone,17660,5447,5129,7035,49
2015,03/02/2015,Bremer,16057,4960,3608,7451,38
2015,03/02/2015,Buchanan,13151,3063,3662,6410,16
2015,03/02/2015,Buena Vista,11589,3994,2872,4704,19
2015,03/02/2015,Butler,9621,4462,1676,3471,12
2015,03/02/2015,Calhoun,6343,2349,1337,2643,14
2015,03/02/2015,Carroll,13951,3875,3887,6142,47
2015,03/02/2015,Cass,9232,4693,1525,3001,13
2015,03/02/2015,Cedar,11402,3657,3076,4641,28
2015,03/02/2015,Cerro Gordo,29396,7900,8996,12450,50
2015,03/02/2015,Cherokee,8008,3156,1824,3010,18
2015,03/02/2015,Chickasaw,8402,2183,2656,3551,12
2015,03/02/2015,Clarke,5510,1769,1506,2225,10
2015,03/02/2015,Clay,11034,4464,2353,4204,13
2015,03/02/2015,Clayton,11398,3286,3305,4784,23
2015,03/02/2015,Clinton,30430,7195,10025,13163,47
2015,03/02/2015,Crawford,9168,3119,2582,3460,7
2015,03/02/2015,Dallas,46502,16852,10215,19293,142
2015,03/02/2015,Davis,4757,1508,1814,1432,3
2015,03/02/2015,Decatur,4450,1556,1395,1489,10
2015,03/02/2015,Delaware,11272,3790,2485,4993,4
2015,03/02/2015,Des Moines,25601,5973,10898,8675,55
2015,03/02/2015,Dickinson,11924,5066,2349,4484,25
2015,03/02/2015,Dubuque,62723,15022,24835,22674,192
2015,03/02/2015,Emmet,6360,1626,1902,2824,8
2015,03/02/2015,Fayette,11679,3917,3510,4218,34
2015,03/02/2015,Floyd,10410,2584,3069,4745,12
2015,03/02/2015,Franklin,6602,3046,1249,2300,7
2015,03/02/2015,Fremont,4745,1981,1124,1635,5
2015,03/02/2015,Greene,6196,2092,1792,2303,9
2015,03/02/2015,Grundy,8444,3988,1404,3036,16
2015,03/02/2015,Guthrie,7242,2660,1739,2818,25
2015,03/02/2015,Hamilton,9784,3473,2499,3794,18
2015,03/02/2015,Hancock,7484,3218,1461,2798,7
2015,03/02/2015,Hardin,11014,4562,2508,3929,15
2015,03/02/2015,Harrison,7976,3564,2085,2295,32
2015,03/02/2015,Henry,12574,5038,2688,4824,24
2015,03/02/2015,Howard,5756,1403,1751,2598,4
2015,03/02/2015,Humboldt,6242,2600,1254,2383,5
2015,03/02/2015,Ida,4781,2158,836,1777,10
2015,03/02/2015,Iowa,11341,3813,2598,4907,23
2015,03/02/2015,Jackson,13735,2798,5284,5635,18
2015,03/02/2015,Jasper,23664,7106,8113,8406,39
2015,03/02/2015,Jefferson,10180,3382,3367,3357,74
2015,03/02/2015,Johnson,88612,17939,38119,31969,585
2015,03/02/2015,Jones,12786,3663,3244,5862,17
2015,03/02/2015,Keokuk,6588,2254,2023,2306,5
2015,03/02/2015,Kossuth,10901,3357,3248,4286,10
2015,03/02/2015,Lee,21669,4037,9454,8131,47
2015,03/02/2015,Linn,133231,36520,46233,49843,635
2015,03/02/2015,Louisa,6500,2342,1651,2496,11
2015,03/02/2015,Lucas,5489,2184,1319,1978,8
2015,03/02/2015,Lyon,7915,5378,851,1682,4
2015,03/02/2015,Madison,10427,3923,2708,3775,21
2015,03/02/2015,Mahaska,13694,5881,2896,4872,45
2015,03/02/2015,Marion,21822,9019,5137,7626,40
2015,03/02/2015,Marshall,23457,7361,6983,9081,32
2015,03/02/2015,Mills,9746,4778,1895,3049,24
2015,03/02/2015,Mitchell,6869,2416,1720,2723,10
2015,03/02/2015,Monona,6121,1841,1910,2362,8
2015,03/02/2015,Monroe,4688,1505,1630,1546,7
2015,03/02/2015,Montgomery,6759,3673,992,2088,6
2015,03/02/2015,Muscatine,25973,7910,7531,10482,50
2015,03/02/2015,O'Brien,9221,5274,1276,2657,14
2015,03/02/2015,Osceola,4084,2502,490,1088,4
2015,03/02/2015,Page,9093,4220,1496,3366,11
2015,03/02/2015,Palo Alto,5966,1597,2212,2148,9
2015,03/02/2015,Plymouth,16217,7666,3073,5446,32
2015,03/02/2015,Pocahontas,4925,1656,1057,2197,15
2015,03/02/2015,Polk,268816,81471,101793,84229,1323
2015,03/02/2015,Pottawattamie,56173,20775,15566,19617,215
2015,03/02/2015,Poweshiek,12634,3649,3688,5250,47
2015,03/02/2015,Ringgold,3042,1454,842,744,2
2015,03/02/2015,Sac,6927,3078,1294,2550,5
2015,03/02/2015,Scott,111021,30361,34626,45568,466
2015,03/02/2015,Shelby,7909,3538,1758,2605,8
2015,03/02/2015,Sioux,19982,14391,1627,3939,25
2015,03/02/2015,Story,53873,15886,15636,21986,365
2015,03/02/2015,Tama,11013,3249,3144,4604,16
2015,03/02/2015,Taylor,3759,1819,704,1229,7
2015,03/02/2015,Totals,1924609,614601,593484,710331,6193
2015,03/02/2015,Union,7491,2709,1652,3119,11
2015,03/02/2015,Van Buren,4638,2109,981,1532,16
2015,03/02/2015,Wapello,20842,5010,8756,7035,41
2015,03/02/2015,Warren,31160,10763,9330,11003,64
2015,03/02/2015,Washington,13768,5605,2901,5215,47
2015,03/02/2015,Wayne,3450,1345,946,1156,3
2015,03/02/2015,Webster,23162,6405,8282,8419,56
2015,03/02/2015,Winnebago,7181,2869,1500,2805,7
2015,03/02/2015,Winneshiek,13195,4319,3526,5326,24
2015,03/02/2015,Woodbury,55823,18756,18003,18918,146
2015,03/02/2015,Worth,5213,1704,1449,2057,3
2015,03/02/2015,Wright,7934,3429,1846,2648,11
2015,04/03/2015,Adair,4966,1900,1030,2028,8
2015,04/03/2015,Adams,2720,961,598,1158,3
2015,04/03/2015,Allamakee,9444,4153,2103,3178,10
2015,04/03/2015,Appanoose,8226,2784,2431,3002,9
2015,04/03/2015,Audubon,4165,1534,1217,1406,8
2015,04/03/2015,Benton,16766,4970,4279,7484,33
2015,04/03/2015,Black Hawk,80204,20180,28334,31346,344
2015,04/03/2015,Boone,17604,5415,5109,7027,53
2015,04/03/2015,Bremer,16022,4948,3584,7452,38
2015,04/03/2015,Buchanan,13132,3050,3651,6414,17
2015,04/03/2015,Buena Vista,11478,3950,2835,4675,18
2015,04/03/2015,Butler,9598,4441,1666,3479,12
2015,04/03/2015,Calhoun,6320,2342,1327,2637,14
2015,04/03/2015,Carroll,13947,3859,3877,6165,46
2015,04/03/2015,Cass,9179,4674,1504,2989,12
2015,04/03/2015,Cedar,11373,3650,3051,4644,28
2015,04/03/2015,Cerro Gordo,29299,7861,8956,12431,51
2015,04/03/2015,Cherokee,7991,3148,1815,3010,18
2015,04/03/2015,Chickasaw,8390,2180,2653,3544,13
2015,04/03/2015,Clarke,5472,1760,1501,2201,10
2015,04/03/2015,Clay,10976,4443,2339,4180,14
2015,04/03/2015,Clayton,11364,3278,3289,4774,23
2015,04/03/2015,Clinton,30255,7172,9942,13092,49
2015,04/03/2015,Crawford,9136,3106,2570,3453,7
2015,04/03/2015,Dallas,46579,16864,10174,19393,148
2015,04/03/2015,Davis,4763,1508,1811,1441,3
2015,04/03/2015,Decatur,4424,1550,1373,1491,10
2015,04/03/2015,Delaware,11239,3779,2476,4980,4
2015,04/03/2015,Des Moines,25500,5947,10840,8657,56
2015,04/03/2015,Dickinson,11925,5061,2343,4496,25
2015,04/03/2015,Dubuque,62433,14972,24675,22589,197
2015,04/03/2015,Emmet,6313,1617,1892,2796,8
2015,04/03/2015,Fayette,11650,3900,3502,4214,34
2015,04/03/2015,Floyd,10388,2580,3058,4738,12
2015,04/03/2015,Franklin,6579,3041,1243,2288,7
2015,04/03/2015,Fremont,4694,1966,1105,1618,5
2015,04/03/2015,Greene,6150,2076,1784,2281,9
2015,04/03/2015,Grundy,8407,3968,1395,3028,16
2015,04/03/2015,Guthrie,7183,2638,1728,2792,25
2015,04/03/2015,Hamilton,9751,3454,2488,3789,20
2015,04/03/2015,Hancock,7470,3216,1456,2790,8
2015,04/03/2015,Hardin,10969,4548,2492,3914,15
2015,04/03/2015,Harrison,7948,3546,2076,2295,31
2015,04/03/2015,Henry,12599,5042,2689,4844,24
2015,04/03/2015,Howard,5753,1396,1746,2607,4
2015,04/03/2015,Humboldt,6236,2594,1248,2389,5
2015,04/03/2015,Ida,4766,2146,835,1774,11
2015,04/03/2015,Iowa,11348,3812,2600,4913,23
2015,04/03/2015,Jackson,13703,2785,5248,5652,18
2015,04/03/2015,Jasper,23653,7096,8077,8441,39
2015,04/03/2015,Jefferson,10109,3361,3339,3337,72
2015,04/03/2015,Johnson,87384,17704,37583,31515,582
2015,04/03/2015,Jones,12790,3657,3238,5877,18
2015,04/03/2015,Keokuk,6573,2246,2007,2315,5
2015,04/03/2015,Kossuth,10911,3350,3241,4309,11
2015,04/03/2015,Lee,21493,4000,9365,8082,46
2015,04/03/2015,Linn,133406,36534,46205,50012,655
2015,04/03/2015,Louisa,6490,2337,1643,2499,11
2015,04/03/2015,Lucas,5484,2172,1316,1987,9
2015,04/03/2015,Lyon,7869,5352,840,1673,4
2015,04/03/2015,Madison,10441,3916,2707,3796,22
2015,04/03/2015,Mahaska,13581,5841,2855,4839,46
2015,04/03/2015,Marion,21786,8994,5124,7626,42
2015,04/03/2015,Marshall,23362,7326,6941,9062,33
2015,04/03/2015,Mills,9753,4791,1893,3045,24
2015,04/03/2015,Mitchell,6851,2407,1712,2722,10
2015,04/03/2015,Monona,6124,1838,1909,2369,8
2015,04/03/2015,Monroe,4659,1494,1621,1538,6
2015,04/03/2015,Montgomery,6741,3667,990,2078,6
2015,04/03/2015,Muscatine,25927,7893,7515,10470,49
2015,04/03/2015,O'Brien,9203,5261,1275,2652,15
2015,04/03/2015,Osceola,4076,2494,488,1090,4
2015,04/03/2015,Page,9058,4194,1491,3361,12
2015,04/03/2015,Palo Alto,5949,1586,2199,2153,11
2015,04/03/2015,Plymouth,16201,7669,3062,5438,32
2015,04/03/2015,Pocahontas,4913,1649,1055,2194,15
2015,04/03/2015,Polk,268262,81263,101401,84240,1358
2015,04/03/2015,Pottawattamie,55472,20544,15363,19351,214
2015,04/03/2015,Poweshiek,12518,3637,3610,5224,47
2015,04/03/2015,Ringgold,3013,1444,835,732,2
2015,04/03/2015,Sac,6912,3072,1288,2546,6
2015,04/03/2015,Scott,110548,30273,34399,45402,474
2015,04/03/2015,Shelby,7926,3534,1763,2620,9
2015,04/03/2015,Sioux,19814,14314,1612,3863,25
2015,04/03/2015,Story,53545,15821,15511,21841,372
2015,04/03/2015,Tama,10979,3236,3131,4596,16
2015,04/03/2015,Taylor,3744,1806,703,1228,7
2015,04/03/2015,Totals,1917234,612197,590046,708665,6326
2015,04/03/2015,Union,7480,2691,1646,3130,13
2015,04/03/2015,Van Buren,4621,2100,977,1526,18
2015,04/03/2015,Wapello,20672,4989,8670,6970,43
2015,04/03/2015,Warren,30997,10701,9279,10944,73
2015,04/03/2015,Washington,13707,5570,2884,5206,47
2015,04/03/2015,Wayne,3441,1336,945,1157,3
2015,04/03/2015,Webster,23067,6370,8243,8399,55
2015,04/03/2015,Winnebago,7143,2850,1487,2798,8
2015,04/03/2015,Winneshiek,13133,4296,3499,5313,25
2015,04/03/2015,Woodbury,55599,18656,17889,18900,154
2015,04/03/2015,Worth,5185,1700,1438,2044,3
2015,04/03/2015,Wright,7872,3400,1844,2617,11
2015,05/01/2015,Adair,4947,1898,1030,2010,9
2015,05/01/2015,Adams,2720,957,599,1161,3
2015,05/01/2015,Allamakee,9336,4142,2086,3097,11
2015,05/01/2015,Appanoose,8164,2776,2401,2978,9
2015,05/01/2015,Audubon,4152,1527,1216,1401,8
2015,05/01/2015,Benton,16678,4947,4253,7441,37
2015,05/01/2015,Black Hawk,79673,20119,28125,31078,351
2015,05/01/2015,Boone,17490,5388,5073,6974,55
2015,05/01/2015,Bremer,15991,4928,3568,7456,39
2015,05/01/2015,Buchanan,13086,3049,3630,6391,16
2015,05/01/2015,Buena Vista,11426,3926,2828,4653,19
2015,05/01/2015,Butler,9550,4421,1652,3465,12
2015,05/01/2015,Calhoun,6303,2337,1318,2634,14
2015,05/01/2015,Carroll,13876,3847,3841,6141,47
2015,05/01/2015,Cass,9145,4661,1491,2980,13
2015,05/01/2015,Cedar,11325,3636,3028,4631,30
2015,05/01/2015,Cerro Gordo,29036,7806,8878,12301,51
2015,05/01/2015,Cherokee,7931,3137,1802,2974,18
2015,05/01/2015,Chickasaw,8385,2181,2644,3547,13
2015,05/01/2015,Clarke,5449,1752,1499,2188,10
2015,05/01/2015,Clay,10887,4418,2322,4133,14
2015,05/01/2015,Clayton,11344,3267,3271,4782,24
2015,05/01/2015,Clinton,30207,7161,9901,13094,51
2015,05/01/2015,Crawford,9066,3087,2546,3426,7
2015,05/01/2015,Dallas,46666,16880,10170,19464,152
2015,05/01/2015,Davis,4713,1491,1801,1418,3
2015,05/01/2015,Decatur,4376,1537,1358,1471,10
2015,05/01/2015,Delaware,11171,3759,2465,4943,4
2015,05/01/2015,Des Moines,25373,5938,10764,8616,55
2015,05/01/2015,Dickinson,11900,5047,2333,4494,26
2015,05/01/2015,Dubuque,61545,14823,24338,22183,201
2015,05/01/2015,Emmet,6214,1599,1861,2746,8
2015,05/01/2015,Fayette,11564,3879,3479,4172,34
2015,05/01/2015,Floyd,10319,2568,3037,4701,13
2015,05/01/2015,Franklin,6530,3025,1225,2274,6
2015,05/01/2015,Fremont,4660,1956,1095,1603,6
2015,05/01/2015,Greene,6123,2075,1775,2263,10
2015,05/01/2015,Grundy,8361,3955,1380,3010,16
2015,05/01/2015,Guthrie,7163,2636,1723,2779,25
2015,05/01/2015,Hamilton,9694,3434,2471,3766,23
2015,05/01/2015,Hancock,7417,3202,1445,2763,7
2015,05/01/2015,Hardin,10947,4545,2478,3908,16
2015,05/01/2015,Harrison,7931,3537,2067,2296,31
2015,05/01/2015,Henry,12447,5009,2652,4761,25
2015,05/01/2015,Howard,5724,1386,1734,2600,4
2015,05/01/2015,Humboldt,6196,2578,1235,2378,5
2015,05/01/2015,Ida,4751,2146,830,1764,11
2015,05/01/2015,Iowa,11295,3797,2589,4886,23
2015,05/01/2015,Jackson,13596,2771,5207,5599,19
2015,05/01/2015,Jasper,23613,7072,8037,8464,40
2015,05/01/2015,Jefferson,9995,3331,3305,3289,70
2015,05/01/2015,Johnson,86566,17564,37321,31101,580
2015,05/01/2015,Jones,12735,3640,3211,5867,17
2015,05/01/2015,Keokuk,6529,2234,1997,2293,5
2015,05/01/2015,Kossuth,10843,3328,3210,4294,11
2015,05/01/2015,Lee,21307,3971,9277,8013,46
2015,05/01/2015,Linn,133129,36454,46063,49946,666
2015,05/01/2015,Louisa,6440,2327,1628,2473,12
2015,05/01/2015,Lucas,5417,2152,1303,1954,8
2015,05/01/2015,Lyon,7831,5333,826,1668,4
2015,05/01/2015,Madison,10372,3888,2690,3773,21
2015,05/01/2015,Mahaska,13468,5807,2819,4794,48
2015,05/01/2015,Marion,21593,8936,5064,7551,42
2015,05/01/2015,Marshall,23123,7280,6843,8967,33
2015,05/01/2015,Mills,9680,4769,1878,3007,26
2015,05/01/2015,Mitchell,6823,2399,1703,2711,10
2015,05/01/2015,Monona,6060,1826,1889,2337,8
2015,05/01/2015,Monroe,4609,1484,1602,1517,6
2015,05/01/2015,Montgomery,6668,3637,975,2051,5
2015,05/01/2015,Muscatine,25718,7856,7456,10357,49
2015,05/01/2015,O'Brien,9124,5239,1262,2608,15
2015,05/01/2015,Osceola,4050,2482,488,1076,4
2015,05/01/2015,Page,9043,4192,1492,3346,13
2015,05/01/2015,Palo Alto,5937,1585,2191,2149,12
2015,05/01/2015,Plymouth,16127,7646,3045,5403,33
2015,05/01/2015,Pocahontas,4891,1647,1041,2188,15
2015,05/01/2015,Polk,267072,80977,100744,83961,1390
2015,05/01/2015,Pottawattamie,53095,19859,14686,18348,202
2015,05/01/2015,Poweshiek,12383,3623,3538,5175,47
2015,05/01/2015,Ringgold,3008,1437,830,739,2
2015,05/01/2015,Sac,6835,3052,1279,2498,6
2015,05/01/2015,Scott,109745,30124,34109,45032,480
2015,05/01/2015,Shelby,7903,3536,1754,2603,10
2015,05/01/2015,Sioux,19712,14271,1602,3813,26
2015,05/01/2015,Story,53103,15745,15365,21623,370
2015,05/01/2015,Tama,10911,3227,3101,4567,16
2015,05/01/2015,Taylor,3715,1798,697,1213,7
2015,05/01/2015,Totals,1903834,609042,585178,703208,6406
2015,05/01/2015,Union,7441,2682,1637,3109,13
2015,05/01/2015,Van Buren,4609,2091,968,1531,19
2015,05/01/2015,Wapello,20474,4961,8578,6893,42
2015,05/01/2015,Warren,30933,10667,9238,10954,74
2015,05/01/2015,Washington,13651,5541,2873,5190,47
2015,05/01/2015,Wayne,3420,1330,939,1148,3
2015,05/01/2015,Webster,22978,6359,8188,8375,56
2015,05/01/2015,Winnebago,7105,2831,1477,2789,8
2015,05/01/2015,Winneshiek,13023,4273,3463,5263,24
2015,05/01/2015,Woodbury,55199,18553,17723,18766,157
2015,05/01/2015,Worth,5156,1695,1429,2029,3
2015,05/01/2015,Wright,7829,3390,1830,2598,11
2015,06/02/2015,Adair,4938,1894,1024,2011,9
2015,06/02/2015,Adams,2723,955,600,1165,3
2015,06/02/2015,Allamakee,9360,4139,2088,3122,11
2015,06/02/2015,Appanoose,8152,2771,2390,2982,9
2015,06/02/2015,Audubon,4148,1523,1212,1403,10
2015,06/02/2015,Benton,16686,4957,4245,7448,36
2015,06/02/2015,Black Hawk,79663,20116,28080,31105,362
2015,06/02/2015,Boone,17517,5385,5065,7012,55
2015,06/02/2015,Bremer,16003,4915,3565,7480,43
2015,06/02/2015,Buchanan,13094,3050,3625,6402,17
2015,06/02/2015,Buena Vista,11439,3926,2835,4658,20
2015,06/02/2015,Butler,9562,4422,1650,3478,12
2015,06/02/2015,Calhoun,6309,2340,1317,2639,13
2015,06/02/2015,Carroll,13882,3842,3838,6155,47
2015,06/02/2015,Cass,9151,4648,1497,2993,13
2015,06/02/2015,Cedar,11322,3641,3021,4629,31
2015,06/02/2015,Cerro Gordo,29085,7796,8867,12370,52
2015,06/02/2015,Cherokee,7931,3139,1794,2980,18
2015,06/02/2015,Chickasaw,8404,2177,2642,3572,13
2015,06/02/2015,Clarke,5459,1756,1499,2194,10
2015,06/02/2015,Clay,10902,4418,2310,4160,14
2015,06/02/2015,Clayton,11346,3269,3268,4783,26
2015,06/02/2015,Clinton,30235,7151,9887,13146,51
2015,06/02/2015,Crawford,9075,3091,2542,3435,7
2015,06/02/2015,Dallas,46896,16929,10183,19627,157
2015,06/02/2015,Davis,4714,1493,1792,1426,3
2015,06/02/2015,Decatur,4376,1533,1358,1475,10
2015,06/02/2015,Delaware,11194,3765,2469,4954,6
2015,06/02/2015,Des Moines,25411,5951,10750,8652,58
2015,06/02/2015,Dickinson,11945,5054,2341,4522,28
2015,06/02/2015,Dubuque,61620,14852,24318,22248,202
2015,06/02/2015,Emmet,6209,1597,1859,2745,8
2015,06/02/2015,Fayette,11551,3878,3473,4167,33
2015,06/02/2015,Floyd,10317,2569,3025,4709,14
2015,06/02/2015,Franklin,6526,3022,1221,2277,6
2015,06/02/2015,Fremont,4664,1954,1096,1608,6
2015,06/02/2015,Greene,6111,2065,1772,2263,11
2015,06/02/2015,Grundy,8370,3949,1380,3025,16
2015,06/02/2015,Guthrie,7285,2635,1722,2901,27
2015,06/02/2015,Hamilton,9690,3421,2472,3774,23
2015,06/02/2015,Hancock,7431,3199,1446,2779,7
2015,06/02/2015,Hardin,10958,4544,2478,3919,17
2015,06/02/2015,Harrison,7950,3538,2066,2315,31
2015,06/02/2015,Henry,12461,5008,2648,4780,25
2015,06/02/2015,Howard,5720,1380,1727,2609,4
2015,06/02/2015,Humboldt,6186,2574,1230,2377,5
2015,06/02/2015,Ida,4761,2155,827,1768,11
2015,06/02/2015,Iowa,11310,3795,2588,4904,23
2015,06/02/2015,Jackson,13605,2769,5187,5630,19
2015,06/02/2015,Jasper,23647,7069,8014,8523,41
2015,06/02/2015,Jefferson,9997,3324,3311,3293,69
2015,06/02/2015,Johnson,86667,17586,37352,31138,591
2015,06/02/2015,Jones,12735,3631,3203,5883,18
2015,06/02/2015,Keokuk,6533,2231,1992,2304,6
2015,06/02/2015,Kossuth,10842,3321,3205,4305,11
2015,06/02/2015,Lee,21301,3962,9253,8040,46
2015,06/02/2015,Linn,133310,36465,46063,50106,676
2015,06/02/2015,Louisa,6444,2322,1628,2482,12
2015,06/02/2015,Lucas,5436,2155,1308,1966,7
2015,06/02/2015,Lyon,7842,5328,827,1682,5
2015,06/02/2015,Madison,10363,3883,2677,3782,21
2015,06/02/2015,Mahaska,13465,5810,2809,4796,50
2015,06/02/2015,Marion,21644,8954,5069,7577,44
2015,06/02/2015,Marshall,23167,7282,6832,9020,33
2015,06/02/2015,Mills,9713,4776,1886,3026,25
2015,06/02/2015,Mitchell,6830,2396,1703,2721,10
2015,06/02/2015,Monona,6070,1835,1887,2340,8
2015,06/02/2015,Monroe,4601,1479,1595,1521,6
2015,06/02/2015,Montgomery,6668,3629,972,2062,5
2015,06/02/2015,Muscatine,25759,7850,7461,10398,50
2015,06/02/2015,O'Brien,9125,5234,1261,2615,15
2015,06/02/2015,Osceola,4048,2480,487,1077,4
2015,06/02/2015,Page,9062,4192,1495,3362,13
2015,06/02/2015,Palo Alto,5947,1582,2188,2165,12
2015,06/02/2015,Plymouth,16150,7652,3046,5418,34
2015,06/02/2015,Pocahontas,4877,1642,1037,2184,14
2015,06/02/2015,Polk,267347,80960,100656,84306,1425
2015,06/02/2015,Pottawattamie,53218,19884,14700,18423,211
2015,06/02/2015,Poweshiek,12389,3624,3528,5190,47
2015,06/02/2015,Ringgold,2995,1429,825,739,2
2015,06/02/2015,Sac,6846,3051,1279,2510,6
2015,06/02/2015,Scott,109995,30158,34135,45206,496
2015,06/02/2015,Shelby,7835,3517,1741,2568,9
2015,06/02/2015,Sioux,19732,14271,1597,3837,27
2015,06/02/2015,Story,53135,15756,15370,21626,383
2015,06/02/2015,Tama,10930,3228,3095,4591,16
2015,06/02/2015,Taylor,3712,1796,696,1213,7
2015,06/02/2015,Totals,1905971,609020,584737,705658,6556
2015,06/02/2015,Union,7435,2675,1627,3120,13
2015,06/02/2015,Van Buren,4607,2084,966,1537,20
2015,06/02/2015,Wapello,20502,4952,8567,6941,42
2015,06/02/2015,Warren,30962,10659,9231,10993,79
2015,06/02/2015,Washington,13659,5539,2864,5206,50
2015,06/02/2015,Wayne,3407,1324,934,1146,3
2015,06/02/2015,Webster,22972,6356,8172,8388,56
2015,06/02/2015,Winnebago,7126,2832,1482,2804,8
2015,06/02/2015,Winneshiek,13020,4265,3459,5272,24
2015,06/02/2015,Woodbury,55224,18543,17693,18828,160
2015,06/02/2015,Worth,5165,1693,1427,2042,3
2015,06/02/2015,Wright,7868,3404,1843,2610,11
2015,07/01/2015,Adair,4936,1892,1021,2014,9
2015,07/01/2015,Adams,2726,954,598,1171,3
2015,07/01/2015,Allamakee,9370,4137,2089,3133,11
2015,07/01/2015,Appanoose,8154,2769,2387,2988,10
2015,07/01/2015,Audubon,4155,1524,1211,1410,10
2015,07/01/2015,Benton,16714,4959,4232,7486,37
2015,07/01/2015,Black Hawk,79688,20115,28066,31130,377
2015,07/01/2015,Boone,17486,5378,5034,7017,57
2015,07/01/2015,Bremer,16013,4900,3560,7511,42
2015,07/01/2015,Buchanan,13107,3055,3608,6427,17
2015,07/01/2015,Buena Vista,11436,3925,2839,4652,20
2015,07/01/2015,Butler,9578,4423,1650,3493,12
2015,07/01/2015,Calhoun,6325,2342,1316,2653,14
2015,07/01/2015,Carroll,13883,3834,3831,6171,47
2015,07/01/2015,Cass,9148,4641,1490,3004,13
2015,07/01/2015,Cedar,11314,3637,3012,4635,30
2015,07/01/2015,Cerro Gordo,29072,7777,8844,12399,52
2015,07/01/2015,Cherokee,7936,3132,1790,2995,19
2015,07/01/2015,Chickasaw,8406,2174,2638,3581,13
2015,07/01/2015,Clarke,5458,1754,1496,2198,10
2015,07/01/2015,Clay,10905,4413,2303,4175,14
2015,07/01/2015,Clayton,11364,3271,3266,4801,26
2015,07/01/2015,Clinton,30267,7149,9877,13189,52
2015,07/01/2015,Crawford,9092,3092,2545,3448,7
2015,07/01/2015,Dallas,47137,16991,10195,19792,159
2015,07/01/2015,Davis,4717,1495,1787,1432,3
2015,07/01/2015,Decatur,4376,1533,1359,1474,10
2015,07/01/2015,Delaware,11200,3760,2469,4964,7
2015,07/01/2015,Des Moines,25442,5953,10730,8701,58
2015,07/01/2015,Dickinson,11970,5067,2341,4534,28
2015,07/01/2015,Dubuque,61725,14877,24315,22325,208
2015,07/01/2015,Emmet,6209,1599,1852,2750,8
2015,07/01/2015,Fayette,11544,3874,3464,4172,34
2015,07/01/2015,Floyd,10338,2572,3026,4726,14
2015,07/01/2015,Franklin,6534,3016,1221,2291,6
2015,07/01/2015,Fremont,4661,1953,1093,1609,6
2015,07/01/2015,Greene,6118,2066,1770,2271,11
2015,07/01/2015,Grundy,8390,3951,1381,3041,17
2015,07/01/2015,Guthrie,7274,2630,1717,2901,26
2015,07/01/2015,Hamilton,9708,3421,2467,3796,24
2015,07/01/2015,Hancock,7434,3194,1447,2786,7
2015,07/01/2015,Hardin,10972,4544,2475,3936,17
2015,07/01/2015,Harrison,7943,3529,2060,2323,31
2015,07/01/2015,Henry,12490,5009,2651,4805,25
2015,07/01/2015,Howard,5724,1377,1719,2624,4
2015,07/01/2015,Humboldt,6182,2573,1230,2374,5
2015,07/01/2015,Ida,4762,2157,827,1766,12
2015,07/01/2015,Iowa,11329,3796,2587,4923,23
2015,07/01/2015,Jackson,13627,2770,5193,5645,19
2015,07/01/2015,Jasper,23686,7072,8006,8567,41
2015,07/01/2015,Jefferson,10009,3318,3314,3307,70
2015,07/01/2015,Johnson,86855,17626,37384,31246,599
2015,07/01/2015,Jones,12741,3625,3193,5905,18
2015,07/01/2015,Keokuk,6533,2228,1990,2308,7
2015,07/01/2015,Kossuth,10841,3321,3198,4311,11
2015,07/01/2015,Lee,21328,3969,9234,8078,47
2015,07/01/2015,Linn,133680,36511,46095,50382,692
2015,07/01/2015,Louisa,6458,2317,1627,2502,12
2015,07/01/2015,Lucas,5439,2155,1305,1971,8
2015,07/01/2015,Lyon,7853,5331,830,1687,5
2015,07/01/2015,Madison,10384,3881,2670,3812,21
2015,07/01/2015,Mahaska,13497,5815,2806,4825,51
2015,07/01/2015,Marion,21678,8974,5053,7604,47
2015,07/01/2015,Marshall,23168,7266,6824,9045,33
2015,07/01/2015,Mills,9745,4787,1892,3041,25
2015,07/01/2015,Mitchell,6820,2396,1693,2721,10
2015,07/01/2015,Monona,6071,1839,1881,2342,9
2015,07/01/2015,Monroe,4607,1482,1595,1524,6
2015,07/01/2015,Montgomery,6671,3621,967,2078,5
2015,07/01/2015,Muscatine,25786,7856,7466,10411,53
2015,07/01/2015,O'Brien,9136,5238,1262,2621,15
2015,07/01/2015,Osceola,4056,2479,488,1085,4
2015,07/01/2015,Page,9080,4197,1504,3365,14
2015,07/01/2015,Palo Alto,5944,1582,2185,2165,12
2015,07/01/2015,Plymouth,16166,7655,3051,5426,34
2015,07/01/2015,Pocahontas,4878,1642,1032,2190,14
2015,07/01/2015,Polk,267849,80949,100681,84752,1467
2015,07/01/2015,Pottawattamie,53314,19877,14730,18493,214
2015,07/01/2015,Poweshiek,12401,3628,3521,5205,47
2015,07/01/2015,Ringgold,2995,1428,825,740,2
2015,07/01/2015,Sac,6861,3051,1279,2525,6
2015,07/01/2015,Scott,110306,30209,34179,45393,525
2015,07/01/2015,Shelby,7729,3484,1719,2517,9
2015,07/01/2015,Sioux,19761,14278,1596,3860,27
2015,07/01/2015,Story,53225,15768,15388,21675,394
2015,07/01/2015,Tama,10930,3228,3091,4595,16
2015,07/01/2015,Taylor,3707,1790,696,1214,7
2015,07/01/2015,Totals,1908629,609131,584503,708277,6718
2015,07/01/2015,Union,7458,2677,1624,3144,13
2015,07/01/2015,Van Buren,4614,2080,970,1544,20
2015,07/01/2015,Wapello,20501,4953,8541,6966,41
2015,07/01/2015,Warren,30987,10653,9222,11031,81
2015,07/01/2015,Washington,13680,5539,2858,5233,50
2015,07/01/2015,Wayne,3407,1323,935,1146,3
2015,07/01/2015,Webster,22969,6358,8148,8407,56
2015,07/01/2015,Winnebago,7138,2830,1483,2817,8
2015,07/01/2015,Winneshiek,13020,4252,3457,5287,24
2015,07/01/2015,Woodbury,55279,18538,17659,18918,164
2015,07/01/2015,Worth,5162,1689,1429,2040,4
2015,07/01/2015,Wright,7887,3412,1848,2614,13
2015,08/06/2015,Adair,4949,1894,1022,2023,10
2015,08/06/2015,Adams,2728,951,598,1175,4
2015,08/06/2015,Allamakee,9388,4135,2089,3152,12
2015,08/06/2015,Appanoose,8154,2768,2387,2989,10
2015,08/06/2015,Audubon,4160,1520,1211,1418,11
2015,08/06/2015,Benton,16715,4955,4215,7505,40
2015,08/06/2015,Black Hawk,79892,20148,28065,31291,388
2015,08/06/2015,Boone,17493,5369,5021,7045,58
2015,08/06/2015,Bremer,16077,4899,3560,7576,42
2015,08/06/2015,Buchanan,13130,3056,3602,6455,17
2015,08/06/2015,Buena Vista,11452,3928,2847,4657,20
2015,08/06/2015,Butler,9568,4414,1641,3501,12
2015,08/06/2015,Calhoun,6250,2327,1294,2616,13
2015,08/06/2015,Carroll,13894,3838,3826,6183,47
2015,08/06/2015,Cass,9168,4640,1495,3020,13
2015,08/06/2015,Cedar,11314,3633,3005,4644,32
2015,08/06/2015,Cerro Gordo,29177,7785,8856,12484,52
2015,08/06/2015,Cherokee,7934,3129,1781,3005,19
2015,08/06/2015,Chickasaw,8404,2171,2630,3589,14
2015,08/06/2015,Clarke,5465,1755,1489,2211,10
2015,08/06/2015,Clay,10942,4418,2305,4204,15
2015,08/06/2015,Clayton,11378,3272,3259,4821,26
2015,08/06/2015,Clinton,30294,7153,9857,13226,58
2015,08/06/2015,Crawford,9118,3101,2545,3465,7
2015,08/06/2015,Dallas,47338,17037,10218,19917,166
2015,08/06/2015,Davis,4722,1495,1782,1442,3
2015,08/06/2015,Decatur,4370,1529,1361,1470,10
2015,08/06/2015,Delaware,11201,3750,2475,4969,7
2015,08/06/2015,Des Moines,25509,5954,10734,8761,60
2015,08/06/2015,Dickinson,12005,5068,2347,4560,30
2015,08/06/2015,Dubuque,61839,14900,24302,22422,215
2015,08/06/2015,Emmet,6216,1602,1850,2756,8
2015,08/06/2015,Fayette,11544,3867,3456,4184,37
2015,08/06/2015,Floyd,10344,2569,3023,4738,14
2015,08/06/2015,Franklin,6535,3009,1221,2299,6
2015,08/06/2015,Fremont,4666,1952,1091,1617,6
2015,08/06/2015,Greene,6139,2070,1773,2285,11
2015,08/06/2015,Grundy,8407,3956,1380,3054,17
2015,08/06/2015,Guthrie,7352,2639,1721,2966,26
2015,08/06/2015,Hamilton,9720,3424,2460,3810,26
2015,08/06/2015,Hancock,7443,3191,1448,2797,7
2015,08/06/2015,Hardin,10971,4538,2476,3940,17
2015,08/06/2015,Harrison,7946,3527,2059,2328,32
2015,08/06/2015,Henry,12491,4997,2652,4817,25
2015,08/06/2015,Howard,5718,1378,1714,2622,4
2015,08/06/2015,Humboldt,6188,2576,1228,2379,5
2015,08/06/2015,Ida,4764,2157,823,1772,12
2015,08/06/2015,Iowa,11356,3797,2589,4946,24
2015,08/06/2015,Jackson,13676,2769,5193,5694,20
2015,08/06/2015,Jasper,23735,7073,7990,8631,41
2015,08/06/2015,Jefferson,10007,3311,3317,3307,72
2015,08/06/2015,Johnson,87122,17667,37471,31368,616
2015,08/06/2015,Jones,12758,3624,3190,5925,19
2015,08/06/2015,Keokuk,6535,2231,1984,2313,7
2015,08/06/2015,Kossuth,10850,3328,3191,4319,12
2015,08/06/2015,Lee,21350,3977,9209,8115,49
2015,08/06/2015,Linn,134058,36560,46152,50644,702
2015,08/06/2015,Louisa,6472,2323,1618,2519,12
2015,08/06/2015,Lucas,5455,2161,1301,1985,8
2015,08/06/2015,Lyon,7871,5341,828,1697,5
2015,08/06/2015,Madison,10422,3887,2672,3841,22
2015,08/06/2015,Mahaska,13509,5816,2804,4837,52
2015,08/06/2015,Marion,21731,8992,5057,7636,46
2015,08/06/2015,Marshall,23191,7247,6825,9082,37
2015,08/06/2015,Mills,9792,4811,1899,3056,26
2015,08/06/2015,Mitchell,6820,2395,1687,2728,10
2015,08/06/2015,Monona,6077,1847,1874,2347,9
2015,08/06/2015,Monroe,4609,1477,1592,1534,6
2015,08/06/2015,Montgomery,6691,3617,969,2100,5
2015,08/06/2015,Muscatine,25710,7841,7426,10389,54
2015,08/06/2015,O'Brien,9168,5250,1270,2632,16
2015,08/06/2015,Osceola,4063,2476,488,1095,4
2015,08/06/2015,Page,9105,4200,1504,3387,14
2015,08/06/2015,Palo Alto,5949,1579,2184,2174,12
2015,08/06/2015,Plymouth,16166,7649,3052,5431,34
2015,08/06/2015,Pocahontas,4881,1641,1032,2194,14
2015,08/06/2015,Polk,268478,81020,100702,85252,1504
2015,08/06/2015,Pottawattamie,53496,19906,14745,18618,227
2015,08/06/2015,Poweshiek,12423,3626,3528,5222,47
2015,08/06/2015,Ringgold,2991,1426,822,741,2
2015,08/06/2015,Sac,6860,3052,1275,2527,6
2015,08/06/2015,Scott,110535,30216,34193,45588,538
2015,08/06/2015,Shelby,7735,3482,1719,2525,9
2015,08/06/2015,Sioux,19773,14280,1599,3866,28
2015,08/06/2015,Story,53321,15786,15386,21749,400
2015,08/06/2015,Tama,10944,3224,3089,4615,16
2015,08/06/2015,Taylor,3703,1785,695,1216,7
2015,08/06/2015,Totals,1912195,609427,584404,711472,6892
2015,08/06/2015,Union,7491,2683,1628,3167,13
2015,08/06/2015,Van Buren,4618,2079,968,1551,20
2015,08/06/2015,Wapello,20507,4946,8519,7002,40
2015,08/06/2015,Warren,31033,10659,9216,11076,82
2015,08/06/2015,Washington,13737,5551,2861,5274,51
2015,08/06/2015,Wayne,3406,1320,935,1148,3
2015,08/06/2015,Webster,23009,6358,8143,8449,59
2015,08/06/2015,Winnebago,7146,2825,1475,2838,8
2015,08/06/2015,Winneshiek,13019,4246,3456,5292,25
2015,08/06/2015,Woodbury,55321,18526,17614,19012,169
2015,08/06/2015,Worth,5168,1692,1429,2043,4
2015,08/06/2015,Wright,7880,3408,1845,2615,12
2015,09/01/2015,Adair,4956,1887,1022,2038,9
2015,09/01/2015,Adams,2729,949,598,1178,4
2015,09/01/2015,Allamakee,9411,4136,2088,3174,13
2015,09/01/2015,Appanoose,8166,2767,2383,3005,11
2015,09/01/2015,Audubon,4155,1516,1208,1420,11
2015,09/01/2015,Benton,16740,4957,4210,7533,40
2015,09/01/2015,Black Hawk,79969,20169,28065,31339,396
2015,09/01/2015,Boone,17488,5372,5002,7056,58
2015,09/01/2015,Bremer,16097,4907,3554,7593,43
2015,09/01/2015,Buchanan,13173,3057,3592,6507,17
2015,09/01/2015,Buena Vista,11478,3932,2856,4669,21
2015,09/01/2015,Butler,9597,4412,1641,3532,12
2015,09/01/2015,Calhoun,6252,2329,1294,2616,13
2015,09/01/2015,Carroll,13920,3853,3824,6197,46
2015,09/01/2015,Cass,9185,4644,1493,3034,14
2015,09/01/2015,Cedar,11321,3634,3003,4654,30
2015,09/01/2015,Cerro Gordo,29240,7787,8848,12553,52
2015,09/01/2015,Cherokee,7934,3122,1769,3025,18
2015,09/01/2015,Chickasaw,8397,2164,2624,3595,14
2015,09/01/2015,Clarke,5479,1752,1493,2224,10
2015,09/01/2015,Clay,10939,4408,2302,4213,16
2015,09/01/2015,Clayton,11386,3275,3259,4825,27
2015,09/01/2015,Clinton,30341,7160,9842,13281,58
2015,09/01/2015,Crawford,9105,3091,2519,3488,7
2015,09/01/2015,Dallas,47780,17150,10285,20173,172
2015,09/01/2015,Davis,4730,1499,1777,1451,3
2015,09/01/2015,Decatur,4377,1528,1366,1472,11
2015,09/01/2015,Delaware,11192,3740,2467,4978,7
2015,09/01/2015,Des Moines,25545,5965,10714,8802,64
2015,09/01/2015,Dickinson,12096,5102,2349,4614,31
2015,09/01/2015,Dubuque,61814,14897,24229,22468,220
2015,09/01/2015,Emmet,6225,1613,1841,2763,8
2015,09/01/2015,Fayette,11533,3871,3444,4181,37
2015,09/01/2015,Floyd,10390,2576,3035,4765,14
2015,09/01/2015,Franklin,6543,3010,1219,2308,6
2015,09/01/2015,Fremont,4672,1956,1091,1618,7
2015,09/01/2015,Greene,6135,2068,1768,2288,11
2015,09/01/2015,Grundy,8407,3949,1381,3060,17
2015,09/01/2015,Guthrie,7325,2613,1707,2979,26
2015,09/01/2015,Hamilton,9734,3423,2457,3824,30
2015,09/01/2015,Hancock,7453,3185,1444,2817,7
2015,09/01/2015,Hardin,10983,4544,2476,3947,16
2015,09/01/2015,Harrison,7942,3528,2055,2327,32
2015,09/01/2015,Henry,12502,4991,2654,4831,26
2015,09/01/2015,Howard,5729,1374,1714,2637,4
2015,09/01/2015,Humboldt,6184,2574,1225,2381,4
2015,09/01/2015,Ida,4769,2153,825,1779,12
2015,09/01/2015,Iowa,11387,3813,2583,4966,25
2015,09/01/2015,Jackson,13661,2761,5174,5706,20
2015,09/01/2015,Jasper,23804,7077,7969,8715,43
2015,09/01/2015,Jefferson,10005,3306,3315,3311,73
2015,09/01/2015,Johnson,86568,17496,37357,31085,630
2015,09/01/2015,Jones,12775,3621,3184,5952,18
2015,09/01/2015,Keokuk,6544,2237,1982,2317,8
2015,09/01/2015,Kossuth,10862,3321,3194,4334,13
2015,09/01/2015,Lee,21388,3985,9181,8172,50
2015,09/01/2015,Linn,134333,36599,46148,50858,728
2015,09/01/2015,Louisa,6472,2320,1613,2527,12
2015,09/01/2015,Lucas,5448,2151,1301,1988,8
2015,09/01/2015,Lyon,7870,5337,819,1709,5
2015,09/01/2015,Madison,10458,3898,2672,3867,21
2015,09/01/2015,Mahaska,13538,5828,2798,4860,52
2015,09/01/2015,Marion,21770,8997,5049,7674,50
2015,09/01/2015,Marshall,23225,7236,6813,9138,38
2015,09/01/2015,Mills,9806,4821,1898,3062,25
2015,09/01/2015,Mitchell,6815,2398,1683,2724,10
2015,09/01/2015,Monona,6085,1851,1869,2356,9
2015,09/01/2015,Monroe,4617,1481,1587,1543,6
2015,09/01/2015,Montgomery,6698,3605,967,2121,5
2015,09/01/2015,Muscatine,25778,7860,7427,10436,55
2015,09/01/2015,O'Brien,9174,5255,1267,2636,16
2015,09/01/2015,Osceola,4061,2468,488,1101,4
2015,09/01/2015,Page,9132,4200,1509,3408,15
2015,09/01/2015,Palo Alto,5950,1578,2180,2180,12
2015,09/01/2015,Plymouth,16223,7673,3051,5462,37
2015,09/01/2015,Pocahontas,4885,1637,1032,2202,14
2015,09/01/2015,Polk,267865,80881,100190,85276,1518
2015,09/01/2015,Pottawattamie,53676,19938,14783,18721,234
2015,09/01/2015,Poweshiek,12496,3628,3582,5238,48
2015,09/01/2015,Ringgold,2998,1429,821,746,2
2015,09/01/2015,Sac,6855,3047,1275,2527,6
2015,09/01/2015,Scott,110924,30283,34247,45832,562
2015,09/01/2015,Shelby,7674,3456,1711,2498,9
2015,09/01/2015,Sioux,19822,14300,1599,3894,29
2015,09/01/2015,Story,53517,15814,15468,21822,413
2015,09/01/2015,Tama,10964,3217,3093,4638,16
2015,09/01/2015,Taylor,3707,1786,692,1222,7
2015,09/01/2015,Totals,1914001,609509,583621,713828,7043
2015,09/01/2015,Union,7517,2686,1632,3186,13
2015,09/01/2015,Van Buren,4626,2082,969,1556,19
2015,09/01/2015,Wapello,20533,4955,8508,7029,41
2015,09/01/2015,Warren,31069,10653,9212,11119,85
2015,09/01/2015,Washington,13787,5559,2862,5314,52
2015,09/01/2015,Wayne,3411,1324,928,1156,3
2015,09/01/2015,Webster,23048,6366,8141,8481,60
2015,09/01/2015,Winnebago,7159,2822,1475,2854,8
2015,09/01/2015,Winneshiek,13046,4249,3456,5315,26
2015,09/01/2015,Woodbury,55403,18535,17583,19117,168
2015,09/01/2015,Worth,5179,1695,1428,2051,5
2015,09/01/2015,Wright,7875,3405,1844,2614,12
2015,10/01/2015,Adair,4977,1891,1022,2055,9
2015,10/01/2015,Adams,2727,947,597,1179,4
2015,10/01/2015,Allamakee,9368,4111,2066,3177,14
2015,10/01/2015,Appanoose,8161,2773,2373,3004,11
2015,10/01/2015,Audubon,4162,1517,1202,1432,11
2015,10/01/2015,Benton,16746,4958,4195,7551,42
2015,10/01/2015,Black Hawk,80193,20179,28125,31484,405
2015,10/01/2015,Boone,17556,5396,4997,7104,59
2015,10/01/2015,Bremer,16141,4909,3554,7638,40
2015,10/01/2015,Buchanan,13198,3063,3581,6536,18
2015,10/01/2015,Buena Vista,11487,3928,2854,4684,21
2015,10/01/2015,Butler,9628,4407,1639,3569,13
2015,10/01/2015,Calhoun,6266,2330,1293,2630,13
2015,10/01/2015,Carroll,13950,3870,3810,6223,47
2015,10/01/2015,Cass,9197,4639,1495,3050,13
2015,10/01/2015,Cedar,11352,3646,3000,4677,29
2015,10/01/2015,Cerro Gordo,29229,7782,8832,12563,52
2015,10/01/2015,Cherokee,7950,3118,1770,3045,17
2015,10/01/2015,Chickasaw,8421,2171,2627,3608,15
2015,10/01/2015,Clarke,5484,1748,1496,2229,11
2015,10/01/2015,Clay,10957,4407,2299,4233,18
2015,10/01/2015,Clayton,11419,3276,3262,4853,28
2015,10/01/2015,Clinton,30408,7167,9831,13351,59
2015,10/01/2015,Crawford,9154,3096,2524,3527,7
2015,10/01/2015,Dallas,48102,17243,10314,20369,176
2015,10/01/2015,Davis,4740,1500,1769,1467,4
2015,10/01/2015,Decatur,4372,1528,1362,1471,11
2015,10/01/2015,Delaware,11206,3739,2458,5002,7
2015,10/01/2015,Des Moines,25606,5963,10713,8863,67
2015,10/01/2015,Dickinson,12157,5115,2353,4659,30
2015,10/01/2015,Dubuque,61878,14900,24199,22556,223
2015,10/01/2015,Emmet,6239,1616,1838,2777,8
2015,10/01/2015,Fayette,11529,3863,3439,4190,37
2015,10/01/2015,Floyd,10421,2576,3036,4795,14
2015,10/01/2015,Franklin,6545,3011,1218,2310,6
2015,10/01/2015,Fremont,4686,1955,1093,1631,7
2015,10/01/2015,Greene,6161,2071,1770,2308,12
2015,10/01/2015,Grundy,8425,3949,1374,3084,18
2015,10/01/2015,Guthrie,7339,2616,1707,2990,26
2015,10/01/2015,Hamilton,9736,3418,2450,3838,30
2015,10/01/2015,Hancock,7496,3188,1450,2850,8
2015,10/01/2015,Hardin,10969,4536,2472,3944,17
2015,10/01/2015,Harrison,7964,3531,2056,2345,32
2015,10/01/2015,Henry,12545,4990,2655,4874,26
2015,10/01/2015,Howard,5762,1375,1712,2671,4
2015,10/01/2015,Humboldt,6183,2576,1220,2383,4
2015,10/01/2015,Ida,4779,2153,822,1792,12
2015,10/01/2015,Iowa,11404,3822,2572,4983,27
2015,10/01/2015,Jackson,13719,2767,5177,5754,21
2015,10/01/2015,Jasper,23842,7073,7970,8754,45
2015,10/01/2015,Jefferson,10014,3303,3314,3323,74
2015,10/01/2015,Johnson,86413,17437,37369,30967,640
2015,10/01/2015,Jones,12812,3625,3174,5995,18
2015,10/01/2015,Keokuk,6555,2240,1973,2334,8
2015,10/01/2015,Kossuth,10866,3321,3182,4349,14
2015,10/01/2015,Lee,21436,3991,9174,8221,50
2015,10/01/2015,Linn,134818,36687,46233,51141,757
2015,10/01/2015,Louisa,6485,2318,1610,2545,12
2015,10/01/2015,Lucas,5460,2156,1298,1997,9
2015,10/01/2015,Lyon,7894,5338,822,1728,6
2015,10/01/2015,Madison,10462,3897,2664,3879,22
2015,10/01/2015,Mahaska,13550,5823,2793,4882,52
2015,10/01/2015,Marion,21851,9018,5052,7732,49
2015,10/01/2015,Marshall,23309,7234,6819,9217,39
2015,10/01/2015,Mills,9853,4843,1902,3081,27
2015,10/01/2015,Mitchell,6821,2390,1684,2738,9
2015,10/01/2015,Monona,6081,1844,1865,2362,10
2015,10/01/2015,Monroe,4639,1487,1583,1563,6
2015,10/01/2015,Montgomery,6726,3609,973,2139,5
2015,10/01/2015,Muscatine,25831,7875,7436,10464,56
2015,10/01/2015,O'Brien,9192,5258,1266,2652,16
2015,10/01/2015,Osceola,4060,2461,486,1109,4
2015,10/01/2015,Page,9165,4205,1511,3434,15
2015,10/01/2015,Palo Alto,5951,1583,2169,2187,12
2015,10/01/2015,Plymouth,16272,7691,3060,5484,37
2015,10/01/2015,Pocahontas,4887,1630,1036,2207,14
2015,10/01/2015,Polk,268079,80802,100168,85567,1542
2015,10/01/2015,Pottawattamie,53866,19994,14791,18837,244
2015,10/01/2015,Poweshiek,12571,3637,3631,5254,49
2015,10/01/2015,Ringgold,3001,1430,821,748,2
2015,10/01/2015,Sac,6863,3047,1275,2535,6
2015,10/01/2015,Scott,111279,30320,34340,46046,573
2015,10/01/2015,Shelby,7674,3452,1708,2505,9
2015,10/01/2015,Sioux,19858,14310,1604,3915,29
2015,10/01/2015,Story,53678,15825,15558,21871,424
2015,10/01/2015,Tama,11024,3220,3091,4698,15
2015,10/01/2015,Taylor,3707,1784,690,1226,7
2015,10/01/2015,Totals,1917978,609853,583784,717150,7191
2015,10/01/2015,Union,7525,2685,1634,3193,13
2015,10/01/2015,Van Buren,4643,2086,970,1565,22
2015,10/01/2015,Wapello,20579,4966,8498,7072,43
2015,10/01/2015,Warren,31179,10676,9215,11200,88
2015,10/01/2015,Washington,13837,5550,2867,5368,52
2015,10/01/2015,Wayne,3430,1327,925,1175,3
2015,10/01/2015,Webster,23072,6388,8129,8496,59
2015,10/01/2015,Winnebago,7163,2828,1470,2857,8
2015,10/01/2015,Winneshiek,13061,4245,3464,5326,26
2015,10/01/2015,Woodbury,55543,18534,17594,19245,170
2015,10/01/2015,Worth,5186,1694,1432,2055,5
2015,10/01/2015,Wright,7821,3386,1818,2604,13
2015,11/02/2015,Adair,4985,1892,1024,2060,9
2015,11/02/2015,Adams,2742,948,600,1190,4
2015,11/02/2015,Allamakee,9393,4103,2065,3212,13
2015,11/02/2015,Appanoose,8181,2773,2383,3014,11
2015,11/02/2015,Audubon,4165,1521,1197,1436,11
2015,11/02/2015,Benton,16769,4961,4190,7574,44
2015,11/02/2015,Black Hawk,80286,20195,28123,31554,414
2015,11/02/2015,Boone,17622,5415,4997,7148,62
2015,11/02/2015,Bremer,16176,4925,3553,7657,41
2015,11/02/2015,Buchanan,13221,3068,3581,6554,18
2015,11/02/2015,Buena Vista,11514,3927,2860,4705,22
2015,11/02/2015,Butler,9656,4412,1638,3593,13
2015,11/02/2015,Calhoun,6279,2329,1286,2651,13
2015,11/02/2015,Carroll,13963,3872,3804,6241,46
2015,11/02/2015,Cass,9197,4629,1489,3066,13
2015,11/02/2015,Cedar,11402,3663,3005,4704,30
2015,11/02/2015,Cerro Gordo,29369,7814,8812,12689,54
2015,11/02/2015,Cherokee,7961,3124,1763,3056,18
2015,11/02/2015,Chickasaw,8438,2174,2621,3628,15
2015,11/02/2015,Clarke,5502,1752,1494,2245,11
2015,11/02/2015,Clay,10998,4420,2299,4260,19
2015,11/02/2015,Clayton,11444,3288,3258,4871,27
2015,11/02/2015,Clinton,30474,7161,9823,13428,62
2015,11/02/2015,Crawford,9193,3104,2526,3556,7
2015,11/02/2015,Dallas,48488,17324,10370,20614,180
2015,11/02/2015,Davis,4740,1502,1764,1470,4
2015,11/02/2015,Decatur,4372,1521,1361,1479,11
2015,11/02/2015,Delaware,11234,3743,2460,5024,7
2015,11/02/2015,Des Moines,25645,5979,10700,8894,72
2015,11/02/2015,Dickinson,12175,5106,2350,4689,30
2015,11/02/2015,Dubuque,62064,14933,24203,22703,225
2015,11/02/2015,Emmet,6250,1618,1831,2793,8
2015,11/02/2015,Fayette,11551,3864,3438,4212,37
2015,11/02/2015,Floyd,10435,2570,3040,4811,14
2015,11/02/2015,Franklin,6549,3002,1215,2325,7
2015,11/02/2015,Fremont,4687,1955,1090,1635,7
2015,11/02/2015,Greene,6178,2069,1776,2320,13
2015,11/02/2015,Grundy,8489,3967,1368,3136,18
2015,11/02/2015,Guthrie,7344,2615,1699,3004,26
2015,11/02/2015,Hamilton,9747,3422,2451,3844,30
2015,11/02/2015,Hancock,7503,3182,1456,2856,9
2015,11/02/2015,Hardin,10971,4537,2475,3941,18
2015,11/02/2015,Harrison,7984,3537,2055,2360,32
2015,11/02/2015,Henry,12594,4992,2654,4922,26
2015,11/02/2015,Howard,5770,1374,1707,2685,4
2015,11/02/2015,Humboldt,6203,2571,1214,2414,4
2015,11/02/2015,Ida,4791,2156,820,1803,12
2015,11/02/2015,Iowa,11430,3819,2575,5006,30
2015,11/02/2015,Jackson,13725,2764,5158,5782,21
2015,11/02/2015,Jasper,23982,7098,7975,8861,48
2015,11/02/2015,Jefferson,10054,3300,3347,3332,75
2015,11/02/2015,Johnson,86752,17513,37487,31103,649
2015,11/02/2015,Jones,12818,3620,3167,6013,18
2015,11/02/2015,Keokuk,6560,2240,1972,2340,8
2015,11/02/2015,Kossuth,10867,3318,3173,4361,15
2015,11/02/2015,Lee,21484,3999,9171,8262,52
2015,11/02/2015,Linn,135195,36758,46263,51401,773
2015,11/02/2015,Louisa,6498,2315,1600,2571,12
2015,11/02/2015,Lucas,5469,2158,1298,2003,10
2015,11/02/2015,Lyon,7932,5358,829,1739,6
2015,11/02/2015,Madison,10489,3899,2668,3900,22
2015,11/02/2015,Mahaska,13580,5821,2793,4914,52
2015,11/02/2015,Marion,21908,9028,5051,7776,53
2015,11/02/2015,Marshall,23298,7211,6807,9237,43
2015,11/02/2015,Mills,9886,4851,1917,3089,29
2015,11/02/2015,Mitchell,6840,2391,1685,2755,9
2015,11/02/2015,Monona,6086,1846,1858,2372,10
2015,11/02/2015,Monroe,4640,1487,1583,1564,6
2015,11/02/2015,Montgomery,6734,3607,968,2154,5
2015,11/02/2015,Muscatine,25900,7875,7441,10527,57
2015,11/02/2015,O'Brien,9217,5265,1270,2664,18
2015,11/02/2015,Osceola,4067,2462,484,1116,5
2015,11/02/2015,Page,9222,4231,1518,3457,16
2015,11/02/2015,Palo Alto,5965,1592,2161,2200,12
2015,11/02/2015,Plymouth,16314,7706,3072,5499,37
2015,11/02/2015,Pocahontas,4892,1631,1035,2212,14
2015,11/02/2015,Polk,268509,80846,100031,86083,1549
2015,11/02/2015,Pottawattamie,54146,20019,14837,19035,255
2015,11/02/2015,Poweshiek,12608,3640,3663,5256,49
2015,11/02/2015,Ringgold,3031,1430,823,776,2
2015,11/02/2015,Sac,6895,3042,1280,2567,6
2015,11/02/2015,Scott,111466,30335,34372,46176,583
2015,11/02/2015,Shelby,7699,3453,1707,2530,9
2015,11/02/2015,Sioux,19931,14339,1611,3950,31
2015,11/02/2015,Story,53905,15846,15654,21971,434
2015,11/02/2015,Tama,11016,3219,3084,4698,15
2015,11/02/2015,Taylor,3718,1790,687,1233,8
2015,11/02/2015,Totals,1922813,610530,583913,721040,7330
2015,11/02/2015,Union,7519,2667,1624,3215,13
2015,11/02/2015,Van Buren,4641,2078,967,1574,22
2015,11/02/2015,Wapello,20629,4978,8473,7131,47
2015,11/02/2015,Warren,31240,10708,9204,11239,89
2015,11/02/2015,Washington,13859,5547,2861,5398,53
2015,11/02/2015,Wayne,3430,1329,921,1177,3
2015,11/02/2015,Webster,23093,6381,8114,8538,60
2015,11/02/2015,Winnebago,7169,2824,1469,2867,9
2015,11/02/2015,Winneshiek,13088,4249,3469,5344,26
2015,11/02/2015,Woodbury,55684,18556,17598,19357,173
2015,11/02/2015,Worth,5191,1694,1427,2065,5
2015,11/02/2015,Wright,7848,3388,1823,2624,13
2015,12/02/2015,Adair,4988,1886,1021,2072,9
2015,12/02/2015,Adams,2743,947,600,1192,4
2015,12/02/2015,Allamakee,9412,4105,2070,3224,13
2015,12/02/2015,Appanoose,8208,2776,2384,3037,11
2015,12/02/2015,Audubon,4183,1526,1193,1453,11
2015,12/02/2015,Benton,16831,4965,4200,7621,45
2015,12/02/2015,Black Hawk,80488,20214,28169,31678,427
2015,12/02/2015,Boone,17671,5433,4982,7194,62
2015,12/02/2015,Bremer,16212,4929,3543,7697,43
2015,12/02/2015,Buchanan,13222,3062,3567,6576,17
2015,12/02/2015,Buena Vista,11549,3942,2864,4720,23
2015,12/02/2015,Butler,9665,4404,1640,3608,13
2015,12/02/2015,Calhoun,6293,2332,1285,2665,11
2015,12/02/2015,Carroll,13999,3882,3793,6277,47
2015,12/02/2015,Cass,9226,4632,1494,3087,13
2015,12/02/2015,Cedar,11450,3668,3019,4732,31
2015,12/02/2015,Cerro Gordo,29420,7821,8807,12740,52
2015,12/02/2015,Cherokee,7936,3116,1753,3049,18
2015,12/02/2015,Chickasaw,8473,2186,2615,3655,17
2015,12/02/2015,Clarke,5519,1754,1494,2260,11
2015,12/02/2015,Clay,11019,4419,2297,4283,20
2015,12/02/2015,Clayton,11468,3292,3263,4885,28
2015,12/02/2015,Clinton,30555,7170,9812,13509,64
2015,12/02/2015,Crawford,9220,3112,2524,3577,7
2015,12/02/2015,Dallas,48823,17405,10427,20803,188
2015,12/02/2015,Davis,4757,1505,1760,1487,5
2015,12/02/2015,Decatur,4388,1530,1362,1485,11
2015,12/02/2015,Delaware,11250,3749,2460,5033,8
2015,12/02/2015,Des Moines,25728,6006,10687,8964,71
2015,12/02/2015,Dickinson,12215,5118,2348,4718,31
2015,12/02/2015,Dubuque,62258,14966,24204,22861,227
2015,12/02/2015,Emmet,6266,1620,1823,2815,8
2015,12/02/2015,Fayette,11554,3867,3423,4226,38
2015,12/02/2015,Floyd,10450,2563,3036,4837,14
2015,12/02/2015,Franklin,6552,3001,1214,2330,7
2015,12/02/2015,Fremont,4700,1960,1092,1641,7
2015,12/02/2015,Greene,6190,2065,1778,2334,13
2015,12/02/2015,Grundy,8487,3963,1363,3142,19
2015,12/02/2015,Guthrie,7385,2625,1700,3034,26
2015,12/02/2015,Hamilton,9769,3427,2443,3868,31
2015,12/02/2015,Hancock,7535,3193,1455,2878,9
2015,12/02/2015,Hardin,11026,4555,2478,3973,20
2015,12/02/2015,Harrison,8030,3538,2053,2408,31
2015,12/02/2015,Henry,12631,4997,2653,4956,25
2015,12/02/2015,Howard,5789,1368,1709,2708,4
2015,12/02/2015,Humboldt,6206,2571,1208,2423,4
2015,12/02/2015,Ida,4797,2157,823,1805,12
2015,12/02/2015,Iowa,11447,3819,2571,5024,33
2015,12/02/2015,Jackson,13756,2772,5148,5815,21
2015,12/02/2015,Jasper,24004,7090,7966,8900,48
2015,12/02/2015,Jefferson,10079,3286,3372,3345,76
2015,12/02/2015,Johnson,87122,17593,37639,31230,660
2015,12/02/2015,Jones,12865,3617,3168,6061,19
2015,12/02/2015,Keokuk,6534,2232,1951,2342,9
2015,12/02/2015,Kossuth,10880,3324,3165,4376,15
2015,12/02/2015,Lee,21514,4004,9158,8298,54
2015,12/02/2015,Linn,135664,36837,46347,51688,792
2015,12/02/2015,Louisa,6518,2312,1605,2589,12
2015,12/02/2015,Lucas,5459,2154,1297,1998,10
2015,12/02/2015,Lyon,7940,5361,831,1742,6
2015,12/02/2015,Madison,10549,3918,2676,3934,21
2015,12/02/2015,Mahaska,13603,5837,2791,4922,53
2015,12/02/2015,Marion,21953,9037,5046,7813,57
2015,12/02/2015,Marshall,23344,7210,6802,9289,43
2015,12/02/2015,Mills,9925,4864,1926,3105,30
2015,12/02/2015,Mitchell,6850,2392,1680,2769,9
2015,12/02/2015,Monona,6105,1858,1859,2378,10
2015,12/02/2015,Monroe,4657,1492,1579,1580,6
2015,12/02/2015,Montgomery,6752,3605,974,2167,6
2015,12/02/2015,Muscatine,26002,7886,7451,10604,61
2015,12/02/2015,O'Brien,9239,5270,1264,2687,18
2015,12/02/2015,Osceola,4084,2470,486,1123,5
2015,12/02/2015,Page,9236,4239,1517,3465,15
2015,12/02/2015,Palo Alto,5978,1595,2161,2210,12
2015,12/02/2015,Plymouth,16356,7713,3076,5530,37
2015,12/02/2015,Pocahontas,4911,1631,1039,2227,14
2015,12/02/2015,Polk,269113,80950,100088,86487,1588
2015,12/02/2015,Pottawattamie,54338,20054,14862,19153,269
2015,12/02/2015,Poweshiek,12645,3646,3690,5260,49
2015,12/02/2015,Ringgold,3051,1428,831,790,2
2015,12/02/2015,Sac,6904,3034,1282,2582,6
2015,12/02/2015,Scott,111738,30376,34428,46342,592
2015,12/02/2015,Shelby,7694,3448,1707,2530,9
2015,12/02/2015,Sioux,19983,14361,1610,3981,31
2015,12/02/2015,Story,54078,15898,15702,22044,434
2015,12/02/2015,Tama,11039,3220,3079,4725,15
2015,12/02/2015,Taylor,3727,1787,689,1243,8
2015,12/02/2015,Totals,1928020,611433,584307,724801,7479
2015,12/02/2015,Union,7562,2677,1624,3248,13
2015,12/02/2015,Van Buren,4668,2078,968,1600,22
2015,12/02/2015,Wapello,20642,4979,8452,7164,47
2015,12/02/2015,Warren,31343,10722,9212,11319,90
2015,12/02/2015,Washington,13911,5557,2859,5442,53
2015,12/02/2015,Wayne,3439,1331,920,1185,3
2015,12/02/2015,Webster,23191,6404,8112,8614,61
2015,12/02/2015,Winnebago,7092,2812,1445,2826,9
2015,12/02/2015,Winneshiek,13125,4249,3492,5357,27
2015,12/02/2015,Woodbury,55813,18603,17571,19464,175
2015,12/02/2015,Worth,5200,1690,1430,2075,5
2015,12/02/2015,Wright,7862,3389,1821,2639,13
2016,01/04/2016,Adair,4992,1885,1020,2078,9
2016,01/04/2016,Adams,2748,948,599,1197,4
2016,01/04/2016,Allamakee,9406,4092,2069,3231,14
2016,01/04/2016,Appanoose,8184,2768,2374,3031,11
2016,01/04/2016,Audubon,4193,1528,1195,1459,11
2016,01/04/2016,Benton,16832,4974,4187,7624,47
2016,01/04/2016,Black Hawk,80572,20215,28196,31728,433
2016,01/04/2016,Boone,17719,5453,4983,7221,62
2016,01/04/2016,Bremer,16217,4926,3536,7711,44
2016,01/04/2016,Buchanan,13229,3064,3558,6590,17
2016,01/04/2016,Buena Vista,11583,3959,2873,4727,24
2016,01/04/2016,Butler,9668,4399,1638,3618,13
2016,01/04/2016,Calhoun,6304,2332,1287,2674,11
2016,01/04/2016,Carroll,14018,3889,3791,6289,49
2016,01/04/2016,Cass,9247,4646,1492,3096,13
2016,01/04/2016,Cedar,11443,3662,3013,4737,31
2016,01/04/2016,Cerro Gordo,29373,7818,8754,12749,52
2016,01/04/2016,Cherokee,7958,3120,1758,3063,17
2016,01/04/2016,Chickasaw,8464,2184,2609,3653,18
2016,01/04/2016,Clarke,5519,1749,1497,2262,11
2016,01/04/2016,Clay,11018,4413,2297,4287,21
2016,01/04/2016,Clayton,11467,3297,3257,4883,30
2016,01/04/2016,Clinton,30619,7166,9822,13563,68
2016,01/04/2016,Crawford,9241,3117,2526,3591,7
2016,01/04/2016,Dallas,49075,17473,10468,20941,193
2016,01/04/2016,Davis,4757,1503,1759,1491,4
2016,01/04/2016,Decatur,4400,1538,1364,1487,11
2016,01/04/2016,Delaware,11256,3749,2461,5037,9
2016,01/04/2016,Des Moines,25763,6012,10667,9010,74
2016,01/04/2016,Dickinson,12245,5146,2341,4727,31
2016,01/04/2016,Dubuque,62348,14997,24180,22946,225
2016,01/04/2016,Emmet,6273,1619,1823,2823,8
2016,01/04/2016,Fayette,11566,3872,3420,4236,38
2016,01/04/2016,Floyd,10444,2565,3029,4835,15
2016,01/04/2016,Franklin,6562,3005,1212,2338,7
2016,01/04/2016,Fremont,4714,1967,1095,1643,9
2016,01/04/2016,Greene,6210,2072,1779,2347,12
2016,01/04/2016,Grundy,8529,3981,1359,3170,19
2016,01/04/2016,Guthrie,7379,2630,1693,3030,26
2016,01/04/2016,Hamilton,9780,3430,2435,3885,30
2016,01/04/2016,Hancock,7565,3206,1460,2891,8
2016,01/04/2016,Hardin,11021,4544,2480,3977,20
2016,01/04/2016,Harrison,7928,3507,2026,2364,31
2016,01/04/2016,Henry,12618,4980,2641,4972,25
2016,01/04/2016,Howard,5793,1368,1704,2717,4
2016,01/04/2016,Humboldt,6221,2573,1206,2437,5
2016,01/04/2016,Ida,4795,2154,816,1812,13
2016,01/04/2016,Iowa,11470,3825,2575,5036,34
2016,01/04/2016,Jackson,13764,2781,5130,5832,21
2016,01/04/2016,Jasper,24148,7126,7972,9006,44
2016,01/04/2016,Jefferson,10091,3285,3375,3354,77
2016,01/04/2016,Johnson,86697,17546,37493,31012,646
2016,01/04/2016,Jones,12885,3621,3162,6083,19
2016,01/04/2016,Keokuk,6544,2236,1951,2348,9
2016,01/04/2016,Kossuth,10892,3322,3161,4394,15
2016,01/04/2016,Lee,21510,3995,9143,8317,55
2016,01/04/2016,Linn,136011,36904,46397,51912,798
2016,01/04/2016,Louisa,6523,2311,1602,2599,11
2016,01/04/2016,Lucas,5480,2166,1290,2014,10
2016,01/04/2016,Lyon,7935,5355,832,1742,6
2016,01/04/2016,Madison,10565,3928,2671,3944,22
2016,01/04/2016,Mahaska,13623,5849,2786,4933,55
2016,01/04/2016,Marion,22016,9065,5044,7849,58
2016,01/04/2016,Marshall,23375,7213,6790,9327,45
2016,01/04/2016,Mills,9951,4878,1923,3118,32
2016,01/04/2016,Mitchell,6864,2403,1678,2774,9
2016,01/04/2016,Monona,6099,1863,1849,2377,10
2016,01/04/2016,Monroe,4662,1495,1577,1585,5
2016,01/04/2016,Montgomery,6767,3605,977,2179,6
2016,01/04/2016,Muscatine,26037,7891,7435,10646,65
2016,01/04/2016,O'Brien,9253,5281,1265,2689,18
2016,01/04/2016,Osceola,4081,2469,487,1120,5
2016,01/04/2016,Page,9271,4254,1524,3478,15
2016,01/04/2016,Palo Alto,5991,1601,2155,2223,12
2016,01/04/2016,Plymouth,16379,7730,3071,5540,38
2016,01/04/2016,Pocahontas,4912,1633,1036,2228,15
2016,01/04/2016,Polk,269692,81080,100161,86840,1611
2016,01/04/2016,Pottawattamie,54487,20112,14873,19227,275
2016,01/04/2016,Poweshiek,12689,3649,3733,5259,48
2016,01/04/2016,Ringgold,3050,1427,832,789,2
2016,01/04/2016,Sac,6896,3032,1279,2579,6
2016,01/04/2016,Scott,112016,30410,34457,46552,597
2016,01/04/2016,Shelby,7720,3452,1711,2548,9
2016,01/04/2016,Sioux,20015,14378,1612,3993,32
2016,01/04/2016,Story,54161,15913,15727,22081,440
2016,01/04/2016,Tama,11044,3224,3066,4739,15
2016,01/04/2016,Taylor,3721,1784,688,1241,8
2016,01/04/2016,Totals,1930597,612112,584111,726819,7555
2016,01/04/2016,Union,7567,2677,1627,3250,13
2016,01/04/2016,Van Buren,4682,2081,978,1600,23
2016,01/04/2016,Wapello,20664,4985,8446,7186,47
2016,01/04/2016,Warren,31416,10745,9203,11376,92
2016,01/04/2016,Washington,13920,5542,2860,5465,53
2016,01/04/2016,Wayne,3439,1330,919,1187,3
2016,01/04/2016,Webster,23215,6405,8108,8640,62
2016,01/04/2016,Winnebago,7098,2804,1440,2844,10
2016,01/04/2016,Winneshiek,13129,4247,3494,5361,27
2016,01/04/2016,Woodbury,55880,18634,17556,19515,175
2016,01/04/2016,Worth,5206,1692,1427,2082,5
2016,01/04/2016,Wright,7838,3383,1814,2628,13
2016,02/01/2016,Adair,4998,1888,1022,2079,9
2016,02/01/2016,Adams,2744,947,595,1198,4
2016,02/01/2016,Allamakee,9418,4090,2077,3238,13
2016,02/01/2016,Appanoose,8188,2795,2366,3016,11
2016,02/01/2016,Audubon,4188,1526,1195,1456,11
2016,02/01/2016,Benton,16869,5005,4190,7627,47
2016,02/01/2016,Black Hawk,80720,20318,28288,31684,430
2016,02/01/2016,Boone,17756,5484,5000,7213,59
2016,02/01/2016,Bremer,16293,4973,3552,7723,45
2016,02/01/2016,Buchanan,13246,3079,3550,6601,16
2016,02/01/2016,Buena Vista,11583,3974,2874,4712,23
2016,02/01/2016,Butler,9673,4394,1645,3622,12
2016,02/01/2016,Calhoun,6301,2341,1280,2668,12
2016,02/01/2016,Carroll,14026,3907,3795,6276,48
2016,02/01/2016,Cass,9248,4655,1487,3094,12
2016,02/01/2016,Cedar,11469,3690,3022,4726,31
2016,02/01/2016,Cerro Gordo,29447,7883,8755,12757,52
2016,02/01/2016,Cherokee,7966,3138,1751,3058,19
2016,02/01/2016,Chickasaw,8485,2202,2602,3663,18
2016,02/01/2016,Clarke,5526,1775,1498,2244,9
2016,02/01/2016,Clay,11036,4441,2294,4279,22
2016,02/01/2016,Clayton,11493,3311,3266,4884,32
2016,02/01/2016,Clinton,30677,7186,9834,13586,71
2016,02/01/2016,Crawford,9267,3132,2522,3605,8
2016,02/01/2016,Dallas,49410,17658,10607,20950,195
2016,02/01/2016,Davis,4771,1543,1743,1481,4
2016,02/01/2016,Decatur,4516,1585,1432,1487,12
2016,02/01/2016,Delaware,11273,3758,2457,5047,11
2016,02/01/2016,Des Moines,25807,6075,10660,8998,74
2016,02/01/2016,Dickinson,12293,5185,2353,4723,32
2016,02/01/2016,Dubuque,62596,15129,24268,22962,237
2016,02/01/2016,Emmet,6350,1643,1829,2870,8
2016,02/01/2016,Fayette,11595,3892,3423,4242,38
2016,02/01/2016,Floyd,10474,2597,3044,4819,14
2016,02/01/2016,Franklin,6564,3001,1212,2344,7
2016,02/01/2016,Fremont,4715,1975,1092,1638,10
2016,02/01/2016,Greene,6221,2076,1781,2350,14
2016,02/01/2016,Grundy,8504,3968,1358,3159,19
2016,02/01/2016,Guthrie,7388,2653,1686,3024,25
2016,02/01/2016,Hamilton,9800,3445,2437,3887,31
2016,02/01/2016,Hancock,7563,3204,1461,2890,8
2016,02/01/2016,Hardin,11021,4554,2477,3971,19
2016,02/01/2016,Harrison,7949,3522,2035,2362,30
2016,02/01/2016,Henry,12661,4994,2647,4995,25
2016,02/01/2016,Howard,5802,1372,1698,2728,4
2016,02/01/2016,Humboldt,6245,2582,1208,2449,6
2016,02/01/2016,Ida,4803,2167,814,1808,14
2016,02/01/2016,Iowa,11521,3850,2586,5050,35
2016,02/01/2016,Jackson,13801,2799,5145,5835,22
2016,02/01/2016,Jasper,24220,7171,7972,9032,45
2016,02/01/2016,Jefferson,10182,3301,3492,3316,73
2016,02/01/2016,Johnson,86918,17614,37684,30977,643
2016,02/01/2016,Jones,12905,3634,3161,6090,20
2016,02/01/2016,Keokuk,6555,2259,1951,2336,9
2016,02/01/2016,Kossuth,10897,3344,3153,4386,14
2016,02/01/2016,Lee,21545,4022,9108,8358,57
2016,02/01/2016,Linn,136667,37160,46756,51941,810
2016,02/01/2016,Louisa,6532,2314,1601,2606,11
2016,02/01/2016,Lucas,5498,2189,1289,2009,11
2016,02/01/2016,Lyon,7945,5367,834,1737,7
2016,02/01/2016,Madison,10617,3970,2685,3940,22
2016,02/01/2016,Mahaska,13671,5885,2812,4922,52
2016,02/01/2016,Marion,22018,9085,5034,7841,58
2016,02/01/2016,Marshall,23442,7251,6805,9340,46
2016,02/01/2016,Mills,10016,4922,1956,3106,32
2016,02/01/2016,Mitchell,6872,2420,1676,2767,9
2016,02/01/2016,Monona,6105,1884,1846,2366,9
2016,02/01/2016,Monroe,4659,1504,1571,1579,5
2016,02/01/2016,Montgomery,6769,3601,986,2176,6
2016,02/01/2016,Muscatine,26135,7918,7469,10681,67
2016,02/01/2016,O'Brien,9277,5301,1265,2693,18
2016,02/01/2016,Osceola,4087,2474,484,1124,5
2016,02/01/2016,Page,9290,4281,1523,3469,17
2016,02/01/2016,Palo Alto,5984,1613,2143,2217,11
2016,02/01/2016,Plymouth,16423,7769,3078,5538,38
2016,02/01/2016,Pocahontas,4926,1644,1036,2232,14
2016,02/01/2016,Polk,271107,81658,100894,86943,1612
2016,02/01/2016,Pottawattamie,54681,20175,14940,19287,279
2016,02/01/2016,Poweshiek,12729,3679,3759,5242,49
2016,02/01/2016,Ringgold,3048,1434,824,788,2
2016,02/01/2016,Sac,6907,3037,1287,2577,6
2016,02/01/2016,Scott,112552,30589,34682,46673,608
2016,02/01/2016,Shelby,7757,3468,1734,2545,10
2016,02/01/2016,Sioux,20137,14446,1642,4019,30
2016,02/01/2016,Story,54344,15994,15955,21950,445
2016,02/01/2016,Tama,11059,3241,3067,4734,17
2016,02/01/2016,Taylor,3725,1792,692,1233,8
2016,02/01/2016,Totals,1937317,615763,586835,727112,7607
2016,02/01/2016,Union,7589,2679,1631,3268,11
2016,02/01/2016,Van Buren,4714,2089,986,1616,23
2016,02/01/2016,Wapello,20732,5066,8427,7192,47
2016,02/01/2016,Warren,31715,10927,9320,11377,91
2016,02/01/2016,Washington,13956,5548,2892,5465,51
2016,02/01/2016,Wayne,3453,1343,914,1193,3
2016,02/01/2016,Webster,23305,6440,8106,8693,66
2016,02/01/2016,Winnebago,7105,2807,1440,2849,9
2016,02/01/2016,Winneshiek,13166,4257,3515,5366,28
2016,02/01/2016,Woodbury,56014,18726,17599,19512,177
2016,02/01/2016,Worth,5235,1712,1427,2091,5
2016,02/01/2016,Wright,7872,3398,1819,2642,13
2016,03/01/2016,Adair,4892,1912,1009,1963,8
2016,03/01/2016,Adams,2691,970,587,1131,3
2016,03/01/2016,Allamakee,9290,4090,2114,3074,12
2016,03/01/2016,Appanoose,8122,2886,2358,2868,10
2016,03/01/2016,Audubon,4149,1565,1222,1353,9
2016,03/01/2016,Benton,16942,5344,4280,7275,43
2016,03/01/2016,Black Hawk,80092,21171,29412,29141,368
2016,03/01/2016,Boone,17552,5703,5216,6588,45
2016,03/01/2016,Bremer,16066,5183,3666,7178,39
2016,03/01/2016,Buchanan,13107,3232,3639,6220,16
2016,03/01/2016,Buena Vista,11411,4057,2938,4395,21
2016,03/01/2016,Butler,9569,4446,1729,3385,9
2016,03/01/2016,Calhoun,6243,2387,1301,2547,8
2016,03/01/2016,Carroll,13832,4026,3823,5941,42
2016,03/01/2016,Cass,9106,4636,1517,2939,14
2016,03/01/2016,Cedar,11547,3877,3151,4490,29
2016,03/01/2016,Cerro Gordo,29219,8290,8950,11935,44
2016,03/01/2016,Cherokee,7880,3228,1767,2869,16
2016,03/01/2016,Chickasaw,8378,2291,2620,3454,13
2016,03/01/2016,Clarke,5421,1820,1509,2083,9
2016,03/01/2016,Clay,10888,4556,2339,3973,20
2016,03/01/2016,Clayton,11396,3444,3361,4561,30
2016,03/01/2016,Clinton,30415,7616,10041,12692,66
2016,03/01/2016,Crawford,9202,3204,2545,3446,7
2016,03/01/2016,Dallas,48291,18578,11328,18228,157
2016,03/01/2016,Davis,4704,1621,1724,1354,5
2016,03/01/2016,Decatur,4511,1641,1469,1391,10
2016,03/01/2016,Delaware,11188,3893,2466,4817,12
2016,03/01/2016,Des Moines,25522,6525,10601,8332,64
2016,03/01/2016,Dickinson,12181,5293,2457,4406,25
2016,03/01/2016,Dubuque,62135,15819,24706,21404,206
2016,03/01/2016,Emmet,6255,1714,1830,2702,9
2016,03/01/2016,Fayette,11489,3995,3495,3966,33
2016,03/01/2016,Floyd,10276,2691,3013,4560,12
2016,03/01/2016,Franklin,6462,3019,1254,2184,5
2016,03/01/2016,Fremont,4665,2011,1076,1570,8
2016,03/01/2016,Greene,6147,2125,1796,2214,12
2016,03/01/2016,Grundy,8430,3997,1387,3030,16
2016,03/01/2016,Guthrie,7267,2759,1682,2803,23
2016,03/01/2016,Hamilton,9737,3560,2522,3629,26
2016,03/01/2016,Hancock,7455,3259,1482,2707,7
2016,03/01/2016,Hardin,10926,4646,2513,3750,17
2016,03/01/2016,Harrison,7875,3610,2066,2174,25
2016,03/01/2016,Henry,12704,5149,2781,4753,21
2016,03/01/2016,Howard,5747,1422,1725,2594,6
2016,03/01/2016,Humboldt,6256,2659,1240,2352,5
2016,03/01/2016,Ida,4745,2191,836,1706,12
2016,03/01/2016,Iowa,11381,3946,2665,4739,31
2016,03/01/2016,Jackson,13616,2996,5143,5457,20
2016,03/01/2016,Jasper,23790,7386,8023,8339,42
2016,03/01/2016,Jefferson,10149,3307,3851,2935,56
2016,03/01/2016,Johnson,90390,19550,43105,27227,508
2016,03/01/2016,Jones,12719,3737,3223,5742,17
2016,03/01/2016,Keokuk,6496,2337,1958,2192,9
2016,03/01/2016,Kossuth,10759,3471,3107,4169,12
2016,03/01/2016,Lee,21288,4326,9079,7824,59
2016,03/01/2016,Linn,135459,38425,48992,47373,669
2016,03/01/2016,Louisa,6468,2441,1630,2389,8
2016,03/01/2016,Lucas,5404,2230,1292,1874,8
2016,03/01/2016,Lyon,7866,5376,844,1640,6
2016,03/01/2016,Madison,10656,4175,2750,3711,20
2016,03/01/2016,Mahaska,13557,6030,2892,4592,43
2016,03/01/2016,Marion,21975,9430,5302,7199,44
2016,03/01/2016,Marshall,23297,7521,7158,8579,39
2016,03/01/2016,Mills,9890,4964,1984,2911,31
2016,03/01/2016,Mitchell,6776,2457,1660,2649,10
2016,03/01/2016,Monona,6003,1936,1816,2244,7
2016,03/01/2016,Monroe,4619,1620,1524,1471,4
2016,03/01/2016,Montgomery,6792,3607,1050,2128,7
2016,03/01/2016,Muscatine,25810,8223,7772,9753,62
2016,03/01/2016,O'Brien,9168,5332,1282,2536,18
2016,03/01/2016,Osceola,4100,2491,497,1107,5
2016,03/01/2016,Page,9167,4324,1560,3267,16
2016,03/01/2016,Palo Alto,5958,1715,2126,2109,8
2016,03/01/2016,Plymouth,16224,7875,3087,5231,31
2016,03/01/2016,Pocahontas,4873,1716,1038,2107,12
2016,03/01/2016,Polk,273645,82806,108197,81216,1426
2016,03/01/2016,Pottawattamie,53806,20361,15048,18140,257
2016,03/01/2016,Poweshiek,12149,3715,3930,4477,27
2016,03/01/2016,Ringgold,3058,1470,828,758,2
2016,03/01/2016,Sac,6897,3106,1306,2479,6
2016,03/01/2016,Scott,111256,31770,36257,42694,535
2016,03/01/2016,Shelby,7725,3507,1759,2451,8
2016,03/01/2016,Sioux,20305,14876,1774,3632,23
2016,03/01/2016,Story,55526,17795,18629,18743,359
2016,03/01/2016,Tama,10914,3371,3136,4394,13
2016,03/01/2016,Taylor,3698,1814,688,1188,8
2016,03/01/2016,Totals,1929316,636714,613720,672363,6519
2016,03/01/2016,Union,7477,2725,1672,3071,9
2016,03/01/2016,Van Buren,4665,2137,1002,1510,16
2016,03/01/2016,Wapello,20501,5377,8397,6684,43
2016,03/01/2016,Warren,31424,11450,9468,10429,77
2016,03/01/2016,Washington,13824,5638,3100,5043,43
2016,03/01/2016,Wayne,3444,1409,910,1122,3
2016,03/01/2016,Webster,23061,6674,8092,8239,56
2016,03/01/2016,Winnebago,7032,2838,1465,2721,8
2016,03/01/2016,Winneshiek,13260,4421,3925,4894,20
2016,03/01/2016,Woodbury,55550,19192,17875,18320,163
2016,03/01/2016,Worth,5190,1778,1422,1985,5
2016,03/01/2016,Wright,7881,3429,1887,2552,13
2016,04/01/2016,Adair,4904,1916,1010,1969,9
2016,04/01/2016,Adams,2706,974,587,1142,3
2016,04/01/2016,Allamakee,9297,4082,2115,3087,13
2016,04/01/2016,Appanoose,8140,2887,2364,2878,11
2016,04/01/2016,Audubon,4153,1571,1215,1355,12
2016,04/01/2016,Benton,16733,5273,4231,7184,45
2016,04/01/2016,Black Hawk,80126,21159,29410,29178,379
2016,04/01/2016,Boone,17584,5704,5211,6622,47
2016,04/01/2016,Bremer,16095,5183,3671,7202,39
2016,04/01/2016,Buchanan,13128,3231,3636,6245,16
2016,04/01/2016,Buena Vista,11442,4060,2955,4405,22
2016,04/01/2016,Butler,9573,4447,1729,3388,9
2016,04/01/2016,Calhoun,6255,2383,1307,2557,8
2016,04/01/2016,Carroll,13858,4036,3823,5956,43
2016,04/01/2016,Cass,9110,4630,1524,2941,15
2016,04/01/2016,Cedar,11354,3799,3104,4424,27
2016,04/01/2016,Cerro Gordo,29276,8298,8940,11993,45
2016,04/01/2016,Cherokee,7876,3227,1756,2877,16
2016,04/01/2016,Chickasaw,8389,2301,2614,3460,14
2016,04/01/2016,Clarke,5414,1814,1504,2088,8
2016,04/01/2016,Clay,10895,4554,2330,3990,21
2016,04/01/2016,Clayton,11418,3453,3363,4572,30
2016,04/01/2016,Clinton,30528,7602,10073,12785,68
2016,04/01/2016,Crawford,9201,3203,2526,3464,8
2016,04/01/2016,Dallas,48554,18677,11338,18377,162
2016,04/01/2016,Davis,4705,1618,1723,1358,6
2016,04/01/2016,Decatur,4513,1641,1468,1393,11
2016,04/01/2016,Delaware,11194,3895,2463,4824,12
2016,04/01/2016,Des Moines,25596,6531,10608,8389,68
2016,04/01/2016,Dickinson,12196,5307,2446,4418,25
2016,04/01/2016,Dubuque,62317,15865,24698,21547,207
2016,04/01/2016,Emmet,6283,1724,1837,2712,10
2016,04/01/2016,Fayette,11515,3990,3489,4003,33
2016,04/01/2016,Floyd,10282,2707,3008,4556,11
2016,04/01/2016,Franklin,6466,3013,1255,2193,5
2016,04/01/2016,Fremont,4666,2006,1074,1578,8
2016,04/01/2016,Greene,6173,2119,1803,2237,14
2016,04/01/2016,Grundy,8471,4057,1390,3009,15
2016,04/01/2016,Guthrie,7287,2759,1683,2822,23
2016,04/01/2016,Hamilton,9694,3560,2503,3603,28
2016,04/01/2016,Hancock,7455,3263,1479,2706,7
2016,04/01/2016,Hardin,10933,4646,2515,3756,16
2016,04/01/2016,Harrison,7887,3616,2067,2179,25
2016,04/01/2016,Henry,12539,5090,2743,4684,22
2016,04/01/2016,Howard,5753,1421,1725,2601,6
2016,04/01/2016,Humboldt,6145,2615,1210,2315,5
2016,04/01/2016,Ida,4757,2197,830,1718,12
2016,04/01/2016,Iowa,11406,3958,2661,4755,32
2016,04/01/2016,Jackson,13666,3003,5156,5488,19
2016,04/01/2016,Jasper,23847,7390,8026,8387,44
2016,04/01/2016,Jefferson,10131,3297,3825,2954,55
2016,04/01/2016,Johnson,90549,19555,43152,27324,518
2016,04/01/2016,Jones,12741,3738,3206,5779,18
2016,04/01/2016,Keokuk,6508,2345,1953,2201,9
2016,04/01/2016,Kossuth,10777,3471,3104,4190,12
2016,04/01/2016,Lee,21231,4318,9017,7836,60
2016,04/01/2016,Linn,135868,38482,49069,47626,691
2016,04/01/2016,Louisa,6496,2441,1632,2415,8
2016,04/01/2016,Lucas,5412,2231,1290,1883,8
2016,04/01/2016,Lyon,7890,5390,854,1639,7
2016,04/01/2016,Madison,10451,4092,2707,3634,18
2016,04/01/2016,Mahaska,13460,6004,2862,4545,49
2016,04/01/2016,Marion,21999,9437,5305,7213,44
2016,04/01/2016,Marshall,23314,7500,7145,8629,40
2016,04/01/2016,Mills,9913,4968,1987,2925,33
2016,04/01/2016,Mitchell,6782,2464,1661,2647,10
2016,04/01/2016,Monona,6011,1947,1808,2247,9
2016,04/01/2016,Monroe,4625,1623,1523,1475,4
2016,04/01/2016,Montgomery,6698,3565,1035,2090,8
2016,04/01/2016,Muscatine,25717,8190,7730,9733,64
2016,04/01/2016,O'Brien,9189,5325,1297,2549,18
2016,04/01/2016,Osceola,4056,2467,492,1092,5
2016,04/01/2016,Page,9205,4336,1566,3285,18
2016,04/01/2016,Palo Alto,5965,1716,2122,2119,8
2016,04/01/2016,Plymouth,16262,7888,3091,5248,35
2016,04/01/2016,Pocahontas,4873,1717,1034,2109,13
2016,04/01/2016,Polk,269795,84611,105923,77894,1367
2016,04/01/2016,Pottawattamie,53991,20382,15082,18258,269
2016,04/01/2016,Poweshiek,12159,3709,3933,4489,28
2016,04/01/2016,Ringgold,3030,1460,816,752,2
2016,04/01/2016,Sac,6842,3074,1296,2465,7
2016,04/01/2016,Scott,111623,31821,36351,42902,549
2016,04/01/2016,Shelby,7746,3507,1770,2461,8
2016,04/01/2016,Sioux,20358,14909,1780,3646,23
2016,04/01/2016,Story,55659,17800,18701,18787,371
2016,04/01/2016,Tama,10936,3364,3131,4426,15
2016,04/01/2016,Taylor,3700,1812,688,1192,8
2016,04/01/2016,Totals,1927416,638455,611437,670914,6610
2016,04/01/2016,Union,7520,2715,1709,3087,9
2016,04/01/2016,Van Buren,4674,2126,996,1536,16
2016,04/01/2016,Wapello,20531,5378,8398,6712,43
2016,04/01/2016,Warren,31582,11458,9562,10484,78
2016,04/01/2016,Washington,13861,5643,3101,5072,45
2016,04/01/2016,Wayne,3446,1408,912,1123,3
2016,04/01/2016,Webster,23093,6678,8074,8283,58
2016,04/01/2016,Winnebago,7046,2832,1470,2736,8
2016,04/01/2016,Winneshiek,13272,4424,3919,4907,22
2016,04/01/2016,Woodbury,55707,19207,17875,18457,168
2016,04/01/2016,Worth,5192,1779,1424,1984,5
2016,04/01/2016,Wright,7775,3396,1863,2504,12
2016,05/02/2016,Adair,4903,1913,1010,1971,9
2016,05/02/2016,Adams,2710,975,585,1147,3
2016,05/02/2016,Allamakee,9305,4081,2111,3100,13
2016,05/02/2016,Appanoose,8143,2891,2362,2879,11
2016,05/02/2016,Audubon,4167,1591,1200,1363,13
2016,05/02/2016,Benton,16750,5286,4222,7196,46
2016,05/02/2016,Black Hawk,80274,21188,29423,29286,377
2016,05/02/2016,Boone,17605,5701,5200,6655,49
2016,05/02/2016,Bremer,16160,5183,3698,7239,40
2016,05/02/2016,Buchanan,13140,3232,3638,6254,16
2016,05/02/2016,Buena Vista,11462,4062,2964,4413,23
2016,05/02/2016,Butler,9567,4446,1723,3388,10
2016,05/02/2016,Calhoun,6258,2386,1304,2560,8
2016,05/02/2016,Carroll,13880,4035,3823,5979,43
2016,05/02/2016,Cass,9119,4637,1516,2951,15
2016,05/02/2016,Cedar,11364,3799,3099,4437,29
2016,05/02/2016,Cerro Gordo,29327,8316,8941,12025,45
2016,05/02/2016,Cherokee,7897,3244,1750,2887,16
2016,05/02/2016,Chickasaw,8400,2311,2608,3468,13
2016,05/02/2016,Clarke,5426,1816,1500,2101,9
2016,05/02/2016,Clay,10910,4564,2326,3997,23
2016,05/02/2016,Clayton,11426,3465,3350,4581,30
2016,05/02/2016,Clinton,30568,7618,10060,12821,69
2016,05/02/2016,Crawford,9234,3213,2535,3476,10
2016,05/02/2016,Dallas,48795,18740,11365,18524,166
2016,05/02/2016,Davis,4724,1624,1724,1370,6
2016,05/02/2016,Decatur,4516,1645,1463,1397,11
2016,05/02/2016,Delaware,11216,3933,2468,4803,12
2016,05/02/2016,Des Moines,25666,6543,10622,8429,72
2016,05/02/2016,Dickinson,12215,5309,2440,4441,25
2016,05/02/2016,Dubuque,62448,15879,24758,21605,206
2016,05/02/2016,Emmet,6297,1736,1841,2710,10
2016,05/02/2016,Fayette,11515,3993,3483,4006,33
2016,05/02/2016,Floyd,10293,2704,3010,4567,12
2016,05/02/2016,Franklin,6465,3010,1252,2198,5
2016,05/02/2016,Fremont,4678,2018,1074,1578,8
2016,05/02/2016,Greene,6185,2135,1801,2235,14
2016,05/02/2016,Grundy,8486,4063,1393,3015,15
2016,05/02/2016,Guthrie,7295,2753,1680,2839,23
2016,05/02/2016,Hamilton,9717,3581,2496,3611,29
2016,05/02/2016,Hancock,7454,3266,1477,2704,7
2016,05/02/2016,Hardin,10957,4655,2508,3775,19
2016,05/02/2016,Harrison,7899,3615,2069,2190,25
2016,05/02/2016,Henry,12568,5095,2742,4709,22
2016,05/02/2016,Howard,5760,1423,1725,2606,6
2016,05/02/2016,Humboldt,6149,2619,1211,2314,5
2016,05/02/2016,Ida,4761,2192,827,1731,11
2016,05/02/2016,Iowa,11426,3959,2663,4770,34
2016,05/02/2016,Jackson,13677,2998,5155,5504,20
2016,05/02/2016,Jasper,23914,7350,8158,8363,43
2016,05/02/2016,Jefferson,10153,3303,3835,2962,53
2016,05/02/2016,Johnson,83333,18232,40425,24216,460
2016,05/02/2016,Jones,12749,3731,3203,5797,18
2016,05/02/2016,Keokuk,6508,2340,1954,2205,9
2016,05/02/2016,Kossuth,10785,3470,3098,4205,12
2016,05/02/2016,Lee,21260,4323,9041,7838,58
2016,05/02/2016,Linn,136234,38578,49150,47804,702
2016,05/02/2016,Louisa,6501,2442,1630,2421,8
2016,05/02/2016,Lucas,5432,2234,1295,1895,8
2016,05/02/2016,Lyon,7907,5402,855,1643,7
2016,05/02/2016,Madison,10475,4105,2704,3647,19
2016,05/02/2016,Mahaska,13481,6031,2857,4543,50
2016,05/02/2016,Marion,22008,9439,5300,7225,44
2016,05/02/2016,Marshall,23349,7494,7145,8670,40
2016,05/02/2016,Mills,9950,4987,1993,2937,33
2016,05/02/2016,Mitchell,6780,2455,1662,2653,10
2016,05/02/2016,Monona,6010,1951,1802,2248,9
2016,05/02/2016,Monroe,4634,1633,1517,1480,4
2016,05/02/2016,Montgomery,6705,3568,1031,2099,7
2016,05/02/2016,Muscatine,25619,8150,7710,9694,65
2016,05/02/2016,O'Brien,9200,5334,1295,2553,18
2016,05/02/2016,Osceola,4059,2469,496,1089,5
2016,05/02/2016,Page,9226,4366,1554,3288,18
2016,05/02/2016,Palo Alto,5964,1722,2115,2118,9
2016,05/02/2016,Plymouth,16340,7918,3093,5292,37
2016,05/02/2016,Pocahontas,4889,1734,1031,2111,13
2016,05/02/2016,Polk,270111,84424,106213,78061,1413
2016,05/02/2016,Pottawattamie,54208,20432,15119,18386,271
2016,05/02/2016,Poweshiek,12203,3700,3975,4497,31
2016,05/02/2016,Ringgold,3028,1460,814,752,2
2016,05/02/2016,Sac,6855,3076,1298,2473,8
2016,05/02/2016,Scott,111720,31845,36340,42984,551
2016,05/02/2016,Shelby,7735,3499,1772,2455,9
2016,05/02/2016,Sioux,20382,14922,1771,3666,23
2016,05/02/2016,Story,55773,17815,18754,18825,379
2016,05/02/2016,Tama,10969,3368,3134,4453,14
2016,05/02/2016,Taylor,3696,1807,687,1194,8
2016,05/02/2016,Totals,1923206,637608,609284,669658,6656
2016,05/02/2016,Union,7526,2711,1712,3094,9
2016,05/02/2016,Van Buren,4679,2125,993,1545,16
2016,05/02/2016,Wapello,20526,5369,8383,6731,43
2016,05/02/2016,Warren,31621,11457,9571,10512,81
2016,05/02/2016,Washington,13882,5665,3091,5081,45
2016,05/02/2016,Wayne,3446,1411,906,1126,3
2016,05/02/2016,Webster,23121,6676,8061,8325,59
2016,05/02/2016,Winnebago,7060,2829,1473,2750,8
2016,05/02/2016,Winneshiek,13283,4426,3922,4912,23
2016,05/02/2016,Woodbury,55794,19210,17869,18547,168
2016,05/02/2016,Worth,5194,1778,1419,1992,5
2016,05/02/2016,Wright,7772,3401,1863,2496,12
2016,06/01/2016,Adair,4914,1917,1018,1969,10
2016,06/01/2016,Adams,2711,969,586,1153,3
2016,06/01/2016,Allamakee,9336,4113,2101,3109,13
2016,06/01/2016,Appanoose,8143,2892,2349,2891,11
2016,06/01/2016,Audubon,4183,1710,1142,1318,13
2016,06/01/2016,Benton,16799,5332,4202,7219,46
2016,06/01/2016,Black Hawk,80336,21157,29468,29331,380
2016,06/01/2016,Boone,17631,5710,5212,6654,55
2016,06/01/2016,Bremer,16078,5144,3755,7142,37
2016,06/01/2016,Buchanan,13150,3237,3644,6254,15
2016,06/01/2016,Buena Vista,11485,4078,2972,4411,24
2016,06/01/2016,Butler,9574,4444,1726,3395,9
2016,06/01/2016,Calhoun,6277,2409,1305,2555,8
2016,06/01/2016,Carroll,13886,4041,3820,5981,44
2016,06/01/2016,Cass,9134,4669,1511,2937,17
2016,06/01/2016,Cedar,11376,3799,3103,4444,30
2016,06/01/2016,Cerro Gordo,29359,8333,8938,12041,47
2016,06/01/2016,Cherokee,7915,3360,1701,2838,16
2016,06/01/2016,Chickasaw,8396,2339,2599,3445,13
2016,06/01/2016,Clarke,5441,1821,1505,2106,9
2016,06/01/2016,Clay,10940,4711,2273,3933,23
2016,06/01/2016,Clayton,11429,3470,3350,4579,30
2016,06/01/2016,Clinton,30651,7633,10066,12884,68
2016,06/01/2016,Crawford,9248,3230,2531,3477,10
2016,06/01/2016,Dallas,49174,18871,11402,18730,171
2016,06/01/2016,Davis,4740,1639,1718,1377,6
2016,06/01/2016,Decatur,4519,1658,1460,1390,11
2016,06/01/2016,Delaware,11226,3972,2463,4777,14
2016,06/01/2016,Des Moines,25711,6565,10608,8465,73
2016,06/01/2016,Dickinson,12244,5325,2431,4462,26
2016,06/01/2016,Dubuque,62554,15833,24926,21585,210
2016,06/01/2016,Emmet,6309,1737,1842,2720,10
2016,06/01/2016,Fayette,11506,3987,3483,4002,34
2016,06/01/2016,Floyd,10302,2704,3009,4577,12
2016,06/01/2016,Franklin,6471,3024,1250,2192,5
2016,06/01/2016,Fremont,4691,2041,1067,1574,9
2016,06/01/2016,Greene,6198,2177,1774,2235,12
2016,06/01/2016,Grundy,8507,4065,1402,3025,15
2016,06/01/2016,Guthrie,7304,2748,1681,2851,24
2016,06/01/2016,Hamilton,9740,3649,2477,3586,28
2016,06/01/2016,Hancock,7457,3277,1480,2693,7
2016,06/01/2016,Hardin,10970,4658,2518,3775,19
2016,06/01/2016,Harrison,7906,3620,2066,2194,26
2016,06/01/2016,Henry,12587,5101,2734,4728,24
2016,06/01/2016,Howard,5780,1425,1730,2619,6
2016,06/01/2016,Humboldt,6160,2627,1207,2321,5
2016,06/01/2016,Ida,4767,2203,829,1724,11
2016,06/01/2016,Iowa,11459,3974,2665,4784,36
2016,06/01/2016,Jackson,13702,3010,5149,5522,21
2016,06/01/2016,Jasper,24010,7272,8439,8255,44
2016,06/01/2016,Jefferson,10161,3299,3843,2966,53
2016,06/01/2016,Johnson,83243,18139,40426,24205,473
2016,06/01/2016,Jones,12777,3732,3208,5820,17
2016,06/01/2016,Keokuk,6511,2345,1954,2203,9
2016,06/01/2016,Kossuth,10801,3476,3086,4227,12
2016,06/01/2016,Lee,21303,4288,9146,7809,60
2016,06/01/2016,Linn,136521,38551,49410,47836,724
2016,06/01/2016,Louisa,6533,2453,1631,2441,8
2016,06/01/2016,Lucas,5468,2247,1299,1914,8
2016,06/01/2016,Lyon,7920,5408,857,1648,7
2016,06/01/2016,Madison,10501,4122,2689,3669,21
2016,06/01/2016,Mahaska,13533,6131,2824,4526,52
2016,06/01/2016,Marion,22043,9449,5304,7244,46
2016,06/01/2016,Marshall,23390,7507,7157,8686,40
2016,06/01/2016,Mills,9977,5000,1997,2947,33
2016,06/01/2016,Mitchell,6798,2462,1662,2664,10
2016,06/01/2016,Monona,6027,1974,1797,2247,9
2016,06/01/2016,Monroe,4647,1635,1524,1484,4
2016,06/01/2016,Montgomery,6711,3567,1034,2103,7
2016,06/01/2016,Muscatine,25661,8134,7814,9646,67
2016,06/01/2016,O'Brien,9228,5381,1282,2547,18
2016,06/01/2016,Osceola,4067,2477,496,1089,5
2016,06/01/2016,Page,9264,4496,1535,3214,19
2016,06/01/2016,Palo Alto,5963,1737,2103,2114,9
2016,06/01/2016,Plymouth,16390,7974,3097,5282,37
2016,06/01/2016,Pocahontas,4912,1779,1022,2098,13
2016,06/01/2016,Polk,270693,84235,106655,78353,1450
2016,06/01/2016,Pottawattamie,54417,20534,15147,18456,280
2016,06/01/2016,Poweshiek,12246,3703,3999,4512,32
2016,06/01/2016,Ringgold,3038,1462,819,755,2
2016,06/01/2016,Sac,6849,3076,1290,2474,9
2016,06/01/2016,Scott,111980,31867,36368,43176,569
2016,06/01/2016,Shelby,7736,3494,1775,2458,9
2016,06/01/2016,Sioux,20423,14971,1744,3682,26
2016,06/01/2016,Story,55835,17823,18764,18857,391
2016,06/01/2016,Tama,10984,3376,3130,4463,15
2016,06/01/2016,Taylor,3704,1810,687,1199,8
2016,06/01/2016,Totals,1926973,639476,610608,670068,6821
2016,06/01/2016,Union,7546,2712,1719,3105,10
2016,06/01/2016,Van Buren,4678,2121,990,1552,15
2016,06/01/2016,Wapello,20538,5353,8432,6707,46
2016,06/01/2016,Warren,31710,11470,9586,10574,80
2016,06/01/2016,Washington,13932,5757,3060,5067,48
2016,06/01/2016,Wayne,3450,1409,908,1128,5
2016,06/01/2016,Webster,23167,6691,8069,8347,60
2016,06/01/2016,Winnebago,7073,2834,1473,2757,9
2016,06/01/2016,Winneshiek,13302,4425,3945,4908,24
2016,06/01/2016,Woodbury,55915,19710,17882,18159,164
2016,06/01/2016,Worth,5206,1781,1415,2005,5
2016,06/01/2016,Wright,7815,3419,1867,2516,13
2016,07/01/2016,Adair,4923,1917,1030,1966,10
2016,07/01/2016,Adams,2711,968,594,1146,3
2016,07/01/2016,Allamakee,9354,4271,2075,2994,14
2016,07/01/2016,Appanoose,8160,2904,2366,2878,12
2016,07/01/2016,Audubon,4223,2083,965,1164,11
2016,07/01/2016,Benton,16872,5910,4092,6826,44
2016,07/01/2016,Black Hawk,80410,21104,29728,29192,386
2016,07/01/2016,Boone,17683,5759,5237,6629,58
2016,07/01/2016,Bremer,16135,5195,3864,7037,39
2016,07/01/2016,Buchanan,13180,3244,3668,6253,15
2016,07/01/2016,Buena Vista,11515,4124,2981,4384,26
2016,07/01/2016,Butler,9572,4493,1721,3348,10
2016,07/01/2016,Calhoun,6288,2524,1300,2455,9
2016,07/01/2016,Carroll,13908,4146,3813,5904,45
2016,07/01/2016,Cass,9169,4814,1508,2832,15
2016,07/01/2016,Cedar,11368,3794,3133,4410,31
2016,07/01/2016,Cerro Gordo,29352,8368,8989,11943,52
2016,07/01/2016,Cherokee,7943,3764,1543,2620,16
2016,07/01/2016,Chickasaw,8418,2461,2615,3329,13
2016,07/01/2016,Clarke,5456,1814,1525,2107,10
2016,07/01/2016,Clay,11060,5839,1910,3291,20
2016,07/01/2016,Clayton,11458,3478,3508,4443,29
2016,07/01/2016,Clinton,30737,7660,10100,12908,69
2016,07/01/2016,Crawford,9047,3248,2472,3318,9
2016,07/01/2016,Dallas,49576,18985,11662,18758,171
2016,07/01/2016,Davis,4747,1682,1721,1339,5
2016,07/01/2016,Decatur,4518,1766,1425,1316,11
2016,07/01/2016,Delaware,11243,4421,2391,4415,16
2016,07/01/2016,Des Moines,25785,6579,10653,8478,75
2016,07/01/2016,Dickinson,12299,5408,2432,4433,26
2016,07/01/2016,Dubuque,62719,15521,25803,21180,215
2016,07/01/2016,Emmet,6317,1762,1844,2703,8
2016,07/01/2016,Fayette,11478,3994,3505,3946,33
2016,07/01/2016,Floyd,10312,2714,3022,4563,13
2016,07/01/2016,Franklin,6489,3191,1191,2103,4
2016,07/01/2016,Fremont,4709,2188,1026,1486,9
2016,07/01/2016,Greene,6217,2504,1605,2095,13
2016,07/01/2016,Grundy,8504,4067,1401,3021,15
2016,07/01/2016,Guthrie,7326,2764,1693,2845,24
2016,07/01/2016,Hamilton,9766,4003,2359,3375,29
2016,07/01/2016,Hancock,7467,3298,1496,2665,8
2016,07/01/2016,Hardin,10990,4668,2541,3762,19
2016,07/01/2016,Harrison,7908,3630,2080,2171,27
2016,07/01/2016,Henry,12635,5125,2776,4710,24
2016,07/01/2016,Howard,5797,1416,1796,2579,6
2016,07/01/2016,Humboldt,6192,2639,1225,2322,6
2016,07/01/2016,Ida,4783,2292,812,1669,10
2016,07/01/2016,Iowa,11474,3990,2676,4773,35
2016,07/01/2016,Jackson,13770,3168,5145,5437,20
2016,07/01/2016,Jasper,24068,7254,8583,8189,42
2016,07/01/2016,Jefferson,10193,3297,3912,2931,53
2016,07/01/2016,Johnson,83581,17991,40979,24124,487
2016,07/01/2016,Jones,12808,3770,3241,5780,17
2016,07/01/2016,Keokuk,6509,2336,1985,2178,10
2016,07/01/2016,Kossuth,10814,3494,3096,4211,13
2016,07/01/2016,Lee,21359,4236,9440,7621,62
2016,07/01/2016,Linn,137008,38367,50411,47490,740
2016,07/01/2016,Louisa,6559,2450,1642,2458,9
2016,07/01/2016,Lucas,5478,2254,1310,1906,8
2016,07/01/2016,Lyon,7916,5421,857,1629,9
2016,07/01/2016,Madison,10531,4192,2683,3635,21
2016,07/01/2016,Mahaska,13610,6930,2575,4054,51
2016,07/01/2016,Marion,22114,9458,5355,7254,47
2016,07/01/2016,Marshall,23424,7571,7206,8604,43
2016,07/01/2016,Mills,10025,5062,2004,2919,40
2016,07/01/2016,Mitchell,6811,2473,1670,2659,9
2016,07/01/2016,Monona,6039,2038,1789,2202,10
2016,07/01/2016,Monroe,4646,1624,1547,1472,3
2016,07/01/2016,Montgomery,6730,3589,1043,2090,8
2016,07/01/2016,Muscatine,25744,8131,7955,9592,66
2016,07/01/2016,O'Brien,9264,5781,1184,2283,16
2016,07/01/2016,Osceola,4072,2513,490,1064,5
2016,07/01/2016,Page,9338,5128,1418,2774,18
2016,07/01/2016,Palo Alto,5962,1782,2068,2103,9
2016,07/01/2016,Plymouth,16460,8191,3031,5200,38
2016,07/01/2016,Pocahontas,4928,2058,964,1893,13
2016,07/01/2016,Polk,271840,84256,108167,77944,1473
2016,07/01/2016,Pottawattamie,54620,20663,15251,18413,293
2016,07/01/2016,Poweshiek,12278,3702,4050,4493,33
2016,07/01/2016,Ringgold,3053,1516,839,695,3
2016,07/01/2016,Sac,6862,3124,1277,2453,8
2016,07/01/2016,Scott,112252,32413,36631,42636,572
2016,07/01/2016,Shelby,7764,3559,1782,2414,9
2016,07/01/2016,Sioux,20440,15184,1667,3564,25
2016,07/01/2016,Story,55908,17885,18900,18723,400
2016,07/01/2016,Tama,11015,3378,3169,4453,15
2016,07/01/2016,Taylor,3705,1862,686,1149,8
2016,07/01/2016,Totals,1932534,649570,615431,660569,6964
2016,07/01/2016,Union,7571,2740,1728,3092,11
2016,07/01/2016,Van Buren,4683,2123,1008,1537,15
2016,07/01/2016,Wapello,20568,5321,8621,6577,49
2016,07/01/2016,Warren,31795,11482,9645,10584,84
2016,07/01/2016,Washington,14014,6246,2956,4747,65
2016,07/01/2016,Wayne,3453,1392,954,1102,5
2016,07/01/2016,Webster,23225,6761,8114,8288,62
2016,07/01/2016,Winnebago,7096,2852,1507,2727,10
2016,07/01/2016,Winneshiek,13303,4444,4025,4808,26
2016,07/01/2016,Woodbury,56087,20255,17770,17897,165
2016,07/01/2016,Worth,5221,1939,1354,1923,5
2016,07/01/2016,Wright,7827,3425,1875,2514,13
2016,08/01/2016,Adair,4923,1913,1025,1975,10
2016,08/01/2016,Adams,2716,970,593,1150,3
2016,08/01/2016,Allamakee,9378,4248,2093,3021,16
2016,08/01/2016,Appanoose,8174,2904,2361,2897,12
2016,08/01/2016,Audubon,4222,2070,968,1173,11
2016,08/01/2016,Benton,16926,5909,4086,6885,46
2016,08/01/2016,Black Hawk,80556,21137,29714,29299,406
2016,08/01/2016,Boone,17739,5760,5240,6676,63
2016,08/01/2016,Bremer,16186,5196,3868,7083,39
2016,08/01/2016,Buchanan,13195,3248,3660,6270,17
2016,08/01/2016,Buena Vista,11555,4129,2998,4401,27
2016,08/01/2016,Butler,9589,4490,1716,3373,10
2016,08/01/2016,Calhoun,6293,2512,1303,2469,9
2016,08/01/2016,Carroll,13958,4159,3812,5941,46
2016,08/01/2016,Cass,9159,4799,1506,2836,18
2016,08/01/2016,Cedar,11369,3792,3128,4414,35
2016,08/01/2016,Cerro Gordo,29460,8379,8992,12034,55
2016,08/01/2016,Cherokee,7959,3758,1547,2638,16
2016,08/01/2016,Chickasaw,8442,2459,2613,3353,17
2016,08/01/2016,Clarke,5474,1820,1528,2113,13
2016,08/01/2016,Clay,11063,5778,1933,3331,21
2016,08/01/2016,Clayton,11464,3482,3489,4464,29
2016,08/01/2016,Clinton,30819,7681,10101,12963,74
2016,08/01/2016,Crawford,9122,3266,2473,3373,10
2016,08/01/2016,Dallas,49946,19045,11712,19006,183
2016,08/01/2016,Davis,4762,1693,1716,1345,8
2016,08/01/2016,Decatur,4516,1761,1426,1318,11
2016,08/01/2016,Delaware,11253,4409,2393,4435,16
2016,08/01/2016,Des Moines,25848,6586,10645,8531,86
2016,08/01/2016,Dickinson,12324,5400,2431,4465,28
2016,08/01/2016,Dubuque,62932,15566,25777,21357,232
2016,08/01/2016,Emmet,6331,1765,1841,2716,9
2016,08/01/2016,Fayette,11497,4001,3501,3960,35
2016,08/01/2016,Floyd,10322,2717,2999,4589,17
2016,08/01/2016,Franklin,6485,3173,1194,2113,5
2016,08/01/2016,Fremont,4710,2179,1032,1490,9
2016,08/01/2016,Greene,6230,2480,1612,2120,18
2016,08/01/2016,Grundy,8484,4064,1408,2997,15
2016,08/01/2016,Guthrie,7343,2761,1691,2867,24
2016,08/01/2016,Hamilton,9778,3983,2363,3402,30
2016,08/01/2016,Hancock,7473,3298,1489,2678,8
2016,08/01/2016,Hardin,11008,4674,2531,3782,21
2016,08/01/2016,Harrison,7927,3634,2082,2182,29
2016,08/01/2016,Henry,12664,5137,2774,4727,26
2016,08/01/2016,Howard,5802,1421,1789,2585,7
2016,08/01/2016,Humboldt,6207,2640,1227,2334,6
2016,08/01/2016,Ida,4788,2290,815,1673,10
2016,08/01/2016,Iowa,11497,3991,2674,4796,36
2016,08/01/2016,Jackson,13801,3168,5136,5477,20
2016,08/01/2016,Jasper,24128,7259,8561,8265,43
2016,08/01/2016,Jefferson,10214,3300,3907,2948,59
2016,08/01/2016,Johnson,83936,18025,41010,24387,514
2016,08/01/2016,Jones,12841,3768,3241,5814,18
2016,08/01/2016,Keokuk,6511,2332,1980,2188,11
2016,08/01/2016,Kossuth,10812,3488,3086,4225,13
2016,08/01/2016,Lee,21396,4246,9415,7671,64
2016,08/01/2016,Linn,136990,38266,50255,47681,788
2016,08/01/2016,Louisa,6566,2451,1635,2471,9
2016,08/01/2016,Lucas,5491,2252,1312,1918,9
2016,08/01/2016,Lyon,7942,5432,862,1639,9
2016,08/01/2016,Madison,10534,4187,2677,3647,23
2016,08/01/2016,Mahaska,13621,6888,2598,4084,51
2016,08/01/2016,Marion,22189,9485,5349,7308,47
2016,08/01/2016,Marshall,23418,7552,7185,8633,48
2016,08/01/2016,Mills,10049,5062,2001,2940,46
2016,08/01/2016,Mitchell,6824,2475,1669,2671,9
2016,08/01/2016,Monona,6049,2050,1779,2210,10
2016,08/01/2016,Monroe,4651,1624,1543,1481,3
2016,08/01/2016,Montgomery,6753,3594,1047,2103,9
2016,08/01/2016,Muscatine,25814,8132,7966,9646,70
2016,08/01/2016,O'Brien,9268,5755,1195,2302,16
2016,08/01/2016,Osceola,4087,2517,489,1076,5
2016,08/01/2016,Page,9342,5113,1428,2781,20
2016,08/01/2016,Palo Alto,5964,1773,2063,2119,9
2016,08/01/2016,Plymouth,16503,8197,3040,5223,43
2016,08/01/2016,Pocahontas,4932,2057,965,1897,13
2016,08/01/2016,Polk,272740,84337,108250,78599,1554
2016,08/01/2016,Pottawattamie,54852,20699,15300,18544,309
2016,08/01/2016,Poweshiek,12303,3713,4043,4511,36
2016,08/01/2016,Ringgold,3051,1517,834,696,4
2016,08/01/2016,Sac,6874,3133,1275,2458,8
2016,08/01/2016,Scott,112738,32414,36686,43056,582
2016,08/01/2016,Shelby,7784,3567,1783,2425,9
2016,08/01/2016,Sioux,20465,15157,1675,3606,27
2016,08/01/2016,Story,56000,17867,18897,18815,421
2016,08/01/2016,Tama,11042,3379,3174,4473,16
2016,08/01/2016,Taylor,3703,1854,690,1151,8
2016,08/01/2016,Totals,1937223,649579,615365,664909,7370
2016,08/01/2016,Union,7610,2749,1731,3118,12
2016,08/01/2016,Van Buren,4703,2131,1006,1550,16
2016,08/01/2016,Wapello,20557,5325,8588,6591,53
2016,08/01/2016,Warren,31851,11493,9639,10630,89
2016,08/01/2016,Washington,14048,6215,2974,4788,71
2016,08/01/2016,Wayne,3468,1400,948,1115,5
2016,08/01/2016,Webster,23268,6769,8092,8339,68
2016,08/01/2016,Winnebago,7107,2846,1499,2752,10
2016,08/01/2016,Winneshiek,13316,4445,4021,4822,28
2016,08/01/2016,Woodbury,56198,20231,17777,18014,176
2016,08/01/2016,Worth,5221,1936,1357,1924,4
2016,08/01/2016,Wright,7830,3427,1863,2527,13
2016,09/01/2016,Adair,4935,1907,1023,1992,13
2016,09/01/2016,Adams,2726,969,595,1159,3
2016,09/01/2016,Allamakee,9394,4233,2117,3027,17
2016,09/01/2016,Appanoose,8264,2923,2365,2962,14
2016,09/01/2016,Audubon,4220,2060,970,1179,11
2016,09/01/2016,Benton,16987,5894,4090,6949,54
2016,09/01/2016,Black Hawk,81389,21277,29945,29715,452
2016,09/01/2016,Boone,17821,5778,5248,6726,69
2016,09/01/2016,Bremer,16214,5196,3865,7111,42
2016,09/01/2016,Buchanan,13218,3247,3654,6298,19
2016,09/01/2016,Buena Vista,11569,4128,3005,4406,30
2016,09/01/2016,Butler,9601,4492,1713,3383,13
2016,09/01/2016,Calhoun,6308,2509,1302,2483,14
2016,09/01/2016,Carroll,13980,4158,3815,5959,48
2016,09/01/2016,Cass,9180,4797,1502,2861,20
2016,09/01/2016,Cedar,11389,3798,3121,4429,41
2016,09/01/2016,Cerro Gordo,29520,8374,8998,12091,57
2016,09/01/2016,Cherokee,7968,3744,1553,2653,18
2016,09/01/2016,Chickasaw,8450,2458,2609,3366,17
2016,09/01/2016,Clarke,5485,1817,1525,2127,16
2016,09/01/2016,Clay,11095,5754,1950,3368,23
2016,09/01/2016,Clayton,11462,3481,3480,4473,28
2016,09/01/2016,Clinton,30921,7688,10107,13049,77
2016,09/01/2016,Crawford,9136,3256,2463,3405,12
2016,09/01/2016,Dallas,50395,19093,11798,19310,194
2016,09/01/2016,Davis,4768,1692,1708,1359,9
2016,09/01/2016,Decatur,4530,1765,1430,1325,10
2016,09/01/2016,Delaware,11255,4399,2387,4450,19
2016,09/01/2016,Des Moines,25920,6600,10638,8591,91
2016,09/01/2016,Dickinson,12373,5399,2437,4508,29
2016,09/01/2016,Dubuque,63183,15611,25788,21534,250
2016,09/01/2016,Emmet,6355,1768,1826,2750,11
2016,09/01/2016,Fayette,11569,4010,3513,4011,35
2016,09/01/2016,Floyd,10331,2705,2992,4614,20
2016,09/01/2016,Franklin,6493,3171,1193,2123,6
2016,09/01/2016,Fremont,4707,2180,1025,1493,9
2016,09/01/2016,Greene,6244,2437,1622,2162,23
2016,09/01/2016,Grundy,8513,4052,1402,3043,16
2016,09/01/2016,Guthrie,7385,2774,1690,2894,27
2016,09/01/2016,Hamilton,9799,3974,2354,3440,31
2016,09/01/2016,Hancock,7479,3293,1495,2682,9
2016,09/01/2016,Hardin,10994,4658,2529,3784,23
2016,09/01/2016,Harrison,7968,3650,2081,2207,30
2016,09/01/2016,Henry,12678,5131,2771,4748,28
2016,09/01/2016,Howard,5807,1420,1786,2594,7
2016,09/01/2016,Humboldt,6212,2640,1222,2340,10
2016,09/01/2016,Ida,4799,2286,819,1683,11
2016,09/01/2016,Iowa,11513,3987,2671,4819,36
2016,09/01/2016,Jackson,13833,3176,5128,5508,21
2016,09/01/2016,Jasper,24181,7275,8536,8321,49
2016,09/01/2016,Jefferson,10239,3296,3888,2986,69
2016,09/01/2016,Johnson,85848,18335,41713,25221,579
2016,09/01/2016,Jones,12876,3767,3230,5860,19
2016,09/01/2016,Keokuk,6512,2328,1974,2199,11
2016,09/01/2016,Kossuth,10816,3484,3073,4244,15
2016,09/01/2016,Lee,21384,4265,9346,7703,70
2016,09/01/2016,Linn,130396,36787,47510,45308,791
2016,09/01/2016,Louisa,6587,2458,1633,2486,10
2016,09/01/2016,Lucas,5504,2258,1316,1920,10
2016,09/01/2016,Lyon,7960,5435,866,1651,8
2016,09/01/2016,Madison,10580,4191,2683,3681,25
2016,09/01/2016,Mahaska,13633,6868,2590,4121,54
2016,09/01/2016,Marion,22279,9511,5345,7374,49
2016,09/01/2016,Marshall,23522,7569,7188,8715,50
2016,09/01/2016,Mills,10081,5074,1998,2957,52
2016,09/01/2016,Mitchell,6859,2486,1677,2687,9
2016,09/01/2016,Monona,6040,2063,1768,2200,9
2016,09/01/2016,Monroe,4667,1627,1543,1493,4
2016,09/01/2016,Montgomery,6771,3592,1041,2128,10
2016,09/01/2016,Muscatine,25923,8117,7986,9746,74
2016,09/01/2016,O'Brien,9264,5734,1200,2312,18
2016,09/01/2016,Osceola,4089,2514,489,1081,5
2016,09/01/2016,Page,9388,5107,1442,2819,20
2016,09/01/2016,Palo Alto,5964,1776,2054,2124,10
2016,09/01/2016,Plymouth,16563,8215,3051,5249,48
2016,09/01/2016,Pocahontas,4930,2058,962,1896,14
2016,09/01/2016,Polk,274469,84501,108863,79454,1651
2016,09/01/2016,Pottawattamie,55155,20767,15346,18719,323
2016,09/01/2016,Poweshiek,12388,3713,4074,4560,41
2016,09/01/2016,Ringgold,3048,1511,834,699,4
2016,09/01/2016,Sac,6868,3125,1273,2461,9
2016,09/01/2016,Scott,113384,32438,36760,43583,603
2016,09/01/2016,Shelby,7804,3570,1779,2446,9
2016,09/01/2016,Sioux,20485,15128,1669,3658,30
2016,09/01/2016,Story,57296,17963,19112,19736,485
2016,09/01/2016,Tama,11072,3367,3173,4516,16
2016,09/01/2016,Taylor,3715,1853,693,1161,8
2016,09/01/2016,Totals,1940444,648866,614477,669186,7915
2016,09/01/2016,Union,7597,2741,1724,3119,13
2016,09/01/2016,Van Buren,4714,2128,1008,1562,16
2016,09/01/2016,Wapello,20582,5327,8549,6644,62
2016,09/01/2016,Warren,31947,11519,9632,10700,96
2016,09/01/2016,Washington,14095,6207,2981,4831,76
2016,09/01/2016,Wayne,3457,1389,949,1114,5
2016,09/01/2016,Webster,23313,6774,8075,8393,71
2016,09/01/2016,Winnebago,7134,2850,1497,2776,11
2016,09/01/2016,Winneshiek,13347,4442,4036,4841,28
2016,09/01/2016,Woodbury,56321,20210,17807,18111,193
2016,09/01/2016,Worth,5230,1931,1361,1934,4
2016,09/01/2016,Wright,7832,3413,1860,2543,16
2016,10/03/2016,Adair,4960,1911,1018,2017,14
2016,10/03/2016,Adams,2730,975,593,1159,3
2016,10/03/2016,Allamakee,9452,4244,2125,3063,20
2016,10/03/2016,Appanoose,8295,2923,2392,2964,16
2016,10/03/2016,Audubon,4220,2050,971,1187,12
2016,10/03/2016,Benton,17076,5914,4093,7009,60
2016,10/03/2016,Black Hawk,82157,21477,30091,30083,506
2016,10/03/2016,Boone,17978,5822,5300,6778,78
2016,10/03/2016,Bremer,16358,5239,3939,7134,46
2016,10/03/2016,Buchanan,13280,3265,3649,6339,27
2016,10/03/2016,Buena Vista,11652,4155,3021,4438,38
2016,10/03/2016,Butler,9653,4528,1727,3383,15
2016,10/03/2016,Calhoun,6334,2516,1308,2493,17
2016,10/03/2016,Carroll,14011,4186,3798,5971,56
2016,10/03/2016,Cass,9228,4817,1509,2882,20
2016,10/03/2016,Cedar,11476,3828,3138,4461,49
2016,10/03/2016,Cerro Gordo,29542,8345,8970,12168,59
2016,10/03/2016,Cherokee,7979,3752,1566,2639,22
2016,10/03/2016,Chickasaw,8466,2451,2602,3393,20
2016,10/03/2016,Clarke,5530,1834,1529,2148,19
2016,10/03/2016,Clay,11143,5751,1975,3391,26
2016,10/03/2016,Clayton,11411,3486,3449,4448,28
2016,10/03/2016,Clinton,31113,7716,10125,13191,81
2016,10/03/2016,Crawford,9199,3270,2470,3444,15
2016,10/03/2016,Dallas,51142,19281,12068,19568,225
2016,10/03/2016,Davis,4812,1720,1721,1361,10
2016,10/03/2016,Decatur,4563,1762,1429,1357,15
2016,10/03/2016,Delaware,11325,4410,2400,4495,20
2016,10/03/2016,Des Moines,26055,6612,10664,8675,104
2016,10/03/2016,Dickinson,12508,5430,2445,4599,34
2016,10/03/2016,Dubuque,63756,15868,25891,21719,278
2016,10/03/2016,Emmet,6401,1775,1823,2791,12
2016,10/03/2016,Fayette,11626,4025,3507,4057,37
2016,10/03/2016,Floyd,10402,2718,3007,4655,22
2016,10/03/2016,Franklin,6496,3163,1201,2125,7
2016,10/03/2016,Fremont,4745,2199,1027,1509,10
2016,10/03/2016,Greene,6290,2438,1633,2192,27
2016,10/03/2016,Grundy,8527,4042,1400,3068,17
2016,10/03/2016,Guthrie,7434,2781,1677,2947,29
2016,10/03/2016,Hamilton,9830,3971,2360,3465,34
2016,10/03/2016,Hancock,7498,3294,1496,2697,11
2016,10/03/2016,Hardin,11047,4671,2530,3812,34
2016,10/03/2016,Harrison,8098,3681,2093,2292,32
2016,10/03/2016,Henry,12760,5143,2778,4800,39
2016,10/03/2016,Howard,5841,1428,1782,2624,7
2016,10/03/2016,Humboldt,6230,2659,1217,2344,10
2016,10/03/2016,Ida,4806,2288,818,1689,11
2016,10/03/2016,Iowa,11537,3990,2678,4832,37
2016,10/03/2016,Jackson,13904,3186,5124,5571,23
2016,10/03/2016,Jasper,24380,7341,8543,8438,58
2016,10/03/2016,Jefferson,10312,3313,3914,3009,76
2016,10/03/2016,Johnson,88225,18691,42514,26318,702
2016,10/03/2016,Jones,12953,3781,3234,5912,26
2016,10/03/2016,Keokuk,6527,2349,1960,2206,12
2016,10/03/2016,Kossuth,10871,3506,3073,4274,18
2016,10/03/2016,Lee,21517,4304,9328,7800,85
2016,10/03/2016,Linn,132212,37077,47986,46252,897
2016,10/03/2016,Louisa,6637,2471,1643,2510,13
2016,10/03/2016,Lucas,5536,2276,1311,1938,11
2016,10/03/2016,Lyon,7991,5448,873,1660,10
2016,10/03/2016,Madison,10660,4210,2702,3720,28
2016,10/03/2016,Mahaska,13723,6865,2606,4189,63
2016,10/03/2016,Marion,22461,9545,5374,7483,59
2016,10/03/2016,Marshall,23621,7586,7210,8768,57
2016,10/03/2016,Mills,10135,5086,2004,2986,59
2016,10/03/2016,Mitchell,6913,2497,1686,2720,10
2016,10/03/2016,Monona,6066,2075,1769,2212,10
2016,10/03/2016,Monroe,4692,1640,1546,1500,6
2016,10/03/2016,Montgomery,6817,3616,1053,2136,12
2016,10/03/2016,Muscatine,26095,8158,8029,9821,87
2016,10/03/2016,O'Brien,9350,5756,1214,2359,21
2016,10/03/2016,Osceola,4100,2512,487,1096,5
2016,10/03/2016,Page,9476,5151,1462,2838,25
2016,10/03/2016,Palo Alto,5980,1781,2046,2142,11
2016,10/03/2016,Plymouth,16652,8246,3053,5298,55
2016,10/03/2016,Pocahontas,4947,2064,961,1907,15
2016,10/03/2016,Polk,277464,85001,109960,80618,1885
2016,10/03/2016,Pottawattamie,55591,20923,15406,18894,368
2016,10/03/2016,Poweshiek,12621,3727,4175,4672,47
2016,10/03/2016,Ringgold,3088,1529,844,711,4
2016,10/03/2016,Sac,6919,3137,1281,2487,14
2016,10/03/2016,Scott,114474,32561,36990,44253,670
2016,10/03/2016,Shelby,7885,3586,1785,2500,14
2016,10/03/2016,Sioux,20636,15186,1695,3718,37
2016,10/03/2016,Story,59066,18112,19359,21006,589
2016,10/03/2016,Tama,11107,3375,3153,4561,18
2016,10/03/2016,Taylor,3760,1882,692,1172,14
2016,10/03/2016,Totals,1959344,652545,618785,678893,9121
2016,10/03/2016,Union,7638,2754,1723,3143,18
2016,10/03/2016,Van Buren,4724,2128,1013,1566,17
2016,10/03/2016,Wapello,20667,5334,8535,6725,73
2016,10/03/2016,Warren,32294,11617,9681,10872,124
2016,10/03/2016,Washington,14164,6196,3004,4879,85
2016,10/03/2016,Wayne,3482,1398,941,1137,6
2016,10/03/2016,Webster,23448,6791,8072,8502,83
2016,10/03/2016,Winnebago,7179,2851,1501,2813,14
2016,10/03/2016,Winneshiek,13483,4451,4080,4920,32
2016,10/03/2016,Woodbury,56777,20285,17945,18327,220
2016,10/03/2016,Worth,5262,1958,1376,1923,5
2016,10/03/2016,Wright,7890,3428,1866,2575,21
2016,11/01/2016,Adair,5017,1934,1028,2039,16
2016,11/01/2016,Adams,2767,984,598,1179,6
2016,11/01/2016,Allamakee,9552,4263,2157,3108,24
2016,11/01/2016,Appanoose,8385,2936,2409,3020,20
2016,11/01/2016,Audubon,4256,2046,984,1211,15
2016,11/01/2016,Benton,17244,5988,4078,7111,67
2016,11/01/2016,Black Hawk,83565,22020,30746,30227,572
2016,11/01/2016,Boone,18200,5882,5394,6829,95
2016,11/01/2016,Bremer,16661,5307,4021,7271,62
2016,11/01/2016,Buchanan,13401,3323,3660,6385,33
2016,11/01/2016,Buena Vista,11810,4184,3048,4534,44
2016,11/01/2016,Butler,9743,4577,1735,3404,27
2016,11/01/2016,Calhoun,6413,2554,1309,2532,18
2016,11/01/2016,Carroll,14137,4219,3802,6052,64
2016,11/01/2016,Cass,9344,4851,1521,2946,26
2016,11/01/2016,Cedar,11727,3902,3173,4586,66
2016,11/01/2016,Cerro Gordo,29908,8411,9023,12398,76
2016,11/01/2016,Cherokee,8063,3768,1596,2675,24
2016,11/01/2016,Chickasaw,8531,2483,2604,3418,26
2016,11/01/2016,Clarke,5628,1867,1557,2183,21
2016,11/01/2016,Clay,11272,5778,1993,3467,34
2016,11/01/2016,Clayton,11537,3532,3477,4495,33
2016,11/01/2016,Clinton,31486,7815,10173,13390,108
2016,11/01/2016,Crawford,9343,3312,2495,3513,23
2016,11/01/2016,Dallas,52469,19761,12777,19665,266
2016,11/01/2016,Davis,4873,1741,1735,1385,12
2016,11/01/2016,Decatur,4697,1795,1458,1424,20
2016,11/01/2016,Delaware,11438,4452,2398,4561,27
2016,11/01/2016,Des Moines,26340,6700,10719,8795,126
2016,11/01/2016,Dickinson,12696,5516,2468,4669,43
2016,11/01/2016,Dubuque,64635,16444,26287,21585,319
2016,11/01/2016,Emmet,6465,1821,1819,2809,16
2016,11/01/2016,Fayette,11873,4088,3548,4195,42
2016,11/01/2016,Floyd,10519,2748,3033,4713,25
2016,11/01/2016,Franklin,6567,3204,1226,2124,13
2016,11/01/2016,Fremont,4795,2234,1025,1521,15
2016,11/01/2016,Greene,6346,2453,1629,2233,31
2016,11/01/2016,Grundy,8642,4136,1427,3056,23
2016,11/01/2016,Guthrie,7498,2806,1684,2975,33
2016,11/01/2016,Hamilton,9919,4028,2388,3466,37
2016,11/01/2016,Hancock,7568,3314,1493,2742,19
2016,11/01/2016,Hardin,11166,4714,2553,3854,45
2016,11/01/2016,Harrison,8368,3780,2110,2434,44
2016,11/01/2016,Henry,13021,5190,2811,4971,49
2016,11/01/2016,Howard,5921,1458,1779,2671,13
2016,11/01/2016,Humboldt,6308,2693,1218,2385,12
2016,11/01/2016,Ida,4818,2297,815,1690,16
2016,11/01/2016,Iowa,11626,3996,2703,4882,45
2016,11/01/2016,Jackson,14044,3217,5134,5662,31
2016,11/01/2016,Jasper,24574,7414,8557,8535,68
2016,11/01/2016,Jefferson,10494,3369,3997,3043,85
2016,11/01/2016,Johnson,91858,19232,43901,27887,838
2016,11/01/2016,Jones,13080,3815,3252,5984,29
2016,11/01/2016,Keokuk,6575,2372,1959,2230,14
2016,11/01/2016,Kossuth,10956,3536,3071,4325,24
2016,11/01/2016,Lee,21863,4421,9355,7985,102
2016,11/01/2016,Linn,135834,37711,49176,47895,1052
2016,11/01/2016,Louisa,6751,2514,1664,2554,19
2016,11/01/2016,Lucas,5608,2314,1309,1973,12
2016,11/01/2016,Lyon,8048,5478,878,1679,13
2016,11/01/2016,Madison,10797,4318,2718,3721,40
2016,11/01/2016,Mahaska,13915,6909,2644,4291,71
2016,11/01/2016,Marion,22850,9663,5418,7687,82
2016,11/01/2016,Marshall,23924,7657,7316,8871,80
2016,11/01/2016,Mills,10263,5127,2030,3040,66
2016,11/01/2016,Mitchell,6994,2526,1688,2769,11
2016,11/01/2016,Monona,6135,2101,1779,2237,18
2016,11/01/2016,Monroe,4784,1713,1551,1509,11
2016,11/01/2016,Montgomery,6868,3645,1057,2151,15
2016,11/01/2016,Muscatine,26491,8234,8101,10040,116
2016,11/01/2016,O'Brien,9442,5779,1222,2411,30
2016,11/01/2016,Osceola,4156,2534,487,1127,8
2016,11/01/2016,Page,9597,5219,1501,2843,34
2016,11/01/2016,Palo Alto,6069,1805,2054,2195,15
2016,11/01/2016,Plymouth,16847,8332,3088,5357,70
2016,11/01/2016,Pocahontas,4983,2073,974,1918,18
2016,11/01/2016,Polk,283933,86396,112448,82877,2212
2016,11/01/2016,Pottawattamie,56821,21290,15655,19429,447
2016,11/01/2016,Poweshiek,12852,3763,4248,4788,53
2016,11/01/2016,Ringgold,3146,1556,846,739,5
2016,11/01/2016,Sac,6987,3170,1291,2510,16
2016,11/01/2016,Scott,116144,32914,37292,45178,760
2016,11/01/2016,Shelby,8016,3628,1797,2572,19
2016,11/01/2016,Sioux,20854,15269,1716,3812,57
2016,11/01/2016,Story,61257,18336,19916,22325,680
2016,11/01/2016,Tama,11220,3407,3166,4621,26
2016,11/01/2016,Taylor,3857,1922,700,1218,17
2016,11/01/2016,Totals,1996153,662167,629081,694005,10900
2016,11/01/2016,Union,7741,2782,1727,3211,21
2016,11/01/2016,Van Buren,4775,2150,1011,1592,22
2016,11/01/2016,Wapello,20937,5445,8542,6863,87
2016,11/01/2016,Warren,33014,11795,9821,11254,144
2016,11/01/2016,Washington,14353,6219,3042,4997,95
2016,11/01/2016,Wayne,3577,1438,944,1185,10
2016,11/01/2016,Webster,23747,6886,8116,8648,97
2016,11/01/2016,Winnebago,7320,2887,1531,2884,18
2016,11/01/2016,Winneshiek,14026,4517,4201,5260,48
2016,11/01/2016,Woodbury,57916,20626,18247,18770,273
2016,11/01/2016,Worth,5336,1988,1382,1961,5
2016,11/01/2016,Wright,7966,3450,1877,2614,25
2016,12/01/2016,Adair,5082,1961,1023,2082,16
2016,12/01/2016,Adams,2785,995,593,1190,7
2016,12/01/2016,Allamakee,9704,4315,2170,3193,26
2016,12/01/2016,Appanoose,8532,3002,2410,3097,23
2016,12/01/2016,Audubon,4312,2061,976,1260,15
2016,12/01/2016,Benton,17524,6038,4097,7314,75
2016,12/01/2016,Black Hawk,83973,22121,30829,30418,605
2016,12/01/2016,Boone,18399,5923,5392,6985,99
2016,12/01/2016,Bremer,17069,5443,4044,7509,73
2016,12/01/2016,Buchanan,13587,3353,3662,6536,36
2016,12/01/2016,Buena Vista,12002,4224,3067,4663,48
2016,12/01/2016,Butler,9833,4608,1729,3469,27
2016,12/01/2016,Calhoun,6553,2590,1310,2634,19
2016,12/01/2016,Carroll,14274,4279,3783,6147,65
2016,12/01/2016,Cass,9407,4865,1518,2994,30
2016,12/01/2016,Cedar,12125,3989,3186,4883,67
2016,12/01/2016,Cerro Gordo,30239,8470,9055,12632,82
2016,12/01/2016,Cherokee,8191,3784,1604,2779,24
2016,12/01/2016,Chickasaw,8533,2494,2594,3418,27
2016,12/01/2016,Clarke,5794,1909,1574,2287,24
2016,12/01/2016,Clay,11458,5838,1985,3597,38
2016,12/01/2016,Clayton,11593,3552,3467,4539,35
2016,12/01/2016,Clinton,31945,7898,10245,13688,114
2016,12/01/2016,Crawford,9591,3367,2544,3656,24
2016,12/01/2016,Dallas,54625,20336,13127,20856,306
2016,12/01/2016,Davis,4944,1766,1725,1441,12
2016,12/01/2016,Decatur,4905,1871,1484,1524,26
2016,12/01/2016,Delaware,11683,4513,2399,4740,31
2016,12/01/2016,Des Moines,26720,6771,10775,9034,140
2016,12/01/2016,Dickinson,12974,5615,2486,4825,48
2016,12/01/2016,Dubuque,65787,16718,26504,22227,338
2016,12/01/2016,Emmet,6553,1861,1823,2850,19
2016,12/01/2016,Fayette,12261,4228,3559,4422,52
2016,12/01/2016,Floyd,10691,2801,3055,4804,31
2016,12/01/2016,Franklin,6635,3207,1220,2192,16
2016,12/01/2016,Fremont,4909,2295,1040,1557,17
2016,12/01/2016,Greene,6341,2444,1622,2248,27
2016,12/01/2016,Grundy,8639,4150,1420,3045,24
2016,12/01/2016,Guthrie,7632,2875,1696,3025,36
2016,12/01/2016,Hamilton,10052,4091,2410,3511,40
2016,12/01/2016,Hancock,7713,3343,1497,2853,20
2016,12/01/2016,Hardin,11247,4744,2563,3889,51
2016,12/01/2016,Harrison,8818,3899,2141,2726,52
2016,12/01/2016,Henry,13143,5219,2825,5050,49
2016,12/01/2016,Howard,6013,1485,1767,2746,15
2016,12/01/2016,Humboldt,6435,2722,1216,2482,15
2016,12/01/2016,Ida,4852,2308,814,1713,17
2016,12/01/2016,Iowa,11753,4007,2706,4994,46
2016,12/01/2016,Jackson,14150,3247,5120,5751,32
2016,12/01/2016,Jasper,24915,7509,8585,8744,77
2016,12/01/2016,Jefferson,10747,3433,4041,3176,97
2016,12/01/2016,Johnson,96600,20003,44999,30713,885
2016,12/01/2016,Jones,13216,3835,3253,6099,29
2016,12/01/2016,Keokuk,6686,2426,1941,2302,17
2016,12/01/2016,Kossuth,11109,3606,3088,4386,29
2016,12/01/2016,Lee,21893,4457,9339,7997,100
2016,12/01/2016,Linn,138459,38244,49844,49225,1146
2016,12/01/2016,Louisa,6889,2533,1689,2646,21
2016,12/01/2016,Lucas,5709,2344,1303,2049,13
2016,12/01/2016,Lyon,8129,5519,880,1717,13
2016,12/01/2016,Madison,10842,4354,2718,3725,45
2016,12/01/2016,Mahaska,14252,7011,2671,4499,71
2016,12/01/2016,Marion,23027,9719,5427,7791,90
2016,12/01/2016,Marshall,24259,7718,7382,9077,82
2016,12/01/2016,Mills,10420,5178,2053,3121,68
2016,12/01/2016,Mitchell,7101,2574,1694,2821,12
2016,12/01/2016,Monona,6176,2109,1772,2275,20
2016,12/01/2016,Monroe,4931,1760,1552,1608,11
2016,12/01/2016,Montgomery,6992,3694,1059,2220,19
2016,12/01/2016,Muscatine,27022,8317,8166,10421,118
2016,12/01/2016,O'Brien,9588,5850,1225,2479,34
2016,12/01/2016,Osceola,4214,2569,491,1146,8
2016,12/01/2016,Page,9732,5265,1523,2907,37
2016,12/01/2016,Palo Alto,6198,1833,2058,2289,18
2016,12/01/2016,Plymouth,17207,8480,3095,5557,75
2016,12/01/2016,Pocahontas,5037,2089,978,1953,17
2016,12/01/2016,Polk,291128,87865,114061,86724,2478
2016,12/01/2016,Pottawattamie,57725,21540,15795,19925,465
2016,12/01/2016,Poweshiek,13007,3798,4263,4891,55
2016,12/01/2016,Ringgold,3225,1570,842,808,5
2016,12/01/2016,Sac,7046,3190,1284,2555,17
2016,12/01/2016,Scott,116976,32992,37394,45797,793
2016,12/01/2016,Shelby,8179,3674,1800,2681,24
2016,12/01/2016,Sioux,21439,15637,1764,3966,72
2016,12/01/2016,Story,64330,18968,20247,24397,718
2016,12/01/2016,Tama,11424,3455,3198,4741,30
2016,12/01/2016,Taylor,3961,1944,704,1294,19
2016,12/01/2016,Totals,2036061,671712,634744,717794,11811
2016,12/01/2016,Union,7938,2818,1735,3358,27
2016,12/01/2016,Van Buren,4823,2147,1013,1641,22
2016,12/01/2016,Wapello,21304,5563,8549,7094,98
2016,12/01/2016,Warren,33783,11974,9847,11797,165
2016,12/01/2016,Washington,14576,6299,3075,5106,96
2016,12/01/2016,Wayne,3720,1485,949,1275,11
2016,12/01/2016,Webster,24313,7042,8142,9015,114
2016,12/01/2016,Winnebago,7508,2913,1552,3019,24
2016,12/01/2016,Winneshiek,14418,4587,4218,5560,53
2016,12/01/2016,Woodbury,58315,20736,18347,18951,281
2016,12/01/2016,Worth,5477,2005,1398,2068,6
2016,12/01/2016,Wright,8116,3486,1890,2713,27
2017,01/03/2017,Adair,5089,1964,1022,2087,16
2017,01/03/2017,Adams,2781,992,594,1188,7
2017,01/03/2017,Allamakee,9681,4309,2164,3182,26
2017,01/03/2017,Appanoose,8540,3009,2402,3106,23
2017,01/03/2017,Audubon,4304,2057,972,1260,15
2017,01/03/2017,Benton,17529,6031,4093,7328,77
2017,01/03/2017,Black Hawk,85488,22477,31067,31327,617
2017,01/03/2017,Boone,18526,5947,5386,7093,100
2017,01/03/2017,Bremer,17006,5421,4023,7490,72
2017,01/03/2017,Buchanan,13549,3348,3647,6518,36
2017,01/03/2017,Buena Vista,11996,4219,3077,4653,47
2017,01/03/2017,Butler,9951,4641,1739,3541,30
2017,01/03/2017,Calhoun,6548,2583,1309,2637,19
2017,01/03/2017,Carroll,14242,4264,3774,6139,65
2017,01/03/2017,Cass,9414,4866,1516,3001,31
2017,01/03/2017,Cedar,12073,3982,3162,4865,64
2017,01/03/2017,Cerro Gordo,30363,8497,9058,12726,82
2017,01/03/2017,Cherokee,8177,3772,1599,2781,25
2017,01/03/2017,Chickasaw,8573,2503,2577,3465,28
2017,01/03/2017,Clarke,5787,1903,1569,2291,24
2017,01/03/2017,Clay,11455,5840,1983,3596,36
2017,01/03/2017,Clayton,11742,3590,3480,4636,36
2017,01/03/2017,Clinton,31913,7877,10208,13712,116
2017,01/03/2017,Crawford,9585,3362,2539,3660,24
2017,01/03/2017,Dallas,54568,20301,13075,20883,309
2017,01/03/2017,Davis,4957,1773,1720,1452,12
2017,01/03/2017,Decatur,4877,1858,1478,1514,27
2017,01/03/2017,Delaware,11647,4501,2380,4734,32
2017,01/03/2017,Des Moines,26666,6753,10750,9024,139
2017,01/03/2017,Dickinson,12954,5616,2476,4814,48
2017,01/03/2017,Dubuque,65682,16700,26413,22216,353
2017,01/03/2017,Emmet,6583,1870,1816,2877,20
2017,01/03/2017,Fayette,12242,4227,3543,4419,53
2017,01/03/2017,Floyd,10668,2800,3041,4796,31
2017,01/03/2017,Franklin,6621,3209,1215,2181,16
2017,01/03/2017,Fremont,4921,2301,1041,1562,17
2017,01/03/2017,Greene,6393,2451,1627,2287,28
2017,01/03/2017,Grundy,8746,4172,1424,3126,24
2017,01/03/2017,Guthrie,7604,2862,1691,3015,36
2017,01/03/2017,Hamilton,10050,4089,2407,3515,39
2017,01/03/2017,Hancock,7721,3350,1493,2858,20
2017,01/03/2017,Hardin,11353,4771,2567,3964,51
2017,01/03/2017,Harrison,8837,3906,2140,2738,53
2017,01/03/2017,Henry,13158,5224,2821,5062,51
2017,01/03/2017,Howard,6024,1486,1769,2754,15
2017,01/03/2017,Humboldt,6432,2721,1215,2481,15
2017,01/03/2017,Ida,4854,2302,812,1723,17
2017,01/03/2017,Iowa,11739,4003,2712,4979,45
2017,01/03/2017,Jackson,14169,3258,5115,5763,33
2017,01/03/2017,Jasper,24903,7511,8569,8746,77
2017,01/03/2017,Jefferson,10731,3430,4037,3167,97
2017,01/03/2017,Johnson,96642,20041,44950,30755,896
2017,01/03/2017,Jones,13223,3842,3240,6111,30
2017,01/03/2017,Keokuk,6680,2427,1930,2306,17
2017,01/03/2017,Kossuth,11086,3595,3074,4387,30
2017,01/03/2017,Lee,22265,4560,9373,8219,113
2017,01/03/2017,Linn,141346,38849,50593,50662,1242
2017,01/03/2017,Louisa,6891,2534,1685,2651,21
2017,01/03/2017,Lucas,5724,2347,1307,2057,13
2017,01/03/2017,Lyon,8159,5540,886,1720,13
2017,01/03/2017,Madison,11028,4410,2737,3835,46
2017,01/03/2017,Mahaska,14241,6996,2667,4507,71
2017,01/03/2017,Marion,23127,9737,5428,7870,92
2017,01/03/2017,Marshall,24272,7722,7361,9106,83
2017,01/03/2017,Mills,10430,5177,2054,3131,68
2017,01/03/2017,Mitchell,7096,2576,1691,2817,12
2017,01/03/2017,Monona,6209,2120,1763,2305,21
2017,01/03/2017,Monroe,4923,1757,1546,1609,11
2017,01/03/2017,Montgomery,6979,3688,1059,2213,19
2017,01/03/2017,Muscatine,27036,8320,8171,10424,121
2017,01/03/2017,O'Brien,9545,5827,1212,2471,35
2017,01/03/2017,Osceola,4221,2569,491,1153,8
2017,01/03/2017,Page,9732,5266,1516,2914,36
2017,01/03/2017,Palo Alto,6188,1828,2049,2293,18
2017,01/03/2017,Plymouth,17241,8496,3107,5563,75
2017,01/03/2017,Pocahontas,5023,2086,975,1945,17
2017,01/03/2017,Polk,292563,88187,114405,87463,2508
2017,01/03/2017,Pottawattamie,58077,21604,15855,20146,472
2017,01/03/2017,Poweshiek,13038,3802,4261,4922,53
2017,01/03/2017,Ringgold,3235,1573,843,814,5
2017,01/03/2017,Sac,7037,3185,1286,2549,17
2017,01/03/2017,Scott,118287,33211,37576,46695,805
2017,01/03/2017,Shelby,8232,3692,1800,2716,24
2017,01/03/2017,Sioux,21482,15645,1766,3999,72
2017,01/03/2017,Story,64442,18975,20233,24505,729
2017,01/03/2017,Tama,11428,3450,3186,4759,33
2017,01/03/2017,Taylor,3956,1939,702,1294,21
2017,01/03/2017,Totals,2045864,673712,635848,724226,12078
2017,01/03/2017,Union,7948,2816,1731,3373,28
2017,01/03/2017,Van Buren,4809,2139,1009,1639,22
2017,01/03/2017,Wapello,21438,5591,8533,7213,101
2017,01/03/2017,Warren,33786,11965,9826,11828,167
2017,01/03/2017,Washington,14564,6294,3065,5106,99
2017,01/03/2017,Wayne,3732,1485,949,1285,13
2017,01/03/2017,Webster,24294,7037,8121,9022,114
2017,01/03/2017,Winnebago,7508,2912,1552,3018,26
2017,01/03/2017,Winneshiek,14382,4569,4207,5554,52
2017,01/03/2017,Woodbury,59310,20940,18483,19588,299
2017,01/03/2017,Worth,5465,2003,1393,2063,6
2017,01/03/2017,Wright,8132,3489,1894,2719,30
2017,02/01/2017,Adair,5034,1957,1004,2057,16
2017,02/01/2017,Adams,2732,984,583,1158,7
2017,02/01/2017,Allamakee,9621,4288,2151,3157,25
2017,02/01/2017,Appanoose,8432,2975,2376,3058,23
2017,02/01/2017,Audubon,4257,2034,957,1251,15
2017,02/01/2017,Benton,17362,5986,4046,7255,75
2017,02/01/2017,Black Hawk,84118,22040,30570,30909,599
2017,02/01/2017,Boone,18271,5868,5312,6994,97
2017,02/01/2017,Bremer,16806,5362,3961,7412,71
2017,02/01/2017,Buchanan,13395,3328,3603,6428,36
2017,02/01/2017,Buena Vista,11819,4163,3015,4592,49
2017,02/01/2017,Butler,9841,4584,1720,3506,31
2017,02/01/2017,Calhoun,6538,2580,1303,2636,19
2017,02/01/2017,Carroll,14134,4239,3732,6099,64
2017,02/01/2017,Cass,9287,4810,1500,2947,30
2017,02/01/2017,Cedar,11927,3942,3123,4801,61
2017,02/01/2017,Cerro Gordo,30104,8422,8964,12635,83
2017,02/01/2017,Cherokee,8084,3737,1575,2747,25
2017,02/01/2017,Chickasaw,8457,2476,2542,3411,28
2017,02/01/2017,Clarke,5705,1872,1551,2258,24
2017,02/01/2017,Clay,11269,5767,1946,3518,38
2017,02/01/2017,Clayton,11706,3580,3450,4636,40
2017,02/01/2017,Clinton,31472,7769,10042,13543,118
2017,02/01/2017,Crawford,9527,3331,2515,3656,25
2017,02/01/2017,Dallas,53363,19833,12772,20450,308
2017,02/01/2017,Davis,4931,1760,1702,1458,11
2017,02/01/2017,Decatur,4814,1832,1458,1498,26
2017,02/01/2017,Delaware,11510,4462,2349,4668,31
2017,02/01/2017,Des Moines,26271,6634,10605,8896,136
2017,02/01/2017,Dickinson,12749,5537,2436,4728,48
2017,02/01/2017,Dubuque,64894,16513,26067,21958,356
2017,02/01/2017,Emmet,6493,1847,1800,2826,20
2017,02/01/2017,Fayette,12151,4196,3512,4390,53
2017,02/01/2017,Floyd,10532,2754,2991,4753,34
2017,02/01/2017,Franklin,6537,3180,1197,2144,16
2017,02/01/2017,Fremont,4865,2282,1028,1538,17
2017,02/01/2017,Greene,6308,2427,1607,2247,27
2017,02/01/2017,Grundy,8625,4104,1402,3091,28
2017,02/01/2017,Guthrie,7601,2862,1691,3012,36
2017,02/01/2017,Hamilton,9926,4039,2379,3469,39
2017,02/01/2017,Hancock,7611,3310,1470,2811,20
2017,02/01/2017,Hardin,11223,4707,2537,3930,49
2017,02/01/2017,Harrison,8718,3855,2111,2701,51
2017,02/01/2017,Henry,12990,5174,2763,5001,52
2017,02/01/2017,Howard,5969,1482,1751,2721,15
2017,02/01/2017,Humboldt,6337,2687,1196,2439,15
2017,02/01/2017,Ida,4795,2277,803,1698,17
2017,02/01/2017,Iowa,11581,3946,2674,4915,46
2017,02/01/2017,Jackson,13993,3204,5041,5715,33
2017,02/01/2017,Jasper,24550,7397,8443,8635,75
2017,02/01/2017,Jefferson,10552,3387,3957,3114,94
2017,02/01/2017,Johnson,93863,19461,43642,29889,871
2017,02/01/2017,Jones,13118,3826,3206,6057,29
2017,02/01/2017,Keokuk,6619,2412,1906,2284,17
2017,02/01/2017,Kossuth,10966,3556,3037,4344,29
2017,02/01/2017,Lee,22012,4519,9261,8121,111
2017,02/01/2017,Linn,140547,38579,50268,50455,1245
2017,02/01/2017,Louisa,6820,2511,1669,2620,20
2017,02/01/2017,Lucas,5642,2314,1288,2027,13
2017,02/01/2017,Lyon,8093,5504,880,1698,11
2017,02/01/2017,Madison,10897,4350,2711,3791,45
2017,02/01/2017,Mahaska,14055,6931,2621,4434,69
2017,02/01/2017,Marion,22842,9661,5328,7764,89
2017,02/01/2017,Marshall,24034,7642,7290,9020,82
2017,02/01/2017,Mills,10236,5081,2019,3068,68
2017,02/01/2017,Mitchell,7027,2556,1675,2784,12
2017,02/01/2017,Monona,6128,2093,1736,2278,21
2017,02/01/2017,Monroe,4870,1746,1526,1587,11
2017,02/01/2017,Montgomery,6912,3656,1047,2190,19
2017,02/01/2017,Muscatine,26735,8214,8096,10305,120
2017,02/01/2017,O'Brien,9418,5764,1183,2437,34
2017,02/01/2017,Osceola,4173,2544,477,1144,8
2017,02/01/2017,Page,9577,5211,1489,2843,34
2017,02/01/2017,Palo Alto,6116,1812,2015,2271,18
2017,02/01/2017,Plymouth,17073,8428,3079,5493,73
2017,02/01/2017,Pocahontas,4958,2069,956,1917,16
2017,02/01/2017,Polk,289130,87063,113001,86574,2492
2017,02/01/2017,Pottawattamie,57355,21311,15667,19914,463
2017,02/01/2017,Poweshiek,12888,3765,4201,4871,51
2017,02/01/2017,Ringgold,3193,1559,833,796,5
2017,02/01/2017,Sac,6959,3160,1269,2515,15
2017,02/01/2017,Scott,116869,32772,37076,46235,786
2017,02/01/2017,Shelby,8125,3643,1771,2687,24
2017,02/01/2017,Sioux,21244,15488,1729,3957,70
2017,02/01/2017,Story,63074,18594,19722,24048,710
2017,02/01/2017,Tama,11320,3422,3141,4723,34
2017,02/01/2017,Taylor,3905,1919,688,1277,21
2017,02/01/2017,Totals,2019250,665242,626687,715387,11934
2017,02/01/2017,Union,7839,2784,1708,3320,27
2017,02/01/2017,Van Buren,4757,2120,988,1628,21
2017,02/01/2017,Wapello,21144,5522,8407,7113,102
2017,02/01/2017,Warren,33358,11795,9712,11685,166
2017,02/01/2017,Washington,14386,6217,3018,5053,98
2017,02/01/2017,Wayne,3697,1474,938,1272,13
2017,02/01/2017,Webster,23993,6954,8018,8907,114
2017,02/01/2017,Winnebago,7412,2881,1527,2979,25
2017,02/01/2017,Winneshiek,14224,4524,4160,5489,51
2017,02/01/2017,Woodbury,58481,20635,18210,19343,293
2017,02/01/2017,Worth,5404,1986,1369,2043,6
2017,02/01/2017,Wright,7975,3432,1846,2667,30
2017,03/01/2017,Adair,5033,1956,1002,2059,3
2017,03/01/2017,Adams,2746,989,584,1166,2
2017,03/01/2017,Allamakee,9604,4268,2146,3163,5
2017,03/01/2017,Appanoose,8417,2975,2363,3055,10
2017,03/01/2017,Audubon,4258,2036,953,1254,5
2017,03/01/2017,Benton,17376,5973,4047,7281,18
2017,03/01/2017,Black Hawk,84086,22022,30517,30946,173
2017,03/01/2017,Boone,18284,5870,5304,7013,23
2017,03/01/2017,Bremer,16805,5346,3960,7427,13
2017,03/01/2017,Buchanan,13400,3323,3588,6452,5
2017,03/01/2017,Buena Vista,11857,4175,3023,4608,17
2017,03/01/2017,Butler,9848,4587,1715,3516,7
2017,03/01/2017,Calhoun,6540,2581,1302,2638,5
2017,03/01/2017,Carroll,14149,4249,3719,6117,16
2017,03/01/2017,Cass,9292,4806,1501,2955,9
2017,03/01/2017,Cedar,11971,3943,3126,4840,15
2017,03/01/2017,Cerro Gordo,30154,8424,8959,12688,21
2017,03/01/2017,Cherokee,8082,3732,1574,2751,6
2017,03/01/2017,Chickasaw,8470,2480,2524,3438,9
2017,03/01/2017,Clarke,5712,1873,1549,2266,5
2017,03/01/2017,Clay,11278,5773,1945,3521,5
2017,03/01/2017,Clayton,11711,3577,3439,4654,6
2017,03/01/2017,Clinton,31500,7765,10025,13587,48
2017,03/01/2017,Crawford,9554,3339,2515,3675,6
2017,03/01/2017,Dallas,53524,19847,12773,20591,47
2017,03/01/2017,Davis,4938,1759,1698,1470,4
2017,03/01/2017,Decatur,4807,1830,1456,1495,5
2017,03/01/2017,Delaware,11533,4457,2344,4701,8
2017,03/01/2017,Des Moines,26307,6644,10595,8929,41
2017,03/01/2017,Dickinson,12750,5536,2432,4732,10
2017,03/01/2017,Dubuque,64939,16524,26022,22039,90
2017,03/01/2017,Emmet,6497,1847,1797,2834,3
2017,03/01/2017,Fayette,12152,4200,3506,4393,14
2017,03/01/2017,Floyd,10546,2752,2992,4769,9
2017,03/01/2017,Franklin,6533,3178,1194,2145,2
2017,03/01/2017,Fremont,4889,2285,1029,1556,7
2017,03/01/2017,Greene,6304,2423,1604,2249,4
2017,03/01/2017,Grundy,8623,4101,1399,3095,7
2017,03/01/2017,Guthrie,7518,2826,1670,2988,2
2017,03/01/2017,Hamilton,9938,4038,2378,3483,9
2017,03/01/2017,Hancock,7615,3317,1466,2812,7
2017,03/01/2017,Hardin,11222,4701,2536,3936,10
2017,03/01/2017,Harrison,8705,3845,2112,2698,14
2017,03/01/2017,Henry,12988,5147,2755,5034,10
2017,03/01/2017,Howard,5971,1484,1744,2728,1
2017,03/01/2017,Humboldt,6341,2686,1196,2444,1
2017,03/01/2017,Ida,4796,2270,804,1705,3
2017,03/01/2017,Iowa,11594,3956,2671,4921,5
2017,03/01/2017,Jackson,14008,3205,5033,5737,8
2017,03/01/2017,Jasper,24564,7403,8420,8663,16
2017,03/01/2017,Jefferson,10551,3389,3953,3115,48
2017,03/01/2017,Johnson,93902,19453,43596,29977,231
2017,03/01/2017,Jones,13128,3822,3198,6079,7
2017,03/01/2017,Keokuk,6627,2414,1903,2293,4
2017,03/01/2017,Kossuth,10964,3546,3038,4350,8
2017,03/01/2017,Lee,21947,4514,9207,8116,25
2017,03/01/2017,Linn,141067,38727,50384,50703,312
2017,03/01/2017,Louisa,6838,2505,1670,2643,5
2017,03/01/2017,Lucas,5646,2315,1286,2031,2
2017,03/01/2017,Lyon,8099,5503,880,1705,2
2017,03/01/2017,Madison,10908,4358,2709,3796,10
2017,03/01/2017,Mahaska,14059,6933,2610,4447,14
2017,03/01/2017,Marion,22842,9663,5309,7782,20
2017,03/01/2017,Marshall,24032,7622,7286,9041,21
2017,03/01/2017,Mills,10247,5087,2015,3077,18
2017,03/01/2017,Mitchell,7022,2555,1671,2784,5
2017,03/01/2017,Monona,6110,2089,1729,2272,6
2017,03/01/2017,Monroe,4862,1747,1520,1584,0
2017,03/01/2017,Montgomery,6907,3646,1037,2204,6
2017,03/01/2017,Muscatine,26768,8212,8091,10342,43
2017,03/01/2017,O'Brien,9423,5765,1184,2440,8
2017,03/01/2017,Osceola,4178,2539,478,1153,5
2017,03/01/2017,Page,9555,5190,1485,2846,11
2017,03/01/2017,Palo Alto,6113,1807,2008,2280,3
2017,03/01/2017,Plymouth,17070,8431,3072,5493,24
2017,03/01/2017,Pocahontas,4969,2072,958,1921,4
2017,03/01/2017,Polk,289193,87016,112837,86824,549
2017,03/01/2017,Pottawattamie,57407,21320,15641,19978,113
2017,03/01/2017,Poweshiek,12903,3756,4196,4899,13
2017,03/01/2017,Ringgold,3185,1556,829,795,0
2017,03/01/2017,Sac,6960,3159,1267,2519,5
2017,03/01/2017,Scott,116982,32748,37012,46426,180
2017,03/01/2017,Shelby,8108,3636,1762,2687,4
2017,03/01/2017,Sioux,21273,15493,1727,3983,20
2017,03/01/2017,Story,63102,18598,19715,24081,158
2017,03/01/2017,Tama,11319,3415,3133,4737,7
2017,03/01/2017,Taylor,3900,1911,687,1280,0
2017,03/01/2017,Totals,2020786,665165,625937,717654,2930
2017,03/01/2017,Union,7846,2780,1707,3333,4
2017,03/01/2017,Van Buren,4745,2114,984,1626,10
2017,03/01/2017,Wapello,21131,5517,8386,7125,40
2017,03/01/2017,Warren,33522,11835,9743,11774,23
2017,03/01/2017,Washington,14385,6209,3015,5063,28
2017,03/01/2017,Wayne,3689,1472,937,1267,2
2017,03/01/2017,Webster,24013,6965,8008,8924,37
2017,03/01/2017,Winnebago,7419,2869,1525,3000,6
2017,03/01/2017,Winneshiek,14228,4523,4158,5494,23
2017,03/01/2017,Woodbury,58534,20633,18170,19434,88
2017,03/01/2017,Worth,5397,1981,1368,2042,1
2017,03/01/2017,Wright,7982,3432,1847,2672,8
2017,04/03/2017,Adair,5032,1947,998,2070,3
2017,04/03/2017,Adams,2741,985,581,1168,2
2017,04/03/2017,Allamakee,9600,4269,2147,3158,5
2017,04/03/2017,Appanoose,8421,2971,2360,3065,10
2017,04/03/2017,Audubon,4247,2031,951,1250,5
2017,04/03/2017,Benton,17390,5968,4034,7311,18
2017,04/03/2017,Black Hawk,84011,21974,30450,30986,173
2017,04/03/2017,Boone,18305,5872,5292,7041,25
2017,04/03/2017,Bremer,16796,5333,3950,7442,13
2017,04/03/2017,Buchanan,13404,3320,3579,6468,5
2017,04/03/2017,Buena Vista,11880,4174,3027,4628,17
2017,04/03/2017,Butler,9837,4566,1713,3528,7
2017,04/03/2017,Calhoun,6555,2580,1302,2653,5
2017,04/03/2017,Carroll,14150,4266,3710,6110,16
2017,04/03/2017,Cass,9282,4797,1502,2953,9
2017,04/03/2017,Cedar,11961,3938,3121,4840,15
2017,04/03/2017,Cerro Gordo,30031,8372,8897,12678,21
2017,04/03/2017,Cherokee,8074,3726,1569,2754,6
2017,04/03/2017,Chickasaw,8451,2479,2508,3438,9
2017,04/03/2017,Clarke,5711,1867,1545,2274,5
2017,04/03/2017,Clay,11281,5761,1940,3541,5
2017,04/03/2017,Clayton,11710,3576,3425,4668,6
2017,04/03/2017,Clinton,31493,7758,9998,13617,46
2017,04/03/2017,Crawford,9519,3322,2494,3679,6
2017,04/03/2017,Dallas,53702,19862,12787,20733,50
2017,04/03/2017,Davis,4938,1760,1696,1471,4
2017,04/03/2017,Decatur,4811,1828,1454,1503,5
2017,04/03/2017,Delaware,11531,4451,2339,4709,8
2017,04/03/2017,Des Moines,26358,6654,10593,8969,41
2017,04/03/2017,Dickinson,12756,5545,2430,4731,10
2017,04/03/2017,Dubuque,64970,16521,25972,22117,91
2017,04/03/2017,Emmet,6486,1846,1795,2826,3
2017,04/03/2017,Fayette,12139,4188,3494,4403,14
2017,04/03/2017,Floyd,10544,2752,2985,4774,10
2017,04/03/2017,Franklin,6530,3171,1192,2151,2
2017,04/03/2017,Fremont,4895,2291,1031,1554,7
2017,04/03/2017,Greene,6309,2421,1608,2252,4
2017,04/03/2017,Grundy,8645,4111,1392,3114,7
2017,04/03/2017,Guthrie,7515,2825,1670,2986,2
2017,04/03/2017,Hamilton,9940,4036,2367,3498,9
2017,04/03/2017,Hancock,7615,3321,1464,2811,7
2017,04/03/2017,Hardin,11228,4708,2530,3941,10
2017,04/03/2017,Harrison,8704,3843,2112,2699,14
2017,04/03/2017,Henry,12994,5145,2755,5042,10
2017,04/03/2017,Howard,5965,1485,1742,2723,1
2017,04/03/2017,Humboldt,6343,2684,1197,2447,1
2017,04/03/2017,Ida,4786,2258,800,1711,3
2017,04/03/2017,Iowa,11595,3955,2666,4928,5
2017,04/03/2017,Jackson,14012,3202,5020,5757,8
2017,04/03/2017,Jasper,24564,7393,8396,8697,16
2017,04/03/2017,Jefferson,10519,3380,3933,3112,48
2017,04/03/2017,Johnson,93858,19419,43541,30024,229
2017,04/03/2017,Jones,13141,3823,3198,6091,7
2017,04/03/2017,Keokuk,6637,2416,1905,2299,4
2017,04/03/2017,Kossuth,10965,3539,3035,4361,8
2017,04/03/2017,Lee,21948,4511,9174,8152,25
2017,04/03/2017,Linn,141207,38718,50360,50865,316
2017,04/03/2017,Louisa,6839,2501,1665,2653,5
2017,04/03/2017,Lucas,5647,2311,1284,2037,2
2017,04/03/2017,Lyon,8104,5510,873,1708,2
2017,04/03/2017,Madison,10920,4359,2698,3819,10
2017,04/03/2017,Mahaska,14056,6929,2601,4457,13
2017,04/03/2017,Marion,22852,9655,5297,7813,19
2017,04/03/2017,Marshall,24039,7608,7278,9065,24
2017,04/03/2017,Mills,10278,5098,2012,3100,17
2017,04/03/2017,Mitchell,7013,2550,1661,2790,5
2017,04/03/2017,Monona,6099,2082,1722,2274,6
2017,04/03/2017,Monroe,4853,1743,1514,1585,0
2017,04/03/2017,Montgomery,6914,3640,1034,2220,6
2017,04/03/2017,Muscatine,26814,8213,8086,10391,42
2017,04/03/2017,O'Brien,9428,5760,1186,2448,8
2017,04/03/2017,Osceola,4174,2535,476,1155,5
2017,04/03/2017,Page,9578,5199,1490,2853,11
2017,04/03/2017,Palo Alto,6119,1809,2001,2290,3
2017,04/03/2017,Plymouth,17082,8436,3074,5496,25
2017,04/03/2017,Pocahontas,4964,2062,952,1932,4
2017,04/03/2017,Polk,289415,87002,112731,87141,554
2017,04/03/2017,Pottawattamie,57476,21335,15631,20034,116
2017,04/03/2017,Poweshiek,12879,3750,4174,4901,13
2017,04/03/2017,Ringgold,3185,1553,828,799,0
2017,04/03/2017,Sac,6962,3159,1266,2521,5
2017,04/03/2017,Scott,117100,32709,36961,46631,181
2017,04/03/2017,Shelby,8102,3626,1755,2697,4
2017,04/03/2017,Sioux,21280,15499,1723,3988,20
2017,04/03/2017,Story,63015,18560,19692,24050,159
2017,04/03/2017,Tama,11330,3412,3123,4761,7
2017,04/03/2017,Taylor,3900,1910,687,1281,0
2017,04/03/2017,Totals,2021196,664648,624910,719518,2946
2017,04/03/2017,Union,7837,2769,1701,3340,5
2017,04/03/2017,Van Buren,4745,2113,980,1631,10
2017,04/03/2017,Wapello,21125,5514,8373,7135,40
2017,04/03/2017,Warren,33465,11804,9711,11777,23
2017,04/03/2017,Washington,14393,6209,3014,5072,28
2017,04/03/2017,Wayne,3680,1471,933,1263,2
2017,04/03/2017,Webster,24013,6961,7984,8952,37
2017,04/03/2017,Winnebago,7413,2860,1523,3006,5
2017,04/03/2017,Winneshiek,14179,4506,4138,5482,23
2017,04/03/2017,Woodbury,58531,20604,18149,19481,87
2017,04/03/2017,Worth,5383,1975,1363,2039,1
2017,04/03/2017,Wright,7983,3433,1840,2679,8
2017,05/01/2017,Adair,4973,1936,984,2037,3
2017,05/01/2017,Adams,2711,978,570,1155,2
2017,05/01/2017,Allamakee,9336,4210,2075,3025,5
2017,05/01/2017,Appanoose,8088,2911,2260,2892,10
2017,05/01/2017,Audubon,4185,2018,935,1217,5
2017,05/01/2017,Benton,17163,5932,3967,7186,18
2017,05/01/2017,Black Hawk,82035,21664,29716,30065,170
2017,05/01/2017,Boone,18110,5846,5250,6914,25
2017,05/01/2017,Bremer,16459,5267,3849,7273,12
2017,05/01/2017,Buchanan,13194,3299,3507,6351,5
2017,05/01/2017,Buena Vista,11426,4104,2896,4374,19
2017,05/01/2017,Butler,9721,4534,1693,3464,7
2017,05/01/2017,Calhoun,6532,2566,1293,2653,5
2017,05/01/2017,Carroll,13859,4225,3651,5918,16
2017,05/01/2017,Cass,9082,4729,1466,2858,8
2017,05/01/2017,Cedar,11805,3910,3077,4758,14
2017,05/01/2017,Cerro Gordo,29473,8278,8710,12402,20
2017,05/01/2017,Cherokee,7959,3698,1546,2690,6
2017,05/01/2017,Chickasaw,8236,2436,2459,3316,9
2017,05/01/2017,Clarke,5640,1860,1527,2230,5
2017,05/01/2017,Clay,11055,5703,1874,3440,4
2017,05/01/2017,Clayton,11522,3540,3350,4591,6
2017,05/01/2017,Clinton,31044,7709,9830,13388,46
2017,05/01/2017,Crawford,9431,3288,2471,3648,6
2017,05/01/2017,Dallas,53281,19730,12673,20561,48
2017,05/01/2017,Davis,4852,1746,1667,1428,4
2017,05/01/2017,Decatur,4578,1788,1367,1397,5
2017,05/01/2017,Delaware,11398,4422,2305,4638,7
2017,05/01/2017,Des Moines,25965,6611,10415,8794,41
2017,05/01/2017,Dickinson,12535,5496,2376,4612,10
2017,05/01/2017,Dubuque,63946,16354,25559,21680,87
2017,05/01/2017,Emmet,6326,1814,1746,2747,2
2017,05/01/2017,Fayette,11884,4143,3387,4300,15
2017,05/01/2017,Floyd,10351,2727,2918,4674,10
2017,05/01/2017,Franklin,6407,3129,1170,2092,2
2017,05/01/2017,Fremont,4877,2282,1025,1551,7
2017,05/01/2017,Greene,6194,2396,1588,2181,5
2017,05/01/2017,Grundy,8516,4062,1368,3060,7
2017,05/01/2017,Guthrie,7495,2821,1666,2974,2
2017,05/01/2017,Hamilton,9787,4010,2317,3420,9
2017,05/01/2017,Hancock,7501,3292,1442,2749,7
2017,05/01/2017,Hardin,11091,4672,2490,3879,10
2017,05/01/2017,Harrison,8582,3807,2085,2641,14
2017,05/01/2017,Henry,12583,5063,2642,4824,10
2017,05/01/2017,Howard,5833,1470,1698,2650,1
2017,05/01/2017,Humboldt,6268,2659,1187,2408,1
2017,05/01/2017,Ida,4725,2244,787,1677,3
2017,05/01/2017,Iowa,11388,3904,2615,4824,5
2017,05/01/2017,Jackson,13733,3169,4920,5611,8
2017,05/01/2017,Jasper,24292,7356,8286,8573,16
2017,05/01/2017,Jefferson,10344,3357,3873,3023,46
2017,05/01/2017,Johnson,92320,19143,43015,29302,223
2017,05/01/2017,Jones,12960,3791,3144,5997,7
2017,05/01/2017,Keokuk,6527,2400,1864,2246,4
2017,05/01/2017,Kossuth,10836,3517,3000,4290,8
2017,05/01/2017,Lee,21567,4451,9039,7968,26
2017,05/01/2017,Linn,140681,38607,50119,50688,313
2017,05/01/2017,Louisa,6722,2485,1627,2590,5
2017,05/01/2017,Lucas,5532,2277,1258,1982,2
2017,05/01/2017,Lyon,7975,5460,849,1653,2
2017,05/01/2017,Madison,10712,4315,2637,3714,10
2017,05/01/2017,Mahaska,13745,6882,2493,4303,13
2017,05/01/2017,Marion,22446,9534,5190,7635,19
2017,05/01/2017,Marshall,23442,7486,7069,8799,24
2017,05/01/2017,Mills,10099,5045,1972,3012,18
2017,05/01/2017,Mitchell,6914,2534,1629,2739,5
2017,05/01/2017,Monona,5984,2056,1691,2217,6
2017,05/01/2017,Monroe,4790,1725,1497,1558,0
2017,05/01/2017,Montgomery,6824,3618,1018,2167,7
2017,05/01/2017,Muscatine,26297,8109,7896,10170,42
2017,05/01/2017,O'Brien,9315,5731,1162,2389,8
2017,05/01/2017,Osceola,4107,2512,461,1127,4
2017,05/01/2017,Page,9511,5172,1476,2827,11
2017,05/01/2017,Palo Alto,6056,1796,1977,2263,3
2017,05/01/2017,Plymouth,16818,8352,3015,5374,25
2017,05/01/2017,Pocahontas,4879,2047,928,1886,4
2017,05/01/2017,Polk,285126,86209,110779,85609,543
2017,05/01/2017,Pottawattamie,56702,21189,15366,19672,113
2017,05/01/2017,Poweshiek,12604,3703,4064,4786,10
2017,05/01/2017,Ringgold,3146,1540,820,780,0
2017,05/01/2017,Sac,6840,3132,1242,2450,5
2017,05/01/2017,Scott,114533,32300,35896,45548,176
2017,05/01/2017,Shelby,8109,3622,1753,2710,3
2017,05/01/2017,Sioux,21167,15435,1707,3956,20
2017,05/01/2017,Story,61684,18267,19311,23398,159
2017,05/01/2017,Tama,11156,3389,3057,4676,7
2017,05/01/2017,Taylor,3816,1883,675,1237,0
2017,05/01/2017,Totals,1987906,658223,613469,704193,2890
2017,05/01/2017,Union,7684,2738,1667,3252,5
2017,05/01/2017,Van Buren,4654,2088,961,1585,9
2017,05/01/2017,Wapello,20498,5427,8138,6834,38
2017,05/01/2017,Warren,32916,11657,9550,11539,22
2017,05/01/2017,Washington,14165,6159,2963,4947,28
2017,05/01/2017,Wayne,3615,1446,915,1242,2
2017,05/01/2017,Webster,23138,6825,7687,8509,37
2017,05/01/2017,Winnebago,7268,2836,1493,2915,5
2017,05/01/2017,Winneshiek,13668,4427,3983,5209,22
2017,05/01/2017,Woodbury,57400,20369,17730,19010,80
2017,05/01/2017,Worth,5317,1958,1342,2011,1
2017,05/01/2017,Wright,7870,3414,1816,2609,8
2017,06/01/2017,Adair,4982,1935,981,2050,3
2017,06/01/2017,Adams,2715,973,570,1164,2
2017,06/01/2017,Allamakee,9212,4183,2036,2967,5
2017,06/01/2017,Appanoose,8094,2908,2258,2903,10
2017,06/01/2017,Audubon,4183,2018,935,1215,5
2017,06/01/2017,Benton,17183,5935,3963,7208,18
2017,06/01/2017,Black Hawk,81891,21611,29604,30087,170
2017,06/01/2017,Boone,18075,5832,5225,6916,25
2017,06/01/2017,Bremer,16437,5265,3838,7264,12
2017,06/01/2017,Buchanan,13191,3298,3504,6352,5
2017,06/01/2017,Buena Vista,11434,4103,2899,4377,21
2017,06/01/2017,Butler,9713,4527,1686,3469,7
2017,06/01/2017,Calhoun,6493,2553,1285,2635,5
2017,06/01/2017,Carroll,13865,4227,3652,5920,16
2017,06/01/2017,Cass,9086,4725,1465,2867,8
2017,06/01/2017,Cedar,11797,3908,3072,4757,14
2017,06/01/2017,Cerro Gordo,29406,8253,8674,12397,20
2017,06/01/2017,Cherokee,7949,3694,1540,2690,6
2017,06/01/2017,Chickasaw,8228,2433,2451,3319,9
2017,06/01/2017,Clarke,5633,1855,1524,2231,5
2017,06/01/2017,Clay,11055,5697,1874,3445,5
2017,06/01/2017,Clayton,11503,3536,3342,4583,6
2017,06/01/2017,Clinton,31049,7692,9820,13420,46
2017,06/01/2017,Crawford,9411,3284,2468,3635,6
2017,06/01/2017,Dallas,53604,19777,12690,20814,49
2017,06/01/2017,Davis,4857,1748,1665,1433,4
2017,06/01/2017,Decatur,4574,1787,1364,1396,6
2017,06/01/2017,Delaware,11400,4410,2302,4655,7
2017,06/01/2017,Des Moines,25969,6616,10389,8821,41
2017,06/01/2017,Dickinson,12544,5502,2378,4613,10
2017,06/01/2017,Dubuque,64000,16358,25532,21754,88
2017,06/01/2017,Emmet,6314,1812,1743,2740,2
2017,06/01/2017,Fayette,11861,4137,3373,4298,14
2017,06/01/2017,Floyd,10364,2727,2917,4688,9
2017,06/01/2017,Franklin,6399,3123,1168,2092,2
2017,06/01/2017,Fremont,4744,2246,998,1481,7
2017,06/01/2017,Greene,6199,2393,1591,2186,5
2017,06/01/2017,Grundy,8514,4057,1368,3063,7
2017,06/01/2017,Guthrie,7349,2788,1634,2893,2
2017,06/01/2017,Hamilton,9783,4005,2310,3428,9
2017,06/01/2017,Hancock,7510,3295,1441,2756,7
2017,06/01/2017,Hardin,11097,4679,2484,3883,10
2017,06/01/2017,Harrison,8574,3800,2083,2642,14
2017,06/01/2017,Henry,12567,5047,2630,4836,10
2017,06/01/2017,Howard,5839,1465,1691,2668,1
2017,06/01/2017,Humboldt,6277,2659,1187,2415,1
2017,06/01/2017,Ida,4733,2241,785,1690,3
2017,06/01/2017,Iowa,11408,3906,2613,4842,5
2017,06/01/2017,Jackson,13728,3167,4895,5631,8
2017,06/01/2017,Jasper,24340,7359,8269,8634,16
2017,06/01/2017,Jefferson,10350,3360,3875,3023,46
2017,06/01/2017,Johnson,92357,19124,42996,29378,223
2017,06/01/2017,Jones,12963,3795,3136,6003,7
2017,06/01/2017,Keokuk,6507,2390,1857,2243,4
2017,06/01/2017,Kossuth,10826,3508,2984,4305,8
2017,06/01/2017,Lee,21586,4451,9028,7995,26
2017,06/01/2017,Linn,140880,38628,50131,50833,314
2017,06/01/2017,Louisa,6736,2486,1627,2603,5
2017,06/01/2017,Lucas,5532,2276,1255,1986,2
2017,06/01/2017,Lyon,7974,5454,850,1657,2
2017,06/01/2017,Madison,10750,4329,2637,3738,10
2017,06/01/2017,Mahaska,13741,6875,2480,4314,14
2017,06/01/2017,Marion,22462,9523,5181,7671,19
2017,06/01/2017,Marshall,23417,7474,7042,8811,24
2017,06/01/2017,Mills,10119,5051,1969,3026,18
2017,06/01/2017,Mitchell,6907,2534,1624,2737,5
2017,06/01/2017,Monona,5988,2063,1690,2215,6
2017,06/01/2017,Monroe,4791,1719,1496,1566,0
2017,06/01/2017,Montgomery,6838,3621,1017,2179,7
2017,06/01/2017,Muscatine,26302,8096,7889,10195,41
2017,06/01/2017,O'Brien,9299,5726,1153,2387,8
2017,06/01/2017,Osceola,4112,2514,462,1129,4
2017,06/01/2017,Page,9363,5114,1458,2756,11
2017,06/01/2017,Palo Alto,6060,1795,1977,2268,3
2017,06/01/2017,Plymouth,16795,8347,3010,5360,25
2017,06/01/2017,Pocahontas,4873,2048,925,1882,4
2017,06/01/2017,Polk,285300,86080,110684,85981,546
2017,06/01/2017,Pottawattamie,56740,21199,15349,19712,113
2017,06/01/2017,Poweshiek,12621,3709,4057,4802,10
2017,06/01/2017,Ringgold,3141,1538,819,778,0
2017,06/01/2017,Sac,6823,3121,1240,2446,5
2017,06/01/2017,Scott,114585,32255,35803,45735,178
2017,06/01/2017,Shelby,8012,3600,1724,2665,3
2017,06/01/2017,Sioux,21196,15447,1706,3973,20
2017,06/01/2017,Story,60699,18038,19025,22942,157
2017,06/01/2017,Tama,11163,3387,3051,4691,7
2017,06/01/2017,Taylor,3816,1883,674,1238,0
2017,06/01/2017,Totals,1986908,657365,612164,705277,2901
2017,06/01/2017,Union,7677,2732,1663,3255,5
2017,06/01/2017,Van Buren,4657,2086,959,1592,9
2017,06/01/2017,Wapello,20476,5427,8114,6837,38
2017,06/01/2017,Warren,32938,11650,9525,11593,23
2017,06/01/2017,Washington,14160,6142,2958,4964,28
2017,06/01/2017,Wayne,3612,1444,914,1242,2
2017,06/01/2017,Webster,23150,6811,7676,8542,40
2017,06/01/2017,Winnebago,7264,2834,1493,2913,5
2017,06/01/2017,Winneshiek,13659,4419,3975,5215,22
2017,06/01/2017,Woodbury,57395,20355,17692,19058,79
2017,06/01/2017,Worth,5323,1960,1337,2020,1
2017,06/01/2017,Wright,7840,3398,1811,2600,8
2017,07/06/2017,Adair,4992,1936,981,2058,3
2017,07/06/2017,Adams,2712,971,569,1164,1
2017,07/06/2017,Allamakee,9223,4185,2038,2973,6
2017,07/06/2017,Appanoose,8100,2911,2250,2915,9
2017,07/06/2017,Audubon,4184,2015,932,1223,5
2017,07/06/2017,Benton,17210,5934,3956,7243,18
2017,07/06/2017,Black Hawk,81781,21553,29511,30134,169
2017,07/06/2017,Boone,18092,5824,5219,6944,25
2017,07/06/2017,Bremer,16412,5252,3821,7270,12
2017,07/06/2017,Buchanan,13191,3290,3500,6365,5
2017,07/06/2017,Buena Vista,11378,4083,2875,4364,21
2017,07/06/2017,Butler,9725,4528,1684,3483,7
2017,07/06/2017,Calhoun,6510,2552,1283,2653,6
2017,07/06/2017,Carroll,13864,4225,3635,5939,15
2017,07/06/2017,Cass,9048,4702,1448,2867,8
2017,07/06/2017,Cedar,11803,3910,3067,4765,14
2017,07/06/2017,Cerro Gordo,29465,8262,8670,12449,21
2017,07/06/2017,Cherokee,7910,3678,1534,2674,5
2017,07/06/2017,Chickasaw,8238,2427,2445,3341,9
2017,07/06/2017,Clarke,5631,1857,1516,2234,5
2017,07/06/2017,Clay,11033,5660,1872,3462,5
2017,07/06/2017,Clayton,11461,3524,3327,4569,6
2017,07/06/2017,Clinton,31094,7677,9775,13524,46
2017,07/06/2017,Crawford,9405,3287,2464,3630,6
2017,07/06/2017,Dallas,53844,19801,12690,21024,51
2017,07/06/2017,Davis,4872,1755,1664,1442,4
2017,07/06/2017,Decatur,4526,1769,1343,1389,5
2017,07/06/2017,Delaware,11358,4386,2294,4645,7
2017,07/06/2017,Des Moines,25935,6613,10353,8824,42
2017,07/06/2017,Dickinson,12496,5479,2352,4612,10
2017,07/06/2017,Dubuque,64026,16354,25475,21839,89
2017,07/06/2017,Emmet,6321,1810,1745,2747,2
2017,07/06/2017,Fayette,11861,4129,3365,4314,14
2017,07/06/2017,Floyd,10374,2721,2913,4708,9
2017,07/06/2017,Franklin,6382,3110,1165,2090,3
2017,07/06/2017,Fremont,4746,2247,999,1481,7
2017,07/06/2017,Greene,6186,2400,1576,2178,5
2017,07/06/2017,Grundy,8511,4052,1365,3068,7
2017,07/06/2017,Guthrie,7335,2785,1633,2884,2
2017,07/06/2017,Hamilton,9777,4001,2302,3435,9
2017,07/06/2017,Hancock,7510,3294,1443,2755,7
2017,07/06/2017,Hardin,11047,4651,2468,3878,10
2017,07/06/2017,Harrison,8629,3801,2088,2691,14
2017,07/06/2017,Henry,12593,5044,2633,4862,9
2017,07/06/2017,Howard,5839,1461,1690,2674,1
2017,07/06/2017,Humboldt,6275,2656,1182,2422,1
2017,07/06/2017,Ida,4737,2239,784,1697,3
2017,07/06/2017,Iowa,11376,3897,2591,4842,5
2017,07/06/2017,Jackson,13773,3166,4878,5695,8
2017,07/06/2017,Jasper,24333,7336,8232,8684,17
2017,07/06/2017,Jefferson,10382,3367,3885,3034,47
2017,07/06/2017,Johnson,92523,19114,42992,29556,222
2017,07/06/2017,Jones,12944,3783,3120,6012,7
2017,07/06/2017,Keokuk,6498,2389,1846,2245,4
2017,07/06/2017,Kossuth,10837,3511,2975,4322,8
2017,07/06/2017,Lee,21650,4456,9017,8069,24
2017,07/06/2017,Linn,140600,38525,49925,50856,314
2017,07/06/2017,Louisa,6708,2477,1614,2598,5
2017,07/06/2017,Lucas,5541,2277,1251,1998,2
2017,07/06/2017,Lyon,7850,5382,830,1625,2
2017,07/06/2017,Madison,10744,4330,2628,3740,9
2017,07/06/2017,Mahaska,13648,6834,2443,4299,14
2017,07/06/2017,Marion,22492,9523,5169,7713,19
2017,07/06/2017,Marshall,23365,7446,7002,8828,23
2017,07/06/2017,Mills,10041,5009,1951,3006,18
2017,07/06/2017,Mitchell,6901,2530,1622,2737,5
2017,07/06/2017,Monona,5996,2065,1691,2218,7
2017,07/06/2017,Monroe,4789,1719,1492,1568,0
2017,07/06/2017,Montgomery,6867,3618,1018,2210,7
2017,07/06/2017,Muscatine,26338,8092,7876,10247,42
2017,07/06/2017,O'Brien,9313,5733,1154,2392,9
2017,07/06/2017,Osceola,4103,2514,456,1126,4
2017,07/06/2017,Page,9373,5113,1458,2766,11
2017,07/06/2017,Palo Alto,6044,1788,1967,2269,4
2017,07/06/2017,Plymouth,16717,8303,2993,5345,24
2017,07/06/2017,Pocahontas,4877,2048,923,1888,4
2017,07/06/2017,Polk,285159,85841,110315,86440,544
2017,07/06/2017,Pottawattamie,56889,21213,15370,19809,116
2017,07/06/2017,Poweshiek,12668,3720,4058,4835,11
2017,07/06/2017,Ringgold,3137,1534,821,776,0
2017,07/06/2017,Sac,6799,3116,1231,2435,5
2017,07/06/2017,Scott,114899,32250,35789,46055,183
2017,07/06/2017,Shelby,8021,3603,1727,2668,3
2017,07/06/2017,Sioux,21173,15427,1689,3992,18
2017,07/06/2017,Story,60710,18020,19001,22984,160
2017,07/06/2017,Tama,11169,3389,3038,4708,7
2017,07/06/2017,Taylor,3809,1878,672,1239,0
2017,07/06/2017,Totals,1986424,656174,610471,707608,2913
2017,07/06/2017,Union,7679,2725,1661,3266,5
2017,07/06/2017,Van Buren,4645,2076,951,1597,9
2017,07/06/2017,Wapello,20445,5423,8086,6837,38
2017,07/06/2017,Warren,32978,11645,9508,11655,24
2017,07/06/2017,Washington,14099,6107,2929,4968,28
2017,07/06/2017,Wayne,3604,1442,913,1237,2
2017,07/06/2017,Webster,23117,6820,7641,8535,41
2017,07/06/2017,Winnebago,7231,2814,1485,2906,7
2017,07/06/2017,Winneshiek,13648,4414,3969,5215,22
2017,07/06/2017,Woodbury,57126,20217,17586,19036,78
2017,07/06/2017,Worth,5325,1959,1332,2028,1
2017,07/06/2017,Wright,7829,3395,1806,2597,8
2017,08/01/2017,Adair,4970,1930,977,2046,3
2017,08/01/2017,Adams,2712,971,569,1164,1
2017,08/01/2017,Allamakee,9214,4181,2030,2976,6
2017,08/01/2017,Appanoose,8067,2906,2227,2910,9
2017,08/01/2017,Audubon,4158,2000,926,1216,5
2017,08/01/2017,Benton,17156,5909,3933,7237,18
2017,08/01/2017,Black Hawk,81534,21454,29409,30095,167
2017,08/01/2017,Boone,18038,5808,5194,6931,25
2017,08/01/2017,Bremer,16432,5245,3814,7304,12
2017,08/01/2017,Buchanan,13175,3278,3491,6370,5
2017,08/01/2017,Buena Vista,11411,4089,2883,4384,21
2017,08/01/2017,Butler,9696,4516,1677,3473,7
2017,08/01/2017,Calhoun,6507,2550,1280,2655,6
2017,08/01/2017,Carroll,13850,4227,3625,5932,15
2017,08/01/2017,Cass,9070,4709,1447,2882,8
2017,08/01/2017,Cedar,11749,3895,3049,4743,14
2017,08/01/2017,Cerro Gordo,29501,8251,8651,12515,21
2017,08/01/2017,Cherokee,7919,3675,1532,2688,5
2017,08/01/2017,Chickasaw,8212,2418,2437,3333,8
2017,08/01/2017,Clarke,5633,1856,1515,2238,5
2017,08/01/2017,Clay,11002,5641,1872,3449,5
2017,08/01/2017,Clayton,11462,3526,3319,4576,6
2017,08/01/2017,Clinton,30960,7642,9707,13493,45
2017,08/01/2017,Crawford,9427,3292,2466,3644,7
2017,08/01/2017,Dallas,53833,19780,12635,21084,53
2017,08/01/2017,Davis,4875,1757,1660,1447,4
2017,08/01/2017,Decatur,4520,1767,1340,1388,5
2017,08/01/2017,Delaware,11387,4387,2288,4679,7
2017,08/01/2017,Des Moines,25864,6597,10307,8816,41
2017,08/01/2017,Dickinson,12529,5499,2351,4624,10
2017,08/01/2017,Dubuque,63882,16302,25370,21853,90
2017,08/01/2017,Emmet,6313,1818,1737,2739,2
2017,08/01/2017,Fayette,11857,4128,3359,4317,14
2017,08/01/2017,Floyd,10344,2706,2904,4702,9
2017,08/01/2017,Franklin,6391,3113,1166,2094,3
2017,08/01/2017,Fremont,4690,2227,988,1456,7
2017,08/01/2017,Greene,6196,2405,1577,2182,5
2017,08/01/2017,Grundy,8461,4027,1354,3056,5
2017,08/01/2017,Guthrie,7324,2782,1633,2876,2
2017,08/01/2017,Hamilton,9751,3992,2291,3429,9
2017,08/01/2017,Hancock,7504,3292,1438,2756,7
2017,08/01/2017,Hardin,11060,4657,2464,3888,10
2017,08/01/2017,Harrison,8590,3786,2074,2681,14
2017,08/01/2017,Henry,12623,5058,2634,4877,9
2017,08/01/2017,Howard,5834,1453,1686,2681,1
2017,08/01/2017,Humboldt,6268,2651,1180,2422,1
2017,08/01/2017,Ida,4717,2234,780,1685,3
2017,08/01/2017,Iowa,11397,3914,2588,4848,6
2017,08/01/2017,Jackson,13793,3164,4879,5716,8
2017,08/01/2017,Jasper,24364,7342,8215,8724,18
2017,08/01/2017,Jefferson,10368,3351,3888,3032,47
2017,08/01/2017,Johnson,90717,18745,42113,29021,218
2017,08/01/2017,Jones,12959,3782,3114,6034,7
2017,08/01/2017,Keokuk,6487,2383,1836,2250,4
2017,08/01/2017,Kossuth,10806,3507,2957,4313,8
2017,08/01/2017,Lee,21517,4436,8970,8005,22
2017,08/01/2017,Linn,140831,38549,49931,51043,317
2017,08/01/2017,Louisa,6724,2475,1613,2617,5
2017,08/01/2017,Lucas,5545,2280,1249,2001,2
2017,08/01/2017,Lyon,7910,5414,839,1643,2
2017,08/01/2017,Madison,10799,4339,2624,3788,9
2017,08/01/2017,Mahaska,13663,6844,2442,4305,14
2017,08/01/2017,Marion,22339,9447,5132,7671,19
2017,08/01/2017,Marshall,23304,7423,6983,8810,22
2017,08/01/2017,Mills,10054,5011,1952,3015,18
2017,08/01/2017,Mitchell,6893,2526,1621,2734,5
2017,08/01/2017,Monona,5959,2043,1686,2208,7
2017,08/01/2017,Monroe,4784,1715,1492,1567,0
2017,08/01/2017,Montgomery,6834,3598,1008,2207,7
2017,08/01/2017,Muscatine,26282,8073,7845,10242,42
2017,08/01/2017,O'Brien,9302,5735,1147,2385,9
2017,08/01/2017,Osceola,4107,2513,457,1130,4
2017,08/01/2017,Page,9408,5126,1461,2784,11
2017,08/01/2017,Palo Alto,6025,1788,1957,2260,4
2017,08/01/2017,Plymouth,16741,8307,3003,5353,25
2017,08/01/2017,Pocahontas,4865,2040,923,1884,4
2017,08/01/2017,Polk,284115,85454,109712,86394,542
2017,08/01/2017,Pottawattamie,56807,21189,15314,19804,116
2017,08/01/2017,Poweshiek,12517,3707,3965,4791,11
2017,08/01/2017,Ringgold,3124,1527,815,776,0
2017,08/01/2017,Sac,6811,3116,1238,2440,5
2017,08/01/2017,Scott,114342,32019,35535,45987,185
2017,08/01/2017,Shelby,8008,3599,1719,2667,3
2017,08/01/2017,Sioux,21145,15394,1684,4003,18
2017,08/01/2017,Story,60382,17925,18865,22892,158
2017,08/01/2017,Tama,11149,3384,3020,4711,7
2017,08/01/2017,Taylor,3800,1875,668,1237,0
2017,08/01/2017,Totals,1981205,654382,607400,707260,2907
2017,08/01/2017,Union,7672,2720,1661,3264,5
2017,08/01/2017,Van Buren,4644,2071,952,1601,9
2017,08/01/2017,Wapello,20388,5409,8050,6831,37
2017,08/01/2017,Warren,33028,11643,9501,11716,23
2017,08/01/2017,Washington,14109,6101,2924,4989,27
2017,08/01/2017,Wayne,3591,1438,910,1231,2
2017,08/01/2017,Webster,23113,6806,7628,8555,44
2017,08/01/2017,Winnebago,7238,2810,1480,2922,7
2017,08/01/2017,Winneshiek,13596,4400,3935,5212,21
2017,08/01/2017,Woodbury,57006,20178,17517,19018,79
2017,08/01/2017,Worth,5307,1955,1323,2023,1
2017,08/01/2017,Wright,7868,3405,1813,2620,8
2017,09/01/2017,Adair,4985,1933,977,2058,3
2017,09/01/2017,Adams,2708,969,564,1167,1
2017,09/01/2017,Allamakee,9221,4182,2031,2981,6
2017,09/01/2017,Appanoose,8070,2910,2220,2915,9
2017,09/01/2017,Audubon,4164,2002,925,1221,5
2017,09/01/2017,Benton,17177,5899,3930,7269,18
2017,09/01/2017,Black Hawk,81593,21444,29368,30201,169
2017,09/01/2017,Boone,18106,5821,5182,6997,25
2017,09/01/2017,Bremer,16457,5247,3809,7332,13
2017,09/01/2017,Buchanan,13182,3269,3473,6404,5
2017,09/01/2017,Buena Vista,11431,4095,2893,4384,21
2017,09/01/2017,Butler,9680,4502,1671,3477,7
2017,09/01/2017,Calhoun,6455,2538,1265,2631,6
2017,09/01/2017,Carroll,13882,4233,3634,5949,15
2017,09/01/2017,Cass,9087,4715,1443,2898,8
2017,09/01/2017,Cedar,11756,3885,3047,4761,14
2017,09/01/2017,Cerro Gordo,29498,8238,8632,12544,21
2017,09/01/2017,Cherokee,7920,3669,1528,2699,5
2017,09/01/2017,Chickasaw,8184,2411,2427,3322,8
2017,09/01/2017,Clarke,5631,1859,1509,2240,5
2017,09/01/2017,Clay,11015,5622,1877,3477,4
2017,09/01/2017,Clayton,11469,3527,3306,4595,6
2017,09/01/2017,Clinton,30987,7639,9680,13550,45
2017,09/01/2017,Crawford,9416,3267,2458,3666,7
2017,09/01/2017,Dallas,54132,19834,12669,21289,53
2017,09/01/2017,Davis,4863,1752,1661,1439,4
2017,09/01/2017,Decatur,4520,1764,1338,1393,5
2017,09/01/2017,Delaware,11373,4383,2284,4672,7
2017,09/01/2017,Des Moines,25914,6607,10302,8859,40
2017,09/01/2017,Dickinson,12556,5511,2347,4642,9
2017,09/01/2017,Dubuque,63997,16300,25336,22002,89
2017,09/01/2017,Emmet,6323,1824,1734,2747,2
2017,09/01/2017,Fayette,11821,4114,3344,4310,14
2017,09/01/2017,Floyd,10349,2700,2903,4713,9
2017,09/01/2017,Franklin,6394,3116,1168,2092,3
2017,09/01/2017,Fremont,4703,2229,988,1467,7
2017,09/01/2017,Greene,6192,2405,1576,2179,5
2017,09/01/2017,Grundy,8544,4048,1353,3117,5
2017,09/01/2017,Guthrie,7202,2738,1592,2839,2
2017,09/01/2017,Hamilton,9758,3988,2290,3441,9
2017,09/01/2017,Hancock,7505,3288,1437,2763,7
2017,09/01/2017,Hardin,11081,4659,2461,3910,10
2017,09/01/2017,Harrison,8592,3790,2074,2680,14
2017,09/01/2017,Henry,12502,5018,2593,4836,9
2017,09/01/2017,Howard,5841,1453,1688,2686,1
2017,09/01/2017,Humboldt,6280,2646,1185,2434,2
2017,09/01/2017,Ida,4716,2233,777,1689,3
2017,09/01/2017,Iowa,11416,3919,2575,4874,6
2017,09/01/2017,Jackson,13744,3143,4843,5724,9
2017,09/01/2017,Jasper,24414,7354,8206,8769,19
2017,09/01/2017,Jefferson,10318,3325,3878,3019,46
2017,09/01/2017,Johnson,91219,18778,42219,29377,222
2017,09/01/2017,Jones,12979,3783,3112,6054,7
2017,09/01/2017,Keokuk,6488,2384,1834,2252,4
2017,09/01/2017,Kossuth,10814,3504,2952,4327,9
2017,09/01/2017,Lee,21532,4435,8959,8032,23
2017,09/01/2017,Linn,141339,38610,49944,51444,324
2017,09/01/2017,Louisa,6738,2476,1610,2633,5
2017,09/01/2017,Lucas,5532,2280,1239,1998,2
2017,09/01/2017,Lyon,7943,5436,844,1649,2
2017,09/01/2017,Madison,10772,4329,2610,3784,9
2017,09/01/2017,Mahaska,13668,6836,2439,4320,14
2017,09/01/2017,Marion,22412,9456,5144,7722,19
2017,09/01/2017,Marshall,23328,7420,6965,8852,23
2017,09/01/2017,Mills,10090,5027,1951,3033,18
2017,09/01/2017,Mitchell,6893,2524,1621,2736,5
2017,09/01/2017,Monona,5961,2044,1683,2211,7
2017,09/01/2017,Monroe,4787,1716,1487,1574,0
2017,09/01/2017,Montgomery,6846,3591,1008,2226,7
2017,09/01/2017,Muscatine,26254,8060,7816,10256,43
2017,09/01/2017,O'Brien,9310,5732,1146,2397,9
2017,09/01/2017,Osceola,4112,2512,459,1133,5
2017,09/01/2017,Page,9408,5119,1450,2803,11
2017,09/01/2017,Palo Alto,6020,1783,1954,2264,4
2017,09/01/2017,Plymouth,16769,8323,3003,5366,24
2017,09/01/2017,Pocahontas,4863,2042,922,1881,4
2017,09/01/2017,Polk,283704,85170,109274,86704,539
2017,09/01/2017,Pottawattamie,56229,20963,15153,19616,113
2017,09/01/2017,Poweshiek,12542,3718,3950,4819,12
2017,09/01/2017,Ringgold,3117,1523,813,775,0
2017,09/01/2017,Sac,6825,3120,1233,2454,5
2017,09/01/2017,Scott,114238,31895,35399,46135,187
2017,09/01/2017,Shelby,8033,3606,1721,2682,3
2017,09/01/2017,Sioux,21195,15399,1686,4046,18
2017,09/01/2017,Story,60477,17928,18853,22990,157
2017,09/01/2017,Tama,11164,3379,3013,4738,7
2017,09/01/2017,Taylor,3806,1879,667,1240,0
2017,09/01/2017,Totals,1982061,653582,606133,710085,2920
2017,09/01/2017,Union,7630,2700,1641,3263,5
2017,09/01/2017,Van Buren,4642,2063,948,1611,9
2017,09/01/2017,Wapello,20386,5399,8023,6864,37
2017,09/01/2017,Warren,32889,11570,9451,11700,23
2017,09/01/2017,Washington,14152,6094,2923,5038,28
2017,09/01/2017,Wayne,3592,1438,907,1235,2
2017,09/01/2017,Webster,23148,6807,7619,8595,45
2017,09/01/2017,Winnebago,7256,2812,1482,2935,7
2017,09/01/2017,Winneshiek,13605,4394,3938,5224,21
2017,09/01/2017,Woodbury,57067,20163,17503,19106,79
2017,09/01/2017,Worth,5317,1957,1322,2032,1
2017,09/01/2017,Wright,7846,3388,1792,2636,7
2017,10/02/2017,Adair,4987,1934,971,2063,5
2017,10/02/2017,Adams,2710,964,565,1173,1
2017,10/02/2017,Allamakee,9237,4181,2033,2996,6
2017,10/02/2017,Appanoose,8076,2912,2213,2925,9
2017,10/02/2017,Audubon,4175,2001,928,1230,5
2017,10/02/2017,Benton,17197,5885,3927,7306,17
2017,10/02/2017,Black Hawk,81678,21448,29337,30316,169
2017,10/02/2017,Boone,18170,5834,5175,7057,24
2017,10/02/2017,Bremer,16477,5242,3805,7360,13
2017,10/02/2017,Buchanan,13198,3261,3468,6432,5
2017,10/02/2017,Buena Vista,11442,4096,2896,4393,21
2017,10/02/2017,Butler,9682,4497,1673,3481,7
2017,10/02/2017,Calhoun,6480,2543,1267,2648,6
2017,10/02/2017,Carroll,13893,4239,3635,5953,16
2017,10/02/2017,Cass,9093,4714,1438,2910,8
2017,10/02/2017,Cedar,11809,3890,3047,4809,13
2017,10/02/2017,Cerro Gordo,29521,8223,8615,12602,19
2017,10/02/2017,Cherokee,7931,3669,1529,2709,5
2017,10/02/2017,Chickasaw,8190,2412,2421,3332,9
2017,10/02/2017,Clarke,5640,1861,1508,2248,5
2017,10/02/2017,Clay,11024,5621,1875,3489,4
2017,10/02/2017,Clayton,11480,3533,3298,4608,6
2017,10/02/2017,Clinton,31036,7653,9674,13591,46
2017,10/02/2017,Crawford,9448,3271,2458,3694,7
2017,10/02/2017,Dallas,54412,19879,12680,21504,53
2017,10/02/2017,Davis,4861,1746,1655,1449,4
2017,10/02/2017,Decatur,4523,1766,1335,1396,5
2017,10/02/2017,Delaware,11411,4390,2278,4709,7
2017,10/02/2017,Des Moines,25987,6619,10308,8913,40
2017,10/02/2017,Dickinson,12592,5510,2356,4669,9
2017,10/02/2017,Dubuque,64100,16302,25297,22138,89
2017,10/02/2017,Emmet,6333,1821,1732,2762,2
2017,10/02/2017,Fayette,11821,4106,3345,4317,14
2017,10/02/2017,Floyd,10362,2705,2897,4725,10
2017,10/02/2017,Franklin,6405,3113,1169,2105,3
2017,10/02/2017,Fremont,4722,2235,993,1475,7
2017,10/02/2017,Greene,6196,2406,1575,2183,5
2017,10/02/2017,Grundy,8609,4047,1366,3171,5
2017,10/02/2017,Guthrie,7311,2757,1592,2928,3
2017,10/02/2017,Hamilton,9770,3987,2286,3459,9
2017,10/02/2017,Hancock,7507,3285,1435,2770,7
2017,10/02/2017,Hardin,11080,4660,2456,3914,10
2017,10/02/2017,Harrison,8587,3785,2072,2681,14
2017,10/02/2017,Henry,12505,5013,2586,4850,9
2017,10/02/2017,Howard,5846,1456,1682,2694,1
2017,10/02/2017,Humboldt,6282,2640,1184,2443,2
2017,10/02/2017,Ida,4710,2228,771,1694,3
2017,10/02/2017,Iowa,11440,3925,2572,4895,6
2017,10/02/2017,Jackson,13786,3143,4842,5767,8
2017,10/02/2017,Jasper,24459,7369,8190,8812,19
2017,10/02/2017,Jefferson,10334,3314,3883,3041,46
2017,10/02/2017,Johnson,91514,18757,42188,29716,220
2017,10/02/2017,Jones,12995,3779,3106,6080,7
2017,10/02/2017,Keokuk,6482,2381,1821,2262,4
2017,10/02/2017,Kossuth,10824,3504,2949,4339,9
2017,10/02/2017,Lee,21528,4435,8948,8039,23
2017,10/02/2017,Linn,141583,38615,49936,51685,325
2017,10/02/2017,Louisa,6755,2472,1613,2650,5
2017,10/02/2017,Lucas,5538,2285,1235,2003,2
2017,10/02/2017,Lyon,7949,5435,844,1656,2
2017,10/02/2017,Madison,10766,4322,2599,3796,9
2017,10/02/2017,Mahaska,13692,6837,2441,4340,14
2017,10/02/2017,Marion,22451,9465,5140,7757,18
2017,10/02/2017,Marshall,23360,7408,6956,8903,24
2017,10/02/2017,Mills,10100,5024,1949,3049,18
2017,10/02/2017,Mitchell,6918,2526,1621,2758,5
2017,10/02/2017,Monona,5965,2043,1683,2216,7
2017,10/02/2017,Monroe,4788,1708,1484,1586,0
2017,10/02/2017,Montgomery,6850,3589,1005,2235,7
2017,10/02/2017,Muscatine,26294,8050,7805,10315,43
2017,10/02/2017,O'Brien,9252,5702,1137,2378,9
2017,10/02/2017,Osceola,4108,2508,457,1135,5
2017,10/02/2017,Page,9450,5135,1451,2828,11
2017,10/02/2017,Palo Alto,6045,1784,1949,2293,4
2017,10/02/2017,Plymouth,16795,8332,3004,5379,24
2017,10/02/2017,Pocahontas,4862,2039,918,1886,4
2017,10/02/2017,Polk,283636,85006,109059,87009,536
2017,10/02/2017,Pottawattamie,56399,20999,15160,19736,113
2017,10/02/2017,Poweshiek,12596,3718,3975,4850,12
2017,10/02/2017,Ringgold,3120,1523,810,781,0
2017,10/02/2017,Sac,6821,3118,1231,2454,5
2017,10/02/2017,Scott,114493,31867,35369,46440,191
2017,10/02/2017,Shelby,8030,3612,1707,2687,3
2017,10/02/2017,Sioux,21238,15417,1690,4066,18
2017,10/02/2017,Story,60615,17931,18880,23092,160
2017,10/02/2017,Tama,11184,3373,3009,4768,7
2017,10/02/2017,Taylor,3806,1879,666,1241,0
2017,10/02/2017,Totals,1985157,653459,605606,713754,2926
2017,10/02/2017,Union,7649,2699,1636,3288,5
2017,10/02/2017,Van Buren,4644,2059,948,1617,9
2017,10/02/2017,Wapello,20418,5400,8015,6902,37
2017,10/02/2017,Warren,32950,11572,9453,11753,24
2017,10/02/2017,Washington,14187,6091,2923,5077,27
2017,10/02/2017,Wayne,3593,1436,904,1241,2
2017,10/02/2017,Webster,23172,6812,7604,8626,46
2017,10/02/2017,Winnebago,7309,2821,1485,2976,7
2017,10/02/2017,Winneshiek,13614,4397,3928,5240,21
2017,10/02/2017,Woodbury,57126,20164,17509,19157,79
2017,10/02/2017,Worth,5313,1952,1321,2035,1
2017,10/02/2017,Wright,7855,3387,1792,2645,8
2017,11/01/2017,Adair,4988,1934,964,2071,5
2017,11/01/2017,Adams,2709,961,564,1176,1
2017,11/01/2017,Allamakee,9228,4174,2025,3002,6
2017,11/01/2017,Appanoose,8106,2915,2212,2952,9
2017,11/01/2017,Audubon,4172,1991,928,1237,5
2017,11/01/2017,Benton,17240,5889,3923,7348,17
2017,11/01/2017,Black Hawk,81703,21401,29290,30431,167
2017,11/01/2017,Boone,18215,5843,5171,7095,25
2017,11/01/2017,Bremer,16492,5236,3795,7391,13
2017,11/01/2017,Buchanan,13217,3258,3463,6459,5
2017,11/01/2017,Buena Vista,11454,4094,2897,4406,21
2017,11/01/2017,Butler,9683,4496,1671,3485,7
2017,11/01/2017,Calhoun,6485,2536,1262,2665,6
2017,11/01/2017,Carroll,13914,4255,3632,5960,16
2017,11/01/2017,Cass,9093,4710,1434,2917,8
2017,11/01/2017,Cedar,11799,3881,3041,4814,13
2017,11/01/2017,Cerro Gordo,29566,8228,8611,12646,19
2017,11/01/2017,Cherokee,7939,3665,1521,2729,5
2017,11/01/2017,Chickasaw,8200,2414,2418,3343,9
2017,11/01/2017,Clarke,5634,1859,1503,2249,5
2017,11/01/2017,Clay,11021,5610,1869,3503,4
2017,11/01/2017,Clayton,11493,3543,3290,4619,6
2017,11/01/2017,Clinton,31087,7657,9650,13664,44
2017,11/01/2017,Crawford,9475,3268,2462,3720,7
2017,11/01/2017,Dallas,54588,19887,12671,21678,54
2017,11/01/2017,Davis,4863,1750,1654,1449,3
2017,11/01/2017,Decatur,4518,1760,1332,1399,5
2017,11/01/2017,Delaware,11416,4386,2272,4723,7
2017,11/01/2017,Des Moines,26033,6630,10280,8974,40
2017,11/01/2017,Dickinson,12624,5522,2365,4678,9
2017,11/01/2017,Dubuque,64213,16292,25252,22297,90
2017,11/01/2017,Emmet,6337,1828,1723,2769,2
2017,11/01/2017,Fayette,11803,4099,3336,4316,13
2017,11/01/2017,Floyd,10386,2702,2896,4752,10
2017,11/01/2017,Franklin,6406,3110,1172,2106,3
2017,11/01/2017,Fremont,4723,2231,993,1480,7
2017,11/01/2017,Greene,6202,2415,1578,2178,5
2017,11/01/2017,Grundy,8599,4042,1364,3168,5
2017,11/01/2017,Guthrie,7315,2745,1581,2954,3
2017,11/01/2017,Hamilton,9764,3985,2275,3464,10
2017,11/01/2017,Hancock,7514,3289,1431,2777,7
2017,11/01/2017,Hardin,11116,4672,2454,3940,10
2017,11/01/2017,Harrison,8585,3784,2063,2688,14
2017,11/01/2017,Henry,12524,5003,2582,4884,9
2017,11/01/2017,Howard,5856,1456,1683,2703,1
2017,11/01/2017,Humboldt,6293,2642,1184,2451,3
2017,11/01/2017,Ida,4707,2221,767,1702,3
2017,11/01/2017,Iowa,11456,3929,2557,4921,6
2017,11/01/2017,Jackson,13794,3144,4824,5791,8
2017,11/01/2017,Jasper,24510,7362,8179,8880,19
2017,11/01/2017,Jefferson,10349,3313,3888,3050,47
2017,11/01/2017,Johnson,91743,18774,42197,29911,220
2017,11/01/2017,Jones,13006,3775,3099,6103,7
2017,11/01/2017,Keokuk,6479,2375,1815,2270,4
2017,11/01/2017,Kossuth,10831,3505,2943,4353,9
2017,11/01/2017,Lee,21537,4436,8932,8061,23
2017,11/01/2017,Linn,141806,38607,49930,51904,324
2017,11/01/2017,Louisa,6760,2472,1611,2657,5
2017,11/01/2017,Lucas,5545,2290,1233,2007,2
2017,11/01/2017,Lyon,7972,5450,841,1667,2
2017,11/01/2017,Madison,10783,4325,2591,3818,10
2017,11/01/2017,Mahaska,13714,6845,2432,4365,14
2017,11/01/2017,Marion,22480,9459,5130,7800,20
2017,11/01/2017,Marshall,23343,7401,6928,8921,24
2017,11/01/2017,Mills,10129,5023,1945,3081,18
2017,11/01/2017,Mitchell,6928,2526,1614,2775,5
2017,11/01/2017,Monona,5962,2040,1675,2224,7
2017,11/01/2017,Monroe,4789,1705,1482,1592,0
2017,11/01/2017,Montgomery,6854,3584,1003,2246,7
2017,11/01/2017,Muscatine,26337,8048,7800,10362,44
2017,11/01/2017,O'Brien,9263,5711,1137,2379,9
2017,11/01/2017,Osceola,4107,2506,454,1139,5
2017,11/01/2017,Page,9409,5114,1438,2821,11
2017,11/01/2017,Palo Alto,6051,1781,1948,2303,4
2017,11/01/2017,Plymouth,16809,8336,2998,5394,25
2017,11/01/2017,Pocahontas,4869,2031,920,1898,4
2017,11/01/2017,Polk,284452,84928,109114,87828,542
2017,11/01/2017,Pottawattamie,56501,21001,15148,19839,116
2017,11/01/2017,Poweshiek,12621,3720,3978,4870,11
2017,11/01/2017,Ringgold,3118,1521,813,778,0
2017,11/01/2017,Sac,6831,3117,1233,2463,5
2017,11/01/2017,Scott,114768,31855,35314,46771,191
2017,11/01/2017,Shelby,8033,3606,1706,2697,3
2017,11/01/2017,Sioux,21263,15419,1695,4085,17
2017,11/01/2017,Story,60731,17912,18901,23199,163
2017,11/01/2017,Tama,11199,3368,2995,4801,8
2017,11/01/2017,Taylor,3807,1875,663,1248,0
2017,11/01/2017,Totals,1988338,653211,605064,717605,2941
2017,11/01/2017,Union,7665,2699,1628,3312,5
2017,11/01/2017,Van Buren,4654,2059,944,1629,9
2017,11/01/2017,Wapello,20425,5394,7996,6933,37
2017,11/01/2017,Warren,32996,11564,9428,11828,26
2017,11/01/2017,Washington,14206,6081,2924,5107,26
2017,11/01/2017,Wayne,3592,1434,903,1243,2
2017,11/01/2017,Webster,23217,6820,7597,8671,45
2017,11/01/2017,Winnebago,7302,2815,1480,2980,7
2017,11/01/2017,Winneshiek,13646,4397,3941,5260,21
2017,11/01/2017,Woodbury,57217,20147,17501,19271,79
2017,11/01/2017,Worth,5324,1953,1323,2042,1
2017,11/01/2017,Wright,7857,3390,1791,2645,8
2017,12/01/2017,Adair,4992,1932,963,2078,5
2017,12/01/2017,Adams,2713,959,562,1184,1
2017,12/01/2017,Allamakee,9278,4188,2028,3035,6
2017,12/01/2017,Appanoose,8132,2922,2209,2974,9
2017,12/01/2017,Audubon,4169,1994,924,1235,5
2017,12/01/2017,Benton,17282,5887,3921,7393,17
2017,12/01/2017,Black Hawk,81712,21389,29227,30513,167
2017,12/01/2017,Boone,18232,5837,5156,7130,25
2017,12/01/2017,Bremer,16521,5230,3793,7428,13
2017,12/01/2017,Buchanan,13250,3259,3461,6492,5
2017,12/01/2017,Buena Vista,11478,4096,2899,4425,21
2017,12/01/2017,Butler,9692,4491,1671,3498,7
2017,12/01/2017,Calhoun,6489,2539,1259,2669,6
2017,12/01/2017,Carroll,13925,4259,3626,5973,16
2017,12/01/2017,Cass,9107,4707,1429,2938,8
2017,12/01/2017,Cedar,11787,3873,3035,4816,13
2017,12/01/2017,Cerro Gordo,29703,8221,8624,12773,20
2017,12/01/2017,Cherokee,7956,3660,1514,2758,5
2017,12/01/2017,Chickasaw,8210,2418,2411,3356,9
2017,12/01/2017,Clarke,5643,1859,1500,2261,5
2017,12/01/2017,Clay,11053,5607,1863,3542,4
2017,12/01/2017,Clayton,11515,3545,3294,4636,5
2017,12/01/2017,Clinton,31160,7653,9639,13752,43
2017,12/01/2017,Crawford,9491,3271,2461,3733,7
2017,12/01/2017,Dallas,54874,19942,12671,21903,53
2017,12/01/2017,Davis,4882,1758,1649,1464,3
2017,12/01/2017,Decatur,4526,1763,1326,1409,6
2017,12/01/2017,Delaware,11410,4377,2265,4732,8
2017,12/01/2017,Des Moines,26066,6629,10264,9025,40
2017,12/01/2017,Dickinson,12643,5526,2360,4699,8
2017,12/01/2017,Dubuque,64317,16309,25191,22441,91
2017,12/01/2017,Emmet,6350,1831,1723,2781,2
2017,12/01/2017,Fayette,11825,4096,3336,4342,13
2017,12/01/2017,Floyd,10389,2702,2890,4762,10
2017,12/01/2017,Franklin,6401,3107,1167,2109,3
2017,12/01/2017,Fremont,4721,2230,990,1481,7
2017,12/01/2017,Greene,6215,2419,1578,2188,4
2017,12/01/2017,Grundy,8643,4049,1369,3199,5
2017,12/01/2017,Guthrie,7369,2752,1587,2995,3
2017,12/01/2017,Hamilton,9777,3966,2270,3500,11
2017,12/01/2017,Hancock,7516,3291,1423,2785,7
2017,12/01/2017,Hardin,11136,4669,2452,3963,11
2017,12/01/2017,Harrison,8610,3783,2060,2717,14
2017,12/01/2017,Henry,12537,4995,2576,4911,9
2017,12/01/2017,Howard,5863,1455,1682,2712,1
2017,12/01/2017,Humboldt,6292,2635,1179,2462,3
2017,12/01/2017,Ida,4703,2211,761,1713,3
2017,12/01/2017,Iowa,11469,3931,2548,4941,6
2017,12/01/2017,Jackson,13832,3141,4822,5833,8
2017,12/01/2017,Jasper,24555,7359,8168,8938,20
2017,12/01/2017,Jefferson,10357,3310,3886,3064,47
2017,12/01/2017,Johnson,91960,18750,42212,30138,221
2017,12/01/2017,Jones,13025,3775,3085,6136,7
2017,12/01/2017,Keokuk,6469,2368,1811,2272,4
2017,12/01/2017,Kossuth,10854,3497,2942,4385,9
2017,12/01/2017,Lee,21589,4431,8919,8131,23
2017,12/01/2017,Linn,142122,38617,49939,52185,323
2017,12/01/2017,Louisa,6774,2466,1613,2675,5
2017,12/01/2017,Lucas,5556,2293,1230,2017,3
2017,12/01/2017,Lyon,7997,5463,844,1675,2
2017,12/01/2017,Madison,10793,4321,2591,3832,10
2017,12/01/2017,Mahaska,13762,6854,2430,4399,15
2017,12/01/2017,Marion,22450,9446,5112,7798,20
2017,12/01/2017,Marshall,23376,7401,6915,8965,24
2017,12/01/2017,Mills,10156,5034,1951,3090,18
2017,12/01/2017,Mitchell,6922,2523,1612,2774,5
2017,12/01/2017,Monona,5973,2043,1667,2240,7
2017,12/01/2017,Monroe,4789,1704,1478,1597,0
2017,12/01/2017,Montgomery,6858,3578,997,2262,7
2017,12/01/2017,Muscatine,26395,8042,7797,10426,44
2017,12/01/2017,O'Brien,9280,5717,1134,2393,9
2017,12/01/2017,Osceola,4108,2506,456,1138,5
2017,12/01/2017,Page,9450,5128,1444,2842,11
2017,12/01/2017,Palo Alto,6058,1775,1942,2322,4
2017,12/01/2017,Plymouth,16835,8340,2997,5415,25
2017,12/01/2017,Pocahontas,4872,2028,919,1905,4
2017,12/01/2017,Polk,284237,84744,108992,87911,541
2017,12/01/2017,Pottawattamie,56640,21017,15166,19933,119
2017,12/01/2017,Poweshiek,12640,3716,3978,4893,11
2017,12/01/2017,Ringgold,3116,1516,809,785,0
2017,12/01/2017,Sac,6849,3123,1234,2472,6
2017,12/01/2017,Scott,114976,31835,35275,47038,191
2017,12/01/2017,Shelby,8040,3604,1704,2708,3
2017,12/01/2017,Sioux,21289,15432,1693,4100,17
2017,12/01/2017,Story,60962,17921,18900,23418,162
2017,12/01/2017,Tama,11209,3361,2990,4824,7
2017,12/01/2017,Taylor,3810,1873,665,1251,0
2017,12/01/2017,Totals,1991419,653032,604493,721344,2944
2017,12/01/2017,Union,7662,2698,1626,3313,5
2017,12/01/2017,Van Buren,4658,2054,942,1639,9
2017,12/01/2017,Wapello,20443,5393,7973,6976,36
2017,12/01/2017,Warren,33103,11573,9428,11923,27
2017,12/01/2017,Washington,14225,6081,2918,5133,25
2017,12/01/2017,Wayne,3589,1433,900,1244,2
2017,12/01/2017,Webster,23273,6826,7583,8733,45
2017,12/01/2017,Winnebago,7317,2813,1476,3000,7
2017,12/01/2017,Winneshiek,13665,4385,3946,5286,21
2017,12/01/2017,Woodbury,57293,20158,17475,19361,78
2017,12/01/2017,Worth,5337,1953,1319,2059,1
2017,12/01/2017,Wright,7895,3391,1802,2671,8
2018,01/02/2018,Adair,4989,1928,953,2089,5
2018,01/02/2018,Adams,2713,958,562,1185,1
2018,01/02/2018,Allamakee,9287,4186,2029,3044,7
2018,01/02/2018,Appanoose,8162,2930,2214,2992,8
2018,01/02/2018,Audubon,4167,1991,922,1237,5
2018,01/02/2018,Benton,17272,5887,3902,7403,16
2018,01/02/2018,Black Hawk,81726,21347,29180,30614,170
2018,01/02/2018,Boone,18240,5826,5140,7165,25
2018,01/02/2018,Bremer,16548,5225,3797,7455,13
2018,01/02/2018,Buchanan,13241,3247,3447,6509,5
2018,01/02/2018,Buena Vista,11468,4082,2894,4433,21
2018,01/02/2018,Butler,9694,4486,1664,3510,7
2018,01/02/2018,Calhoun,6477,2535,1256,2664,6
2018,01/02/2018,Carroll,13897,4255,3606,5971,15
2018,01/02/2018,Cass,9111,4703,1423,2952,8
2018,01/02/2018,Cedar,11754,3857,3027,4810,12
2018,01/02/2018,Cerro Gordo,29717,8210,8616,12805,20
2018,01/02/2018,Cherokee,7979,3664,1514,2777,5
2018,01/02/2018,Chickasaw,8216,2420,2403,3368,9
2018,01/02/2018,Clarke,5644,1852,1497,2272,5
2018,01/02/2018,Clay,11054,5589,1865,3558,4
2018,01/02/2018,Clayton,11497,3535,3282,4640,5
2018,01/02/2018,Clinton,31211,7645,9631,13819,43
2018,01/02/2018,Crawford,9517,3273,2467,3750,8
2018,01/02/2018,Dallas,55041,19952,12676,22056,52
2018,01/02/2018,Davis,4880,1755,1644,1469,4
2018,01/02/2018,Decatur,4514,1758,1317,1410,6
2018,01/02/2018,Delaware,11418,4370,2266,4746,9
2018,01/02/2018,Des Moines,26066,6624,10252,9040,40
2018,01/02/2018,Dickinson,12644,5526,2356,4703,7
2018,01/02/2018,Dubuque,64332,16295,25135,22524,90
2018,01/02/2018,Emmet,6354,1837,1720,2782,2
2018,01/02/2018,Fayette,11802,4080,3326,4345,13
2018,01/02/2018,Floyd,10405,2702,2880,4785,10
2018,01/02/2018,Franklin,6396,3105,1162,2111,3
2018,01/02/2018,Fremont,4727,2236,991,1482,7
2018,01/02/2018,Greene,6217,2417,1572,2196,4
2018,01/02/2018,Grundy,8613,4028,1366,3193,5
2018,01/02/2018,Guthrie,7387,2751,1587,3013,3
2018,01/02/2018,Hamilton,9774,3947,2265,3521,11
2018,01/02/2018,Hancock,7516,3295,1420,2784,7
2018,01/02/2018,Hardin,11146,4672,2453,3969,11
2018,01/02/2018,Harrison,8591,3770,2058,2713,14
2018,01/02/2018,Henry,12548,4991,2570,4931,9
2018,01/02/2018,Howard,5863,1453,1682,2714,1
2018,01/02/2018,Humboldt,6297,2640,1174,2467,3
2018,01/02/2018,Ida,4704,2207,761,1718,3
2018,01/02/2018,Iowa,11482,3931,2544,4956,7
2018,01/02/2018,Jackson,13858,3140,4802,5881,8
2018,01/02/2018,Jasper,24595,7364,8158,8984,19
2018,01/02/2018,Jefferson,10372,3319,3879,3076,47
2018,01/02/2018,Johnson,91972,18720,42148,30243,220
2018,01/02/2018,Jones,13036,3769,3080,6158,7
2018,01/02/2018,Keokuk,6468,2370,1807,2274,4
2018,01/02/2018,Kossuth,10853,3495,2927,4401,9
2018,01/02/2018,Lee,21576,4431,8893,8144,22
2018,01/02/2018,Linn,142382,38580,49927,52468,330
2018,01/02/2018,Louisa,6759,2463,1605,2671,5
2018,01/02/2018,Lucas,5562,2297,1232,2016,3
2018,01/02/2018,Lyon,8009,5469,844,1681,2
2018,01/02/2018,Madison,10794,4318,2580,3846,10
2018,01/02/2018,Mahaska,13770,6843,2428,4420,15
2018,01/02/2018,Marion,22417,9430,5104,7789,20
2018,01/02/2018,Marshall,23381,7386,6906,8995,24
2018,01/02/2018,Mills,10158,5027,1950,3098,20
2018,01/02/2018,Mitchell,6917,2522,1610,2772,5
2018,01/02/2018,Monona,5965,2045,1658,2238,7
2018,01/02/2018,Monroe,4789,1704,1478,1596,0
2018,01/02/2018,Montgomery,6866,3581,997,2267,7
2018,01/02/2018,Muscatine,26447,8043,7793,10481,44
2018,01/02/2018,O'Brien,9285,5711,1137,2401,9
2018,01/02/2018,Osceola,4109,2507,455,1139,5
2018,01/02/2018,Page,9469,5129,1441,2863,11
2018,01/02/2018,Palo Alto,6056,1775,1934,2328,4
2018,01/02/2018,Plymouth,16854,8351,3002,5416,25
2018,01/02/2018,Pocahontas,4871,2027,916,1908,4
2018,01/02/2018,Polk,285069,84677,108909,88863,549
2018,01/02/2018,Pottawattamie,56697,21010,15150,20005,119
2018,01/02/2018,Poweshiek,12661,3721,3979,4908,11
2018,01/02/2018,Ringgold,3111,1513,808,785,0
2018,01/02/2018,Sac,6859,3131,1233,2474,6
2018,01/02/2018,Scott,115158,31788,35211,47329,191
2018,01/02/2018,Shelby,8042,3603,1701,2714,3
2018,01/02/2018,Sioux,21304,15437,1694,4109,17
2018,01/02/2018,Story,60965,17892,18881,23469,161
2018,01/02/2018,Tama,11216,3363,2980,4838,8
2018,01/02/2018,Taylor,3803,1874,663,1245,0
2018,01/02/2018,Totals,1993334,652472,603672,724545,2961
2018,01/02/2018,Union,7696,2699,1625,3346,5
2018,01/02/2018,Van Buren,4673,2048,943,1659,9
2018,01/02/2018,Wapello,20418,5377,7957,6983,36
2018,01/02/2018,Warren,33145,11591,9409,11966,27
2018,01/02/2018,Washington,14255,6079,2920,5162,25
2018,01/02/2018,Wayne,3581,1429,899,1241,2
2018,01/02/2018,Webster,23283,6816,7566,8768,46
2018,01/02/2018,Winnebago,7314,2811,1475,3000,7
2018,01/02/2018,Winneshiek,13650,4373,3934,5294,21
2018,01/02/2018,Woodbury,57355,20126,17469,19461,79
2018,01/02/2018,Worth,5326,1949,1312,2059,1
2018,01/02/2018,Wright,7865,3376,1795,2663,8
2018,02/01/2018,Adair,4902,1901,929,2055,5
2018,02/01/2018,Adams,2650,935,550,1158,1
2018,02/01/2018,Allamakee,9145,4135,1994,2990,7
2018,02/01/2018,Appanoose,7963,2877,2159,2901,8
2018,02/01/2018,Audubon,4094,1956,909,1214,4
2018,02/01/2018,Benton,16918,5783,3810,7251,13
2018,02/01/2018,Black Hawk,79828,20817,28562,29878,168
2018,02/01/2018,Boone,17796,5678,5022,7000,24
2018,02/01/2018,Bremer,16179,5098,3716,7297,11
2018,02/01/2018,Buchanan,13011,3186,3390,6401,4
2018,02/01/2018,Buena Vista,11217,4008,2821,4329,21
2018,02/01/2018,Butler,9521,4415,1620,3454,7
2018,02/01/2018,Calhoun,6323,2491,1218,2593,6
2018,02/01/2018,Carroll,13713,4201,3567,5879,15
2018,02/01/2018,Cass,8949,4632,1382,2902,8
2018,02/01/2018,Cedar,11568,3785,2992,4734,10
2018,02/01/2018,Cerro Gordo,29091,8024,8457,12526,19
2018,02/01/2018,Cherokee,7856,3614,1489,2730,5
2018,02/01/2018,Chickasaw,8087,2392,2380,3292,9
2018,02/01/2018,Clarke,5524,1821,1472,2209,4
2018,02/01/2018,Clay,10795,5485,1824,3446,4
2018,02/01/2018,Clayton,11370,3500,3232,4599,4
2018,02/01/2018,Clinton,30618,7489,9440,13583,37
2018,02/01/2018,Crawford,9406,3229,2442,3708,8
2018,02/01/2018,Dallas,52714,19071,12130,21174,53
2018,02/01/2018,Davis,4782,1718,1611,1443,3
2018,02/01/2018,Decatur,4420,1724,1284,1384,6
2018,02/01/2018,Delaware,11282,4325,2234,4689,9
2018,02/01/2018,Des Moines,25561,6505,10089,8822,38
2018,02/01/2018,Dickinson,12363,5415,2305,4587,6
2018,02/01/2018,Dubuque,63328,15986,24735,22244,87
2018,02/01/2018,Emmet,6222,1795,1693,2721,2
2018,02/01/2018,Fayette,11582,4017,3252,4263,13
2018,02/01/2018,Floyd,10181,2644,2813,4687,10
2018,02/01/2018,Franklin,6285,3062,1129,2077,3
2018,02/01/2018,Fremont,4648,2206,968,1456,7
2018,02/01/2018,Greene,6100,2368,1553,2150,4
2018,02/01/2018,Grundy,8456,3953,1340,3138,5
2018,02/01/2018,Guthrie,7425,2747,1584,3058,3
2018,02/01/2018,Hamilton,9601,3888,2215,3457,11
2018,02/01/2018,Hancock,7388,3248,1386,2736,8
2018,02/01/2018,Hardin,10905,4566,2399,3886,11
2018,02/01/2018,Harrison,8394,3684,2021,2640,13
2018,02/01/2018,Henry,12299,4897,2517,4830,9
2018,02/01/2018,Howard,5745,1426,1652,2653,1
2018,02/01/2018,Humboldt,6167,2597,1148,2406,3
2018,02/01/2018,Ida,4636,2183,745,1690,3
2018,02/01/2018,Iowa,11283,3858,2498,4876,7
2018,02/01/2018,Jackson,13643,3094,4730,5786,8
2018,02/01/2018,Jasper,24067,7223,7955,8806,19
2018,02/01/2018,Jefferson,10140,3249,3795,3006,44
2018,02/01/2018,Johnson,92089,18684,42139,30401,221
2018,02/01/2018,Jones,12828,3704,3030,6069,7
2018,02/01/2018,Keokuk,6361,2333,1779,2233,4
2018,02/01/2018,Kossuth,10717,3449,2894,4344,9
2018,02/01/2018,Lee,21237,4352,8756,8022,22
2018,02/01/2018,Linn,139727,37798,48961,51591,323
2018,02/01/2018,Louisa,6678,2428,1591,2639,5
2018,02/01/2018,Lucas,5451,2259,1204,1973,3
2018,02/01/2018,Lyon,7900,5408,821,1658,1
2018,02/01/2018,Madison,10572,4217,2543,3764,10
2018,02/01/2018,Mahaska,13497,6722,2362,4336,16
2018,02/01/2018,Marion,22084,9257,5030,7705,17
2018,02/01/2018,Marshall,23022,7286,6808,8841,20
2018,02/01/2018,Mills,9766,4863,1860,2965,19
2018,02/01/2018,Mitchell,6819,2500,1583,2723,5
2018,02/01/2018,Monona,5866,2010,1630,2204,6
2018,02/01/2018,Monroe,4680,1659,1451,1558,0
2018,02/01/2018,Montgomery,6718,3508,977,2214,7
2018,02/01/2018,Muscatine,25912,7906,7631,10253,41
2018,02/01/2018,O'Brien,9157,5645,1117,2361,9
2018,02/01/2018,Osceola,4036,2469,447,1112,5
2018,02/01/2018,Page,9213,5000,1394,2783,10
2018,02/01/2018,Palo Alto,5928,1740,1910,2258,5
2018,02/01/2018,Plymouth,16634,8241,2963,5349,24
2018,02/01/2018,Pocahontas,4774,2000,894,1861,4
2018,02/01/2018,Polk,278600,82595,106466,87024,526
2018,02/01/2018,Pottawattamie,55771,20705,14856,19692,120
2018,02/01/2018,Poweshiek,12406,3647,3898,4810,11
2018,02/01/2018,Ringgold,3035,1474,790,766,0
2018,02/01/2018,Sac,6765,3101,1208,2435,6
2018,02/01/2018,Scott,112628,30980,34398,46445,187
2018,02/01/2018,Shelby,7883,3538,1663,2661,3
2018,02/01/2018,Sioux,21013,15273,1648,4034,16
2018,02/01/2018,Story,58637,17263,18075,22628,155
2018,02/01/2018,Tama,11049,3318,2924,4774,8
2018,02/01/2018,Taylor,3721,1842,646,1213,0
2018,02/01/2018,Totals,1955058,639635,591820,711390,2882
2018,02/01/2018,Union,7542,2649,1594,3274,5
2018,02/01/2018,Van Buren,4594,2013,928,1629,9
2018,02/01/2018,Wapello,19986,5257,7812,6818,37
2018,02/01/2018,Warren,32354,11324,9185,11673,28
2018,02/01/2018,Washington,14001,5967,2867,5074,26
2018,02/01/2018,Wayne,3507,1401,879,1217,1
2018,02/01/2018,Webster,23958,6901,7595,9321,48
2018,02/01/2018,Winnebago,7166,2757,1440,2941,7
2018,02/01/2018,Winneshiek,13430,4327,3860,5196,20
2018,02/01/2018,Woodbury,56289,19733,17126,19136,79
2018,02/01/2018,Worth,5215,1918,1282,2009,1
2018,02/01/2018,Wright,7701,3313,1747,2609,8
2018,03/01/2018,Adair,4907,1893,927,2070,5
2018,03/01/2018,Adams,2651,935,549,1160,1
2018,03/01/2018,Allamakee,9148,4132,1996,2994,7
2018,03/01/2018,Appanoose,7965,2879,2155,2904,8
2018,03/01/2018,Audubon,4102,1957,911,1219,4
2018,03/01/2018,Benton,16948,5784,3804,7285,13
2018,03/01/2018,Black Hawk,79841,20787,28512,29968,167
2018,03/01/2018,Boone,17835,5686,5014,7037,24
2018,03/01/2018,Bremer,16244,5107,3723,7347,10
2018,03/01/2018,Buchanan,13009,3177,3373,6424,4
2018,03/01/2018,Buena Vista,11236,4011,2827,4338,21
2018,03/01/2018,Butler,9520,4411,1623,3454,7
2018,03/01/2018,Calhoun,6312,2484,1218,2589,6
2018,03/01/2018,Carroll,13719,4200,3564,5889,15
2018,03/01/2018,Cass,8939,4621,1380,2905,8
2018,03/01/2018,Cedar,11574,3778,2998,4740,10
2018,03/01/2018,Cerro Gordo,29099,8005,8449,12562,18
2018,03/01/2018,Cherokee,7853,3611,1488,2730,5
2018,03/01/2018,Chickasaw,8083,2389,2375,3295,10
2018,03/01/2018,Clarke,5526,1821,1470,2213,3
2018,03/01/2018,Clay,10809,5478,1820,3471,4
2018,03/01/2018,Clayton,11369,3495,3227,4607,4
2018,03/01/2018,Clinton,30653,7490,9422,13630,37
2018,03/01/2018,Crawford,9370,3219,2424,3700,8
2018,03/01/2018,Dallas,53085,19126,12213,21407,52
2018,03/01/2018,Davis,4784,1722,1604,1448,3
2018,03/01/2018,Decatur,4414,1725,1280,1381,6
2018,03/01/2018,Delaware,11280,4317,2235,4694,9
2018,03/01/2018,Des Moines,25618,6498,10096,8880,37
2018,03/01/2018,Dickinson,12383,5422,2307,4597,6
2018,03/01/2018,Dubuque,63388,15985,24699,22331,87
2018,03/01/2018,Emmet,6224,1792,1693,2725,2
2018,03/01/2018,Fayette,11560,4014,3237,4260,13
2018,03/01/2018,Floyd,10211,2647,2821,4706,10
2018,03/01/2018,Franklin,6284,3058,1129,2080,3
2018,03/01/2018,Fremont,4645,2200,967,1460,7
2018,03/01/2018,Greene,6107,2370,1550,2159,4
2018,03/01/2018,Grundy,8453,3950,1341,3137,5
2018,03/01/2018,Guthrie,7432,2743,1583,3070,3
2018,03/01/2018,Hamilton,9597,3879,2207,3471,11
2018,03/01/2018,Hancock,7394,3251,1380,2744,8
2018,03/01/2018,Hardin,10911,4558,2406,3893,11
2018,03/01/2018,Harrison,8388,3684,2023,2632,13
2018,03/01/2018,Henry,12319,4898,2523,4843,9
2018,03/01/2018,Howard,5746,1427,1644,2660,1
2018,03/01/2018,Humboldt,6179,2599,1150,2413,3
2018,03/01/2018,Ida,4630,2181,743,1688,3
2018,03/01/2018,Iowa,11299,3862,2490,4895,7
2018,03/01/2018,Jackson,13689,3100,4729,5829,7
2018,03/01/2018,Jasper,24082,7227,7935,8837,19
2018,03/01/2018,Jefferson,10144,3243,3797,3016,42
2018,03/01/2018,Johnson,89423,18086,40984,29533,207
2018,03/01/2018,Jones,12838,3709,3019,6084,7
2018,03/01/2018,Keokuk,6368,2335,1774,2243,4
2018,03/01/2018,Kossuth,10728,3455,2891,4351,9
2018,03/01/2018,Lee,21245,4351,8748,8039,21
2018,03/01/2018,Linn,139930,37780,48950,51808,322
2018,03/01/2018,Louisa,6686,2427,1586,2653,5
2018,03/01/2018,Lucas,5439,2255,1201,1969,3
2018,03/01/2018,Lyon,7914,5416,820,1665,1
2018,03/01/2018,Madison,10574,4218,2544,3765,9
2018,03/01/2018,Mahaska,13507,6724,2364,4337,15
2018,03/01/2018,Marion,22095,9259,5029,7716,17
2018,03/01/2018,Marshall,22994,7266,6792,8845,23
2018,03/01/2018,Mills,9832,4895,1860,2996,19
2018,03/01/2018,Mitchell,6815,2498,1582,2722,5
2018,03/01/2018,Monona,5871,2012,1628,2208,7
2018,03/01/2018,Monroe,4676,1654,1446,1564,0
2018,03/01/2018,Montgomery,6738,3508,982,2228,7
2018,03/01/2018,Muscatine,25927,7888,7629,10285,41
2018,03/01/2018,O'Brien,9159,5644,1118,2363,9
2018,03/01/2018,Osceola,4038,2473,446,1111,5
2018,03/01/2018,Page,9243,4994,1403,2810,10
2018,03/01/2018,Palo Alto,5944,1739,1910,2275,5
2018,03/01/2018,Plymouth,16644,8259,2959,5343,24
2018,03/01/2018,Pocahontas,4769,1991,896,1863,4
2018,03/01/2018,Polk,278850,82500,106455,87356,521
2018,03/01/2018,Pottawattamie,55867,20693,14875,19774,120
2018,03/01/2018,Poweshiek,12480,3661,3922,4845,11
2018,03/01/2018,Ringgold,3025,1465,791,764,0
2018,03/01/2018,Sac,6774,3100,1206,2447,6
2018,03/01/2018,Scott,112837,30923,34385,46713,187
2018,03/01/2018,Shelby,7879,3532,1671,2656,3
2018,03/01/2018,Sioux,21041,15271,1662,4050,16
2018,03/01/2018,Story,58765,17263,18137,22689,155
2018,03/01/2018,Tama,11040,3305,2919,4782,8
2018,03/01/2018,Taylor,3724,1841,645,1218,0
2018,03/01/2018,Totals,1954523,638741,590510,712993,2848
2018,03/01/2018,Union,7525,2640,1585,3274,5
2018,03/01/2018,Van Buren,4603,2009,922,1647,10
2018,03/01/2018,Wapello,19989,5261,7805,6826,35
2018,03/01/2018,Warren,32408,11322,9190,11723,26
2018,03/01/2018,Washington,14007,5949,2862,5102,26
2018,03/01/2018,Wayne,3503,1396,875,1222,1
2018,03/01/2018,Webster,23987,6911,7586,9347,46
2018,03/01/2018,Winnebago,7169,2753,1438,2949,7
2018,03/01/2018,Winneshiek,13450,4328,3856,5219,20
2018,03/01/2018,Woodbury,56322,19722,17104,19201,77
2018,03/01/2018,Worth,5212,1915,1285,2006,1
2018,03/01/2018,Wright,7711,3317,1742,2620,8
2018,04/02/2018,Adair,4935,1908,933,2078,4
2018,04/02/2018,Adams,2656,932,550,1167,1
2018,04/02/2018,Allamakee,9166,4131,1990,3020,7
2018,04/02/2018,Appanoose,7982,2890,2150,2913,9
2018,04/02/2018,Audubon,4105,1954,914,1222,4
2018,04/02/2018,Benton,16973,5774,3801,7322,13
2018,04/02/2018,Black Hawk,79859,20752,28451,30086,165
2018,04/02/2018,Boone,17897,5692,5013,7094,24
2018,04/02/2018,Bremer,16269,5114,3721,7366,10
2018,04/02/2018,Buchanan,13021,3176,3364,6446,4
2018,04/02/2018,Buena Vista,11264,4026,2832,4345,22
2018,04/02/2018,Butler,9532,4411,1625,3463,7
2018,04/02/2018,Calhoun,6311,2484,1214,2590,6
2018,04/02/2018,Carroll,13721,4198,3547,5911,15
2018,04/02/2018,Cass,8952,4614,1382,2924,7
2018,04/02/2018,Cedar,11596,3782,3000,4756,10
2018,04/02/2018,Cerro Gordo,29115,7995,8443,12592,18
2018,04/02/2018,Cherokee,7858,3609,1484,2741,5
2018,04/02/2018,Chickasaw,8086,2385,2370,3306,10
2018,04/02/2018,Clarke,5543,1827,1470,2224,3
2018,04/02/2018,Clay,10824,5463,1821,3499,5
2018,04/02/2018,Clayton,11400,3495,3228,4635,4
2018,04/02/2018,Clinton,30699,7486,9401,13698,38
2018,04/02/2018,Crawford,9397,3221,2428,3721,8
2018,04/02/2018,Dallas,53414,19169,12272,21626,55
2018,04/02/2018,Davis,4776,1717,1604,1445,3
2018,04/02/2018,Decatur,4406,1724,1272,1381,6
2018,04/02/2018,Delaware,11294,4317,2236,4708,9
2018,04/02/2018,Des Moines,25668,6515,10078,8930,37
2018,04/02/2018,Dickinson,12482,5450,2317,4656,7
2018,04/02/2018,Dubuque,63497,15993,24688,22440,87
2018,04/02/2018,Emmet,6230,1792,1691,2734,2
2018,04/02/2018,Fayette,11562,4000,3240,4274,12
2018,04/02/2018,Floyd,10242,2647,2821,4737,10
2018,04/02/2018,Franklin,6292,3056,1132,2087,3
2018,04/02/2018,Fremont,4635,2193,970,1454,7
2018,04/02/2018,Greene,6168,2373,1558,2210,4
2018,04/02/2018,Grundy,8493,3954,1348,3166,5
2018,04/02/2018,Guthrie,7453,2741,1589,3086,3
2018,04/02/2018,Hamilton,9621,3885,2207,3486,11
2018,04/02/2018,Hancock,7403,3250,1383,2751,8
2018,04/02/2018,Hardin,10905,4555,2403,3893,11
2018,04/02/2018,Harrison,8377,3679,2017,2632,13
2018,04/02/2018,Henry,12325,4901,2522,4846,9
2018,04/02/2018,Howard,5741,1426,1640,2660,1
2018,04/02/2018,Humboldt,6201,2607,1151,2426,3
2018,04/02/2018,Ida,4631,2179,740,1694,3
2018,04/02/2018,Iowa,11305,3863,2482,4908,7
2018,04/02/2018,Jackson,13666,3091,4716,5828,7
2018,04/02/2018,Jasper,24163,7244,7928,8909,19
2018,04/02/2018,Jefferson,10129,3231,3794,3017,42
2018,04/02/2018,Johnson,89654,18075,41026,29729,209
2018,04/02/2018,Jones,12867,3708,3017,6114,7
2018,04/02/2018,Keokuk,6378,2346,1768,2247,5
2018,04/02/2018,Kossuth,10726,3459,2877,4359,9
2018,04/02/2018,Lee,21285,4362,8733,8081,21
2018,04/02/2018,Linn,140183,37781,48903,52100,322
2018,04/02/2018,Louisa,6685,2422,1583,2660,5
2018,04/02/2018,Lucas,5467,2267,1200,1985,3
2018,04/02/2018,Lyon,7934,5429,820,1671,1
2018,04/02/2018,Madison,10591,4214,2540,3789,9
2018,04/02/2018,Mahaska,13521,6728,2364,4349,14
2018,04/02/2018,Marion,22129,9259,5028,7752,17
2018,04/02/2018,Marshall,22813,7223,6716,8784,24
2018,04/02/2018,Mills,9902,4921,1879,3017,19
2018,04/02/2018,Mitchell,6829,2496,1583,2736,5
2018,04/02/2018,Monona,5873,2025,1612,2214,7
2018,04/02/2018,Monroe,4676,1653,1442,1569,0
2018,04/02/2018,Montgomery,6747,3505,983,2239,5
2018,04/02/2018,Muscatine,25984,7887,7638,10330,41
2018,04/02/2018,O'Brien,9172,5641,1116,2380,10
2018,04/02/2018,Osceola,4035,2468,446,1113,5
2018,04/02/2018,Page,9254,4986,1407,2826,10
2018,04/02/2018,Palo Alto,5978,1750,1905,2303,5
2018,04/02/2018,Plymouth,16660,8262,2955,5360,24
2018,04/02/2018,Pocahontas,4760,1987,889,1864,4
2018,04/02/2018,Polk,279535,82493,106459,88019,519
2018,04/02/2018,Pottawattamie,56001,20727,14884,19856,121
2018,04/02/2018,Poweshiek,12503,3663,3918,4868,11
2018,04/02/2018,Ringgold,3020,1460,790,765,0
2018,04/02/2018,Sac,6782,3102,1209,2448,6
2018,04/02/2018,Scott,112779,30904,34217,46838,186
2018,04/02/2018,Shelby,7884,3532,1674,2658,3
2018,04/02/2018,Sioux,21069,15275,1664,4070,16
2018,04/02/2018,Story,58786,17252,18130,22716,159
2018,04/02/2018,Tama,11037,3304,2911,4787,9
2018,04/02/2018,Taylor,3718,1839,640,1218,0
2018,04/02/2018,Totals,1957654,638789,590091,716382,2856
2018,04/02/2018,Union,7522,2634,1584,3277,5
2018,04/02/2018,Van Buren,4605,1993,923,1664,10
2018,04/02/2018,Wapello,20008,5252,7799,6856,37
2018,04/02/2018,Warren,32485,11341,9174,11799,25
2018,04/02/2018,Washington,14023,5949,2864,5114,26
2018,04/02/2018,Wayne,3499,1399,869,1221,1
2018,04/02/2018,Webster,23987,6908,7572,9365,46
2018,04/02/2018,Winnebago,7188,2754,1439,2966,7
2018,04/02/2018,Winneshiek,13578,4332,3911,5283,21
2018,04/02/2018,Woodbury,56387,19728,17081,19284,75
2018,04/02/2018,Worth,5217,1914,1284,2013,1
2018,04/02/2018,Wright,7698,3309,1734,2623,8
2018,05/01/2018,Adair,4920,1910,922,2071,4
2018,05/01/2018,Adams,2660,934,548,1171,1
2018,05/01/2018,Allamakee,9174,4124,1989,3035,7
2018,05/01/2018,Appanoose,8002,2891,2155,2926,9
2018,05/01/2018,Audubon,4099,1949,911,1224,4
2018,05/01/2018,Benton,16986,5772,3797,7340,13
2018,05/01/2018,Black Hawk,79889,20720,28402,30188,169
2018,05/01/2018,Boone,17916,5691,5005,7121,24
2018,05/01/2018,Bremer,16294,5119,3717,7388,10
2018,05/01/2018,Buchanan,13023,3168,3360,6459,4
2018,05/01/2018,Buena Vista,11266,4026,2828,4350,22
2018,05/01/2018,Butler,9565,4418,1635,3479,6
2018,05/01/2018,Calhoun,6304,2478,1210,2592,6
2018,05/01/2018,Carroll,13743,4196,3547,5934,15
2018,05/01/2018,Cass,8949,4604,1387,2926,7
2018,05/01/2018,Cedar,11606,3784,2999,4765,10
2018,05/01/2018,Cerro Gordo,29142,7997,8439,12621,18
2018,05/01/2018,Cherokee,7859,3606,1481,2748,5
2018,05/01/2018,Chickasaw,8089,2378,2366,3321,10
2018,05/01/2018,Clarke,5555,1827,1465,2241,3
2018,05/01/2018,Clay,10840,5457,1823,3519,5
2018,05/01/2018,Clayton,11399,3489,3217,4649,4
2018,05/01/2018,Clinton,30707,7483,9375,13734,38
2018,05/01/2018,Crawford,9417,3230,2423,3736,9
2018,05/01/2018,Dallas,53707,19186,12349,21813,54
2018,05/01/2018,Davis,4787,1714,1604,1458,3
2018,05/01/2018,Decatur,4394,1715,1269,1379,8
2018,05/01/2018,Delaware,11296,4313,2233,4717,9
2018,05/01/2018,Des Moines,25700,6530,10063,8961,36
2018,05/01/2018,Dickinson,12544,5469,2328,4688,7
2018,05/01/2018,Dubuque,63554,15982,24670,22529,85
2018,05/01/2018,Emmet,6230,1796,1684,2737,2
2018,05/01/2018,Fayette,11557,3992,3236,4281,12
2018,05/01/2018,Floyd,10264,2650,2818,4759,10
2018,05/01/2018,Franklin,6279,3043,1130,2089,3
2018,05/01/2018,Fremont,4632,2189,969,1456,7
2018,05/01/2018,Greene,6235,2381,1567,2258,5
2018,05/01/2018,Grundy,8508,3957,1348,3177,6
2018,05/01/2018,Guthrie,7486,2738,1588,3122,3
2018,05/01/2018,Hamilton,9646,3878,2208,3516,11
2018,05/01/2018,Hancock,7409,3250,1377,2762,9
2018,05/01/2018,Hardin,10932,4554,2408,3913,11
2018,05/01/2018,Harrison,8375,3682,2010,2634,13
2018,05/01/2018,Henry,12365,4919,2515,4875,9
2018,05/01/2018,Howard,5756,1424,1642,2675,1
2018,05/01/2018,Humboldt,6204,2608,1149,2429,3
2018,05/01/2018,Ida,4647,2183,747,1699,3
2018,05/01/2018,Iowa,11326,3863,2481,4929,8
2018,05/01/2018,Jackson,13687,3092,4711,5852,7
2018,05/01/2018,Jasper,24230,7269,7932,8944,21
2018,05/01/2018,Jefferson,10126,3223,3801,3015,43
2018,05/01/2018,Johnson,89438,18023,40840,29749,208
2018,05/01/2018,Jones,12866,3739,2993,6106,7
2018,05/01/2018,Keokuk,6383,2351,1764,2251,5
2018,05/01/2018,Kossuth,10722,3452,2871,4366,9
2018,05/01/2018,Lee,21348,4368,8726,8143,22
2018,05/01/2018,Linn,140434,37795,48901,52335,322
2018,05/01/2018,Louisa,6693,2415,1579,2679,5
2018,05/01/2018,Lucas,5473,2267,1202,1989,3
2018,05/01/2018,Lyon,7934,5435,810,1676,1
2018,05/01/2018,Madison,10652,4220,2540,3844,9
2018,05/01/2018,Mahaska,13531,6726,2361,4362,14
2018,05/01/2018,Marion,22163,9267,5022,7782,18
2018,05/01/2018,Marshall,22835,7220,6714,8807,24
2018,05/01/2018,Mills,9869,4914,1873,2996,19
2018,05/01/2018,Mitchell,6852,2500,1584,2753,5
2018,05/01/2018,Monona,5876,2028,1608,2218,7
2018,05/01/2018,Monroe,4676,1653,1439,1572,0
2018,05/01/2018,Montgomery,6768,3509,989,2251,5
2018,05/01/2018,Muscatine,26037,7885,7631,10391,40
2018,05/01/2018,O'Brien,9231,5657,1120,2419,9
2018,05/01/2018,Osceola,4043,2472,445,1117,5
2018,05/01/2018,Page,9281,4987,1412,2847,10
2018,05/01/2018,Palo Alto,6008,1756,1898,2333,5
2018,05/01/2018,Plymouth,16683,8282,2952,5366,24
2018,05/01/2018,Pocahontas,4767,1994,892,1861,4
2018,05/01/2018,Polk,280305,82350,106940,88414,519
2018,05/01/2018,Pottawattamie,55690,20642,14790,19726,120
2018,05/01/2018,Poweshiek,12561,3675,3941,4888,12
2018,05/01/2018,Ringgold,3026,1466,790,765,0
2018,05/01/2018,Sac,6784,3111,1211,2438,6
2018,05/01/2018,Scott,112656,30874,34079,46886,186
2018,05/01/2018,Shelby,7877,3528,1670,2658,3
2018,05/01/2018,Sioux,21119,15292,1667,4100,16
2018,05/01/2018,Story,58949,17257,18165,22831,156
2018,05/01/2018,Tama,11051,3306,2906,4802,9
2018,05/01/2018,Taylor,3717,1838,637,1221,0
2018,05/01/2018,Totals,1960008,638566,590036,718875,2862
2018,05/01/2018,Union,7535,2631,1588,3287,6
2018,05/01/2018,Van Buren,4613,1991,919,1677,10
2018,05/01/2018,Wapello,20001,5236,7781,6882,37
2018,05/01/2018,Warren,32549,11336,9192,11843,25
2018,05/01/2018,Washington,14000,5928,2861,5114,26
2018,05/01/2018,Wayne,3499,1394,871,1224,1
2018,05/01/2018,Webster,24007,6905,7555,9404,46
2018,05/01/2018,Winnebago,7198,2753,1438,2978,7
2018,05/01/2018,Winneshiek,13657,4333,3949,5319,23
2018,05/01/2018,Woodbury,56455,19734,17068,19358,73
2018,05/01/2018,Worth,5215,1915,1279,2014,1
2018,05/01/2018,Wright,7701,3305,1735,2628,8
2018,06/01/2018,Adair,4931,1927,935,2052,4
2018,06/01/2018,Adams,2665,949,541,1168,1
2018,06/01/2018,Allamakee,9200,4114,2013,3045,7
2018,06/01/2018,Appanoose,8014,2904,2155,2926,9
2018,06/01/2018,Audubon,4114,1945,923,1227,4
2018,06/01/2018,Benton,17021,5766,3825,7351,15
2018,06/01/2018,Black Hawk,79929,20678,28465,30187,170
2018,06/01/2018,Boone,17981,5693,5060,7120,22
2018,06/01/2018,Bremer,16311,5108,3745,7387,10
2018,06/01/2018,Buchanan,13056,3161,3390,6467,4
2018,06/01/2018,Buena Vista,11287,4039,2848,4336,23
2018,06/01/2018,Butler,9581,4417,1635,3494,6
2018,06/01/2018,Calhoun,6303,2485,1219,2575,7
2018,06/01/2018,Carroll,13764,4211,3554,5930,15
2018,06/01/2018,Cass,8970,4622,1388,2927,7
2018,06/01/2018,Cedar,11633,3790,3026,4756,12
2018,06/01/2018,Cerro Gordo,29216,8009,8464,12657,17
2018,06/01/2018,Cherokee,7864,3643,1477,2718,5
2018,06/01/2018,Chickasaw,8099,2386,2370,3320,10
2018,06/01/2018,Clarke,5563,1842,1464,2234,3
2018,06/01/2018,Clay,10896,5473,1859,3521,5
2018,06/01/2018,Clayton,11411,3498,3216,4650,4
2018,06/01/2018,Clinton,30773,7501,9394,13759,36
2018,06/01/2018,Crawford,9432,3255,2418,3729,9
2018,06/01/2018,Dallas,54005,19192,12516,21932,52
2018,06/01/2018,Davis,4810,1720,1622,1456,3
2018,06/01/2018,Decatur,4400,1725,1275,1366,7
2018,06/01/2018,Delaware,11321,4314,2256,4715,9
2018,06/01/2018,Des Moines,25776,6547,10087,8987,36
2018,06/01/2018,Dickinson,12562,5549,2344,4610,6
2018,06/01/2018,Dubuque,63753,15974,24895,22490,87
2018,06/01/2018,Emmet,6244,1803,1688,2736,2
2018,06/01/2018,Fayette,11556,3984,3238,4283,13
2018,06/01/2018,Floyd,10301,2664,2820,4781,10
2018,06/01/2018,Franklin,6279,3036,1138,2086,3
2018,06/01/2018,Fremont,4658,2212,975,1453,7
2018,06/01/2018,Greene,6235,2377,1584,2243,5
2018,06/01/2018,Grundy,8547,3976,1363,3175,7
2018,06/01/2018,Guthrie,7522,2788,1587,3105,3
2018,06/01/2018,Hamilton,9672,3890,2230,3504,11
2018,06/01/2018,Hancock,7424,3255,1373,2774,9
2018,06/01/2018,Hardin,10944,4571,2425,3888,11
2018,06/01/2018,Harrison,8365,3689,2009,2618,11
2018,06/01/2018,Henry,12426,4949,2563,4859,7
2018,06/01/2018,Howard,5754,1423,1641,2674,1
2018,06/01/2018,Humboldt,6222,2620,1157,2426,3
2018,06/01/2018,Ida,4660,2185,753,1704,3
2018,06/01/2018,Iowa,11351,3871,2489,4929,10
2018,06/01/2018,Jackson,13701,3086,4708,5871,7
2018,06/01/2018,Jasper,24307,7273,7982,8956,23
2018,06/01/2018,Jefferson,10158,3195,3933,2945,38
2018,06/01/2018,Johnson,89726,17952,41277,29666,201
2018,06/01/2018,Jones,12876,3796,2982,6068,8
2018,06/01/2018,Keokuk,6387,2360,1767,2243,5
2018,06/01/2018,Kossuth,10738,3457,2891,4355,9
2018,06/01/2018,Lee,21388,4383,8770,8117,22
2018,06/01/2018,Linn,140891,37802,49211,52446,319
2018,06/01/2018,Louisa,6708,2395,1610,2681,5
2018,06/01/2018,Lucas,5483,2273,1208,1985,3
2018,06/01/2018,Lyon,7960,5502,797,1646,2
2018,06/01/2018,Madison,10700,4241,2561,3849,9
2018,06/01/2018,Mahaska,13560,6773,2357,4344,14
2018,06/01/2018,Marion,22212,9387,5012,7720,17
2018,06/01/2018,Marshall,22867,7221,6775,8771,27
2018,06/01/2018,Mills,9885,4921,1900,2972,20
2018,06/01/2018,Mitchell,6852,2504,1588,2745,5
2018,06/01/2018,Monona,5886,2029,1611,2224,7
2018,06/01/2018,Monroe,4691,1672,1440,1566,0
2018,06/01/2018,Montgomery,6796,3525,1000,2248,6
2018,06/01/2018,Muscatine,26086,7889,7639,10419,43
2018,06/01/2018,O'Brien,9222,5658,1104,2423,9
2018,06/01/2018,Osceola,4045,2479,443,1114,5
2018,06/01/2018,Page,9310,4989,1424,2861,10
2018,06/01/2018,Palo Alto,6022,1765,1911,2324,6
2018,06/01/2018,Plymouth,16708,8291,2964,5365,25
2018,06/01/2018,Pocahontas,4764,1989,898,1855,4
2018,06/01/2018,Polk,281315,82147,108258,88229,519
2018,06/01/2018,Pottawattamie,55526,20623,14759,19607,119
2018,06/01/2018,Poweshiek,12602,3679,3987,4878,11
2018,06/01/2018,Ringgold,3030,1471,793,760,0
2018,06/01/2018,Sac,6788,3112,1215,2437,6
2018,06/01/2018,Scott,112982,31031,34186,46938,183
2018,06/01/2018,Shelby,7902,3539,1684,2657,3
2018,06/01/2018,Sioux,21141,15304,1671,4103,15
2018,06/01/2018,Story,58959,17232,18257,22762,157
2018,06/01/2018,Tama,11057,3313,2904,4799,10
2018,06/01/2018,Taylor,3718,1832,641,1224,0
2018,06/01/2018,Totals,1964522,639348,594199,717994,2852
2018,06/01/2018,Union,7515,2634,1585,3266,6
2018,06/01/2018,Van Buren,4617,1995,914,1681,10
2018,06/01/2018,Wapello,20047,5235,7857,6850,35
2018,06/01/2018,Warren,32610,11321,9296,11804,25
2018,06/01/2018,Washington,14020,5902,2900,5119,23
2018,06/01/2018,Wayne,3505,1396,879,1219,1
2018,06/01/2018,Webster,24022,6918,7562,9397,46
2018,06/01/2018,Winnebago,7208,2757,1437,2985,7
2018,06/01/2018,Winneshiek,13722,4325,3980,5361,23
2018,06/01/2018,Woodbury,56554,19797,17239,19165,75
2018,06/01/2018,Worth,5237,1913,1286,2030,1
2018,06/01/2018,Wright,7715,3335,1734,2614,7
2018,07/02/2018,Adair,4956,1983,984,1965,5
2018,07/02/2018,Adams,2671,1002,568,1094,1
2018,07/02/2018,Allamakee,9217,4091,2111,2985,7
2018,07/02/2018,Appanoose,7997,2955,2192,2814,9
2018,07/02/2018,Audubon,4119,1932,971,1198,2
2018,07/02/2018,Benton,17053,5715,4034,7222,13
2018,07/02/2018,Black Hawk,80000,20631,29348,29399,160
2018,07/02/2018,Boone,18006,5742,5255,6887,19
2018,07/02/2018,Bremer,16337,5099,3965,7203,7
2018,07/02/2018,Buchanan,13096,3182,3558,6314,4
2018,07/02/2018,Buena Vista,11293,4070,2882,4277,22
2018,07/02/2018,Butler,9609,4512,1714,3341,6
2018,07/02/2018,Calhoun,6323,2509,1287,2497,7
2018,07/02/2018,Carroll,13797,4247,3648,5825,15
2018,07/02/2018,Cass,8998,4650,1478,2834,7
2018,07/02/2018,Cedar,11650,3779,3196,4614,10
2018,07/02/2018,Cerro Gordo,29315,8070,8676,12471,17
2018,07/02/2018,Cherokee,7883,3716,1494,2642,5
2018,07/02/2018,Chickasaw,8106,2384,2432,3265,8
2018,07/02/2018,Clarke,5586,1986,1467,2109,3
2018,07/02/2018,Clay,10911,5467,1988,3406,5
2018,07/02/2018,Clayton,11440,3636,3227,4526,4
2018,07/02/2018,Clinton,30851,7772,9496,13452,32
2018,07/02/2018,Crawford,9466,3281,2465,3684,9
2018,07/02/2018,Dallas,54589,19285,13659,21251,50
2018,07/02/2018,Davis,4823,1700,1723,1385,3
2018,07/02/2018,Decatur,4395,1740,1297,1321,7
2018,07/02/2018,Delaware,11343,4338,2340,4621,9
2018,07/02/2018,Des Moines,25839,6569,10111,9000,34
2018,07/02/2018,Dickinson,12664,5812,2390,4395,7
2018,07/02/2018,Dubuque,63953,15859,25916,21755,86
2018,07/02/2018,Emmet,6248,1837,1702,2690,2
2018,07/02/2018,Fayette,11602,3986,3378,4182,13
2018,07/02/2018,Floyd,10300,2672,2853,4733,10
2018,07/02/2018,Franklin,6284,3001,1208,2054,3
2018,07/02/2018,Fremont,4681,2316,1009,1339,6
2018,07/02/2018,Greene,6239,2378,1651,2169,5
2018,07/02/2018,Grundy,8539,3978,1366,3162,7
2018,07/02/2018,Guthrie,7512,2819,1607,3043,3
2018,07/02/2018,Hamilton,9709,3930,2338,3394,9
2018,07/02/2018,Hancock,7438,3319,1404,2691,8
2018,07/02/2018,Hardin,10966,4653,2527,3716,9
2018,07/02/2018,Harrison,8360,3749,2025,2529,10
2018,07/02/2018,Henry,12491,5056,2657,4718,7
2018,07/02/2018,Howard,5770,1482,1656,2613,1
2018,07/02/2018,Humboldt,6237,2690,1213,2309,3
2018,07/02/2018,Ida,4660,2186,781,1674,3
2018,07/02/2018,Iowa,11385,4055,2551,4713,9
2018,07/02/2018,Jackson,13737,3071,4886,5742,7
2018,07/02/2018,Jasper,24420,7418,8152,8740,19
2018,07/02/2018,Jefferson,10203,3166,4188,2765,31
2018,07/02/2018,Johnson,90242,17809,43417,28189,175
2018,07/02/2018,Jones,12914,3975,3059,5842,5
2018,07/02/2018,Keokuk,6389,2388,1778,2200,5
2018,07/02/2018,Kossuth,10756,3465,3030,4220,9
2018,07/02/2018,Lee,21415,4457,8849,7973,23
2018,07/02/2018,Linn,141506,37811,51519,50630,290
2018,07/02/2018,Louisa,6724,2391,1666,2643,5
2018,07/02/2018,Lucas,5485,2290,1233,1943,3
2018,07/02/2018,Lyon,7988,5680,764,1525,1
2018,07/02/2018,Madison,10744,4233,2675,3780,9
2018,07/02/2018,Mahaska,13609,6975,2374,4162,13
2018,07/02/2018,Marion,22287,9686,5114,7373,17
2018,07/02/2018,Marshall,22945,7190,7070,8570,27
2018,07/02/2018,Mills,9926,4999,1932,2898,18
2018,07/02/2018,Mitchell,6838,2501,1580,2741,5
2018,07/02/2018,Monona,5905,2074,1629,2174,7
2018,07/02/2018,Monroe,4709,1729,1441,1527,0
2018,07/02/2018,Montgomery,6824,3531,1080,2188,6
2018,07/02/2018,Muscatine,26153,7889,7857,10252,43
2018,07/02/2018,O'Brien,9230,5703,1133,2357,8
2018,07/02/2018,Osceola,4045,2487,453,1092,5
2018,07/02/2018,Page,9307,4933,1498,2835,10
2018,07/02/2018,Palo Alto,6045,1860,1887,2274,6
2018,07/02/2018,Plymouth,16750,8360,3036,5263,24
2018,07/02/2018,Pocahontas,4762,1977,939,1822,3
2018,07/02/2018,Polk,281621,81293,114629,82930,468
2018,07/02/2018,Pottawattamie,55724,20824,15126,19207,116
2018,07/02/2018,Poweshiek,12627,3740,4078,4750,10
2018,07/02/2018,Ringgold,3028,1458,837,726,0
2018,07/02/2018,Sac,6804,3230,1237,2312,7
2018,07/02/2018,Scott,113204,31111,35460,45781,167
2018,07/02/2018,Shelby,7900,3552,1735,2589,2
2018,07/02/2018,Sioux,21190,15396,1734,3995,15
2018,07/02/2018,Story,58997,17216,19323,21732,137
2018,07/02/2018,Tama,11074,3334,3009,4686,8
2018,07/02/2018,Taylor,3724,1846,668,1189,0
2018,07/02/2018,Totals,1969732,642827,618388,694745,2622
2018,07/02/2018,Union,7551,2711,1678,3132,5
2018,07/02/2018,Van Buren,4643,2039,958,1618,8
2018,07/02/2018,Wapello,20043,5251,8043,6644,31
2018,07/02/2018,Warren,32762,11386,9780,11387,26
2018,07/02/2018,Washington,14069,5822,3098,5041,21
2018,07/02/2018,Wayne,3513,1420,909,1168,1
2018,07/02/2018,Webster,24041,7071,7701,9118,43
2018,07/02/2018,Winnebago,7235,2760,1487,2952,7
2018,07/02/2018,Winneshiek,13723,4298,4100,5269,21
2018,07/02/2018,Woodbury,56705,19857,17683,18797,67
2018,07/02/2018,Worth,5250,1894,1334,2011,1
2018,07/02/2018,Wright,7739,3449,1744,2510,6
2018,08/01/2018,Adair,4958,1984,986,1964,5
2018,08/01/2018,Adams,2675,1001,568,1099,1
2018,08/01/2018,Allamakee,9230,4089,2105,3006,7
2018,08/01/2018,Appanoose,8015,2958,2191,2830,9
2018,08/01/2018,Audubon,4123,1932,967,1206,2
2018,08/01/2018,Benton,17077,5718,4026,7249,14
2018,08/01/2018,Black Hawk,80074,20603,29322,29525,162
2018,08/01/2018,Boone,18035,5738,5254,6921,19
2018,08/01/2018,Bremer,16373,5098,3955,7249,7
2018,08/01/2018,Buchanan,13108,3178,3552,6336,4
2018,08/01/2018,Buena Vista,11318,4077,2883,4293,22
2018,08/01/2018,Butler,9621,4507,1707,3364,7
2018,08/01/2018,Calhoun,6334,2504,1287,2512,7
2018,08/01/2018,Carroll,13816,4258,3633,5845,16
2018,08/01/2018,Cass,8992,4650,1472,2834,7
2018,08/01/2018,Cedar,11657,3780,3196,4620,10
2018,08/01/2018,Cerro Gordo,29309,8053,8645,12513,17
2018,08/01/2018,Cherokee,7888,3709,1485,2662,5
2018,08/01/2018,Chickasaw,8106,2389,2426,3266,8
2018,08/01/2018,Clarke,5587,1971,1470,2122,3
2018,08/01/2018,Clay,10926,5458,1993,3424,6
2018,08/01/2018,Clayton,11455,3636,3231,4537,4
2018,08/01/2018,Clinton,30894,7765,9481,13514,33
2018,08/01/2018,Crawford,9479,3276,2462,3705,9
2018,08/01/2018,Dallas,54974,19352,13712,21513,50
2018,08/01/2018,Davis,4814,1695,1715,1388,3
2018,08/01/2018,Decatur,4392,1735,1297,1324,7
2018,08/01/2018,Delaware,11354,4338,2335,4636,9
2018,08/01/2018,Des Moines,25871,6622,10241,8844,32
2018,08/01/2018,Dickinson,12718,5828,2396,4428,7
2018,08/01/2018,Dubuque,64124,15871,25894,21933,88
2018,08/01/2018,Emmet,6268,1840,1697,2712,2
2018,08/01/2018,Fayette,11631,3994,3377,4203,13
2018,08/01/2018,Floyd,10306,2664,2846,4755,10
2018,08/01/2018,Franklin,6287,2999,1207,2060,3
2018,08/01/2018,Fremont,4692,2322,1010,1343,6
2018,08/01/2018,Greene,6242,2377,1650,2173,5
2018,08/01/2018,Grundy,8529,3989,1449,3052,7
2018,08/01/2018,Guthrie,7492,2839,1627,2983,3
2018,08/01/2018,Hamilton,9714,3927,2336,3404,9
2018,08/01/2018,Hancock,7445,3313,1403,2705,8
2018,08/01/2018,Hardin,10985,4650,2529,3737,9
2018,08/01/2018,Harrison,8370,3756,2026,2532,10
2018,08/01/2018,Henry,12506,5045,2655,4742,8
2018,08/01/2018,Howard,5779,1480,1653,2625,1
2018,08/01/2018,Humboldt,6228,2683,1209,2311,3
2018,08/01/2018,Ida,4673,2183,783,1688,3
2018,08/01/2018,Iowa,11428,4061,2552,4747,9
2018,08/01/2018,Jackson,13751,3076,4874,5761,7
2018,08/01/2018,Jasper,24478,7432,8136,8796,19
2018,08/01/2018,Jefferson,10215,3162,4188,2783,31
2018,08/01/2018,Johnson,90494,17822,43392,28443,176
2018,08/01/2018,Jones,12935,3960,3052,5885,5
2018,08/01/2018,Keokuk,6403,2390,1783,2207,5
2018,08/01/2018,Kossuth,10769,3463,3014,4252,9
2018,08/01/2018,Lee,21404,4459,8817,7990,23
2018,08/01/2018,Linn,141962,37862,51557,51010,296
2018,08/01/2018,Louisa,6725,2389,1656,2656,5
2018,08/01/2018,Lucas,5489,2287,1232,1951,3
2018,08/01/2018,Lyon,7995,5681,766,1529,1
2018,08/01/2018,Madison,10767,4235,2662,3812,9
2018,08/01/2018,Mahaska,13643,6979,2378,4187,13
2018,08/01/2018,Marion,22335,9690,5108,7422,17
2018,08/01/2018,Marshall,22953,7191,7068,8579,27
2018,08/01/2018,Mills,9946,5007,1932,2909,20
2018,08/01/2018,Mitchell,6837,2511,1601,2708,5
2018,08/01/2018,Monona,5900,2078,1617,2176,8
2018,08/01/2018,Monroe,4706,1725,1439,1530,0
2018,08/01/2018,Montgomery,6839,3528,1081,2205,6
2018,08/01/2018,Muscatine,26215,7900,7852,10307,43
2018,08/01/2018,O'Brien,9236,5706,1138,2355,8
2018,08/01/2018,Osceola,4039,2482,453,1091,5
2018,08/01/2018,Page,9344,4936,1505,2863,10
2018,08/01/2018,Palo Alto,6035,1858,1882,2271,6
2018,08/01/2018,Plymouth,16761,8361,3029,5281,24
2018,08/01/2018,Pocahontas,4772,1974,947,1826,3
2018,08/01/2018,Polk,283800,81462,114812,84696,474
2018,08/01/2018,Pottawattamie,55864,20841,15131,19319,116
2018,08/01/2018,Poweshiek,12639,3735,4071,4772,10
2018,08/01/2018,Ringgold,3026,1458,836,725,0
2018,08/01/2018,Sac,6801,3223,1238,2315,7
2018,08/01/2018,Scott,113476,31081,35451,46083,168
2018,08/01/2018,Shelby,7919,3552,1737,2606,2
2018,08/01/2018,Sioux,21212,15393,1738,4015,16
2018,08/01/2018,Story,59032,17204,19321,21774,140
2018,08/01/2018,Tama,11075,3329,3008,4693,8
2018,08/01/2018,Taylor,3727,1843,672,1192,0
2018,08/01/2018,Totals,1974865,643078,618472,699407,2649
2018,08/01/2018,Union,7568,2710,1666,3161,5
2018,08/01/2018,Van Buren,4653,2033,950,1642,8
2018,08/01/2018,Wapello,20049,5268,8013,6665,31
2018,08/01/2018,Warren,32864,11397,9782,11475,26
2018,08/01/2018,Washington,14071,5814,3093,5057,21
2018,08/01/2018,Wayne,3511,1421,903,1171,1
2018,08/01/2018,Webster,24052,7067,7685,9148,43
2018,08/01/2018,Winnebago,7238,2758,1481,2964,6
2018,08/01/2018,Winneshiek,13725,4296,4091,5281,21
2018,08/01/2018,Woodbury,56752,19816,17660,18907,66
2018,08/01/2018,Worth,5255,1887,1335,2020,1
2018,08/01/2018,Wright,7736,3451,1743,2507,6
2018,09/04/2018,Adair,4981,1988,989,1979,5
2018,09/04/2018,Adams,2675,1001,567,1100,1
2018,09/04/2018,Allamakee,9227,4074,2098,3022,7
2018,09/04/2018,Appanoose,8030,2956,2194,2844,9
2018,09/04/2018,Audubon,4113,1927,963,1205,2
2018,09/04/2018,Benton,17072,5717,4005,7264,14
2018,09/04/2018,Black Hawk,80671,20669,29480,29885,164
2018,09/04/2018,Boone,18061,5715,5242,6980,20
2018,09/04/2018,Bremer,16362,5088,3943,7260,7
2018,09/04/2018,Buchanan,13126,3182,3542,6359,4
2018,09/04/2018,Buena Vista,11334,4090,2883,4295,23
2018,09/04/2018,Butler,9629,4510,1702,3372,7
2018,09/04/2018,Calhoun,6327,2500,1281,2515,7
2018,09/04/2018,Carroll,13807,4263,3615,5851,16
2018,09/04/2018,Cass,8998,4641,1475,2844,7
2018,09/04/2018,Cedar,11675,3774,3186,4653,11
2018,09/04/2018,Cerro Gordo,29346,8036,8641,12569,18
2018,09/04/2018,Cherokee,7917,3709,1495,2677,5
2018,09/04/2018,Chickasaw,8098,2383,2414,3276,8
2018,09/04/2018,Clarke,5594,1972,1463,2134,3
2018,09/04/2018,Clay,10912,5439,1980,3443,6
2018,09/04/2018,Clayton,11440,3630,3218,4542,4
2018,09/04/2018,Clinton,30921,7744,9468,13573,33
2018,09/04/2018,Crawford,9456,3261,2452,3707,9
2018,09/04/2018,Dallas,55423,19416,13794,21803,52
2018,09/04/2018,Davis,4834,1702,1711,1405,3
2018,09/04/2018,Decatur,4379,1729,1291,1323,7
2018,09/04/2018,Delaware,11341,4326,2326,4643,9
2018,09/04/2018,Des Moines,25909,6642,10209,8894,32
2018,09/04/2018,Dickinson,12749,5819,2407,4456,7
2018,09/04/2018,Dubuque,64302,15907,25846,22120,87
2018,09/04/2018,Emmet,6275,1843,1694,2720,2
2018,09/04/2018,Fayette,11658,3992,3381,4228,13
2018,09/04/2018,Floyd,10297,2663,2836,4756,10
2018,09/04/2018,Franklin,6274,2987,1203,2061,4
2018,09/04/2018,Fremont,4690,2322,1006,1343,6
2018,09/04/2018,Greene,6253,2373,1653,2185,5
2018,09/04/2018,Grundy,8475,3942,1419,3072,8
2018,09/04/2018,Guthrie,7508,2837,1658,2961,3
2018,09/04/2018,Hamilton,9701,3920,2318,3414,9
2018,09/04/2018,Hancock,7446,3313,1402,2707,8
2018,09/04/2018,Hardin,11001,4644,2532,3756,10
2018,09/04/2018,Harrison,8377,3757,2028,2536,10
2018,09/04/2018,Henry,12480,5014,2646,4755,8
2018,09/04/2018,Howard,5784,1487,1650,2626,1
2018,09/04/2018,Humboldt,6245,2684,1209,2327,3
2018,09/04/2018,Ida,4679,2181,780,1699,3
2018,09/04/2018,Iowa,11458,4063,2556,4770,10
2018,09/04/2018,Jackson,13857,3089,4866,5861,8
2018,09/04/2018,Jasper,24544,7435,8125,8870,17
2018,09/04/2018,Jefferson,10228,3156,4181,2803,31
2018,09/04/2018,Johnson,91877,18038,43729,29243,181
2018,09/04/2018,Jones,12978,3964,3051,5924,5
2018,09/04/2018,Keokuk,6406,2388,1782,2213,5
2018,09/04/2018,Kossuth,10775,3458,3003,4275,9
2018,09/04/2018,Lee,21422,4477,8784,8022,22
2018,09/04/2018,Linn,142583,37923,51611,51479,301
2018,09/04/2018,Louisa,6721,2381,1650,2664,5
2018,09/04/2018,Lucas,5502,2290,1230,1963,3
2018,09/04/2018,Lyon,7992,5675,767,1532,1
2018,09/04/2018,Madison,10766,4225,2646,3836,9
2018,09/04/2018,Mahaska,13636,6969,2373,4196,13
2018,09/04/2018,Marion,22280,9668,5072,7426,18
2018,09/04/2018,Marshall,22994,7182,7054,8637,31
2018,09/04/2018,Mills,9973,5014,1935,2925,19
2018,09/04/2018,Mitchell,6832,2501,1605,2708,5
2018,09/04/2018,Monona,5910,2076,1617,2188,8
2018,09/04/2018,Monroe,4703,1723,1433,1534,0
2018,09/04/2018,Montgomery,6875,3531,1083,2237,6
2018,09/04/2018,Muscatine,26271,7895,7849,10368,42
2018,09/04/2018,O'Brien,9244,5701,1138,2368,8
2018,09/04/2018,Osceola,4039,2478,450,1098,5
2018,09/04/2018,Page,9360,4924,1508,2888,10
2018,09/04/2018,Palo Alto,6040,1860,1879,2277,6
2018,09/04/2018,Plymouth,16786,8359,3017,5320,24
2018,09/04/2018,Pocahontas,4763,1966,944,1827,3
2018,09/04/2018,Polk,284634,81455,114853,85447,480
2018,09/04/2018,Pottawattamie,56117,20883,15173,19480,117
2018,09/04/2018,Poweshiek,12758,3738,4120,4838,9
2018,09/04/2018,Ringgold,3020,1454,836,723,0
2018,09/04/2018,Sac,6800,3222,1234,2317,7
2018,09/04/2018,Scott,113775,31085,35445,46380,167
2018,09/04/2018,Shelby,7917,3550,1733,2610,2
2018,09/04/2018,Sioux,21219,15375,1739,4039,16
2018,09/04/2018,Story,59848,17334,19525,22228,144
2018,09/04/2018,Tama,11095,3329,2999,4721,8
2018,09/04/2018,Taylor,3730,1843,671,1198,0
2018,09/04/2018,Totals,1981371,643355,618914,704938,2681
2018,09/04/2018,Union,7564,2699,1664,3169,5
2018,09/04/2018,Van Buren,4658,2030,939,1660,8
2018,09/04/2018,Wapello,20057,5266,8006,6683,31
2018,09/04/2018,Warren,33021,11442,9799,11569,25
2018,09/04/2018,Washington,14111,5812,3096,5095,22
2018,09/04/2018,Wayne,3499,1418,898,1167,1
2018,09/04/2018,Webster,24051,7079,7664,9156,43
2018,09/04/2018,Winnebago,7248,2757,1480,2976,6
2018,09/04/2018,Winneshiek,13767,4304,4099,5308,20
2018,09/04/2018,Woodbury,56805,19768,17631,19033,67
2018,09/04/2018,Worth,5250,1886,1333,2018,1
2018,09/04/2018,Wright,7760,3448,1744,2532,7
2018,10/01/2018,Adair,4986,1986,986,1991,5
2018,10/01/2018,Adams,2684,1001,570,1106,1
2018,10/01/2018,Allamakee,9274,4081,2107,3053,8
2018,10/01/2018,Appanoose,8057,2955,2213,2854,8
2018,10/01/2018,Audubon,4146,1946,964,1215,2
2018,10/01/2018,Benton,17085,5713,3984,7298,14
2018,10/01/2018,Black Hawk,81262,20748,29623,30223,164
2018,10/01/2018,Boone,18166,5750,5245,7039,22
2018,10/01/2018,Bremer,16398,5092,3948,7280,8
2018,10/01/2018,Buchanan,13157,3190,3546,6375,4
2018,10/01/2018,Buena Vista,11363,4096,2881,4318,22
2018,10/01/2018,Butler,9625,4507,1697,3375,7
2018,10/01/2018,Calhoun,6351,2504,1279,2536,8
2018,10/01/2018,Carroll,13836,4277,3607,5873,17
2018,10/01/2018,Cass,9023,4647,1474,2864,7
2018,10/01/2018,Cedar,11764,3798,3182,4718,12
2018,10/01/2018,Cerro Gordo,29443,8040,8646,12651,19
2018,10/01/2018,Cherokee,7929,3703,1491,2698,5
2018,10/01/2018,Chickasaw,8105,2381,2411,3287,9
2018,10/01/2018,Clarke,5614,1981,1463,2143,5
2018,10/01/2018,Clay,10914,5428,1973,3462,6
2018,10/01/2018,Clayton,11460,3632,3211,4564,6
2018,10/01/2018,Clinton,30965,7753,9458,13615,32
2018,10/01/2018,Crawford,9463,3261,2447,3716,12
2018,10/01/2018,Dallas,55943,19506,13953,22042,51
2018,10/01/2018,Davis,4845,1703,1713,1412,3
2018,10/01/2018,Decatur,4378,1725,1289,1330,7
2018,10/01/2018,Delaware,11357,4322,2329,4658,9
2018,10/01/2018,Des Moines,25957,6649,10202,8938,31
2018,10/01/2018,Dickinson,12785,5837,2409,4470,7
2018,10/01/2018,Dubuque,64620,15974,25934,22268,88
2018,10/01/2018,Emmet,6284,1850,1692,2723,2
2018,10/01/2018,Fayette,11682,3983,3386,4252,14
2018,10/01/2018,Floyd,10309,2663,2834,4769,10
2018,10/01/2018,Franklin,6287,2985,1204,2073,4
2018,10/01/2018,Fremont,4691,2319,1007,1345,6
2018,10/01/2018,Greene,6259,2375,1650,2192,5
2018,10/01/2018,Grundy,8475,3928,1413,3092,8
2018,10/01/2018,Guthrie,7512,2839,1630,2992,3
2018,10/01/2018,Hamilton,9711,3922,2311,3428,9
2018,10/01/2018,Hancock,7434,3301,1396,2712,8
2018,10/01/2018,Hardin,11000,4640,2517,3774,10
2018,10/01/2018,Harrison,8412,3771,2040,2546,10
2018,10/01/2018,Henry,12483,5011,2641,4765,8
2018,10/01/2018,Howard,5807,1486,1654,2646,1
2018,10/01/2018,Humboldt,6258,2681,1212,2336,3
2018,10/01/2018,Ida,4688,2183,783,1702,3
2018,10/01/2018,Iowa,11495,4056,2567,4799,10
2018,10/01/2018,Jackson,13954,3111,4866,5937,9
2018,10/01/2018,Jasper,24589,7424,8128,8921,18
2018,10/01/2018,Jefferson,10310,3165,4187,2855,31
2018,10/01/2018,Johnson,92153,18020,43729,29545,178
2018,10/01/2018,Jones,13011,3955,3054,5964,5
2018,10/01/2018,Keokuk,6422,2390,1780,2229,5
2018,10/01/2018,Kossuth,10767,3458,2990,4281,9
2018,10/01/2018,Lee,21476,4496,8772,8065,22
2018,10/01/2018,Linn,143430,37980,51845,51992,311
2018,10/01/2018,Louisa,6735,2377,1653,2677,6
2018,10/01/2018,Lucas,5531,2297,1234,1981,3
2018,10/01/2018,Lyon,8007,5686,775,1528,1
2018,10/01/2018,Madison,10830,4240,2653,3872,9
2018,10/01/2018,Mahaska,13675,6971,2380,4226,13
2018,10/01/2018,Marion,22324,9672,5059,7477,20
2018,10/01/2018,Marshall,23023,7184,7044,8669,31
2018,10/01/2018,Mills,10005,5019,1943,2941,19
2018,10/01/2018,Mitchell,6843,2487,1601,2733,5
2018,10/01/2018,Monona,5914,2079,1618,2188,8
2018,10/01/2018,Monroe,4705,1727,1431,1532,0
2018,10/01/2018,Montgomery,6884,3518,1083,2257,6
2018,10/01/2018,Muscatine,26313,7896,7856,10403,42
2018,10/01/2018,O'Brien,9240,5695,1134,2374,8
2018,10/01/2018,Osceola,4045,2477,452,1103,5
2018,10/01/2018,Page,9394,4929,1524,2897,10
2018,10/01/2018,Palo Alto,6031,1873,1873,2262,6
2018,10/01/2018,Plymouth,16828,8367,3028,5341,23
2018,10/01/2018,Pocahontas,4773,1966,946,1837,3
2018,10/01/2018,Polk,286346,81519,115303,86562,485
2018,10/01/2018,Pottawattamie,56441,20943,15278,19634,120
2018,10/01/2018,Poweshiek,12924,3744,4169,4947,9
2018,10/01/2018,Ringgold,3028,1457,838,725,1
2018,10/01/2018,Sac,6822,3226,1241,2328,8
2018,10/01/2018,Scott,114164,31106,35508,46671,166
2018,10/01/2018,Shelby,7929,3556,1731,2615,2
2018,10/01/2018,Sioux,21249,15384,1746,4051,17
2018,10/01/2018,Story,60673,17415,19847,22626,144
2018,10/01/2018,Tama,11083,3325,2979,4732,8
2018,10/01/2018,Taylor,3738,1843,671,1204,0
2018,10/01/2018,Totals,1989962,644141,620639,710586,2720
2018,10/01/2018,Union,7590,2705,1666,3182,5
2018,10/01/2018,Van Buren,4673,2028,943,1675,8
2018,10/01/2018,Wapello,20106,5271,7989,6741,31
2018,10/01/2018,Warren,33279,11491,9858,11707,25
2018,10/01/2018,Washington,14151,5800,3101,5138,22
2018,10/01/2018,Wayne,3504,1423,899,1164,2
2018,10/01/2018,Webster,24058,7087,7641,9175,44
2018,10/01/2018,Winnebago,7268,2756,1488,2990,5
2018,10/01/2018,Winneshiek,13928,4312,4188,5365,23
2018,10/01/2018,Woodbury,57036,19796,17674,19174,68
2018,10/01/2018,Worth,5272,1892,1334,2031,1
2018,10/01/2018,Wright,7746,3424,1737,2544,7
2018,11/01/2018,Adair,5038,2010,999,1999,5
2018,11/01/2018,Adams,2692,1002,571,1112,1
2018,11/01/2018,Allamakee,9345,4106,2125,3075,10
2018,11/01/2018,Appanoose,8105,2971,2225,2874,8
2018,11/01/2018,Audubon,4156,1939,970,1225,2
2018,11/01/2018,Benton,17179,5742,3987,7352,16
2018,11/01/2018,Black Hawk,82207,21078,30130,30164,161
2018,11/01/2018,Boone,18327,5841,5293,7027,21
2018,11/01/2018,Bremer,16511,5138,3985,7283,9
2018,11/01/2018,Buchanan,13223,3222,3531,6418,5
2018,11/01/2018,Buena Vista,11403,4103,2903,4328,23
2018,11/01/2018,Butler,9686,4525,1710,3404,6
2018,11/01/2018,Calhoun,6390,2522,1297,2532,7
2018,11/01/2018,Carroll,13886,4300,3611,5897,17
2018,11/01/2018,Cass,9066,4656,1481,2890,8
2018,11/01/2018,Cedar,11920,3836,3186,4824,15
2018,11/01/2018,Cerro Gordo,29669,8108,8686,12758,24
2018,11/01/2018,Cherokee,7958,3711,1495,2708,7
2018,11/01/2018,Chickasaw,8144,2389,2409,3316,11
2018,11/01/2018,Clarke,5653,1991,1470,2163,5
2018,11/01/2018,Clay,10984,5440,1980,3511,5
2018,11/01/2018,Clayton,11523,3657,3222,4587,8
2018,11/01/2018,Clinton,31119,7803,9507,13663,37
2018,11/01/2018,Crawford,9489,3278,2455,3718,11
2018,11/01/2018,Dallas,57147,19996,14525,22091,55
2018,11/01/2018,Davis,4867,1731,1694,1424,3
2018,11/01/2018,Decatur,4483,1753,1312,1384,7
2018,11/01/2018,Delaware,11451,4343,2326,4729,9
2018,11/01/2018,Des Moines,26148,6690,10241,9039,35
2018,11/01/2018,Dickinson,12941,5878,2457,4530,7
2018,11/01/2018,Dubuque,65261,16223,26043,22488,94
2018,11/01/2018,Emmet,6289,1867,1689,2708,2
2018,11/01/2018,Fayette,11785,4009,3386,4329,14
2018,11/01/2018,Floyd,10380,2691,2833,4810,11
2018,11/01/2018,Franklin,6339,3005,1207,2098,4
2018,11/01/2018,Fremont,4766,2348,1022,1372,7
2018,11/01/2018,Greene,6301,2396,1653,2210,5
2018,11/01/2018,Grundy,8539,3948,1438,3107,6
2018,11/01/2018,Guthrie,7600,2870,1643,3035,3
2018,11/01/2018,Hamilton,9771,3936,2318,3456,12
2018,11/01/2018,Hancock,7485,3338,1406,2708,8
2018,11/01/2018,Hardin,11032,4649,2507,3805,9
2018,11/01/2018,Harrison,8611,3848,2080,2620,12
2018,11/01/2018,Henry,12581,5038,2654,4821,8
2018,11/01/2018,Howard,5856,1500,1658,2677,2
2018,11/01/2018,Humboldt,6266,2700,1202,2332,3
2018,11/01/2018,Ida,4687,2187,772,1703,4
2018,11/01/2018,Iowa,11578,4069,2572,4862,12
2018,11/01/2018,Jackson,14059,3129,4872,6019,9
2018,11/01/2018,Jasper,24771,7491,8122,9036,20
2018,11/01/2018,Jefferson,10435,3208,4211,2914,27
2018,11/01/2018,Johnson,94461,18221,44754,30540,188
2018,11/01/2018,Jones,13076,3980,3068,5991,5
2018,11/01/2018,Keokuk,6453,2406,1784,2241,5
2018,11/01/2018,Kossuth,10815,3469,2996,4310,9
2018,11/01/2018,Lee,21633,4547,8780,8161,21
2018,11/01/2018,Linn,145150,38164,52293,53042,304
2018,11/01/2018,Louisa,6771,2396,1668,2678,7
2018,11/01/2018,Lucas,5571,2303,1248,2001,3
2018,11/01/2018,Lyon,8038,5704,777,1539,1
2018,11/01/2018,Madison,10957,4318,2672,3888,11
2018,11/01/2018,Mahaska,13793,6995,2416,4282,13
2018,11/01/2018,Marion,22479,9718,5068,7571,21
2018,11/01/2018,Marshall,23211,7292,7168,8579,30
2018,11/01/2018,Mills,10161,5101,1966,2986,19
2018,11/01/2018,Mitchell,6923,2521,1609,2766,5
2018,11/01/2018,Monona,5941,2104,1608,2190,8
2018,11/01/2018,Monroe,4758,1744,1438,1556,0
2018,11/01/2018,Montgomery,6921,3527,1093,2265,8
2018,11/01/2018,Muscatine,26534,7943,7909,10512,50
2018,11/01/2018,O'Brien,9290,5723,1139,2390,10
2018,11/01/2018,Osceola,4058,2480,451,1113,5
2018,11/01/2018,Page,9458,4937,1546,2918,10
2018,11/01/2018,Palo Alto,6079,1903,1870,2275,7
2018,11/01/2018,Plymouth,16942,8401,3033,5412,24
2018,11/01/2018,Pocahontas,4829,1996,963,1842,2
2018,11/01/2018,Polk,291285,82482,116906,88764,504
2018,11/01/2018,Pottawattamie,57168,21147,15464,19934,127
2018,11/01/2018,Poweshiek,13077,3752,4200,5056,12
2018,11/01/2018,Ringgold,3099,1488,847,756,1
2018,11/01/2018,Sac,6862,3238,1239,2358,8
2018,11/01/2018,Scott,115337,31335,35821,47264,178
2018,11/01/2018,Shelby,8017,3608,1737,2640,3
2018,11/01/2018,Sioux,21350,15415,1772,4092,18
2018,11/01/2018,Story,61882,17511,20348,23177,159
2018,11/01/2018,Tama,11148,3346,2982,4768,11
2018,11/01/2018,Taylor,3791,1866,681,1220,0
2018,11/01/2018,Totals,2013140,649944,627430,719889,2859
2018,11/01/2018,Union,7623,2724,1698,3157,5
2018,11/01/2018,Van Buren,4700,2025,939,1709,9
2018,11/01/2018,Wapello,20322,5341,8040,6836,32
2018,11/01/2018,Warren,33793,11644,9979,11921,27
2018,11/01/2018,Washington,14231,5813,3102,5195,25
2018,11/01/2018,Wayne,3561,1456,905,1180,2
2018,11/01/2018,Webster,24163,7160,7656,9175,46
2018,11/01/2018,Winnebago,7320,2781,1499,3006,6
2018,11/01/2018,Winneshiek,14159,4357,4267,5472,23
2018,11/01/2018,Woodbury,57746,20014,17862,19422,79
2018,11/01/2018,Worth,5314,1905,1340,2048,1
2018,11/01/2018,Wright,7788,3434,1758,2556,7
2018,12/03/2018,Adair,5070,2024,996,2020,5
2018,12/03/2018,Adams,2705,1009,570,1117,1
2018,12/03/2018,Allamakee,9336,4090,2123,3084,10
2018,12/03/2018,Appanoose,8157,2985,2227,2908,8
2018,12/03/2018,Audubon,4153,1938,968,1227,2
2018,12/03/2018,Benton,17249,5766,3995,7387,17
2018,12/03/2018,Black Hawk,83108,21173,30360,30720,161
2018,12/03/2018,Boone,18449,5858,5284,7137,22
2018,12/03/2018,Bremer,16707,5169,4038,7394,9
2018,12/03/2018,Buchanan,13242,3229,3513,6448,5
2018,12/03/2018,Buena Vista,11431,4096,2917,4350,23
2018,12/03/2018,Butler,9639,4502,1701,3388,6
2018,12/03/2018,Calhoun,6431,2535,1297,2557,8
2018,12/03/2018,Carroll,13942,4305,3623,5932,16
2018,12/03/2018,Cass,9082,4660,1474,2907,8
2018,12/03/2018,Cedar,12035,3858,3186,4912,16
2018,12/03/2018,Cerro Gordo,29811,8140,8702,12852,24
2018,12/03/2018,Cherokee,7978,3699,1502,2733,7
2018,12/03/2018,Chickasaw,8167,2413,2401,3323,11
2018,12/03/2018,Clarke,5722,2004,1482,2203,5
2018,12/03/2018,Clay,11035,5455,1976,3549,5
2018,12/03/2018,Clayton,11588,3684,3219,4628,7
2018,12/03/2018,Clinton,31213,7825,9497,13740,37
2018,12/03/2018,Crawford,9540,3301,2475,3727,10
2018,12/03/2018,Dallas,58605,20386,14840,22827,58
2018,12/03/2018,Davis,4864,1744,1686,1417,3
2018,12/03/2018,Decatur,4566,1782,1327,1423,7
2018,12/03/2018,Delaware,11474,4346,2311,4763,10
2018,12/03/2018,Des Moines,26233,6704,10253,9097,37
2018,12/03/2018,Dickinson,13002,5899,2472,4553,7
2018,12/03/2018,Dubuque,65617,16272,26103,22731,93
2018,12/03/2018,Emmet,6316,1875,1694,2720,3
2018,12/03/2018,Fayette,11891,4040,3390,4401,14
2018,12/03/2018,Floyd,10422,2703,2838,4835,11
2018,12/03/2018,Franklin,6360,3001,1202,2125,4
2018,12/03/2018,Fremont,4815,2369,1027,1396,6
2018,12/03/2018,Greene,6260,2383,1645,2190,5
2018,12/03/2018,Grundy,8486,3929,1424,3087,6
2018,12/03/2018,Guthrie,7526,2839,1631,3004,3
2018,12/03/2018,Hamilton,9815,3944,2322,3489,11
2018,12/03/2018,Hancock,7520,3351,1412,2724,9
2018,12/03/2018,Hardin,11097,4674,2520,3833,9
2018,12/03/2018,Harrison,8675,3869,2078,2659,13
2018,12/03/2018,Henry,12669,5050,2671,4880,8
2018,12/03/2018,Howard,5886,1509,1653,2702,2
2018,12/03/2018,Humboldt,6317,2714,1209,2361,2
2018,12/03/2018,Ida,4688,2185,772,1706,4
2018,12/03/2018,Iowa,11623,4095,2561,4887,12
2018,12/03/2018,Jackson,14057,3137,4850,6031,9
2018,12/03/2018,Jasper,24930,7531,8128,9145,20
2018,12/03/2018,Jefferson,10506,3216,4204,2982,28
2018,12/03/2018,Johnson,97245,18524,45590,32160,195
2018,12/03/2018,Jones,13137,3995,3090,6011,5
2018,12/03/2018,Keokuk,6490,2405,1781,2280,5
2018,12/03/2018,Kossuth,10850,3486,2991,4332,9
2018,12/03/2018,Lee,21722,4569,8783,8225,21
2018,12/03/2018,Linn,146522,38338,52755,53738,307
2018,12/03/2018,Louisa,6790,2406,1667,2686,6
2018,12/03/2018,Lucas,5598,2318,1244,2014,4
2018,12/03/2018,Lyon,8049,5699,781,1551,1
2018,12/03/2018,Madison,11082,4364,2675,3962,10
2018,12/03/2018,Mahaska,13847,7016,2423,4303,13
2018,12/03/2018,Marion,22633,9748,5088,7676,19
2018,12/03/2018,Marshall,23408,7343,7206,8681,30
2018,12/03/2018,Mills,10245,5127,1984,3024,19
2018,12/03/2018,Mitchell,6920,2535,1598,2757,5
2018,12/03/2018,Monona,5967,2122,1605,2200,8
2018,12/03/2018,Monroe,4793,1752,1443,1578,0
2018,12/03/2018,Montgomery,6961,3541,1095,2288,7
2018,12/03/2018,Muscatine,26718,7975,7953,10619,50
2018,12/03/2018,O'Brien,9338,5729,1150,2418,10
2018,12/03/2018,Osceola,4078,2495,455,1115,5
2018,12/03/2018,Page,9512,4958,1547,2948,12
2018,12/03/2018,Palo Alto,6089,1905,1863,2289,7
2018,12/03/2018,Plymouth,17027,8435,3045,5448,22
2018,12/03/2018,Pocahontas,4845,2009,957,1847,3
2018,12/03/2018,Polk,291423,82392,116891,88972,506
2018,12/03/2018,Pottawattamie,57769,21322,15575,20229,135
2018,12/03/2018,Poweshiek,13152,3765,4230,5088,13
2018,12/03/2018,Ringgold,3124,1498,848,769,1
2018,12/03/2018,Sac,6894,3250,1247,2370,8
2018,12/03/2018,Scott,116153,31454,35978,47787,179
2018,12/03/2018,Shelby,8068,3623,1745,2668,3
2018,12/03/2018,Sioux,21510,15480,1796,4162,18
2018,12/03/2018,Story,64262,17836,20878,24663,162
2018,12/03/2018,Tama,11212,3362,3007,4790,11
2018,12/03/2018,Taylor,3810,1880,681,1224,0
2018,12/03/2018,Totals,2029540,652937,630696,729695,2890
2018,12/03/2018,Union,7686,2739,1714,3187,6
2018,12/03/2018,Van Buren,4716,2027,944,1719,8
2018,12/03/2018,Wapello,20390,5394,8019,6869,31
2018,12/03/2018,Warren,34218,11741,10024,12202,28
2018,12/03/2018,Washington,14333,5850,3111,5252,24
2018,12/03/2018,Wayne,3611,1472,914,1203,3
2018,12/03/2018,Webster,24209,7173,7666,9199,46
2018,12/03/2018,Winnebago,7363,2786,1508,3034,6
2018,12/03/2018,Winneshiek,14289,4376,4279,5571,23
2018,12/03/2018,Woodbury,58309,20125,18021,19711,79
2018,12/03/2018,Worth,5355,1913,1340,2080,1
2018,12/03/2018,Wright,7808,3420,1762,2585,9
2019,01/02/2019,Adair,5081,2022,993,2036,5
2019,01/02/2019,Adams,2700,1007,568,1116,1
2019,01/02/2019,Allamakee,9327,4087,2116,3087,9
2019,01/02/2019,Appanoose,8162,2988,2222,2914,9
2019,01/02/2019,Audubon,4144,1937,965,1222,2
2019,01/02/2019,Benton,17253,5761,3986,7404,17
2019,01/02/2019,Black Hawk,82970,21091,30269,30765,161
2019,01/02/2019,Boone,18416,5846,5254,7148,22
2019,01/02/2019,Bremer,16709,5163,4033,7409,8
2019,01/02/2019,Buchanan,13224,3220,3501,6451,5
2019,01/02/2019,Buena Vista,11458,4098,2925,4366,24
2019,01/02/2019,Butler,9760,4530,1716,3464,6
2019,01/02/2019,Calhoun,6450,2541,1299,2568,8
2019,01/02/2019,Carroll,13935,4306,3613,5934,16
2019,01/02/2019,Cass,9073,4651,1467,2914,8
2019,01/02/2019,Cedar,12022,3851,3179,4914,16
2019,01/02/2019,Cerro Gordo,29853,8149,8705,12880,25
2019,01/02/2019,Cherokee,7965,3691,1495,2735,7
2019,01/02/2019,Chickasaw,8180,2422,2391,3336,11
2019,01/02/2019,Clarke,5704,1998,1473,2201,5
2019,01/02/2019,Clay,11037,5450,1971,3561,5
2019,01/02/2019,Clayton,11598,3690,3208,4645,7
2019,01/02/2019,Clinton,31201,7817,9476,13755,37
2019,01/02/2019,Crawford,9522,3298,2468,3719,10
2019,01/02/2019,Dallas,58548,20350,14780,22872,57
2019,01/02/2019,Davis,4864,1743,1685,1419,3
2019,01/02/2019,Decatur,4556,1787,1319,1417,6
2019,01/02/2019,Delaware,11461,4345,2303,4759,10
2019,01/02/2019,Des Moines,26289,6715,10263,9131,38
2019,01/02/2019,Dickinson,13007,5897,2473,4558,7
2019,01/02/2019,Dubuque,65582,16252,26051,22771,93
2019,01/02/2019,Emmet,6307,1870,1691,2719,3
2019,01/02/2019,Fayette,11880,4031,3386,4402,15
2019,01/02/2019,Floyd,10398,2694,2825,4833,11
2019,01/02/2019,Franklin,6355,2997,1200,2126,4
2019,01/02/2019,Fremont,4813,2366,1024,1400,6
2019,01/02/2019,Greene,6298,2386,1651,2216,5
2019,01/02/2019,Grundy,8587,3961,1438,3142,6
2019,01/02/2019,Guthrie,7531,2840,1626,3013,3
2019,01/02/2019,Hamilton,9809,3924,2316,3507,11
2019,01/02/2019,Hancock,7503,3343,1407,2720,9
2019,01/02/2019,Hardin,11086,4676,2518,3822,9
2019,01/02/2019,Harrison,8670,3859,2079,2663,13
2019,01/02/2019,Henry,12684,5052,2666,4898,8
2019,01/02/2019,Howard,5876,1505,1645,2704,2
2019,01/02/2019,Humboldt,6310,2713,1209,2355,2
2019,01/02/2019,Ida,4694,2183,770,1716,4
2019,01/02/2019,Iowa,11619,4098,2554,4886,12
2019,01/02/2019,Jackson,14065,3136,4846,6045,9
2019,01/02/2019,Jasper,24935,7533,8123,9153,21
2019,01/02/2019,Jefferson,10496,3210,4204,2979,28
2019,01/02/2019,Johnson,97177,18498,45497,32211,194
2019,01/02/2019,Jones,13137,3989,3084,6023,5
2019,01/02/2019,Keokuk,6484,2400,1778,2282,5
2019,01/02/2019,Kossuth,10833,3482,2979,4331,9
2019,01/02/2019,Lee,21685,4560,8763,8217,22
2019,01/02/2019,Linn,146465,38278,52698,53799,304
2019,01/02/2019,Louisa,6799,2410,1669,2689,6
2019,01/02/2019,Lucas,5590,2312,1240,2016,4
2019,01/02/2019,Lyon,8059,5704,783,1554,1
2019,01/02/2019,Madison,11054,4354,2654,3964,11
2019,01/02/2019,Mahaska,13878,7017,2428,4329,13
2019,01/02/2019,Marion,22676,9764,5079,7709,19
2019,01/02/2019,Marshall,23354,7321,7185,8673,31
2019,01/02/2019,Mills,10250,5127,1985,3026,20
2019,01/02/2019,Mitchell,6920,2536,1598,2756,5
2019,01/02/2019,Monona,5945,2116,1604,2185,8
2019,01/02/2019,Monroe,4782,1747,1439,1576,0
2019,01/02/2019,Montgomery,6956,3523,1092,2304,7
2019,01/02/2019,Muscatine,26691,7963,7925,10632,50
2019,01/02/2019,O'Brien,9347,5732,1152,2422,10
2019,01/02/2019,Osceola,4084,2496,456,1119,5
2019,01/02/2019,Page,9500,4950,1539,2951,12
2019,01/02/2019,Palo Alto,6085,1904,1862,2287,7
2019,01/02/2019,Plymouth,17020,8425,3034,5459,22
2019,01/02/2019,Pocahontas,4836,2005,951,1848,3
2019,01/02/2019,Polk,295616,83123,118276,90920,520
2019,01/02/2019,Pottawattamie,57885,21353,15586,20300,133
2019,01/02/2019,Poweshiek,13138,3765,4207,5095,13
2019,01/02/2019,Ringgold,3119,1497,845,769,0
2019,01/02/2019,Sac,6910,3254,1247,2382,8
2019,01/02/2019,Scott,116380,31461,36001,47982,179
2019,01/02/2019,Shelby,8078,3617,1746,2682,3
2019,01/02/2019,Sioux,21518,15461,1799,4184,19
2019,01/02/2019,Story,64038,17779,20784,24594,163
2019,01/02/2019,Tama,11246,3358,3010,4825,11
2019,01/02/2019,Taylor,3804,1875,681,1222,1
2019,01/02/2019,Totals,2033544,653172,631136,732891,2908
2019,01/02/2019,Union,7679,2738,1706,3189,6
2019,01/02/2019,Van Buren,4718,2028,932,1731,8
2019,01/02/2019,Wapello,20386,5388,8020,6869,32
2019,01/02/2019,Warren,34186,11724,9996,12215,28
2019,01/02/2019,Washington,14322,5851,3104,5244,24
2019,01/02/2019,Wayne,3602,1469,913,1198,3
2019,01/02/2019,Webster,24158,7146,7628,9212,47
2019,01/02/2019,Winnebago,7362,2785,1495,3046,6
2019,01/02/2019,Winneshiek,14293,4376,4275,5579,23
2019,01/02/2019,Woodbury,58390,20109,17969,19861,79
2019,01/02/2019,Worth,5339,1905,1335,2077,1
2019,01/02/2019,Wright,7803,3417,1762,2583,9
2019,02/01/2019,Adair,5082,2017,994,2043,28
2019,02/01/2019,Adams,2702,1008,567,1118,9
2019,02/01/2019,Allamakee,9335,4092,2116,3089,38
2019,02/01/2019,Appanoose,8173,2990,2220,2925,38
2019,02/01/2019,Audubon,4141,1934,962,1225,20
2019,02/01/2019,Benton,17269,5759,3978,7428,104
2019,02/01/2019,Black Hawk,82934,21056,30212,30824,842
2019,02/01/2019,Boone,18445,5853,5246,7178,168
2019,02/01/2019,Bremer,16726,5160,4019,7443,104
2019,02/01/2019,Buchanan,13241,3219,3495,6473,54
2019,02/01/2019,Buena Vista,11454,4104,2919,4360,71
2019,02/01/2019,Butler,9764,4530,1713,3470,51
2019,02/01/2019,Calhoun,6433,2529,1297,2564,43
2019,02/01/2019,Carroll,13954,4323,3597,5952,82
2019,02/01/2019,Cass,9072,4645,1461,2925,41
2019,02/01/2019,Cedar,12015,3845,3171,4921,78
2019,02/01/2019,Cerro Gordo,29669,8097,8625,12826,121
2019,02/01/2019,Cherokee,7961,3688,1491,2738,44
2019,02/01/2019,Chickasaw,8168,2412,2385,3340,31
2019,02/01/2019,Clarke,5704,1997,1470,2205,32
2019,02/01/2019,Clay,11058,5453,1974,3576,55
2019,02/01/2019,Clayton,11590,3687,3197,4651,55
2019,02/01/2019,Clinton,31221,7824,9461,13783,153
2019,02/01/2019,Crawford,9524,3296,2471,3720,37
2019,02/01/2019,Dallas,58653,20346,14761,22999,547
2019,02/01/2019,Davis,4868,1745,1681,1424,18
2019,02/01/2019,Decatur,4541,1782,1311,1416,32
2019,02/01/2019,Delaware,11467,4349,2296,4769,53
2019,02/01/2019,Des Moines,26301,6716,10261,9144,180
2019,02/01/2019,Dickinson,13007,5898,2459,4571,79
2019,02/01/2019,Dubuque,65607,16245,26016,22838,508
2019,02/01/2019,Emmet,6308,1872,1687,2720,29
2019,02/01/2019,Fayette,11865,4027,3378,4399,61
2019,02/01/2019,Floyd,10399,2698,2818,4837,46
2019,02/01/2019,Franklin,6358,2996,1200,2130,32
2019,02/01/2019,Fremont,4818,2368,1024,1401,25
2019,02/01/2019,Greene,6282,2369,1650,2217,46
2019,02/01/2019,Grundy,8577,3959,1433,3139,46
2019,02/01/2019,Guthrie,7601,2868,1624,3057,52
2019,02/01/2019,Hamilton,9815,3932,2310,3511,62
2019,02/01/2019,Hancock,7499,3340,1405,2721,33
2019,02/01/2019,Hardin,11066,4665,2510,3820,71
2019,02/01/2019,Harrison,8654,3857,2070,2658,69
2019,02/01/2019,Henry,12656,5034,2648,4906,68
2019,02/01/2019,Howard,5876,1516,1634,2703,23
2019,02/01/2019,Humboldt,6307,2709,1208,2357,33
2019,02/01/2019,Ida,4698,2193,769,1711,25
2019,02/01/2019,Iowa,11626,4099,2550,4896,81
2019,02/01/2019,Jackson,14063,3140,4828,6057,38
2019,02/01/2019,Jasper,25000,7547,8108,9221,124
2019,02/01/2019,Jefferson,10520,3214,4216,2986,104
2019,02/01/2019,Johnson,97239,18501,45456,32311,971
2019,02/01/2019,Jones,13142,3984,3075,6042,41
2019,02/01/2019,Keokuk,6488,2406,1776,2283,23
2019,02/01/2019,Kossuth,10838,3482,2974,4341,41
2019,02/01/2019,Lee,21690,4566,8738,8239,147
2019,02/01/2019,Linn,146584,38277,52660,53959,1688
2019,02/01/2019,Louisa,6802,2408,1665,2698,31
2019,02/01/2019,Lucas,5601,2314,1239,2026,22
2019,02/01/2019,Lyon,8085,5721,783,1563,18
2019,02/01/2019,Madison,11057,4355,2645,3974,83
2019,02/01/2019,Mahaska,13848,7005,2423,4315,105
2019,02/01/2019,Marion,22659,9751,5076,7708,124
2019,02/01/2019,Marshall,23350,7306,7175,8696,173
2019,02/01/2019,Mills,10278,5141,1985,3038,114
2019,02/01/2019,Mitchell,6922,2534,1595,2763,30
2019,02/01/2019,Monona,5902,2102,1592,2168,40
2019,02/01/2019,Monroe,4790,1748,1436,1586,20
2019,02/01/2019,Montgomery,6958,3520,1090,2311,37
2019,02/01/2019,Muscatine,26703,7961,7908,10662,172
2019,02/01/2019,O'Brien,9383,5742,1146,2452,43
2019,02/01/2019,Osceola,4077,2491,456,1117,13
2019,02/01/2019,Page,9498,4946,1539,2954,59
2019,02/01/2019,Palo Alto,6073,1900,1857,2284,32
2019,02/01/2019,Plymouth,17027,8423,3035,5467,102
2019,02/01/2019,Pocahontas,4843,2010,946,1854,33
2019,02/01/2019,Polk,295678,82994,117988,91395,3301
2019,02/01/2019,Pottawattamie,57968,21368,15574,20378,648
2019,02/01/2019,Poweshiek,13164,3757,4205,5131,71
2019,02/01/2019,Ringgold,3122,1495,844,775,8
2019,02/01/2019,Sac,6906,3245,1243,2391,27
2019,02/01/2019,Scott,116455,31416,35968,48132,939
2019,02/01/2019,Shelby,8081,3617,1745,2686,33
2019,02/01/2019,Sioux,21533,15458,1795,4205,75
2019,02/01/2019,Story,64046,17744,20771,24643,888
2019,02/01/2019,Tama,11241,3350,3009,4828,54
2019,02/01/2019,Taylor,3803,1874,678,1225,26
2019,02/01/2019,Totals,2034278,652823,630018,735055,16382
2019,02/01/2019,Union,7689,2733,1700,3209,47
2019,02/01/2019,Van Buren,4725,2021,929,1749,26
2019,02/01/2019,Wapello,20394,5396,7995,6894,109
2019,02/01/2019,Warren,34244,11732,9994,12264,254
2019,02/01/2019,Washington,14347,5846,3108,5269,124
2019,02/01/2019,Wayne,3595,1467,909,1197,22
2019,02/01/2019,Webster,24157,7156,7609,9218,174
2019,02/01/2019,Winnebago,7372,2783,1492,3061,36
2019,02/01/2019,Winneshiek,14268,4365,4267,5573,63
2019,02/01/2019,Woodbury,58441,20089,17939,19964,449
2019,02/01/2019,Worth,5340,1905,1331,2083,21
2019,02/01/2019,Wright,7805,3416,1759,2589,41
2019,03/01/2019,Adair,5031,1995,983,2024,29
2019,03/01/2019,Adams,2645,997,556,1084,8
2019,03/01/2019,Allamakee,9210,4050,2086,3035,39
2019,03/01/2019,Appanoose,8036,2953,2179,2867,37
2019,03/01/2019,Audubon,4056,1904,943,1189,20
2019,03/01/2019,Benton,17066,5694,3938,7334,100
2019,03/01/2019,Black Hawk,81663,20715,29779,30346,823
2019,03/01/2019,Boone,18094,5747,5153,7032,162
2019,03/01/2019,Bremer,16537,5106,3971,7355,105
2019,03/01/2019,Buchanan,13073,3187,3456,6379,51
2019,03/01/2019,Buena Vista,11305,4056,2875,4299,75
2019,03/01/2019,Butler,9639,4480,1691,3418,50
2019,03/01/2019,Calhoun,6351,2504,1280,2524,43
2019,03/01/2019,Carroll,13791,4269,3550,5894,78
2019,03/01/2019,Cass,8965,4612,1435,2879,39
2019,03/01/2019,Cedar,11841,3800,3120,4844,77
2019,03/01/2019,Cerro Gordo,29160,7963,8497,12580,120
2019,03/01/2019,Cherokee,7871,3648,1480,2701,42
2019,03/01/2019,Chickasaw,8066,2392,2356,3289,29
2019,03/01/2019,Clarke,5586,1956,1437,2164,29
2019,03/01/2019,Clay,10908,5382,1946,3526,54
2019,03/01/2019,Clayton,11482,3654,3159,4615,54
2019,03/01/2019,Clinton,30819,7729,9312,13625,153
2019,03/01/2019,Crawford,9396,3262,2444,3655,35
2019,03/01/2019,Dallas,57083,19856,14362,22341,524
2019,03/01/2019,Davis,4790,1724,1656,1392,18
2019,03/01/2019,Decatur,4491,1769,1300,1391,31
2019,03/01/2019,Delaware,11350,4318,2267,4716,49
2019,03/01/2019,Des Moines,25978,6653,10120,9028,177
2019,03/01/2019,Dickinson,12805,5831,2417,4481,76
2019,03/01/2019,Dubuque,64793,16050,25697,22544,502
2019,03/01/2019,Emmet,6240,1856,1677,2679,28
2019,03/01/2019,Fayette,11724,3986,3339,4338,61
2019,03/01/2019,Floyd,10239,2652,2782,4761,44
2019,03/01/2019,Franklin,6305,2965,1192,2116,32
2019,03/01/2019,Fremont,4746,2335,1009,1376,26
2019,03/01/2019,Greene,6207,2339,1634,2190,44
2019,03/01/2019,Grundy,8478,3920,1404,3109,45
2019,03/01/2019,Guthrie,7477,2837,1600,2990,50
2019,03/01/2019,Hamilton,9702,3895,2290,3457,60
2019,03/01/2019,Hancock,7402,3308,1377,2684,33
2019,03/01/2019,Hardin,10902,4601,2458,3773,70
2019,03/01/2019,Harrison,8505,3797,2036,2603,69
2019,03/01/2019,Henry,12456,4974,2611,4802,69
2019,03/01/2019,Howard,5803,1498,1618,2665,22
2019,03/01/2019,Humboldt,6194,2672,1185,2305,32
2019,03/01/2019,Ida,4653,2175,762,1691,25
2019,03/01/2019,Iowa,11487,4057,2522,4830,78
2019,03/01/2019,Jackson,13876,3081,4777,5983,35
2019,03/01/2019,Jasper,24648,7457,7988,9077,126
2019,03/01/2019,Jefferson,10354,3171,4143,2938,102
2019,03/01/2019,Johnson,95023,18059,44477,31554,933
2019,03/01/2019,Jones,12998,3937,3040,5982,39
2019,03/01/2019,Keokuk,6400,2376,1746,2256,22
2019,03/01/2019,Kossuth,10713,3451,2947,4276,39
2019,03/01/2019,Lee,21397,4517,8628,8112,140
2019,03/01/2019,Linn,144374,37581,51903,53250,1640
2019,03/01/2019,Louisa,6710,2386,1635,2657,32
2019,03/01/2019,Lucas,5520,2290,1219,1989,22
2019,03/01/2019,Lyon,8007,5675,773,1541,18
2019,03/01/2019,Madison,10868,4293,2595,3897,83
2019,03/01/2019,Mahaska,13618,6905,2392,4217,104
2019,03/01/2019,Marion,22400,9667,5011,7599,123
2019,03/01/2019,Marshall,23027,7207,7104,8547,169
2019,03/01/2019,Mills,10285,5140,1983,3048,114
2019,03/01/2019,Mitchell,6839,2506,1576,2728,29
2019,03/01/2019,Monona,5763,2058,1561,2105,39
2019,03/01/2019,Monroe,4724,1731,1415,1558,20
2019,03/01/2019,Montgomery,6834,3477,1066,2257,34
2019,03/01/2019,Muscatine,26275,7821,7790,10497,167
2019,03/01/2019,O'Brien,9211,5639,1116,2412,44
2019,03/01/2019,Osceola,4030,2459,451,1107,13
2019,03/01/2019,Page,9346,4878,1507,2904,57
2019,03/01/2019,Palo Alto,6005,1887,1839,2250,29
2019,03/01/2019,Plymouth,16799,8309,2984,5408,98
2019,03/01/2019,Pocahontas,4772,1993,922,1826,31
2019,03/01/2019,Polk,291226,81623,116271,90094,3238
2019,03/01/2019,Pottawattamie,57010,21045,15304,20030,631
2019,03/01/2019,Poweshiek,12946,3703,4140,5034,69
2019,03/01/2019,Ringgold,3077,1478,834,757,8
2019,03/01/2019,Sac,6855,3222,1230,2377,26
2019,03/01/2019,Scott,114251,30819,35330,47182,920
2019,03/01/2019,Shelby,7972,3574,1717,2648,33
2019,03/01/2019,Sioux,21313,15345,1764,4131,73
2019,03/01/2019,Story,62660,17358,20323,24122,857
2019,03/01/2019,Tama,11082,3303,2976,4750,53
2019,03/01/2019,Taylor,3753,1854,667,1207,25
2019,03/01/2019,Totals,2002920,643367,620306,723257,15990
2019,03/01/2019,Union,7556,2694,1665,3151,46
2019,03/01/2019,Van Buren,4652,1989,908,1729,26
2019,03/01/2019,Wapello,20154,5327,7907,6813,107
2019,03/01/2019,Warren,33730,11563,9841,12079,247
2019,03/01/2019,Washington,14182,5777,3070,5215,120
2019,03/01/2019,Wayne,3549,1451,902,1176,20
2019,03/01/2019,Webster,23672,7006,7474,9022,170
2019,03/01/2019,Winnebago,7265,2739,1479,3012,35
2019,03/01/2019,Winneshiek,14109,4321,4216,5513,59
2019,03/01/2019,Woodbury,57662,19829,17694,19692,447
2019,03/01/2019,Worth,5341,1900,1330,2090,21
2019,03/01/2019,Wright,7686,3373,1735,2538,40
2019,04/01/2019,Adair,5039,1992,979,2039,29
2019,04/01/2019,Adams,2644,996,555,1085,8
2019,04/01/2019,Allamakee,9205,4046,2086,3033,40
2019,04/01/2019,Appanoose,8052,2958,2177,2879,38
2019,04/01/2019,Audubon,4059,1901,947,1191,20
2019,04/01/2019,Benton,17080,5702,3936,7342,100
2019,04/01/2019,Black Hawk,81799,20739,29848,30385,827
2019,04/01/2019,Boone,18101,5754,5136,7048,163
2019,04/01/2019,Bremer,16554,5113,3972,7365,104
2019,04/01/2019,Buchanan,13074,3178,3446,6401,49
2019,04/01/2019,Buena Vista,11336,4061,2882,4316,77
2019,04/01/2019,Butler,9622,4469,1685,3417,51
2019,04/01/2019,Calhoun,6360,2504,1277,2536,43
2019,04/01/2019,Carroll,13816,4283,3543,5912,78
2019,04/01/2019,Cass,8982,4612,1437,2895,38
2019,04/01/2019,Cedar,11839,3802,3118,4842,77
2019,04/01/2019,Cerro Gordo,29175,7964,8485,12608,118
2019,04/01/2019,Cherokee,7867,3644,1475,2706,42
2019,04/01/2019,Chickasaw,8083,2395,2355,3304,29
2019,04/01/2019,Clarke,5600,1962,1440,2167,31
2019,04/01/2019,Clay,10908,5376,1945,3533,54
2019,04/01/2019,Clayton,11487,3655,3152,4627,53
2019,04/01/2019,Clinton,30867,7717,9309,13685,156
2019,04/01/2019,Crawford,9371,3255,2425,3657,34
2019,04/01/2019,Dallas,57273,19895,14386,22467,525
2019,04/01/2019,Davis,4791,1727,1652,1393,19
2019,04/01/2019,Decatur,4485,1770,1294,1390,31
2019,04/01/2019,Delaware,11372,4322,2264,4737,49
2019,04/01/2019,Des Moines,25999,6650,10121,9051,177
2019,04/01/2019,Dickinson,12836,5844,2419,4497,76
2019,04/01/2019,Dubuque,64897,16076,25709,22610,502
2019,04/01/2019,Emmet,6242,1853,1677,2685,27
2019,04/01/2019,Fayette,11716,3981,3327,4347,61
2019,04/01/2019,Floyd,10268,2656,2792,4776,44
2019,04/01/2019,Franklin,6312,2964,1191,2126,31
2019,04/01/2019,Fremont,4736,2330,1004,1374,28
2019,04/01/2019,Greene,6212,2337,1632,2200,43
2019,04/01/2019,Grundy,8511,3931,1405,3130,45
2019,04/01/2019,Guthrie,7491,2836,1597,3006,52
2019,04/01/2019,Hamilton,9708,3889,2287,3472,60
2019,04/01/2019,Hancock,7395,3302,1377,2683,33
2019,04/01/2019,Hardin,10963,4612,2458,3823,70
2019,04/01/2019,Harrison,8518,3799,2035,2615,69
2019,04/01/2019,Henry,12513,4987,2621,4837,68
2019,04/01/2019,Howard,5810,1498,1618,2672,22
2019,04/01/2019,Humboldt,6180,2665,1175,2308,32
2019,04/01/2019,Ida,4658,2172,761,1700,25
2019,04/01/2019,Iowa,11494,4057,2518,4842,77
2019,04/01/2019,Jackson,13904,3076,4766,6027,35
2019,04/01/2019,Jasper,24722,7472,7979,9144,127
2019,04/01/2019,Jefferson,10348,3166,4137,2943,102
2019,04/01/2019,Johnson,95133,18064,44465,31671,933
2019,04/01/2019,Jones,13007,3930,3031,6006,40
2019,04/01/2019,Keokuk,6405,2374,1749,2261,21
2019,04/01/2019,Kossuth,10704,3448,2933,4284,39
2019,04/01/2019,Lee,21428,4520,8611,8158,139
2019,04/01/2019,Linn,144601,37613,51883,53459,1646
2019,04/01/2019,Louisa,6709,2382,1631,2663,33
2019,04/01/2019,Lucas,5515,2287,1214,1992,22
2019,04/01/2019,Lyon,8020,5688,772,1542,18
2019,04/01/2019,Madison,10873,4290,2591,3908,84
2019,04/01/2019,Mahaska,13641,6903,2386,4249,103
2019,04/01/2019,Marion,22444,9674,5004,7644,122
2019,04/01/2019,Marshall,23025,7196,7084,8572,173
2019,04/01/2019,Mills,10295,5147,1977,3058,113
2019,04/01/2019,Mitchell,6836,2502,1577,2728,29
2019,04/01/2019,Monona,5787,2067,1562,2120,38
2019,04/01/2019,Monroe,4726,1733,1413,1560,20
2019,04/01/2019,Montgomery,6835,3471,1063,2267,34
2019,04/01/2019,Muscatine,26327,7820,7793,10546,168
2019,04/01/2019,O'Brien,9210,5635,1114,2417,44
2019,04/01/2019,Osceola,4026,2457,450,1106,13
2019,04/01/2019,Page,9343,4869,1504,2914,56
2019,04/01/2019,Palo Alto,6010,1891,1838,2252,29
2019,04/01/2019,Plymouth,16818,8310,2985,5425,98
2019,04/01/2019,Pocahontas,4781,2000,917,1833,31
2019,04/01/2019,Polk,291578,81542,116060,90754,3222
2019,04/01/2019,Pottawattamie,57056,21034,15300,20084,638
2019,04/01/2019,Poweshiek,12972,3710,4139,5054,69
2019,04/01/2019,Ringgold,3073,1480,828,757,8
2019,04/01/2019,Sac,6855,3216,1225,2388,26
2019,04/01/2019,Scott,114442,30820,35314,47386,922
2019,04/01/2019,Shelby,7982,3573,1712,2664,33
2019,04/01/2019,Sioux,21361,15371,1767,4150,73
2019,04/01/2019,Story,62731,17380,20321,24172,858
2019,04/01/2019,Tama,11089,3300,2969,4767,53
2019,04/01/2019,Taylor,3754,1856,665,1209,24
2019,04/01/2019,Totals,2005452,643447,619782,726226,15997
2019,04/01/2019,Union,7562,2693,1661,3162,46
2019,04/01/2019,Van Buren,4653,1986,899,1741,27
2019,04/01/2019,Wapello,20182,5340,7892,6845,105
2019,04/01/2019,Warren,33762,11564,9827,12124,247
2019,04/01/2019,Washington,14215,5770,3064,5260,121
2019,04/01/2019,Wayne,3541,1447,902,1172,20
2019,04/01/2019,Webster,23710,7006,7459,9076,169
2019,04/01/2019,Winnebago,7279,2735,1481,3028,35
2019,04/01/2019,Winneshiek,14100,4307,4215,5519,59
2019,04/01/2019,Woodbury,57727,19823,17654,19804,446
2019,04/01/2019,Worth,5346,1903,1329,2093,21
2019,04/01/2019,Wright,7709,3375,1740,2554,40
2019,05/01/2019,Adair,5035,1995,976,2034,30
2019,05/01/2019,Adams,2632,994,546,1085,7
2019,05/01/2019,Allamakee,9210,4052,2077,3041,40
2019,05/01/2019,Appanoose,7968,2945,2154,2831,38
2019,05/01/2019,Audubon,4044,1896,944,1184,20
2019,05/01/2019,Benton,17036,5699,3921,7314,102
2019,05/01/2019,Black Hawk,81437,20667,29647,30308,815
2019,05/01/2019,Boone,18128,5760,5130,7075,163
2019,05/01/2019,Bremer,16578,5117,3970,7385,106
2019,05/01/2019,Buchanan,13039,3170,3426,6394,49
2019,05/01/2019,Buena Vista,11346,4069,2882,4319,76
2019,05/01/2019,Butler,9586,4458,1678,3399,51
2019,05/01/2019,Calhoun,6356,2501,1274,2537,44
2019,05/01/2019,Carroll,13831,4291,3525,5935,80
2019,05/01/2019,Cass,8947,4594,1430,2885,38
2019,05/01/2019,Cedar,11811,3791,3116,4825,79
2019,05/01/2019,Cerro Gordo,29165,7949,8461,12636,119
2019,05/01/2019,Cherokee,7809,3631,1463,2671,44
2019,05/01/2019,Chickasaw,8070,2398,2341,3303,28
2019,05/01/2019,Clarke,5574,1959,1437,2147,31
2019,05/01/2019,Clay,10879,5357,1932,3536,54
2019,05/01/2019,Clayton,11458,3649,3137,4620,52
2019,05/01/2019,Clinton,30706,7707,9230,13620,149
2019,05/01/2019,Crawford,9330,3257,2409,3630,34
2019,05/01/2019,Dallas,57285,19870,14377,22511,527
2019,05/01/2019,Davis,4797,1732,1649,1396,20
2019,05/01/2019,Decatur,4412,1757,1254,1370,31
2019,05/01/2019,Delaware,11335,4312,2255,4721,47
2019,05/01/2019,Des Moines,25882,6638,10060,9008,176
2019,05/01/2019,Dickinson,12710,5818,2387,4429,76
2019,05/01/2019,Dubuque,64626,16041,25563,22520,502
2019,05/01/2019,Emmet,6241,1852,1675,2687,27
2019,05/01/2019,Fayette,11726,3979,3323,4364,60
2019,05/01/2019,Floyd,10217,2655,2764,4755,43
2019,05/01/2019,Franklin,6308,2958,1187,2132,31
2019,05/01/2019,Fremont,4723,2326,1000,1370,27
2019,05/01/2019,Greene,6204,2330,1626,2204,44
2019,05/01/2019,Grundy,8512,3932,1403,3132,45
2019,05/01/2019,Guthrie,7496,2832,1588,3023,53
2019,05/01/2019,Hamilton,9686,3878,2283,3467,58
2019,05/01/2019,Hancock,7369,3290,1374,2670,35
2019,05/01/2019,Hardin,10924,4599,2438,3818,69
2019,05/01/2019,Harrison,8561,3809,2035,2644,73
2019,05/01/2019,Henry,12455,4970,2599,4816,70
2019,05/01/2019,Howard,5759,1489,1598,2649,23
2019,05/01/2019,Humboldt,6178,2663,1172,2310,33
2019,05/01/2019,Ida,4639,2168,754,1692,25
2019,05/01/2019,Iowa,11458,4046,2507,4828,77
2019,05/01/2019,Jackson,13899,3077,4754,6033,35
2019,05/01/2019,Jasper,24766,7478,7978,9185,125
2019,05/01/2019,Jefferson,10287,3158,4102,2927,100
2019,05/01/2019,Johnson,94666,17926,44243,31575,922
2019,05/01/2019,Jones,12953,3911,3011,5991,40
2019,05/01/2019,Keokuk,6382,2369,1742,2250,21
2019,05/01/2019,Kossuth,10698,3446,2922,4291,39
2019,05/01/2019,Lee,21292,4512,8547,8091,142
2019,05/01/2019,Linn,144353,37545,51657,53500,1651
2019,05/01/2019,Louisa,6697,2383,1621,2660,33
2019,05/01/2019,Lucas,5531,2292,1216,2001,22
2019,05/01/2019,Lyon,7997,5672,768,1539,18
2019,05/01/2019,Madison,10811,4273,2579,3875,84
2019,05/01/2019,Mahaska,13655,6899,2388,4266,102
2019,05/01/2019,Marion,22471,9674,4997,7678,122
2019,05/01/2019,Marshall,23046,7190,7080,8601,175
2019,05/01/2019,Mills,10282,5139,1974,3054,115
2019,05/01/2019,Mitchell,6827,2495,1577,2725,30
2019,05/01/2019,Monona,5776,2064,1558,2116,38
2019,05/01/2019,Monroe,4726,1733,1411,1562,20
2019,05/01/2019,Montgomery,6801,3463,1055,2249,34
2019,05/01/2019,Muscatine,26383,7822,7798,10595,168
2019,05/01/2019,O'Brien,9225,5637,1116,2427,45
2019,05/01/2019,Osceola,4002,2452,447,1090,13
2019,05/01/2019,Page,9343,4862,1498,2925,58
2019,05/01/2019,Palo Alto,5952,1882,1820,2221,29
2019,05/01/2019,Plymouth,16774,8297,2976,5406,95
2019,05/01/2019,Pocahontas,4750,1988,905,1826,31
2019,05/01/2019,Polk,290630,81238,115338,90861,3193
2019,05/01/2019,Pottawattamie,57176,21067,15298,20160,651
2019,05/01/2019,Poweshiek,12997,3716,4134,5079,68
2019,05/01/2019,Ringgold,3057,1478,824,748,7
2019,05/01/2019,Sac,6797,3203,1214,2356,24
2019,05/01/2019,Scott,114474,30783,35242,47531,918
2019,05/01/2019,Shelby,7903,3543,1693,2634,33
2019,05/01/2019,Sioux,21288,15307,1762,4149,70
2019,05/01/2019,Story,62793,17368,20307,24257,861
2019,05/01/2019,Tama,11046,3292,2955,4744,55
2019,05/01/2019,Taylor,3723,1840,658,1201,24
2019,05/01/2019,Totals,2000497,642064,616811,725664,15958
2019,05/01/2019,Union,7563,2694,1660,3163,46
2019,05/01/2019,Van Buren,4628,1976,887,1738,27
2019,05/01/2019,Wapello,19964,5312,7793,6755,104
2019,05/01/2019,Warren,33641,11533,9760,12099,249
2019,05/01/2019,Washington,14159,5747,3047,5251,114
2019,05/01/2019,Wayne,3519,1441,894,1164,20
2019,05/01/2019,Webster,23467,6971,7349,8978,169
2019,05/01/2019,Winnebago,7252,2729,1472,3017,34
2019,05/01/2019,Winneshiek,14102,4304,4210,5529,59
2019,05/01/2019,Woodbury,57511,19777,17542,19748,444
2019,05/01/2019,Worth,5327,1899,1322,2086,20
2019,05/01/2019,Wright,7657,3357,1733,2527,40
2019,06/03/2019,Adair,5035,1993,975,2038,29
2019,06/03/2019,Adams,2628,994,544,1082,8
2019,06/03/2019,Allamakee,9131,4029,2062,3000,40
2019,06/03/2019,Appanoose,7962,2942,2148,2834,38
2019,06/03/2019,Audubon,4040,1890,941,1190,19
2019,06/03/2019,Benton,17006,5690,3912,7299,105
2019,06/03/2019,Black Hawk,81019,20623,29513,30078,805
2019,06/03/2019,Boone,18042,5744,5098,7039,161
2019,06/03/2019,Bremer,16482,5089,3938,7348,107
2019,06/03/2019,Buchanan,13013,3159,3415,6390,49
2019,06/03/2019,Buena Vista,11208,4039,2852,4240,77
2019,06/03/2019,Butler,9551,4441,1668,3390,52
2019,06/03/2019,Calhoun,6328,2493,1264,2526,45
2019,06/03/2019,Carroll,13787,4288,3504,5915,80
2019,06/03/2019,Cass,8912,4575,1426,2872,39
2019,06/03/2019,Cedar,11762,3774,3099,4812,77
2019,06/03/2019,Cerro Gordo,28884,7895,8367,12500,122
2019,06/03/2019,Cherokee,7793,3622,1457,2670,44
2019,06/03/2019,Chickasaw,8053,2406,2325,3294,28
2019,06/03/2019,Clarke,5561,1956,1431,2143,31
2019,06/03/2019,Clay,10858,5343,1922,3536,57
2019,06/03/2019,Clayton,11460,3651,3126,4631,52
2019,06/03/2019,Clinton,30661,7696,9213,13603,149
2019,06/03/2019,Crawford,9288,3243,2407,3604,34
2019,06/03/2019,Dallas,57400,19877,14387,22610,526
2019,06/03/2019,Davis,4780,1735,1639,1386,20
2019,06/03/2019,Decatur,4396,1751,1253,1360,32
2019,06/03/2019,Delaware,11339,4309,2248,4735,47
2019,06/03/2019,Des Moines,25818,6617,10019,9008,174
2019,06/03/2019,Dickinson,12705,5829,2375,4424,77
2019,06/03/2019,Dubuque,64265,15983,25409,22373,500
2019,06/03/2019,Emmet,6166,1831,1662,2646,27
2019,06/03/2019,Fayette,11622,3955,3282,4325,60
2019,06/03/2019,Floyd,10189,2649,2755,4742,43
2019,06/03/2019,Franklin,6294,2947,1183,2133,31
2019,06/03/2019,Fremont,4695,2316,996,1356,27
2019,06/03/2019,Greene,6149,2319,1613,2175,42
2019,06/03/2019,Grundy,8501,3905,1407,3143,46
2019,06/03/2019,Guthrie,7452,2817,1579,3002,54
2019,06/03/2019,Hamilton,9693,3880,2283,3471,59
2019,06/03/2019,Hancock,7343,3278,1370,2660,35
2019,06/03/2019,Hardin,10891,4584,2428,3809,70
2019,06/03/2019,Harrison,8304,3721,1981,2531,71
2019,06/03/2019,Henry,12419,4957,2592,4801,69
2019,06/03/2019,Howard,5748,1488,1592,2644,24
2019,06/03/2019,Humboldt,6185,2665,1171,2316,33
2019,06/03/2019,Ida,4645,2171,753,1696,25
2019,06/03/2019,Iowa,11436,4038,2492,4826,80
2019,06/03/2019,Jackson,13849,3072,4727,6015,35
2019,06/03/2019,Jasper,24819,7485,7960,9246,128
2019,06/03/2019,Jefferson,10251,3155,4082,2917,97
2019,06/03/2019,Johnson,94232,17810,44036,31473,913
2019,06/03/2019,Jones,12921,3899,3000,5981,41
2019,06/03/2019,Keokuk,6373,2371,1735,2246,21
2019,06/03/2019,Kossuth,10631,3429,2903,4260,39
2019,06/03/2019,Lee,21217,4502,8504,8070,141
2019,06/03/2019,Linn,144232,37524,51488,53571,1649
2019,06/03/2019,Louisa,6674,2381,1612,2649,32
2019,06/03/2019,Lucas,5521,2287,1214,1998,22
2019,06/03/2019,Lyon,7998,5671,767,1542,18
2019,06/03/2019,Madison,10801,4276,2575,3866,84
2019,06/03/2019,Mahaska,13580,6867,2373,4238,102
2019,06/03/2019,Marion,22346,9627,4963,7635,121
2019,06/03/2019,Marshall,22817,7140,7016,8488,173
2019,06/03/2019,Mills,10248,5131,1974,3030,113
2019,06/03/2019,Mitchell,6786,2477,1567,2713,29
2019,06/03/2019,Monona,5781,2068,1555,2120,38
2019,06/03/2019,Monroe,4668,1733,1389,1524,22
2019,06/03/2019,Montgomery,6791,3460,1050,2247,34
2019,06/03/2019,Muscatine,26142,7778,7704,10490,170
2019,06/03/2019,O'Brien,9191,5620,1110,2414,47
2019,06/03/2019,Osceola,3979,2431,446,1089,13
2019,06/03/2019,Page,9297,4843,1489,2908,57
2019,06/03/2019,Palo Alto,5941,1882,1812,2218,29
2019,06/03/2019,Plymouth,16753,8290,2970,5396,97
2019,06/03/2019,Pocahontas,4729,1986,898,1812,33
2019,06/03/2019,Polk,290147,80973,114842,91156,3176
2019,06/03/2019,Pottawattamie,56973,21033,15233,20064,643
2019,06/03/2019,Poweshiek,12731,3686,3948,5030,67
2019,06/03/2019,Ringgold,3046,1470,822,747,7
2019,06/03/2019,Sac,6787,3198,1207,2357,25
2019,06/03/2019,Scott,113696,30623,34884,47281,908
2019,06/03/2019,Shelby,7847,3521,1679,2614,33
2019,06/03/2019,Sioux,21237,15276,1749,4143,69
2019,06/03/2019,Story,61443,17070,19895,23651,827
2019,06/03/2019,Tama,11027,3287,2943,4744,53
2019,06/03/2019,Taylor,3712,1834,656,1198,24
2019,06/03/2019,Totals,1992158,639863,613209,723227,15859
2019,06/03/2019,Union,7499,2685,1641,3128,45
2019,06/03/2019,Van Buren,4598,1964,872,1737,25
2019,06/03/2019,Wapello,19856,5286,7747,6722,101
2019,06/03/2019,Warren,33675,11541,9756,12134,244
2019,06/03/2019,Washington,14124,5733,3032,5245,114
2019,06/03/2019,Wayne,3495,1432,889,1154,20
2019,06/03/2019,Webster,23418,6946,7324,8979,169
2019,06/03/2019,Winnebago,7224,2717,1465,3007,35
2019,06/03/2019,Winneshiek,13975,4274,4174,5469,58
2019,06/03/2019,Woodbury,57279,19690,17420,19730,439
2019,06/03/2019,Worth,5247,1880,1306,2041,20
2019,06/03/2019,Wright,7655,3352,1730,2534,39
2019,07/01/2019,Adair,5054,1993,979,2053,29
2019,07/01/2019,Adams,2623,991,539,1085,8
2019,07/01/2019,Allamakee,9120,4024,2054,3002,40
2019,07/01/2019,Appanoose,7971,2949,2144,2840,38
2019,07/01/2019,Audubon,4043,1891,936,1197,19
2019,07/01/2019,Benton,17035,5685,3913,7331,106
2019,07/01/2019,Black Hawk,81186,20670,29523,30185,808
2019,07/01/2019,Boone,18069,5749,5091,7068,161
2019,07/01/2019,Bremer,16518,5102,3936,7374,106
2019,07/01/2019,Buchanan,13033,3162,3412,6410,49
2019,07/01/2019,Buena Vista,11219,4031,2854,4256,78
2019,07/01/2019,Butler,9559,4431,1671,3405,52
2019,07/01/2019,Calhoun,6349,2504,1263,2537,45
2019,07/01/2019,Carroll,13824,4300,3501,5944,79
2019,07/01/2019,Cass,8912,4571,1426,2875,40
2019,07/01/2019,Cedar,11769,3764,3102,4826,77
2019,07/01/2019,Cerro Gordo,28917,7884,8368,12540,125
2019,07/01/2019,Cherokee,7793,3612,1456,2681,44
2019,07/01/2019,Chickasaw,8054,2406,2324,3296,28
2019,07/01/2019,Clarke,5568,1958,1431,2147,32
2019,07/01/2019,Clay,10875,5343,1917,3559,56
2019,07/01/2019,Clayton,11445,3641,3118,4633,53
2019,07/01/2019,Clinton,30751,7720,9208,13671,152
2019,07/01/2019,Crawford,9273,3238,2402,3599,34
2019,07/01/2019,Dallas,57692,19928,14445,22795,524
2019,07/01/2019,Davis,4773,1735,1633,1385,20
2019,07/01/2019,Decatur,4390,1750,1249,1359,32
2019,07/01/2019,Delaware,11359,4319,2245,4748,47
2019,07/01/2019,Des Moines,25860,6625,10021,9039,175
2019,07/01/2019,Dickinson,12759,5843,2382,4458,76
2019,07/01/2019,Dubuque,64371,16010,25389,22471,501
2019,07/01/2019,Emmet,6159,1829,1655,2648,27
2019,07/01/2019,Fayette,11612,3955,3274,4323,60
2019,07/01/2019,Floyd,10211,2651,2756,4761,43
2019,07/01/2019,Franklin,6258,2934,1166,2127,31
2019,07/01/2019,Fremont,4693,2312,994,1360,27
2019,07/01/2019,Greene,6151,2316,1609,2182,44
2019,07/01/2019,Grundy,8502,3905,1406,3145,46
2019,07/01/2019,Guthrie,7481,2823,1583,3023,52
2019,07/01/2019,Hamilton,9706,3876,2282,3489,59
2019,07/01/2019,Hancock,7345,3275,1369,2667,34
2019,07/01/2019,Hardin,10907,4587,2426,3825,69
2019,07/01/2019,Harrison,8325,3726,1978,2550,71
2019,07/01/2019,Henry,12464,4960,2596,4838,70
2019,07/01/2019,Howard,5753,1488,1588,2653,24
2019,07/01/2019,Humboldt,6180,2661,1164,2322,33
2019,07/01/2019,Ida,4660,2175,753,1707,25
2019,07/01/2019,Iowa,11442,4037,2486,4838,81
2019,07/01/2019,Jackson,13893,3090,4726,6043,34
2019,07/01/2019,Jasper,24828,7486,7942,9271,129
2019,07/01/2019,Jefferson,10254,3150,4082,2927,95
2019,07/01/2019,Johnson,94405,17820,44051,31618,916
2019,07/01/2019,Jones,12958,3899,2999,6019,41
2019,07/01/2019,Keokuk,6384,2375,1733,2255,21
2019,07/01/2019,Kossuth,10643,3437,2894,4272,40
2019,07/01/2019,Lee,21244,4505,8497,8100,142
2019,07/01/2019,Linn,144570,37529,51524,53866,1651
2019,07/01/2019,Louisa,6680,2379,1610,2659,32
2019,07/01/2019,Lucas,5536,2296,1208,2010,22
2019,07/01/2019,Lyon,8012,5679,768,1547,18
2019,07/01/2019,Madison,10790,4265,2571,3870,84
2019,07/01/2019,Mahaska,13615,6876,2369,4268,102
2019,07/01/2019,Marion,22384,9636,4954,7671,123
2019,07/01/2019,Marshall,22859,7140,7010,8534,175
2019,07/01/2019,Mills,10275,5140,1978,3045,112
2019,07/01/2019,Mitchell,6783,2473,1564,2717,29
2019,07/01/2019,Monona,5801,2074,1554,2135,38
2019,07/01/2019,Monroe,4672,1737,1382,1531,22
2019,07/01/2019,Montgomery,6789,3455,1048,2252,34
2019,07/01/2019,Muscatine,26209,7778,7713,10548,170
2019,07/01/2019,O'Brien,9191,5615,1108,2422,46
2019,07/01/2019,Osceola,3980,2431,446,1090,13
2019,07/01/2019,Page,9326,4845,1496,2928,57
2019,07/01/2019,Palo Alto,5937,1886,1805,2217,29
2019,07/01/2019,Plymouth,16783,8302,2969,5414,98
2019,07/01/2019,Pocahontas,4732,1983,895,1821,33
2019,07/01/2019,Polk,290728,80898,114833,91832,3165
2019,07/01/2019,Pottawattamie,57124,21056,15242,20168,658
2019,07/01/2019,Poweshiek,12731,3676,3935,5055,65
2019,07/01/2019,Ringgold,3043,1467,823,746,7
2019,07/01/2019,Sac,6796,3198,1205,2370,23
2019,07/01/2019,Scott,113995,30638,34892,47556,909
2019,07/01/2019,Shelby,7854,3520,1676,2625,33
2019,07/01/2019,Sioux,21284,15291,1753,4171,69
2019,07/01/2019,Story,61591,17073,19938,23747,833
2019,07/01/2019,Tama,11027,3284,2941,4749,53
2019,07/01/2019,Taylor,3709,1830,655,1200,24
2019,07/01/2019,Totals,1995827,640097,613151,726695,15884
2019,07/01/2019,Union,7519,2689,1637,3148,45
2019,07/01/2019,Van Buren,4594,1966,865,1738,25
2019,07/01/2019,Wapello,19845,5279,7726,6739,101
2019,07/01/2019,Warren,33774,11572,9770,12187,245
2019,07/01/2019,Washington,14151,5742,3031,5265,113
2019,07/01/2019,Wayne,3505,1436,887,1162,20
2019,07/01/2019,Webster,23447,6945,7331,9001,170
2019,07/01/2019,Winnebago,7243,2724,1463,3021,35
2019,07/01/2019,Winneshiek,13976,4270,4168,5480,58
2019,07/01/2019,Woodbury,57433,19697,17426,19872,438
2019,07/01/2019,Worth,5258,1879,1311,2048,20
2019,07/01/2019,Wright,7654,3347,1730,2538,39
2019,08/01/2019,Adair,5066,1996,979,2062,29
2019,08/01/2019,Adams,2628,992,539,1089,8
2019,08/01/2019,Allamakee,9131,4027,2050,3014,40
2019,08/01/2019,Appanoose,7983,2955,2146,2844,38
2019,08/01/2019,Audubon,4043,1888,938,1198,19
2019,08/01/2019,Benton,17049,5690,3912,7342,105
2019,08/01/2019,Black Hawk,81335,20662,29533,30332,808
2019,08/01/2019,Boone,18115,5759,5082,7110,164
2019,08/01/2019,Bremer,16551,5101,3938,7406,106
2019,08/01/2019,Buchanan,13049,3162,3409,6429,49
2019,08/01/2019,Buena Vista,11259,4040,2858,4283,78
2019,08/01/2019,Butler,9562,4428,1665,3416,53
2019,08/01/2019,Calhoun,6343,2495,1258,2544,46
2019,08/01/2019,Carroll,13858,4311,3500,5964,83
2019,08/01/2019,Cass,8932,4572,1427,2894,39
2019,08/01/2019,Cedar,11778,3758,3101,4841,78
2019,08/01/2019,Cerro Gordo,28974,7891,8354,12605,124
2019,08/01/2019,Cherokee,7788,3613,1452,2679,44
2019,08/01/2019,Chickasaw,8050,2403,2318,3301,28
2019,08/01/2019,Clarke,5587,1959,1428,2167,33
2019,08/01/2019,Clay,10933,5346,1922,3610,55
2019,08/01/2019,Clayton,11460,3646,3119,4642,53
2019,08/01/2019,Clinton,30318,7616,9061,13493,148
2019,08/01/2019,Crawford,9328,3244,2413,3636,35
2019,08/01/2019,Dallas,57981,19976,14490,22989,526
2019,08/01/2019,Davis,4783,1740,1635,1388,20
2019,08/01/2019,Decatur,4393,1750,1250,1361,32
2019,08/01/2019,Delaware,11374,4319,2242,4765,48
2019,08/01/2019,Des Moines,25893,6633,10003,9078,179
2019,08/01/2019,Dickinson,12771,5839,2379,4478,75
2019,08/01/2019,Dubuque,64487,16020,25393,22576,498
2019,08/01/2019,Emmet,6176,1836,1653,2660,27
2019,08/01/2019,Fayette,11605,3949,3270,4327,59
2019,08/01/2019,Floyd,10223,2656,2757,4765,45
2019,08/01/2019,Franklin,6253,2915,1165,2141,32
2019,08/01/2019,Fremont,4685,2312,986,1360,27
2019,08/01/2019,Greene,6161,2319,1610,2186,46
2019,08/01/2019,Grundy,8490,3899,1405,3140,46
2019,08/01/2019,Guthrie,7493,2828,1582,3030,53
2019,08/01/2019,Hamilton,9723,3882,2284,3498,59
2019,08/01/2019,Hancock,7351,3270,1369,2678,34
2019,08/01/2019,Hardin,10922,4593,2428,3831,70
2019,08/01/2019,Harrison,8306,3722,1972,2541,71
2019,08/01/2019,Henry,12500,4966,2596,4869,69
2019,08/01/2019,Howard,5759,1490,1586,2659,24
2019,08/01/2019,Humboldt,6198,2668,1161,2336,33
2019,08/01/2019,Ida,4699,2187,761,1727,24
2019,08/01/2019,Iowa,11478,4044,2485,4865,84
2019,08/01/2019,Jackson,13952,3107,4731,6079,35
2019,08/01/2019,Jasper,24905,7502,7946,9328,129
2019,08/01/2019,Jefferson,10254,3147,4080,2932,95
2019,08/01/2019,Johnson,94737,17846,44158,31816,917
2019,08/01/2019,Jones,12994,3905,2991,6058,40
2019,08/01/2019,Keokuk,6395,2382,1729,2263,21
2019,08/01/2019,Kossuth,10656,3440,2885,4290,41
2019,08/01/2019,Lee,21248,4506,8471,8128,143
2019,08/01/2019,Linn,145035,37540,51639,54202,1654
2019,08/01/2019,Louisa,6693,2380,1606,2674,33
2019,08/01/2019,Lucas,5526,2298,1198,2007,23
2019,08/01/2019,Lyon,8038,5698,767,1555,18
2019,08/01/2019,Madison,10821,4272,2576,3889,84
2019,08/01/2019,Mahaska,13645,6874,2371,4300,100
2019,08/01/2019,Marion,22420,9647,4939,7711,123
2019,08/01/2019,Marshall,22910,7142,7014,8577,177
2019,08/01/2019,Mills,10303,5151,1983,3054,115
2019,08/01/2019,Mitchell,6783,2470,1563,2721,29
2019,08/01/2019,Monona,5809,2081,1552,2138,38
2019,08/01/2019,Monroe,4675,1736,1382,1535,22
2019,08/01/2019,Montgomery,6816,3456,1053,2272,35
2019,08/01/2019,Muscatine,26248,7782,7701,10596,169
2019,08/01/2019,O'Brien,9206,5612,1107,2441,46
2019,08/01/2019,Osceola,3971,2426,445,1087,13
2019,08/01/2019,Page,9352,4852,1495,2948,57
2019,08/01/2019,Palo Alto,5931,1882,1803,2217,29
2019,08/01/2019,Plymouth,16792,8295,2962,5438,97
2019,08/01/2019,Pocahontas,4737,1982,897,1826,32
2019,08/01/2019,Polk,291482,80814,114862,92631,3175
2019,08/01/2019,Pottawattamie,57263,21082,15279,20245,657
2019,08/01/2019,Poweshiek,12751,3681,3931,5075,64
2019,08/01/2019,Ringgold,3028,1464,812,745,7
2019,08/01/2019,Sac,6799,3191,1205,2380,23
2019,08/01/2019,Scott,114382,30651,34915,47895,921
2019,08/01/2019,Shelby,7863,3520,1674,2637,32
2019,08/01/2019,Sioux,21349,15320,1760,4200,69
2019,08/01/2019,Story,61662,17068,19970,23795,829
2019,08/01/2019,Tama,11039,3291,2934,4760,54
2019,08/01/2019,Taylor,3712,1833,657,1198,24
2019,08/01/2019,Totals,1999781,640286,613229,730333,15933
2019,08/01/2019,Union,7535,2689,1634,3166,46
2019,08/01/2019,Van Buren,4609,1964,865,1754,26
2019,08/01/2019,Wapello,19853,5294,7710,6746,103
2019,08/01/2019,Warren,33851,11589,9767,12249,246
2019,08/01/2019,Washington,14197,5744,3045,5293,115
2019,08/01/2019,Wayne,3515,1436,889,1169,21
2019,08/01/2019,Webster,23498,6958,7312,9057,171
2019,08/01/2019,Winnebago,7255,2727,1461,3032,35
2019,08/01/2019,Winneshiek,13988,4266,4173,5490,59
2019,08/01/2019,Woodbury,57525,19693,17424,19970,438
2019,08/01/2019,Worth,5259,1880,1308,2052,19
2019,08/01/2019,Wright,7690,3353,1734,2563,40
2019,09/03/2019,Adair,5061,1989,978,2064,30
2019,09/03/2019,Adams,2622,990,533,1091,8
2019,09/03/2019,Allamakee,9138,4028,2051,3019,40
2019,09/03/2019,Appanoose,7979,2953,2143,2844,39
2019,09/03/2019,Audubon,4047,1885,939,1205,18
2019,09/03/2019,Benton,17000,5674,3889,7332,105
2019,09/03/2019,Black Hawk,81479,20646,29572,30454,807
2019,09/03/2019,Boone,18136,5753,5073,7145,165
2019,09/03/2019,Bremer,16574,5089,3939,7441,105
2019,09/03/2019,Buchanan,13069,3169,3399,6452,49
2019,09/03/2019,Buena Vista,11297,4054,2880,4282,81
2019,09/03/2019,Butler,9568,4419,1664,3432,53
2019,09/03/2019,Calhoun,6353,2494,1257,2556,46
2019,09/03/2019,Carroll,13865,4313,3481,5988,83
2019,09/03/2019,Cass,8963,4579,1443,2902,39
2019,09/03/2019,Cedar,11766,3751,3094,4847,74
2019,09/03/2019,Cerro Gordo,29005,7881,8332,12666,126
2019,09/03/2019,Cherokee,7739,3580,1439,2676,44
2019,09/03/2019,Chickasaw,8048,2404,2308,3309,27
2019,09/03/2019,Clarke,5588,1959,1425,2172,32
2019,09/03/2019,Clay,10959,5341,1934,3630,54
2019,09/03/2019,Clayton,11463,3646,3118,4646,53
2019,09/03/2019,Clinton,30857,7725,9179,13804,149
2019,09/03/2019,Crawford,9344,3251,2414,3643,36
2019,09/03/2019,Dallas,58177,20012,14507,23137,521
2019,09/03/2019,Davis,4789,1740,1631,1398,20
2019,09/03/2019,Decatur,4397,1750,1248,1367,32
2019,09/03/2019,Delaware,11373,4320,2246,4760,47
2019,09/03/2019,Des Moines,25927,6628,9979,9138,182
2019,09/03/2019,Dickinson,12799,5845,2387,4491,76
2019,09/03/2019,Dubuque,64344,15983,25277,22586,498
2019,09/03/2019,Emmet,6197,1845,1649,2676,27
2019,09/03/2019,Fayette,11610,3943,3266,4340,61
2019,09/03/2019,Floyd,10201,2653,2738,4763,47
2019,09/03/2019,Franklin,6250,2909,1163,2146,32
2019,09/03/2019,Fremont,4689,2314,985,1363,27
2019,09/03/2019,Greene,6139,2311,1602,2179,47
2019,09/03/2019,Grundy,8497,3895,1392,3164,46
2019,09/03/2019,Guthrie,7513,2840,1578,3041,54
2019,09/03/2019,Hamilton,9681,3872,2264,3485,60
2019,09/03/2019,Hancock,7340,3266,1364,2676,34
2019,09/03/2019,Hardin,10898,4586,2418,3823,71
2019,09/03/2019,Harrison,8301,3718,1970,2540,73
2019,09/03/2019,Henry,12538,4974,2596,4899,69
2019,09/03/2019,Howard,5739,1481,1574,2660,24
2019,09/03/2019,Humboldt,6210,2673,1159,2346,32
2019,09/03/2019,Ida,4691,2182,761,1724,24
2019,09/03/2019,Iowa,11481,4036,2489,4873,83
2019,09/03/2019,Jackson,13964,3102,4715,6112,35
2019,09/03/2019,Jasper,24972,7514,7949,9379,130
2019,09/03/2019,Jefferson,10263,3138,4094,2936,95
2019,09/03/2019,Johnson,95923,17962,44653,32381,927
2019,09/03/2019,Jones,13018,3904,2987,6085,42
2019,09/03/2019,Keokuk,6388,2384,1719,2264,21
2019,09/03/2019,Kossuth,10593,3419,2866,4268,40
2019,09/03/2019,Lee,21284,4516,8461,8165,142
2019,09/03/2019,Linn,145414,37554,51657,54546,1657
2019,09/03/2019,Louisa,6692,2373,1595,2690,34
2019,09/03/2019,Lucas,5538,2306,1195,2014,23
2019,09/03/2019,Lyon,8058,5709,769,1561,19
2019,09/03/2019,Madison,10813,4266,2578,3885,84
2019,09/03/2019,Mahaska,13687,6880,2370,4339,98
2019,09/03/2019,Marion,22448,9625,4942,7755,126
2019,09/03/2019,Marshall,22870,7119,6983,8590,178
2019,09/03/2019,Mills,10268,5131,1967,3055,115
2019,09/03/2019,Mitchell,6762,2456,1563,2714,29
2019,09/03/2019,Monona,5815,2080,1548,2149,38
2019,09/03/2019,Monroe,4677,1736,1381,1539,21
2019,09/03/2019,Montgomery,6811,3453,1053,2271,34
2019,09/03/2019,Muscatine,26285,7782,7698,10637,168
2019,09/03/2019,O'Brien,9209,5606,1106,2449,48
2019,09/03/2019,Osceola,4019,2433,450,1122,14
2019,09/03/2019,Page,9366,4863,1482,2966,55
2019,09/03/2019,Palo Alto,5896,1873,1794,2200,29
2019,09/03/2019,Plymouth,16767,8285,2943,5441,98
2019,09/03/2019,Pocahontas,4725,1978,899,1817,31
2019,09/03/2019,Polk,292407,80693,115082,93454,3178
2019,09/03/2019,Pottawattamie,57353,21086,15288,20320,659
2019,09/03/2019,Poweshiek,12936,3675,4066,5131,64
2019,09/03/2019,Ringgold,3030,1465,809,749,7
2019,09/03/2019,Sac,6811,3186,1199,2402,24
2019,09/03/2019,Scott,114631,30650,34935,48123,923
2019,09/03/2019,Shelby,7852,3517,1668,2634,33
2019,09/03/2019,Sioux,21351,15297,1768,4218,68
2019,09/03/2019,Story,62203,17182,20157,24020,844
2019,09/03/2019,Tama,11030,3295,2932,4749,54
2019,09/03/2019,Taylor,3720,1833,659,1204,24
2019,09/03/2019,Totals,2004600,640218,613979,734419,15984
2019,09/03/2019,Union,7555,2685,1635,3189,46
2019,09/03/2019,Van Buren,4606,1945,864,1770,27
2019,09/03/2019,Wapello,19876,5289,7688,6793,106
2019,09/03/2019,Warren,33959,11601,9782,12330,246
2019,09/03/2019,Washington,14225,5740,3047,5322,116
2019,09/03/2019,Wayne,3513,1433,891,1168,21
2019,09/03/2019,Webster,23506,6948,7301,9087,170
2019,09/03/2019,Winnebago,7280,2731,1460,3054,35
2019,09/03/2019,Winneshiek,13985,4260,4170,5496,59
2019,09/03/2019,Woodbury,57644,19694,17412,20098,440
2019,09/03/2019,Worth,5224,1868,1295,2041,20
2019,09/03/2019,Wright,7677,3349,1727,2562,39
2019,10/01/2019,Adair,5072,1993,981,2069,29
2019,10/01/2019,Adams,2623,989,532,1093,9
2019,10/01/2019,Allamakee,9118,4025,2034,3018,41
2019,10/01/2019,Appanoose,7982,2956,2136,2850,40
2019,10/01/2019,Audubon,4060,1889,940,1213,18
2019,10/01/2019,Benton,17022,5677,3892,7351,102
2019,10/01/2019,Black Hawk,81774,20675,29681,30608,810
2019,10/01/2019,Boone,18109,5737,5038,7163,171
2019,10/01/2019,Bremer,16497,5074,3894,7424,105
2019,10/01/2019,Buchanan,13072,3163,3393,6467,49
2019,10/01/2019,Buena Vista,11330,4054,2883,4309,84
2019,10/01/2019,Butler,9525,4412,1640,3420,53
2019,10/01/2019,Calhoun,6352,2493,1247,2565,47
2019,10/01/2019,Carroll,13853,4320,3469,5979,85
2019,10/01/2019,Cass,8980,4582,1443,2915,40
2019,10/01/2019,Cedar,11820,3763,3096,4885,76
2019,10/01/2019,Cerro Gordo,28818,7827,8267,12597,127
2019,10/01/2019,Cherokee,7730,3581,1438,2669,42
2019,10/01/2019,Chickasaw,8014,2405,2277,3306,26
2019,10/01/2019,Clarke,5633,1971,1424,2202,36
2019,10/01/2019,Clay,10902,5302,1926,3618,56
2019,10/01/2019,Clayton,11400,3628,3094,4623,55
2019,10/01/2019,Clinton,30719,7693,9088,13787,151
2019,10/01/2019,Crawford,9324,3251,2405,3630,38
2019,10/01/2019,Dallas,58390,20027,14563,23269,531
2019,10/01/2019,Davis,4771,1739,1620,1392,20
2019,10/01/2019,Decatur,4399,1742,1246,1376,35
2019,10/01/2019,Delaware,11350,4308,2230,4764,48
2019,10/01/2019,Des Moines,25803,6604,9893,9117,189
2019,10/01/2019,Dickinson,12836,5855,2402,4507,72
2019,10/01/2019,Dubuque,64079,15961,25110,22514,494
2019,10/01/2019,Emmet,6175,1839,1647,2661,28
2019,10/01/2019,Fayette,11623,3949,3254,4357,63
2019,10/01/2019,Floyd,10237,2658,2739,4792,48
2019,10/01/2019,Franklin,6231,2899,1155,2146,31
2019,10/01/2019,Fremont,4674,2308,974,1364,28
2019,10/01/2019,Greene,6184,2323,1605,2207,49
2019,10/01/2019,Grundy,8496,3886,1386,3179,45
2019,10/01/2019,Guthrie,7519,2833,1575,3053,58
2019,10/01/2019,Hamilton,9688,3870,2260,3496,62
2019,10/01/2019,Hancock,7327,3267,1357,2669,34
2019,10/01/2019,Hardin,10904,4591,2413,3829,71
2019,10/01/2019,Harrison,8305,3710,1964,2557,74
2019,10/01/2019,Henry,12592,4987,2597,4942,66
2019,10/01/2019,Howard,5744,1480,1574,2665,25
2019,10/01/2019,Humboldt,6187,2665,1149,2342,31
2019,10/01/2019,Ida,4718,2195,760,1737,26
2019,10/01/2019,Iowa,11441,4024,2464,4868,85
2019,10/01/2019,Jackson,14003,3112,4712,6143,36
2019,10/01/2019,Jasper,25031,7522,7942,9433,134
2019,10/01/2019,Jefferson,10290,3123,4104,2965,98
2019,10/01/2019,Johnson,95211,17796,44342,32169,904
2019,10/01/2019,Jones,12997,3889,2960,6105,43
2019,10/01/2019,Keokuk,6377,2381,1714,2257,25
2019,10/01/2019,Kossuth,10608,3437,2852,4280,39
2019,10/01/2019,Lee,21191,4511,8413,8127,140
2019,10/01/2019,Linn,145198,37403,51456,54678,1661
2019,10/01/2019,Louisa,6705,2377,1593,2700,35
2019,10/01/2019,Lucas,5558,2309,1194,2029,26
2019,10/01/2019,Lyon,8052,5704,770,1558,20
2019,10/01/2019,Madison,10838,4282,2574,3896,86
2019,10/01/2019,Mahaska,13677,6854,2366,4357,100
2019,10/01/2019,Marion,22409,9607,4922,7756,124
2019,10/01/2019,Marshall,22937,7116,6984,8655,182
2019,10/01/2019,Mills,10277,5142,1966,3056,113
2019,10/01/2019,Mitchell,6852,2480,1572,2764,36
2019,10/01/2019,Monona,5796,2075,1533,2151,37
2019,10/01/2019,Monroe,4663,1732,1379,1531,21
2019,10/01/2019,Montgomery,6792,3447,1048,2262,35
2019,10/01/2019,Muscatine,26360,7792,7716,10684,168
2019,10/01/2019,O'Brien,9185,5578,1112,2447,48
2019,10/01/2019,Osceola,3998,2423,447,1113,15
2019,10/01/2019,Page,9372,4862,1485,2970,55
2019,10/01/2019,Palo Alto,5903,1878,1793,2202,30
2019,10/01/2019,Plymouth,16809,8288,2949,5474,98
2019,10/01/2019,Pocahontas,4728,1977,895,1824,32
2019,10/01/2019,Polk,291711,80217,114607,93705,3182
2019,10/01/2019,Pottawattamie,57320,21044,15263,20338,675
2019,10/01/2019,Poweshiek,12841,3677,3991,5108,65
2019,10/01/2019,Ringgold,3033,1465,805,756,7
2019,10/01/2019,Sac,6821,3182,1198,2416,25
2019,10/01/2019,Scott,114008,30479,34646,47945,938
2019,10/01/2019,Shelby,7838,3511,1658,2635,34
2019,10/01/2019,Sioux,21410,15312,1782,4248,68
2019,10/01/2019,Story,62847,17271,20385,24341,850
2019,10/01/2019,Tama,10991,3283,2917,4738,53
2019,10/01/2019,Taylor,3723,1834,660,1206,23
2019,10/01/2019,Totals,2002296,638978,611836,735380,16102
2019,10/01/2019,Union,7575,2682,1638,3208,47
2019,10/01/2019,Van Buren,4608,1941,853,1787,27
2019,10/01/2019,Wapello,19942,5307,7688,6839,108
2019,10/01/2019,Warren,33861,11572,9723,12317,249
2019,10/01/2019,Washington,14230,5731,3040,5338,121
2019,10/01/2019,Wayne,3508,1435,886,1165,22
2019,10/01/2019,Webster,23471,6958,7290,9051,172
2019,10/01/2019,Winnebago,7251,2718,1448,3049,36
2019,10/01/2019,Winneshiek,13741,4231,4041,5407,62
2019,10/01/2019,Woodbury,57514,19670,17371,20037,436
2019,10/01/2019,Worth,5176,1850,1280,2026,20
2019,10/01/2019,Wright,7657,3331,1718,2570,38
2019,11/01/2019,Adair,5081,1999,969,2084,29
2019,11/01/2019,Adams,2639,990,532,1106,11
2019,11/01/2019,Allamakee,9160,4039,2040,3038,43
2019,11/01/2019,Appanoose,7982,2956,2126,2861,39
2019,11/01/2019,Audubon,4071,1887,941,1225,18
2019,11/01/2019,Benton,17022,5659,3871,7390,102
2019,11/01/2019,Black Hawk,81888,20690,29707,30677,814
2019,11/01/2019,Boone,18203,5783,5057,7196,167
2019,11/01/2019,Bremer,16523,5074,3887,7458,104
2019,11/01/2019,Buchanan,13103,3165,3389,6499,50
2019,11/01/2019,Buena Vista,11336,4054,2879,4320,83
2019,11/01/2019,Butler,9530,4413,1634,3431,52
2019,11/01/2019,Calhoun,6377,2496,1258,2577,46
2019,11/01/2019,Carroll,13869,4322,3464,5996,87
2019,11/01/2019,Cass,8991,4576,1444,2930,41
2019,11/01/2019,Cedar,11836,3756,3098,4905,77
2019,11/01/2019,Cerro Gordo,28912,7839,8270,12675,128
2019,11/01/2019,Cherokee,7742,3583,1430,2687,42
2019,11/01/2019,Chickasaw,8005,2403,2269,3304,29
2019,11/01/2019,Clarke,5636,1970,1420,2210,36
2019,11/01/2019,Clay,10915,5290,1925,3644,56
2019,11/01/2019,Clayton,11392,3625,3083,4629,55
2019,11/01/2019,Clinton,30777,7699,9077,13848,153
2019,11/01/2019,Crawford,9335,3262,2409,3625,39
2019,11/01/2019,Dallas,58608,20058,14631,23386,533
2019,11/01/2019,Davis,4806,1749,1625,1411,21
2019,11/01/2019,Decatur,4406,1746,1242,1383,35
2019,11/01/2019,Delaware,11361,4316,2221,4776,48
2019,11/01/2019,Des Moines,25843,6602,9883,9169,189
2019,11/01/2019,Dickinson,12827,5837,2413,4506,71
2019,11/01/2019,Dubuque,64239,15999,25100,22644,496
2019,11/01/2019,Emmet,6176,1842,1642,2664,28
2019,11/01/2019,Fayette,11643,3950,3261,4368,64
2019,11/01/2019,Floyd,10297,2673,2735,4841,48
2019,11/01/2019,Franklin,6231,2892,1154,2154,31
2019,11/01/2019,Fremont,4676,2306,973,1368,29
2019,11/01/2019,Greene,6197,2322,1606,2220,49
2019,11/01/2019,Grundy,8508,3881,1383,3197,47
2019,11/01/2019,Guthrie,7543,2837,1581,3067,58
2019,11/01/2019,Hamilton,9698,3860,2254,3521,63
2019,11/01/2019,Hancock,7328,3258,1360,2674,36
2019,11/01/2019,Hardin,11004,4618,2437,3877,72
2019,11/01/2019,Harrison,8363,3723,1967,2598,75
2019,11/01/2019,Henry,12588,4987,2586,4951,64
2019,11/01/2019,Howard,5753,1483,1572,2673,25
2019,11/01/2019,Humboldt,6208,2669,1152,2356,31
2019,11/01/2019,Ida,4709,2193,755,1735,26
2019,11/01/2019,Iowa,11448,4016,2464,4883,85
2019,11/01/2019,Jackson,13986,3102,4678,6170,36
2019,11/01/2019,Jasper,25055,7524,7913,9486,132
2019,11/01/2019,Jefferson,10318,3127,4114,2978,99
2019,11/01/2019,Johnson,95485,17805,44487,32290,903
2019,11/01/2019,Jones,13018,3892,2947,6136,43
2019,11/01/2019,Keokuk,6379,2380,1706,2268,25
2019,11/01/2019,Kossuth,10632,3452,2836,4305,39
2019,11/01/2019,Lee,21201,4518,8398,8145,140
2019,11/01/2019,Linn,145516,37403,51497,54951,1665
2019,11/01/2019,Louisa,6718,2377,1589,2716,36
2019,11/01/2019,Lucas,5545,2299,1191,2030,25
2019,11/01/2019,Lyon,8070,5714,770,1566,20
2019,11/01/2019,Madison,10845,4283,2577,3898,87
2019,11/01/2019,Mahaska,13677,6840,2363,4376,98
2019,11/01/2019,Marion,22457,9608,4920,7802,127
2019,11/01/2019,Marshall,23004,7125,6995,8701,183
2019,11/01/2019,Mills,10329,5157,1974,3084,114
2019,11/01/2019,Mitchell,6858,2479,1576,2767,36
2019,11/01/2019,Monona,5741,2069,1520,2115,37
2019,11/01/2019,Monroe,4666,1735,1372,1538,21
2019,11/01/2019,Montgomery,6797,3447,1046,2270,34
2019,11/01/2019,Muscatine,26487,7798,7739,10775,175
2019,11/01/2019,O'Brien,9206,5587,1121,2451,47
2019,11/01/2019,Osceola,4011,2420,452,1124,15
2019,11/01/2019,Page,9393,4861,1490,2987,55
2019,11/01/2019,Palo Alto,5913,1902,1787,2195,29
2019,11/01/2019,Plymouth,16843,8308,2936,5499,100
2019,11/01/2019,Pocahontas,4743,1991,897,1824,31
2019,11/01/2019,Polk,292897,80185,115068,94451,3193
2019,11/01/2019,Pottawattamie,57472,21068,15276,20449,679
2019,11/01/2019,Poweshiek,12911,3664,4029,5153,65
2019,11/01/2019,Ringgold,3034,1464,800,761,9
2019,11/01/2019,Sac,6850,3182,1196,2446,26
2019,11/01/2019,Scott,114383,30496,34744,48196,947
2019,11/01/2019,Shelby,7851,3521,1654,2642,34
2019,11/01/2019,Sioux,21445,15331,1784,4261,69
2019,11/01/2019,Story,63313,17316,20499,24646,852
2019,11/01/2019,Tama,10987,3288,2906,4741,52
2019,11/01/2019,Taylor,3727,1836,659,1209,23
2019,11/01/2019,Totals,2007561,639425,612611,739348,16177
2019,11/01/2019,Union,7584,2697,1633,3206,48
2019,11/01/2019,Van Buren,4615,1947,844,1796,28
2019,11/01/2019,Wapello,20005,5332,7675,6889,109
2019,11/01/2019,Warren,33979,11597,9724,12405,253
2019,11/01/2019,Washington,14245,5716,3041,5367,121
2019,11/01/2019,Wayne,3504,1436,883,1163,22
2019,11/01/2019,Webster,23531,6963,7283,9113,172
2019,11/01/2019,Winnebago,7275,2728,1437,3074,36
2019,11/01/2019,Winneshiek,13732,4216,4042,5412,62
2019,11/01/2019,Woodbury,57689,19695,17375,20179,440
2019,11/01/2019,Worth,5190,1862,1277,2030,21
2019,11/01/2019,Wright,7664,3335,1715,2575,39
2019,12/02/2019,Adair,5100,2002,967,2101,30
2019,12/02/2019,Adams,2637,990,530,1106,11
2019,12/02/2019,Allamakee,9170,4045,2039,3042,44
2019,12/02/2019,Appanoose,8013,2966,2126,2884,37
2019,12/02/2019,Audubon,4081,1891,939,1233,18
2019,12/02/2019,Benton,17075,5666,3875,7431,103
2019,12/02/2019,Black Hawk,82009,20703,29697,30799,810
2019,12/02/2019,Boone,18280,5780,5063,7270,167
2019,12/02/2019,Bremer,16566,5073,3888,7500,105
2019,12/02/2019,Buchanan,13155,3169,3391,6545,50
2019,12/02/2019,Buena Vista,11349,4045,2887,4334,83
2019,12/02/2019,Butler,9554,4422,1636,3445,51
2019,12/02/2019,Calhoun,6367,2489,1249,2583,46
2019,12/02/2019,Carroll,13915,4338,3462,6028,87
2019,12/02/2019,Cass,9010,4574,1446,2946,44
2019,12/02/2019,Cedar,11866,3765,3098,4926,77
2019,12/02/2019,Cerro Gordo,29022,7857,8297,12737,131
2019,12/02/2019,Cherokee,7785,3590,1427,2727,41
2019,12/02/2019,Chickasaw,8005,2397,2268,3311,29
2019,12/02/2019,Clarke,5655,1973,1424,2222,36
2019,12/02/2019,Clay,10941,5293,1927,3666,55
2019,12/02/2019,Clayton,11443,3642,3093,4652,56
2019,12/02/2019,Clinton,30854,7720,9078,13905,151
2019,12/02/2019,Crawford,9340,3258,2409,3633,40
2019,12/02/2019,Dallas,59043,20157,14720,23626,540
2019,12/02/2019,Davis,4817,1753,1624,1419,21
2019,12/02/2019,Decatur,4447,1755,1244,1412,36
2019,12/02/2019,Delaware,11385,4315,2216,4805,49
2019,12/02/2019,Des Moines,25871,6609,9865,9207,190
2019,12/02/2019,Dickinson,12892,5854,2429,4539,70
2019,12/02/2019,Dubuque,64382,16039,25098,22745,500
2019,12/02/2019,Emmet,6200,1844,1651,2676,29
2019,12/02/2019,Fayette,11664,3947,3263,4388,66
2019,12/02/2019,Floyd,10343,2693,2733,4868,49
2019,12/02/2019,Franklin,6239,2888,1157,2163,31
2019,12/02/2019,Fremont,4689,2305,973,1382,29
2019,12/02/2019,Greene,6198,2320,1602,2227,49
2019,12/02/2019,Grundy,8504,3879,1378,3200,47
2019,12/02/2019,Guthrie,7541,2838,1575,3069,59
2019,12/02/2019,Hamilton,9733,3874,2253,3542,64
2019,12/02/2019,Hancock,7343,3258,1362,2687,36
2019,12/02/2019,Hardin,11038,4630,2437,3902,69
2019,12/02/2019,Harrison,8431,3736,1970,2649,76
2019,12/02/2019,Henry,12617,4989,2588,4975,65
2019,12/02/2019,Howard,5768,1482,1564,2697,25
2019,12/02/2019,Humboldt,6219,2669,1150,2369,31
2019,12/02/2019,Ida,4709,2187,749,1747,26
2019,12/02/2019,Iowa,11483,4027,2473,4896,87
2019,12/02/2019,Jackson,14011,3114,4664,6197,36
2019,12/02/2019,Jasper,25114,7550,7901,9530,133
2019,12/02/2019,Jefferson,10363,3136,4116,3013,98
2019,12/02/2019,Johnson,96038,17824,44764,32544,906
2019,12/02/2019,Jones,13054,3901,2949,6160,44
2019,12/02/2019,Keokuk,6408,2382,1712,2289,25
2019,12/02/2019,Kossuth,10643,3458,2819,4327,39
2019,12/02/2019,Lee,21306,4543,8418,8201,144
2019,12/02/2019,Linn,146014,37424,51624,55293,1673
2019,12/02/2019,Louisa,6752,2386,1592,2736,38
2019,12/02/2019,Lucas,5554,2303,1193,2033,25
2019,12/02/2019,Lyon,8085,5717,774,1574,20
2019,12/02/2019,Madison,10870,4291,2582,3908,89
2019,12/02/2019,Mahaska,13695,6825,2358,4415,97
2019,12/02/2019,Marion,22468,9605,4929,7807,127
2019,12/02/2019,Marshall,23066,7137,7010,8734,185
2019,12/02/2019,Mills,10392,5181,1980,3115,116
2019,12/02/2019,Mitchell,6863,2475,1575,2777,36
2019,12/02/2019,Monona,5767,2073,1523,2134,37
2019,12/02/2019,Monroe,4673,1737,1368,1547,21
2019,12/02/2019,Montgomery,6819,3450,1044,2289,36
2019,12/02/2019,Muscatine,26477,7791,7719,10792,175
2019,12/02/2019,O'Brien,9216,5595,1118,2456,47
2019,12/02/2019,Osceola,4010,2418,452,1125,15
2019,12/02/2019,Page,9413,4865,1503,2991,54
2019,12/02/2019,Palo Alto,5928,1904,1791,2203,30
2019,12/02/2019,Plymouth,16897,8337,2937,5525,98
2019,12/02/2019,Pocahontas,4737,1986,888,1832,31
2019,12/02/2019,Polk,294023,80143,115572,95107,3201
2019,12/02/2019,Pottawattamie,57726,21127,15323,20586,690
2019,12/02/2019,Poweshiek,12953,3656,4046,5187,64
2019,12/02/2019,Ringgold,3033,1461,804,759,9
2019,12/02/2019,Sac,6865,3186,1194,2459,26
2019,12/02/2019,Scott,114775,30522,34804,48494,955
2019,12/02/2019,Shelby,7895,3541,1665,2655,34
2019,12/02/2019,Sioux,21547,15356,1795,4325,71
2019,12/02/2019,Story,63595,17349,20563,24830,853
2019,12/02/2019,Tama,11020,3299,2909,4761,51
2019,12/02/2019,Taylor,3740,1840,656,1220,24
2019,12/02/2019,Totals,2014227,640180,613899,743886,16262
2019,12/02/2019,Union,7614,2704,1639,3223,48
2019,12/02/2019,Van Buren,4630,1947,846,1809,28
2019,12/02/2019,Wapello,20072,5362,7652,6950,108
2019,12/02/2019,Warren,34211,11645,9766,12543,257
2019,12/02/2019,Washington,14338,5743,3045,5429,121
2019,12/02/2019,Wayne,3514,1436,883,1171,24
2019,12/02/2019,Webster,23578,6957,7276,9169,176
2019,12/02/2019,Winnebago,7298,2723,1445,3094,36
2019,12/02/2019,Winneshiek,13762,4210,4054,5435,63
2019,12/02/2019,Woodbury,57782,19674,17380,20286,442
2019,12/02/2019,Worth,5201,1860,1278,2042,21
2019,12/02/2019,Wright,7674,3335,1711,2589,39
2020,01/02/2020,Adair,5111,2009,963,2110,29
2020,01/02/2020,Adams,2644,990,528,1115,11
2020,01/02/2020,Allamakee,9176,4036,2035,3060,45
2020,01/02/2020,Appanoose,8027,2968,2127,2894,38
2020,01/02/2020,Audubon,4081,1897,938,1228,18
2020,01/02/2020,Benton,17093,5662,3875,7453,103
2020,01/02/2020,Black Hawk,82006,20675,29661,30865,805
2020,01/02/2020,Boone,18310,5784,5057,7306,163
2020,01/02/2020,Bremer,16612,5073,3889,7548,102
2020,01/02/2020,Buchanan,13167,3168,3386,6562,51
2020,01/02/2020,Buena Vista,11350,4037,2896,4333,84
2020,01/02/2020,Butler,9556,4410,1641,3454,51
2020,01/02/2020,Calhoun,6377,2492,1252,2589,44
2020,01/02/2020,Carroll,13926,4338,3448,6053,87
2020,01/02/2020,Cass,9017,4565,1450,2958,44
2020,01/02/2020,Cedar,11849,3753,3092,4927,77
2020,01/02/2020,Cerro Gordo,29033,7840,8293,12768,132
2020,01/02/2020,Cherokee,7798,3593,1428,2738,39
2020,01/02/2020,Chickasaw,8022,2402,2268,3324,28
2020,01/02/2020,Clarke,5648,1977,1417,2219,35
2020,01/02/2020,Clay,10942,5275,1926,3683,58
2020,01/02/2020,Clayton,11438,3638,3094,4650,56
2020,01/02/2020,Clinton,30891,7719,9066,13955,151
2020,01/02/2020,Crawford,9350,3262,2410,3638,40
2020,01/02/2020,Dallas,59252,20159,14799,23754,540
2020,01/02/2020,Davis,4818,1754,1622,1421,21
2020,01/02/2020,Decatur,4453,1756,1244,1417,36
2020,01/02/2020,Delaware,11389,4314,2214,4812,49
2020,01/02/2020,Des Moines,25896,6605,9852,9250,189
2020,01/02/2020,Dickinson,12935,5873,2434,4560,68
2020,01/02/2020,Dubuque,64453,16042,25065,22841,505
2020,01/02/2020,Emmet,6186,1844,1644,2670,28
2020,01/02/2020,Fayette,11658,3937,3253,4400,68
2020,01/02/2020,Floyd,10354,2700,2735,4870,49
2020,01/02/2020,Franklin,6241,2891,1154,2165,31
2020,01/02/2020,Fremont,4687,2307,970,1382,28
2020,01/02/2020,Greene,6200,2320,1605,2226,49
2020,01/02/2020,Grundy,8472,3863,1369,3193,47
2020,01/02/2020,Guthrie,7572,2839,1578,3096,59
2020,01/02/2020,Hamilton,9743,3870,2246,3562,65
2020,01/02/2020,Hancock,7381,3273,1365,2705,38
2020,01/02/2020,Hardin,11060,4635,2439,3916,70
2020,01/02/2020,Harrison,8435,3726,1977,2656,76
2020,01/02/2020,Henry,12639,4994,2592,4987,66
2020,01/02/2020,Howard,5778,1484,1562,2707,25
2020,01/02/2020,Humboldt,6211,2667,1143,2370,31
2020,01/02/2020,Ida,4713,2185,748,1754,26
2020,01/02/2020,Iowa,11501,4034,2477,4902,88
2020,01/02/2020,Jackson,14037,3119,4669,6215,34
2020,01/02/2020,Jasper,25119,7537,7898,9552,132
2020,01/02/2020,Jefferson,10392,3133,4124,3035,100
2020,01/02/2020,Johnson,96340,17812,44980,32652,896
2020,01/02/2020,Jones,13079,3908,2947,6179,45
2020,01/02/2020,Keokuk,6420,2383,1712,2300,25
2020,01/02/2020,Kossuth,10631,3457,2805,4330,39
2020,01/02/2020,Lee,21315,4546,8407,8219,143
2020,01/02/2020,Linn,146303,37371,51750,55514,1668
2020,01/02/2020,Louisa,6754,2391,1587,2738,38
2020,01/02/2020,Lucas,5548,2297,1189,2037,25
2020,01/02/2020,Lyon,8102,5733,777,1571,21
2020,01/02/2020,Madison,10894,4296,2585,3924,89
2020,01/02/2020,Mahaska,13710,6825,2369,4418,98
2020,01/02/2020,Marion,22564,9641,4935,7862,126
2020,01/02/2020,Marshall,23064,7125,7002,8753,184
2020,01/02/2020,Mills,10405,5191,1981,3117,116
2020,01/02/2020,Mitchell,6859,2459,1578,2786,36
2020,01/02/2020,Monona,5697,2055,1503,2104,35
2020,01/02/2020,Monroe,4690,1746,1362,1559,23
2020,01/02/2020,Montgomery,6834,3456,1041,2301,36
2020,01/02/2020,Muscatine,26641,7814,7737,10910,180
2020,01/02/2020,O'Brien,9205,5584,1116,2457,48
2020,01/02/2020,Osceola,4009,2417,452,1125,15
2020,01/02/2020,Page,9421,4864,1502,3002,53
2020,01/02/2020,Palo Alto,5933,1906,1792,2205,30
2020,01/02/2020,Plymouth,16926,8343,2947,5538,98
2020,01/02/2020,Pocahontas,4733,1980,891,1831,31
2020,01/02/2020,Polk,294634,80045,115740,95664,3185
2020,01/02/2020,Pottawattamie,57799,21114,15355,20641,689
2020,01/02/2020,Poweshiek,13001,3650,4092,5194,65
2020,01/02/2020,Ringgold,3038,1462,804,763,9
2020,01/02/2020,Sac,6868,3176,1192,2474,26
2020,01/02/2020,Scott,114978,30519,34850,48658,951
2020,01/02/2020,Shelby,7896,3544,1664,2654,34
2020,01/02/2020,Sioux,21558,15348,1806,4333,71
2020,01/02/2020,Story,63697,17343,20625,24879,850
2020,01/02/2020,Tama,11035,3310,2907,4766,52
2020,01/02/2020,Taylor,3741,1838,656,1223,24
2020,01/02/2020,Totals,2017205,639969,614519,746492,16225
2020,01/02/2020,Union,7636,2698,1645,3245,48
2020,01/02/2020,Van Buren,4645,1955,843,1819,28
2020,01/02/2020,Wapello,20071,5365,7629,6969,108
2020,01/02/2020,Warren,34245,11652,9768,12568,257
2020,01/02/2020,Washington,14357,5733,3049,5455,120
2020,01/02/2020,Wayne,3516,1436,882,1174,24
2020,01/02/2020,Webster,23627,6972,7275,9204,176
2020,01/02/2020,Winnebago,7315,2729,1447,3103,36
2020,01/02/2020,Winneshiek,13757,4211,4053,5430,63
2020,01/02/2020,Woodbury,57829,19657,17378,20352,442
2020,01/02/2020,Worth,5205,1860,1279,2045,21
2020,01/02/2020,Wright,7681,3328,1715,2599,39
2020,02/03/2020,Adair,5013,1984,950,2052,27
2020,02/03/2020,Adams,2597,980,520,1086,11
2020,02/03/2020,Allamakee,9178,4016,2038,3081,43
2020,02/03/2020,Appanoose,8028,2970,2121,2899,38
2020,02/03/2020,Audubon,4021,1878,926,1200,17
2020,02/03/2020,Benton,17110,5645,3891,7470,104
2020,02/03/2020,Black Hawk,81731,20562,29718,30653,798
2020,02/03/2020,Boone,18354,5794,5104,7293,163
2020,02/03/2020,Bremer,16674,5085,3909,7578,102
2020,02/03/2020,Buchanan,13034,3146,3383,6460,45
2020,02/03/2020,Buena Vista,11157,3956,2880,4239,82
2020,02/03/2020,Butler,9555,4395,1651,3459,50
2020,02/03/2020,Calhoun,6301,2460,1237,2558,46
2020,02/03/2020,Carroll,13818,4307,3409,6016,86
2020,02/03/2020,Cass,9026,4567,1456,2960,43
2020,02/03/2020,Cedar,11693,3710,3056,4852,75
2020,02/03/2020,Cerro Gordo,29035,7833,8294,12776,132
2020,02/03/2020,Cherokee,7694,3545,1423,2689,37
2020,02/03/2020,Chickasaw,7902,2363,2240,3270,29
2020,02/03/2020,Clarke,5526,1944,1402,2150,30
2020,02/03/2020,Clay,10764,5176,1914,3617,57
2020,02/03/2020,Clayton,11436,3640,3086,4656,54
2020,02/03/2020,Clinton,30962,7741,9084,13985,152
2020,02/03/2020,Crawford,9262,3243,2388,3588,43
2020,02/03/2020,Dallas,59667,20177,15168,23777,545
2020,02/03/2020,Davis,4834,1761,1626,1426,21
2020,02/03/2020,Decatur,4474,1759,1251,1427,37
2020,02/03/2020,Delaware,11395,4312,2221,4813,49
2020,02/03/2020,Des Moines,25956,6594,9898,9282,182
2020,02/03/2020,Dickinson,12959,5868,2457,4568,66
2020,02/03/2020,Dubuque,64699,16080,25221,22891,507
2020,02/03/2020,Emmet,6058,1793,1621,2617,27
2020,02/03/2020,Fayette,11678,3924,3277,4408,69
2020,02/03/2020,Floyd,10358,2696,2738,4872,52
2020,02/03/2020,Franklin,6158,2843,1141,2141,33
2020,02/03/2020,Fremont,4684,2303,973,1380,28
2020,02/03/2020,Greene,6208,2312,1613,2235,48
2020,02/03/2020,Grundy,8475,3871,1363,3195,46
2020,02/03/2020,Guthrie,7608,2859,1582,3108,59
2020,02/03/2020,Hamilton,9585,3790,2222,3508,65
2020,02/03/2020,Hancock,7264,3222,1347,2657,38
2020,02/03/2020,Hardin,10921,4592,2416,3845,68
2020,02/03/2020,Harrison,8307,3695,1945,2595,72
2020,02/03/2020,Henry,12671,5001,2600,5004,66
2020,02/03/2020,Howard,5705,1465,1538,2676,26
2020,02/03/2020,Humboldt,6125,2627,1134,2333,31
2020,02/03/2020,Ida,4652,2166,732,1729,25
2020,02/03/2020,Iowa,11360,3969,2485,4824,82
2020,02/03/2020,Jackson,13826,3075,4603,6114,34
2020,02/03/2020,Jasper,25230,7590,7905,9605,130
2020,02/03/2020,Jefferson,10439,3139,4159,3040,101
2020,02/03/2020,Johnson,96958,17776,45787,32507,888
2020,02/03/2020,Jones,13107,3908,2967,6188,44
2020,02/03/2020,Keokuk,6411,2375,1712,2298,26
2020,02/03/2020,Kossuth,10517,3420,2782,4275,40
2020,02/03/2020,Lee,21056,4480,8309,8120,147
2020,02/03/2020,Linn,146829,37325,52290,55566,1648
2020,02/03/2020,Louisa,6681,2366,1579,2702,34
2020,02/03/2020,Lucas,5549,2307,1196,2020,26
2020,02/03/2020,Lyon,8117,5739,781,1576,21
2020,02/03/2020,Madison,10858,4289,2581,3901,87
2020,02/03/2020,Mahaska,13519,6731,2341,4353,94
2020,02/03/2020,Marion,22596,9618,4979,7877,122
2020,02/03/2020,Marshall,22742,7037,6925,8600,180
2020,02/03/2020,Mills,10051,5032,1916,2997,106
2020,02/03/2020,Mitchell,6857,2461,1579,2780,37
2020,02/03/2020,Monona,5639,2037,1493,2078,31
2020,02/03/2020,Monroe,4640,1733,1343,1543,21
2020,02/03/2020,Montgomery,6708,3395,1027,2251,35
2020,02/03/2020,Muscatine,26670,7812,7766,10912,180
2020,02/03/2020,O'Brien,9203,5579,1117,2459,48
2020,02/03/2020,Osceola,3983,2399,449,1120,15
2020,02/03/2020,Page,9285,4805,1503,2923,54
2020,02/03/2020,Palo Alto,5853,1876,1776,2172,29
2020,02/03/2020,Plymouth,16727,8253,2917,5466,91
2020,02/03/2020,Pocahontas,4670,1960,881,1799,30
2020,02/03/2020,Polk,290129,78101,115504,93445,3079
2020,02/03/2020,Pottawattamie,56917,20752,15210,20281,674
2020,02/03/2020,Poweshiek,12872,3627,4080,5105,60
2020,02/03/2020,Ringgold,2986,1420,802,755,9
2020,02/03/2020,Sac,6873,3184,1193,2471,25
2020,02/03/2020,Scott,115393,30506,35168,48758,961
2020,02/03/2020,Shelby,7910,3553,1668,2655,34
2020,02/03/2020,Sioux,21317,15176,1803,4272,66
2020,02/03/2020,Story,61973,16812,20367,24002,792
2020,02/03/2020,Tama,11002,3297,2902,4753,50
2020,02/03/2020,Taylor,3746,1841,656,1225,24
2020,02/03/2020,Totals,2006370,634498,615514,740439,15919
2020,02/03/2020,Union,7641,2690,1645,3257,49
2020,02/03/2020,Van Buren,4587,1926,830,1803,28
2020,02/03/2020,Wapello,20159,5400,7658,6994,107
2020,02/03/2020,Warren,33644,11430,9707,12264,243
2020,02/03/2020,Washington,14390,5722,3062,5488,118
2020,02/03/2020,Wayne,3518,1438,883,1173,24
2020,02/03/2020,Webster,23294,6844,7187,9091,172
2020,02/03/2020,Winnebago,7325,2720,1458,3112,35
2020,02/03/2020,Winneshiek,13573,4145,4020,5347,61
2020,02/03/2020,Woodbury,57923,19631,17418,20431,443
2020,02/03/2020,Worth,5215,1857,1289,2048,21
2020,02/03/2020,Wright,7590,3290,1692,2569,39
2020,03/02/2020,Adair,5034,1985,998,2025,26
2020,03/02/2020,Adams,2606,982,530,1085,9
2020,03/02/2020,Allamakee,9100,3966,2112,2984,38
2020,03/02/2020,Appanoose,7934,2940,2115,2842,37
2020,03/02/2020,Audubon,4040,1876,955,1195,14
2020,03/02/2020,Benton,16890,5577,3961,7254,98
2020,03/02/2020,Black Hawk,80939,20200,30700,29299,740
2020,03/02/2020,Boone,18001,5663,5223,6965,150
2020,03/02/2020,Bremer,16511,4983,4150,7282,96
2020,03/02/2020,Buchanan,13070,3148,3511,6367,44
2020,03/02/2020,Buena Vista,11209,3947,3013,4168,81
2020,03/02/2020,Butler,9454,4312,1726,3371,45
2020,03/02/2020,Calhoun,6326,2475,1266,2541,44
2020,03/02/2020,Carroll,13861,4324,3509,5944,84
2020,03/02/2020,Cass,8922,4497,1516,2869,40
2020,03/02/2020,Cedar,11748,3719,3177,4779,73
2020,03/02/2020,Cerro Gordo,28676,7667,8537,12348,124
2020,03/02/2020,Cherokee,7709,3527,1489,2656,37
2020,03/02/2020,Chickasaw,7907,2370,2270,3238,29
2020,03/02/2020,Clarke,5557,1957,1444,2128,28
2020,03/02/2020,Clay,10789,5160,1984,3587,58
2020,03/02/2020,Clayton,11309,3611,3092,4553,53
2020,03/02/2020,Clinton,30630,7600,9286,13601,143
2020,03/02/2020,Crawford,9303,3258,2446,3558,41
2020,03/02/2020,Dallas,58111,19477,16067,22067,500
2020,03/02/2020,Davis,4767,1769,1599,1378,21
2020,03/02/2020,Decatur,4399,1701,1301,1366,31
2020,03/02/2020,Delaware,11283,4269,2269,4696,49
2020,03/02/2020,Des Moines,26036,6587,10121,9153,175
2020,03/02/2020,Dickinson,12800,5777,2578,4387,58
2020,03/02/2020,Dubuque,64067,15830,25729,22037,471
2020,03/02/2020,Emmet,6076,1803,1655,2591,27
2020,03/02/2020,Fayette,11528,3848,3357,4259,64
2020,03/02/2020,Floyd,10190,2653,2769,4719,49
2020,03/02/2020,Franklin,6160,2830,1177,2121,32
2020,03/02/2020,Fremont,4574,2242,988,1321,23
2020,03/02/2020,Greene,6130,2293,1645,2148,44
2020,03/02/2020,Grundy,8455,3858,1435,3120,42
2020,03/02/2020,Guthrie,7498,2827,1615,3004,52
2020,03/02/2020,Hamilton,9617,3784,2306,3468,59
2020,03/02/2020,Hancock,7283,3235,1393,2618,37
2020,03/02/2020,Hardin,10932,4609,2506,3756,61
2020,03/02/2020,Harrison,8353,3716,2003,2564,70
2020,03/02/2020,Henry,12341,4858,2635,4788,60
2020,03/02/2020,Howard,5721,1467,1582,2646,26
2020,03/02/2020,Humboldt,6139,2635,1170,2306,28
2020,03/02/2020,Ida,4674,2173,751,1725,25
2020,03/02/2020,Iowa,11398,3973,2601,4744,80
2020,03/02/2020,Jackson,13870,3095,4712,6030,33
2020,03/02/2020,Jasper,24852,7504,8006,9227,115
2020,03/02/2020,Jefferson,10368,3092,4328,2855,93
2020,03/02/2020,Johnson,98537,17584,50042,30118,793
2020,03/02/2020,Jones,12922,3846,3016,6019,41
2020,03/02/2020,Keokuk,6343,2367,1711,2241,24
2020,03/02/2020,Kossuth,10525,3457,2823,4206,39
2020,03/02/2020,Lee,21085,4528,8455,7963,139
2020,03/02/2020,Linn,144975,36519,54126,52828,1502
2020,03/02/2020,Louisa,6698,2353,1651,2663,31
2020,03/02/2020,Lucas,5459,2272,1206,1956,25
2020,03/02/2020,Lyon,8062,5693,818,1531,20
2020,03/02/2020,Madison,10692,4229,2645,3740,78
2020,03/02/2020,Mahaska,13563,6691,2501,4277,94
2020,03/02/2020,Marion,22265,9427,5194,7525,119
2020,03/02/2020,Marshall,22797,7042,7173,8408,174
2020,03/02/2020,Mills,10076,5016,1989,2964,107
2020,03/02/2020,Mitchell,6873,2435,1659,2743,36
2020,03/02/2020,Monona,5642,2036,1514,2060,32
2020,03/02/2020,Monroe,4650,1748,1356,1525,21
2020,03/02/2020,Montgomery,6728,3388,1073,2234,33
2020,03/02/2020,Muscatine,26333,7679,8047,10449,158
2020,03/02/2020,O'Brien,9118,5518,1162,2391,47
2020,03/02/2020,Osceola,3985,2401,459,1111,14
2020,03/02/2020,Page,9325,4802,1583,2886,54
2020,03/02/2020,Palo Alto,5864,1878,1817,2141,28
2020,03/02/2020,Plymouth,16782,8248,3042,5404,88
2020,03/02/2020,Pocahontas,4677,1962,896,1790,29
2020,03/02/2020,Polk,292501,77674,122453,89490,2884
2020,03/02/2020,Pottawattamie,57156,20796,15693,20009,658
2020,03/02/2020,Poweshiek,13015,3629,4404,4928,54
2020,03/02/2020,Ringgold,3012,1441,805,758,8
2020,03/02/2020,Sac,6817,3151,1212,2430,24
2020,03/02/2020,Scott,113731,29854,36322,46653,902
2020,03/02/2020,Shelby,7818,3508,1688,2593,29
2020,03/02/2020,Sioux,21391,15135,1987,4205,64
2020,03/02/2020,Story,62845,16629,22881,22599,736
2020,03/02/2020,Tama,10896,3263,2946,4638,49
2020,03/02/2020,Taylor,3710,1805,666,1215,24
2020,03/02/2020,Totals,1999608,628154,642899,713692,14863
2020,03/02/2020,Union,7498,2656,1667,3127,48
2020,03/02/2020,Van Buren,4605,1943,840,1795,27
2020,03/02/2020,Wapello,19939,5347,7665,6825,102
2020,03/02/2020,Warren,33849,11474,10170,11975,230
2020,03/02/2020,Washington,14175,5596,3208,5263,108
2020,03/02/2020,Wayne,3455,1436,879,1117,23
2020,03/02/2020,Webster,23306,6823,7361,8955,167
2020,03/02/2020,Winnebago,7176,2652,1512,2980,32
2020,03/02/2020,Winneshiek,13661,4124,4344,5138,55
2020,03/02/2020,Woodbury,57236,19354,17864,19617,401
2020,03/02/2020,Worth,5113,1822,1308,1965,18
2020,03/02/2020,Wright,7580,3274,1758,2511,37
2020,04/01/2020,Adair,5030,1981,996,2027,26
2020,04/01/2020,Adams,2614,988,528,1089,9
2020,04/01/2020,Allamakee,9086,3968,2100,2979,39
2020,04/01/2020,Appanoose,7957,2953,2111,2857,36
2020,04/01/2020,Audubon,4049,1877,959,1198,15
2020,04/01/2020,Benton,16903,5572,3960,7273,98
2020,04/01/2020,Black Hawk,80916,20353,30774,29059,730
2020,04/01/2020,Boone,18047,5678,5218,7000,151
2020,04/01/2020,Bremer,16534,4982,4152,7303,97
2020,04/01/2020,Buchanan,13099,3156,3511,6388,44
2020,04/01/2020,Buena Vista,11221,3955,3013,4172,81
2020,04/01/2020,Butler,9467,4309,1725,3387,46
2020,04/01/2020,Calhoun,6335,2487,1261,2543,44
2020,04/01/2020,Carroll,13870,4328,3508,5948,86
2020,04/01/2020,Cass,8931,4496,1512,2881,42
2020,04/01/2020,Cedar,11754,3718,3183,4778,75
2020,04/01/2020,Cerro Gordo,28736,7672,8514,12422,128
2020,04/01/2020,Cherokee,7703,3552,1476,2637,38
2020,04/01/2020,Chickasaw,7911,2373,2263,3245,30
2020,04/01/2020,Clarke,5563,1966,1443,2126,28
2020,04/01/2020,Clay,10806,5162,1987,3598,59
2020,04/01/2020,Clayton,11323,3616,3090,4561,56
2020,04/01/2020,Clinton,30655,7602,9276,13631,146
2020,04/01/2020,Crawford,9310,3263,2442,3564,41
2020,04/01/2020,Dallas,58324,19529,16099,22196,500
2020,04/01/2020,Davis,4791,1790,1597,1382,22
2020,04/01/2020,Decatur,4415,1706,1298,1380,31
2020,04/01/2020,Delaware,11290,4269,2264,4707,50
2020,04/01/2020,Des Moines,26053,6599,10111,9169,174
2020,04/01/2020,Dickinson,12799,5777,2566,4398,58
2020,04/01/2020,Dubuque,64122,15842,25681,22123,476
2020,04/01/2020,Emmet,6078,1807,1651,2594,26
2020,04/01/2020,Fayette,11538,3851,3350,4273,64
2020,04/01/2020,Floyd,10199,2653,2761,4736,49
2020,04/01/2020,Franklin,6153,2831,1175,2115,32
2020,04/01/2020,Fremont,4580,2243,990,1324,23
2020,04/01/2020,Greene,6131,2292,1641,2153,45
2020,04/01/2020,Grundy,8446,3846,1431,3127,42
2020,04/01/2020,Guthrie,7493,2826,1614,3001,52
2020,04/01/2020,Hamilton,9624,3788,2297,3482,57
2020,04/01/2020,Hancock,7303,3243,1392,2630,38
2020,04/01/2020,Hardin,10949,4619,2502,3767,61
2020,04/01/2020,Harrison,8373,3729,2000,2573,71
2020,04/01/2020,Henry,12357,4856,2632,4809,60
2020,04/01/2020,Howard,5728,1467,1584,2651,26
2020,04/01/2020,Humboldt,6153,2640,1172,2313,28
2020,04/01/2020,Ida,4679,2169,753,1732,25
2020,04/01/2020,Iowa,11406,3989,2594,4744,79
2020,04/01/2020,Jackson,13849,3096,4701,6019,33
2020,04/01/2020,Jasper,24849,7510,8002,9223,114
2020,04/01/2020,Jefferson,10375,3102,4313,2866,94
2020,04/01/2020,Johnson,91293,16173,47133,27300,687
2020,04/01/2020,Jones,12959,3856,3021,6041,41
2020,04/01/2020,Keokuk,6347,2374,1708,2240,25
2020,04/01/2020,Kossuth,10524,3470,2808,4207,39
2020,04/01/2020,Lee,21078,4541,8427,7974,136
2020,04/01/2020,Linn,145190,36561,54111,53004,1514
2020,04/01/2020,Louisa,6710,2361,1645,2672,32
2020,04/01/2020,Lucas,5462,2277,1201,1959,25
2020,04/01/2020,Lyon,8064,5693,819,1532,20
2020,04/01/2020,Madison,10715,4237,2645,3754,79
2020,04/01/2020,Mahaska,13585,6701,2494,4295,95
2020,04/01/2020,Marion,22315,9441,5191,7561,122
2020,04/01/2020,Marshall,22850,7044,7191,8440,175
2020,04/01/2020,Mills,10094,5028,1983,2976,107
2020,04/01/2020,Mitchell,6620,2359,1577,2649,35
2020,04/01/2020,Monona,5657,2046,1510,2070,31
2020,04/01/2020,Monroe,4656,1747,1354,1534,21
2020,04/01/2020,Montgomery,6727,3389,1070,2235,33
2020,04/01/2020,Muscatine,26367,7683,8031,10494,159
2020,04/01/2020,O'Brien,9132,5520,1165,2400,47
2020,04/01/2020,Osceola,3999,2409,460,1116,14
2020,04/01/2020,Page,9330,4808,1587,2881,54
2020,04/01/2020,Palo Alto,5864,1889,1813,2133,29
2020,04/01/2020,Plymouth,16823,8261,3045,5429,88
2020,04/01/2020,Pocahontas,4681,1962,896,1793,30
2020,04/01/2020,Polk,292994,77749,122299,90064,2882
2020,04/01/2020,Pottawattamie,57205,20844,15700,19996,665
2020,04/01/2020,Poweshiek,13009,3618,4391,4946,54
2020,04/01/2020,Ringgold,3016,1453,796,759,8
2020,04/01/2020,Sac,6810,3151,1205,2430,24
2020,04/01/2020,Scott,113955,29896,36295,46848,916
2020,04/01/2020,Shelby,7823,3520,1683,2591,29
2020,04/01/2020,Sioux,21426,15135,1990,4236,65
2020,04/01/2020,Story,62894,16663,22800,22695,736
2020,04/01/2020,Tama,10932,3275,2941,4669,47
2020,04/01/2020,Taylor,3728,1809,668,1227,24
2020,04/01/2020,Totals,1994576,627639,639315,712800,14822
2020,04/01/2020,Union,7523,2660,1659,3154,50
2020,04/01/2020,Van Buren,4608,1942,836,1803,27
2020,04/01/2020,Wapello,19945,5352,7636,6854,103
2020,04/01/2020,Warren,33951,11515,10169,12036,231
2020,04/01/2020,Washington,14185,5597,3204,5273,111
2020,04/01/2020,Wayne,3483,1446,883,1131,23
2020,04/01/2020,Webster,23309,6815,7348,8980,166
2020,04/01/2020,Winnebago,7194,2667,1509,2985,33
2020,04/01/2020,Winneshiek,13664,4130,4335,5142,57
2020,04/01/2020,Woodbury,57305,19393,17849,19660,403
2020,04/01/2020,Worth,5108,1820,1305,1965,18
2020,04/01/2020,Wright,7590,3283,1756,2514,37
2020,05/01/2020,Adair,5031,1987,996,2022,26
2020,05/01/2020,Adams,2610,989,530,1082,9
2020,05/01/2020,Allamakee,9078,3962,2112,2965,39
2020,05/01/2020,Appanoose,7954,2958,2107,2851,38
2020,05/01/2020,Audubon,4057,1894,980,1168,15
2020,05/01/2020,Benton,16911,5581,3980,7252,98
2020,05/01/2020,Black Hawk,80902,20551,30969,28668,714
2020,05/01/2020,Boone,18047,5731,5270,6894,152
2020,05/01/2020,Bremer,16516,4992,4155,7271,98
2020,05/01/2020,Buchanan,13096,3204,3548,6297,47
2020,05/01/2020,Buena Vista,11216,3952,3013,4170,81
2020,05/01/2020,Butler,9478,4329,1728,3375,46
2020,05/01/2020,Calhoun,6331,2520,1250,2517,44
2020,05/01/2020,Carroll,13874,4340,3506,5942,86
2020,05/01/2020,Cass,8921,4489,1517,2871,44
2020,05/01/2020,Cedar,11771,3783,3189,4723,76
2020,05/01/2020,Cerro Gordo,28736,7701,8551,12357,127
2020,05/01/2020,Cherokee,7719,3668,1470,2545,36
2020,05/01/2020,Chickasaw,7914,2382,2271,3230,31
2020,05/01/2020,Clarke,5571,1990,1435,2117,29
2020,05/01/2020,Clay,10798,5252,2050,3439,57
2020,05/01/2020,Clayton,11298,3611,3086,4545,56
2020,05/01/2020,Clinton,30664,7800,9462,13262,140
2020,05/01/2020,Crawford,9318,3294,2449,3534,41
2020,05/01/2020,Dallas,58527,19572,16171,22279,505
2020,05/01/2020,Davis,4793,1802,1591,1378,22
2020,05/01/2020,Decatur,4420,1731,1306,1351,32
2020,05/01/2020,Delaware,11329,4277,2292,4708,52
2020,05/01/2020,Des Moines,26064,6637,10100,9151,176
2020,05/01/2020,Dickinson,12811,5788,2571,4393,59
2020,05/01/2020,Dubuque,64175,17361,26340,20047,427
2020,05/01/2020,Emmet,6092,1822,1663,2583,24
2020,05/01/2020,Fayette,11548,3869,3360,4255,64
2020,05/01/2020,Floyd,10198,2658,2768,4723,49
2020,05/01/2020,Franklin,6145,2837,1176,2100,32
2020,05/01/2020,Fremont,4580,2258,994,1303,25
2020,05/01/2020,Greene,6134,2295,1645,2149,45
2020,05/01/2020,Grundy,8459,3896,1453,3068,42
2020,05/01/2020,Guthrie,7517,2830,1616,3019,52
2020,05/01/2020,Hamilton,9615,3801,2291,3466,57
2020,05/01/2020,Hancock,7309,3251,1398,2623,37
2020,05/01/2020,Hardin,10960,4630,2521,3749,60
2020,05/01/2020,Harrison,8412,3802,1987,2553,70
2020,05/01/2020,Henry,12392,4878,2650,4800,64
2020,05/01/2020,Howard,5733,1477,1586,2644,26
2020,05/01/2020,Humboldt,6160,2644,1173,2315,28
2020,05/01/2020,Ida,4676,2169,752,1730,25
2020,05/01/2020,Iowa,11415,4043,2610,4686,76
2020,05/01/2020,Jackson,13854,3117,4721,5982,34
2020,05/01/2020,Jasper,24868,7525,8010,9218,115
2020,05/01/2020,Jefferson,10376,3107,4307,2868,94
2020,05/01/2020,Johnson,90630,16040,46873,27022,695
2020,05/01/2020,Jones,12975,3882,3031,6020,42
2020,05/01/2020,Keokuk,6350,2379,1712,2235,24
2020,05/01/2020,Kossuth,10527,3630,2784,4075,38
2020,05/01/2020,Lee,21073,4563,8425,7947,138
2020,05/01/2020,Linn,145448,37660,55887,50424,1477
2020,05/01/2020,Louisa,6713,2369,1647,2667,30
2020,05/01/2020,Lucas,5471,2285,1212,1949,25
2020,05/01/2020,Lyon,8072,5765,809,1480,18
2020,05/01/2020,Madison,10718,4237,2641,3760,80
2020,05/01/2020,Mahaska,13589,6706,2505,4282,96
2020,05/01/2020,Marion,22326,9469,5160,7573,124
2020,05/01/2020,Marshall,22849,7056,7184,8435,174
2020,05/01/2020,Mills,10103,5048,1987,2958,110
2020,05/01/2020,Mitchell,6622,2353,1580,2654,35
2020,05/01/2020,Monona,5650,2046,1505,2068,31
2020,05/01/2020,Monroe,4660,1752,1348,1538,22
2020,05/01/2020,Montgomery,6732,3555,1193,1957,27
2020,05/01/2020,Muscatine,26383,7767,8104,10353,159
2020,05/01/2020,O'Brien,9132,5514,1171,2400,47
2020,05/01/2020,Osceola,3995,2404,459,1118,14
2020,05/01/2020,Page,9336,4918,1686,2683,49
2020,05/01/2020,Palo Alto,5869,1936,1825,2083,25
2020,05/01/2020,Plymouth,16819,8270,3036,5422,91
2020,05/01/2020,Pocahontas,4679,1977,897,1774,31
2020,05/01/2020,Polk,293310,77912,122387,90106,2905
2020,05/01/2020,Pottawattamie,57265,21005,15764,19831,665
2020,05/01/2020,Poweshiek,13001,3625,4394,4928,54
2020,05/01/2020,Ringgold,3034,1547,735,744,8
2020,05/01/2020,Sac,6811,3183,1195,2409,24
2020,05/01/2020,Scott,114002,30010,36412,46656,924
2020,05/01/2020,Shelby,7813,3528,1691,2566,28
2020,05/01/2020,Sioux,21433,15161,1982,4225,65
2020,05/01/2020,Story,62916,16683,22814,22674,745
2020,05/01/2020,Tama,10935,3280,2944,4664,47
2020,05/01/2020,Taylor,3729,1818,665,1220,26
2020,05/01/2020,Totals,1995169,633593,642876,703931,14769
2020,05/01/2020,Union,7529,2678,1666,3134,51
2020,05/01/2020,Van Buren,4608,1948,847,1786,27
2020,05/01/2020,Wapello,19931,5358,7619,6851,103
2020,05/01/2020,Warren,33948,11531,10172,12013,232
2020,05/01/2020,Washington,14190,5597,3209,5272,112
2020,05/01/2020,Wayne,3486,1447,883,1132,24
2020,05/01/2020,Webster,23286,6807,7343,8971,165
2020,05/01/2020,Winnebago,7194,2667,1525,2969,33
2020,05/01/2020,Winneshiek,13679,4139,4373,5109,58
2020,05/01/2020,Woodbury,57285,19939,17846,19105,395
2020,05/01/2020,Worth,5114,1828,1311,1958,17
2020,05/01/2020,Wright,7576,3284,1762,2493,37
2020,06/01/2020,Adair,5037,2070,1068,1877,22
2020,06/01/2020,Adams,2619,1071,579,960,9
2020,06/01/2020,Allamakee,9084,4093,2293,2665,33
2020,06/01/2020,Appanoose,7957,3136,2141,2643,37
2020,06/01/2020,Audubon,4063,1952,1018,1079,14
2020,06/01/2020,Benton,16947,5938,4277,6638,94
2020,06/01/2020,Black Hawk,80874,21371,32284,26584,635
2020,06/01/2020,Boone,18088,6044,5537,6373,134
2020,06/01/2020,Bremer,16720,5388,4582,6665,85
2020,06/01/2020,Buchanan,13110,3638,3823,5606,43
2020,06/01/2020,Buena Vista,11205,4078,3118,3934,75
2020,06/01/2020,Butler,9480,4504,1889,3044,43
2020,06/01/2020,Calhoun,6333,2716,1342,2238,37
2020,06/01/2020,Carroll,13877,4831,3700,5270,76
2020,06/01/2020,Cass,8928,4579,1661,2649,39
2020,06/01/2020,Cedar,11779,4185,3381,4141,72
2020,06/01/2020,Cerro Gordo,28675,8095,9199,11264,117
2020,06/01/2020,Cherokee,7734,4030,1444,2232,28
2020,06/01/2020,Chickasaw,7914,2603,2402,2883,26
2020,06/01/2020,Clarke,5571,2159,1482,1902,28
2020,06/01/2020,Clay,10805,5350,2158,3241,56
2020,06/01/2020,Clayton,11299,3842,3320,4084,53
2020,06/01/2020,Clinton,30715,8689,10023,11874,129
2020,06/01/2020,Crawford,9300,3590,2464,3204,42
2020,06/01/2020,Dallas,58726,20514,17433,20329,450
2020,06/01/2020,Davis,4800,1924,1555,1299,22
2020,06/01/2020,Decatur,4423,1806,1322,1266,29
2020,06/01/2020,Delaware,11347,4534,2570,4197,46
2020,06/01/2020,Des Moines,26050,7204,10501,8184,161
2020,06/01/2020,Dickinson,12820,6066,2826,3873,55
2020,06/01/2020,Dubuque,64217,18333,26929,18552,403
2020,06/01/2020,Emmet,6090,1949,1719,2401,21
2020,06/01/2020,Fayette,11550,4168,3552,3768,62
2020,06/01/2020,Floyd,10196,2886,2981,4282,47
2020,06/01/2020,Franklin,6146,2898,1281,1938,29
2020,06/01/2020,Fremont,4607,2480,1012,1092,23
2020,06/01/2020,Greene,6131,2426,1694,1973,38
2020,06/01/2020,Grundy,8470,4041,1598,2793,38
2020,06/01/2020,Guthrie,7533,3005,1754,2729,45
2020,06/01/2020,Hamilton,9616,4083,2396,3086,51
2020,06/01/2020,Hancock,7321,3364,1521,2400,36
2020,06/01/2020,Hardin,10950,4780,2692,3421,57
2020,06/01/2020,Harrison,8448,4257,2036,2092,63
2020,06/01/2020,Henry,12411,5219,2835,4297,60
2020,06/01/2020,Howard,5751,1619,1652,2455,25
2020,06/01/2020,Humboldt,6154,2795,1216,2117,26
2020,06/01/2020,Ida,4682,2282,822,1558,20
2020,06/01/2020,Iowa,11429,4512,2742,4108,67
2020,06/01/2020,Jackson,13878,3715,5076,5056,31
2020,06/01/2020,Jasper,24851,7917,8328,8500,106
2020,06/01/2020,Jefferson,10395,3211,4444,2657,83
2020,06/01/2020,Johnson,90574,16789,49007,24142,636
2020,06/01/2020,Jones,12989,4318,3338,5295,38
2020,06/01/2020,Keokuk,6359,2577,1708,2052,22
2020,06/01/2020,Kossuth,10554,4377,2714,3432,31
2020,06/01/2020,Lee,21083,5203,8575,7177,128
2020,06/01/2020,Linn,145613,39500,59017,45732,1364
2020,06/01/2020,Louisa,6724,2538,1724,2431,31
2020,06/01/2020,Lucas,5478,2367,1281,1805,25
2020,06/01/2020,Lyon,8094,6093,782,1205,14
2020,06/01/2020,Madison,10743,4415,2758,3499,71
2020,06/01/2020,Mahaska,13586,6888,2697,3914,87
2020,06/01/2020,Marion,22329,9967,5406,6841,115
2020,06/01/2020,Marshall,22832,7400,7601,7685,146
2020,06/01/2020,Mills,10111,5303,2079,2627,102
2020,06/01/2020,Mitchell,6620,2487,1708,2392,33
2020,06/01/2020,Monona,5645,2194,1543,1878,30
2020,06/01/2020,Monroe,4664,1861,1364,1417,22
2020,06/01/2020,Montgomery,6740,3627,1220,1867,26
2020,06/01/2020,Muscatine,26437,8315,8594,9376,152
2020,06/01/2020,O'Brien,9139,5656,1253,2185,45
2020,06/01/2020,Osceola,4009,2480,478,1038,13
2020,06/01/2020,Page,9330,5017,1762,2506,45
2020,06/01/2020,Palo Alto,5888,2084,1830,1954,20
2020,06/01/2020,Plymouth,16849,8729,3158,4882,80
2020,06/01/2020,Pocahontas,4693,2186,917,1563,27
2020,06/01/2020,Polk,293989,80947,127452,82864,2726
2020,06/01/2020,Pottawattamie,57390,22145,16814,17812,619
2020,06/01/2020,Poweshiek,13017,3846,4643,4476,52
2020,06/01/2020,Ringgold,3059,1797,649,606,7
2020,06/01/2020,Sac,6816,3426,1234,2134,22
2020,06/01/2020,Scott,114142,31432,38949,42893,868
2020,06/01/2020,Shelby,7813,3725,1808,2256,24
2020,06/01/2020,Sioux,21455,15525,2060,3810,60
2020,06/01/2020,Story,62846,17330,23795,21016,705
2020,06/01/2020,Tama,10935,3524,3098,4267,46
2020,06/01/2020,Taylor,3745,1926,674,1123,22
2020,06/01/2020,Totals,1997407,669503,674455,639834,13615
2020,06/01/2020,Union,7551,3040,1725,2752,34
2020,06/01/2020,Van Buren,4611,2103,887,1596,25
2020,06/01/2020,Wapello,19927,5760,7687,6384,96
2020,06/01/2020,Warren,33984,12160,10675,10933,216
2020,06/01/2020,Washington,14206,5800,3574,4726,106
2020,06/01/2020,Wayne,3491,1514,902,1055,20
2020,06/01/2020,Webster,23282,7338,7653,8137,154
2020,06/01/2020,Winnebago,7192,2803,1714,2644,31
2020,06/01/2020,Winneshiek,13698,4434,4749,4458,57
2020,06/01/2020,Woodbury,57366,21296,18268,17451,351
2020,06/01/2020,Worth,5116,1894,1383,1824,15
2020,06/01/2020,Wright,7587,3427,1876,2249,35
2020,07/01/2020,Adair,5042,2133,1054,1834,21
2020,07/01/2020,Adams,2625,1091,571,954,9
2020,07/01/2020,Allamakee,9089,4108,2298,2651,32
2020,07/01/2020,Appanoose,7992,3220,2131,2606,35
2020,07/01/2020,Audubon,4069,1966,1023,1065,15
2020,07/01/2020,Benton,16983,6055,4305,6529,94
2020,07/01/2020,Black Hawk,80839,21468,32439,26304,628
2020,07/01/2020,Boone,18132,6152,5586,6261,133
2020,07/01/2020,Bremer,16746,5437,4620,6605,84
2020,07/01/2020,Buchanan,13136,3688,3840,5566,42
2020,07/01/2020,Buena Vista,11228,4133,3134,3889,72
2020,07/01/2020,Butler,9494,4543,1904,3008,39
2020,07/01/2020,Calhoun,6357,2761,1339,2220,37
2020,07/01/2020,Carroll,13902,4912,3710,5209,71
2020,07/01/2020,Cass,8972,4624,1669,2639,40
2020,07/01/2020,Cedar,11821,4322,3413,4015,71
2020,07/01/2020,Cerro Gordo,28732,8265,9300,11048,119
2020,07/01/2020,Cherokee,7765,4209,1429,2101,26
2020,07/01/2020,Chickasaw,7941,2630,2427,2859,25
2020,07/01/2020,Clarke,5583,2244,1476,1836,27
2020,07/01/2020,Clay,10826,5385,2173,3209,59
2020,07/01/2020,Clayton,11313,3863,3332,4065,53
2020,07/01/2020,Clinton,30781,8932,10074,11643,132
2020,07/01/2020,Crawford,9326,3654,2456,3174,42
2020,07/01/2020,Dallas,59289,20842,17912,20094,441
2020,07/01/2020,Davis,4810,1983,1539,1267,21
2020,07/01/2020,Decatur,4426,1857,1315,1225,29
2020,07/01/2020,Delaware,11371,4559,2584,4182,46
2020,07/01/2020,Des Moines,26088,7406,10489,8034,159
2020,07/01/2020,Dickinson,12850,6125,2827,3840,58
2020,07/01/2020,Dubuque,64399,18575,27032,18385,407
2020,07/01/2020,Emmet,6110,1997,1725,2366,22
2020,07/01/2020,Fayette,11572,4203,3550,3757,62
2020,07/01/2020,Floyd,10206,2919,2990,4250,47
2020,07/01/2020,Franklin,6157,2923,1282,1924,28
2020,07/01/2020,Fremont,4638,2587,1000,1029,22
2020,07/01/2020,Greene,6137,2455,1692,1955,35
2020,07/01/2020,Grundy,8452,4032,1595,2787,38
2020,07/01/2020,Guthrie,7537,3045,1769,2678,45
2020,07/01/2020,Hamilton,9639,4222,2385,2986,46
2020,07/01/2020,Hancock,7338,3413,1517,2372,36
2020,07/01/2020,Hardin,10988,4835,2704,3393,56
2020,07/01/2020,Harrison,8508,4403,2048,2000,57
2020,07/01/2020,Henry,12443,5232,2951,4199,61
2020,07/01/2020,Howard,5760,1662,1657,2415,26
2020,07/01/2020,Humboldt,6174,2839,1217,2096,22
2020,07/01/2020,Ida,4703,2323,822,1537,21
2020,07/01/2020,Iowa,11485,4701,2751,3966,67
2020,07/01/2020,Jackson,13910,3977,5212,4690,31
2020,07/01/2020,Jasper,24917,8027,8361,8421,108
2020,07/01/2020,Jefferson,10446,3339,4448,2575,84
2020,07/01/2020,Johnson,90900,16955,49821,23480,644
2020,07/01/2020,Jones,13019,4472,3356,5151,40
2020,07/01/2020,Keokuk,6389,2670,1684,2012,23
2020,07/01/2020,Kossuth,10596,4539,2702,3326,29
2020,07/01/2020,Lee,21091,5317,8546,7100,128
2020,07/01/2020,Linn,146168,39974,59613,45230,1351
2020,07/01/2020,Louisa,6743,2679,1729,2305,30
2020,07/01/2020,Lucas,5489,2399,1280,1786,24
2020,07/01/2020,Lyon,8123,6162,789,1156,16
2020,07/01/2020,Madison,10807,4535,2782,3418,72
2020,07/01/2020,Mahaska,13608,6953,2702,3873,80
2020,07/01/2020,Marion,22384,10251,5429,6589,115
2020,07/01/2020,Marshall,22846,7450,7658,7591,147
2020,07/01/2020,Mills,10138,5443,2085,2512,98
2020,07/01/2020,Mitchell,6647,2538,1717,2359,33
2020,07/01/2020,Monona,5660,2289,1529,1814,28
2020,07/01/2020,Monroe,4662,1880,1364,1395,23
2020,07/01/2020,Montgomery,6783,3670,1233,1852,28
2020,07/01/2020,Muscatine,26478,8529,8627,9148,174
2020,07/01/2020,O'Brien,9154,5723,1253,2133,45
2020,07/01/2020,Osceola,4015,2509,476,1018,12
2020,07/01/2020,Page,9349,5088,1769,2448,44
2020,07/01/2020,Palo Alto,5898,2107,1840,1931,20
2020,07/01/2020,Plymouth,16892,8826,3170,4822,74
2020,07/01/2020,Pocahontas,4696,2272,898,1501,25
2020,07/01/2020,Polk,295734,82199,130152,80760,2623
2020,07/01/2020,Pottawattamie,57554,22551,16926,17480,597
2020,07/01/2020,Poweshiek,13062,3900,4665,4445,52
2020,07/01/2020,Ringgold,3079,1976,581,518,4
2020,07/01/2020,Sac,6824,3562,1221,2021,20
2020,07/01/2020,Scott,114690,32006,39616,42194,874
2020,07/01/2020,Shelby,7829,3804,1803,2203,19
2020,07/01/2020,Sioux,21519,15718,2083,3659,59
2020,07/01/2020,Story,62704,17520,23917,20580,687
2020,07/01/2020,Tama,10970,3594,3174,4158,44
2020,07/01/2020,Taylor,3744,2001,655,1068,20
2020,07/01/2020,Totals,2003793,681789,681148,627444,13412
2020,07/01/2020,Union,7577,3240,1717,2586,34
2020,07/01/2020,Van Buren,4642,2349,860,1413,20
2020,07/01/2020,Wapello,19892,5876,7656,6265,95
2020,07/01/2020,Warren,34130,12427,10756,10737,210
2020,07/01/2020,Washington,14217,5826,3609,4676,106
2020,07/01/2020,Wayne,3502,1556,895,1030,21
2020,07/01/2020,Webster,23336,7508,7695,7982,151
2020,07/01/2020,Winnebago,7232,2894,1740,2566,32
2020,07/01/2020,Winneshiek,13705,4458,4768,4423,56
2020,07/01/2020,Woodbury,57545,21907,18276,17008,354
2020,07/01/2020,Worth,5131,1929,1380,1807,15
2020,07/01/2020,Wright,7593,3482,1874,2202,35
2020,08/03/2020,Adair,5054,2144,1048,1840,22
2020,08/03/2020,Adams,2635,1098,569,959,9
2020,08/03/2020,Allamakee,9126,4123,2304,2665,34
2020,08/03/2020,Appanoose,8021,3244,2120,2622,35
2020,08/03/2020,Audubon,4080,1970,1023,1072,15
2020,08/03/2020,Benton,17043,6071,4314,6565,93
2020,08/03/2020,Black Hawk,81065,21509,32483,26430,643
2020,08/03/2020,Boone,18199,6173,5584,6312,130
2020,08/03/2020,Bremer,16796,5454,4611,6648,83
2020,08/03/2020,Buchanan,13165,3690,3839,5593,43
2020,08/03/2020,Buena Vista,11254,4142,3143,3896,73
2020,08/03/2020,Butler,9520,4544,1911,3024,41
2020,08/03/2020,Calhoun,6374,2770,1334,2233,37
2020,08/03/2020,Carroll,13945,4920,3702,5248,75
2020,08/03/2020,Cass,8997,4629,1670,2657,41
2020,08/03/2020,Cedar,11867,4336,3410,4046,75
2020,08/03/2020,Cerro Gordo,28808,8281,9277,11128,122
2020,08/03/2020,Cherokee,7760,4200,1424,2108,28
2020,08/03/2020,Chickasaw,7961,2637,2418,2880,26
2020,08/03/2020,Clarke,5595,2246,1483,1840,26
2020,08/03/2020,Clay,10857,5406,2173,3217,61
2020,08/03/2020,Clayton,11338,3872,3327,4083,56
2020,08/03/2020,Clinton,30947,9003,10089,11711,144
2020,08/03/2020,Crawford,9350,3662,2460,3187,41
2020,08/03/2020,Dallas,59921,20970,18002,20479,470
2020,08/03/2020,Davis,4810,1980,1536,1272,22
2020,08/03/2020,Decatur,4439,1863,1314,1233,29
2020,08/03/2020,Delaware,11404,4569,2591,4197,47
2020,08/03/2020,Des Moines,26183,7440,10482,8095,166
2020,08/03/2020,Dickinson,12932,6147,2839,3882,64
2020,08/03/2020,Dubuque,64592,18615,27006,18557,414
2020,08/03/2020,Emmet,6128,2008,1720,2375,25
2020,08/03/2020,Fayette,11614,4209,3545,3797,63
2020,08/03/2020,Floyd,10245,2931,2991,4274,49
2020,08/03/2020,Franklin,6162,2925,1279,1929,29
2020,08/03/2020,Fremont,4656,2594,1001,1037,24
2020,08/03/2020,Greene,6164,2462,1691,1976,35
2020,08/03/2020,Grundy,8503,4114,1613,2739,37
2020,08/03/2020,Guthrie,7594,3066,1778,2704,46
2020,08/03/2020,Hamilton,9645,4229,2377,2992,47
2020,08/03/2020,Hancock,7338,3411,1514,2380,33
2020,08/03/2020,Hardin,11009,4849,2697,3405,58
2020,08/03/2020,Harrison,8543,4413,2056,2012,62
2020,08/03/2020,Henry,12490,5251,2949,4222,68
2020,08/03/2020,Howard,5795,1680,1658,2429,28
2020,08/03/2020,Humboldt,6193,2846,1221,2102,24
2020,08/03/2020,Ida,4730,2333,823,1554,20
2020,08/03/2020,Iowa,11536,4710,2744,4014,68
2020,08/03/2020,Jackson,13943,3998,5190,4720,35
2020,08/03/2020,Jasper,24956,8050,8324,8471,111
2020,08/03/2020,Jefferson,10486,3356,4438,2604,88
2020,08/03/2020,Johnson,91616,17060,49871,24020,665
2020,08/03/2020,Jones,13071,4486,3352,5191,42
2020,08/03/2020,Keokuk,6411,2682,1680,2027,22
2020,08/03/2020,Kossuth,10626,4536,2718,3343,29
2020,08/03/2020,Lee,21155,5361,8522,7140,132
2020,08/03/2020,Linn,146784,40046,59589,45759,1390
2020,08/03/2020,Louisa,6757,2684,1730,2313,30
2020,08/03/2020,Lucas,5513,2412,1274,1802,25
2020,08/03/2020,Lyon,8139,6170,794,1158,17
2020,08/03/2020,Madison,10866,4559,2780,3447,80
2020,08/03/2020,Mahaska,13674,6979,2701,3911,83
2020,08/03/2020,Marion,22463,10286,5416,6636,125
2020,08/03/2020,Marshall,22878,7455,7660,7613,150
2020,08/03/2020,Mills,10161,5449,2080,2534,98
2020,08/03/2020,Mitchell,6669,2537,1723,2375,34
2020,08/03/2020,Monona,5669,2292,1528,1819,30
2020,08/03/2020,Monroe,4664,1879,1361,1400,24
2020,08/03/2020,Montgomery,6796,3675,1226,1866,29
2020,08/03/2020,Muscatine,26600,8550,8619,9250,181
2020,08/03/2020,O'Brien,9158,5713,1259,2139,47
2020,08/03/2020,Osceola,4030,2510,479,1029,12
2020,08/03/2020,Page,9274,5061,1759,2404,50
2020,08/03/2020,Palo Alto,5911,2120,1833,1937,21
2020,08/03/2020,Plymouth,16932,8830,3169,4853,80
2020,08/03/2020,Pocahontas,4700,2268,898,1508,26
2020,08/03/2020,Polk,297670,82502,130373,82098,2697
2020,08/03/2020,Pottawattamie,57880,22647,16969,17645,619
2020,08/03/2020,Poweshiek,13132,3912,4648,4521,51
2020,08/03/2020,Ringgold,3084,1976,580,523,5
2020,08/03/2020,Sac,6844,3563,1223,2036,22
2020,08/03/2020,Scott,115425,32185,39704,42630,906
2020,08/03/2020,Shelby,7861,3807,1814,2218,22
2020,08/03/2020,Sioux,21604,15760,2083,3702,59
2020,08/03/2020,Story,62779,17507,23838,20729,705
2020,08/03/2020,Tama,10993,3601,3174,4172,46
2020,08/03/2020,Taylor,3762,2012,659,1071,20
2020,08/03/2020,Totals,2012556,683888,681390,633422,13856
2020,08/03/2020,Union,7566,3237,1715,2580,34
2020,08/03/2020,Van Buren,4675,2373,855,1427,20
2020,08/03/2020,Wapello,19958,5907,7648,6301,102
2020,08/03/2020,Warren,34305,12482,10768,10836,219
2020,08/03/2020,Washington,14275,5828,3611,4728,108
2020,08/03/2020,Wayne,3523,1566,890,1045,22
2020,08/03/2020,Webster,23388,7543,7675,8019,151
2020,08/03/2020,Winnebago,7255,2883,1743,2593,36
2020,08/03/2020,Winneshiek,13736,4469,4766,4444,57
2020,08/03/2020,Woodbury,57802,21967,18301,17168,366
2020,08/03/2020,Worth,5164,1943,1378,1827,16
2020,08/03/2020,Wright,7590,3475,1859,2220,36
2020,09/01/2020,Adair,5090,2172,1043,1851,24
2020,09/01/2020,Adams,2648,1104,563,971,10
2020,09/01/2020,Allamakee,9181,4156,2314,2677,34
2020,09/01/2020,Appanoose,8080,3327,2120,2595,38
2020,09/01/2020,Audubon,4090,1974,1024,1077,15
2020,09/01/2020,Benton,17152,6117,4338,6598,99
2020,09/01/2020,Black Hawk,81438,21953,32769,26081,635
2020,09/01/2020,Boone,18319,6264,5621,6301,133
2020,09/01/2020,Bremer,16866,5501,4611,6672,82
2020,09/01/2020,Buchanan,13251,3715,3840,5651,45
2020,09/01/2020,Buena Vista,11286,4170,3141,3898,77
2020,09/01/2020,Butler,9579,4567,1927,3042,43
2020,09/01/2020,Calhoun,6423,2795,1333,2258,37
2020,09/01/2020,Carroll,14056,4977,3698,5299,82
2020,09/01/2020,Cass,9049,4654,1670,2675,50
2020,09/01/2020,Cedar,12008,4398,3414,4114,82
2020,09/01/2020,Cerro Gordo,29020,8343,9282,11259,136
2020,09/01/2020,Cherokee,7786,4227,1421,2110,28
2020,09/01/2020,Chickasaw,7968,2650,2400,2892,26
2020,09/01/2020,Clarke,5613,2257,1487,1841,28
2020,09/01/2020,Clay,10937,5437,2187,3249,64
2020,09/01/2020,Clayton,11405,3917,3317,4112,59
2020,09/01/2020,Clinton,31117,9100,10144,11717,156
2020,09/01/2020,Crawford,9388,3670,2465,3208,45
2020,09/01/2020,Dallas,60810,21310,18325,20681,494
2020,09/01/2020,Davis,4844,2022,1528,1271,23
2020,09/01/2020,Decatur,4477,1892,1314,1241,30
2020,09/01/2020,Delaware,11474,4596,2594,4232,52
2020,09/01/2020,Des Moines,26305,7482,10489,8165,169
2020,09/01/2020,Dickinson,13044,6220,2844,3911,69
2020,09/01/2020,Dubuque,65146,18990,27098,18619,439
2020,09/01/2020,Emmet,6170,2033,1722,2386,29
2020,09/01/2020,Fayette,11710,4256,3539,3848,67
2020,09/01/2020,Floyd,10286,2948,2982,4307,49
2020,09/01/2020,Franklin,6200,2957,1284,1930,29
2020,09/01/2020,Fremont,4680,2608,1004,1044,24
2020,09/01/2020,Greene,6202,2494,1689,1983,36
2020,09/01/2020,Grundy,8486,4108,1612,2729,37
2020,09/01/2020,Guthrie,7640,3085,1783,2724,48
2020,09/01/2020,Hamilton,9692,4265,2386,2987,54
2020,09/01/2020,Hancock,7389,3458,1528,2368,35
2020,09/01/2020,Hardin,11056,4897,2700,3401,58
2020,09/01/2020,Harrison,8679,4469,2067,2080,63
2020,09/01/2020,Henry,12536,5284,2938,4240,74
2020,09/01/2020,Howard,5839,1693,1664,2453,29
2020,09/01/2020,Humboldt,6224,2856,1226,2117,25
2020,09/01/2020,Ida,4757,2340,821,1577,19
2020,09/01/2020,Iowa,11608,4745,2744,4049,70
2020,09/01/2020,Jackson,13998,4022,5177,4761,38
2020,09/01/2020,Jasper,25059,8131,8330,8483,115
2020,09/01/2020,Jefferson,10588,3393,4445,2664,86
2020,09/01/2020,Johnson,92702,17316,50162,24526,698
2020,09/01/2020,Jones,13160,4523,3365,5229,43
2020,09/01/2020,Keokuk,6457,2703,1681,2051,22
2020,09/01/2020,Kossuth,10673,4568,2713,3363,29
2020,09/01/2020,Lee,21302,5506,8510,7143,143
2020,09/01/2020,Linn,147785,40569,59630,46162,1424
2020,09/01/2020,Louisa,6798,2702,1736,2327,33
2020,09/01/2020,Lucas,5556,2444,1272,1815,25
2020,09/01/2020,Lyon,8184,6187,801,1175,21
2020,09/01/2020,Madison,10976,4635,2792,3468,81
2020,09/01/2020,Mahaska,13742,6996,2702,3961,83
2020,09/01/2020,Marion,22583,10346,5398,6706,133
2020,09/01/2020,Marshall,22979,7531,7680,7619,149
2020,09/01/2020,Mills,10242,5490,2074,2579,99
2020,09/01/2020,Mitchell,6728,2555,1734,2403,36
2020,09/01/2020,Monona,5709,2325,1542,1810,32
2020,09/01/2020,Monroe,4724,1930,1364,1401,29
2020,09/01/2020,Montgomery,6837,3673,1230,1905,29
2020,09/01/2020,Muscatine,26765,8603,8628,9338,196
2020,09/01/2020,O'Brien,9189,5747,1248,2146,48
2020,09/01/2020,Osceola,4048,2523,482,1030,13
2020,09/01/2020,Page,9327,5102,1756,2417,52
2020,09/01/2020,Palo Alto,5972,2172,1836,1942,22
2020,09/01/2020,Plymouth,17027,8881,3182,4881,83
2020,09/01/2020,Pocahontas,4704,2262,902,1513,27
2020,09/01/2020,Polk,300633,83622,131196,83003,2812
2020,09/01/2020,Pottawattamie,58445,22865,17074,17858,648
2020,09/01/2020,Poweshiek,13163,3927,4622,4564,50
2020,09/01/2020,Ringgold,3092,1961,595,528,8
2020,09/01/2020,Sac,6866,3568,1222,2055,21
2020,09/01/2020,Scott,116335,32537,40039,42808,951
2020,09/01/2020,Shelby,7945,3864,1805,2246,30
2020,09/01/2020,Sioux,21709,15815,2107,3722,65
2020,09/01/2020,Story,63283,17716,23865,20966,736
2020,09/01/2020,Tama,10987,3599,3164,4171,53
2020,09/01/2020,Taylor,3786,2021,663,1080,22
2020,09/01/2020,Totals,2027777,691239,684093,637970,14475
2020,09/01/2020,Union,7644,3270,1704,2631,39
2020,09/01/2020,Van Buren,4669,2372,851,1426,20
2020,09/01/2020,Wapello,20060,5956,7630,6366,108
2020,09/01/2020,Warren,34668,12729,10845,10857,237
2020,09/01/2020,Washington,14387,5871,3611,4794,111
2020,09/01/2020,Wayne,3553,1598,884,1050,21
2020,09/01/2020,Webster,23541,7647,7685,8049,160
2020,09/01/2020,Winnebago,7321,2923,1762,2597,39
2020,09/01/2020,Winneshiek,13835,4514,4773,4489,59
2020,09/01/2020,Woodbury,58179,22108,18377,17305,389
2020,09/01/2020,Worth,5215,1971,1376,1849,19
2020,09/01/2020,Wright,7643,3497,1861,2247,38
2020,10/01/2020,Adair,5143,2217,1042,1860,24
2020,10/01/2020,Adams,2657,1124,558,964,11
2020,10/01/2020,Allamakee,9318,4240,2304,2733,41
2020,10/01/2020,Appanoose,8223,3398,2151,2629,45
2020,10/01/2020,Audubon,4119,1991,1021,1091,16
2020,10/01/2020,Benton,17349,6205,4313,6712,119
2020,10/01/2020,Black Hawk,82229,22352,33045,26168,664
2020,10/01/2020,Boone,18546,6431,5650,6326,139
2020,10/01/2020,Bremer,16996,5577,4605,6729,85
2020,10/01/2020,Buchanan,13406,3789,3842,5723,52
2020,10/01/2020,Buena Vista,11374,4214,3164,3913,83
2020,10/01/2020,Butler,9700,4648,1943,3061,48
2020,10/01/2020,Calhoun,6454,2821,1335,2261,37
2020,10/01/2020,Carroll,14214,5061,3702,5365,86
2020,10/01/2020,Cass,9145,4690,1682,2719,54
2020,10/01/2020,Cedar,12203,4488,3436,4194,85
2020,10/01/2020,Cerro Gordo,29303,8431,9304,11406,162
2020,10/01/2020,Cherokee,7845,4241,1454,2121,29
2020,10/01/2020,Chickasaw,8038,2674,2407,2927,30
2020,10/01/2020,Clarke,5732,2293,1509,1895,35
2020,10/01/2020,Clay,11075,5502,2201,3305,67
2020,10/01/2020,Clayton,11518,3986,3309,4159,64
2020,10/01/2020,Clinton,31536,9287,10233,11826,190
2020,10/01/2020,Crawford,9515,3722,2483,3257,53
2020,10/01/2020,Dallas,62638,22115,19096,20883,544
2020,10/01/2020,Davis,4888,2071,1515,1278,24
2020,10/01/2020,Decatur,4547,1928,1313,1274,32
2020,10/01/2020,Delaware,11633,4684,2618,4280,51
2020,10/01/2020,Des Moines,26600,7611,10505,8297,187
2020,10/01/2020,Dickinson,13276,6326,2860,4011,79
2020,10/01/2020,Dubuque,65926,19306,27209,18913,498
2020,10/01/2020,Emmet,6229,2082,1721,2392,34
2020,10/01/2020,Fayette,11886,4325,3548,3943,70
2020,10/01/2020,Floyd,10383,2978,2977,4369,59
2020,10/01/2020,Franklin,6261,3001,1304,1924,32
2020,10/01/2020,Fremont,4730,2637,1007,1060,26
2020,10/01/2020,Greene,6293,2549,1690,2017,37
2020,10/01/2020,Grundy,8504,4156,1647,2657,44
2020,10/01/2020,Guthrie,7734,3127,1791,2766,50
2020,10/01/2020,Hamilton,9771,4347,2404,2965,55
2020,10/01/2020,Hancock,7470,3552,1545,2332,41
2020,10/01/2020,Hardin,11194,4990,2731,3412,61
2020,10/01/2020,Harrison,8912,4580,2078,2185,69
2020,10/01/2020,Henry,12608,5345,2934,4249,80
2020,10/01/2020,Howard,5906,1726,1662,2486,32
2020,10/01/2020,Humboldt,6294,2890,1222,2155,27
2020,10/01/2020,Ida,4798,2380,830,1567,21
2020,10/01/2020,Iowa,11744,4773,2779,4108,84
2020,10/01/2020,Jackson,14075,4071,5148,4816,40
2020,10/01/2020,Jasper,25281,8374,8329,8446,132
2020,10/01/2020,Jefferson,10762,3487,4492,2691,92
2020,10/01/2020,Johnson,94395,17543,50665,25427,760
2020,10/01/2020,Jones,13290,4576,3374,5288,52
2020,10/01/2020,Keokuk,6519,2733,1678,2086,22
2020,10/01/2020,Kossuth,10722,4611,2686,3393,32
2020,10/01/2020,Lee,21613,5703,8536,7221,153
2020,10/01/2020,Linn,149911,41062,59970,47370,1509
2020,10/01/2020,Louisa,6869,2739,1751,2345,34
2020,10/01/2020,Lucas,5628,2469,1276,1851,32
2020,10/01/2020,Lyon,8234,6216,805,1193,20
2020,10/01/2020,Madison,11198,4753,2835,3520,90
2020,10/01/2020,Mahaska,13909,7058,2714,4045,92
2020,10/01/2020,Marion,22823,10486,5397,6797,143
2020,10/01/2020,Marshall,23182,7693,7805,7531,153
2020,10/01/2020,Mills,10386,5556,2080,2644,106
2020,10/01/2020,Mitchell,6866,2617,1744,2462,43
2020,10/01/2020,Monona,5773,2388,1560,1788,37
2020,10/01/2020,Monroe,4785,1995,1361,1398,31
2020,10/01/2020,Montgomery,6919,3704,1242,1936,37
2020,10/01/2020,Muscatine,27194,8736,8699,9539,220
2020,10/01/2020,O'Brien,9277,5813,1274,2135,55
2020,10/01/2020,Osceola,4082,2560,487,1019,16
2020,10/01/2020,Page,9349,5135,1756,2400,58
2020,10/01/2020,Palo Alto,6036,2235,1855,1922,24
2020,10/01/2020,Plymouth,17169,8962,3179,4934,94
2020,10/01/2020,Pocahontas,4741,2290,909,1512,30
2020,10/01/2020,Polk,305908,85436,132620,84799,3053
2020,10/01/2020,Pottawattamie,59438,23296,17251,18198,693
2020,10/01/2020,Poweshiek,13278,3966,4620,4636,56
2020,10/01/2020,Ringgold,3135,1971,609,544,11
2020,10/01/2020,Sac,6911,3611,1242,2034,24
2020,10/01/2020,Scott,118136,33240,40870,42999,1027
2020,10/01/2020,Shelby,8075,3926,1815,2299,35
2020,10/01/2020,Sioux,21919,15948,2111,3784,76
2020,10/01/2020,Story,63818,17804,23942,21285,787
2020,10/01/2020,Tama,11095,3662,3177,4189,67
2020,10/01/2020,Taylor,3835,2052,661,1096,26
2020,10/01/2020,Totals,2056085,703336,690251,646725,15773
2020,10/01/2020,Union,7753,3327,1709,2676,41
2020,10/01/2020,Van Buren,4739,2441,868,1410,20
2020,10/01/2020,Wapello,20316,6078,7631,6483,124
2020,10/01/2020,Warren,35372,13116,11065,10932,259
2020,10/01/2020,Washington,14559,5956,3615,4870,118
2020,10/01/2020,Wayne,3621,1640,886,1073,22
2020,10/01/2020,Webster,23780,7797,7695,8110,178
2020,10/01/2020,Winnebago,7416,2974,1786,2614,42
2020,10/01/2020,Winneshiek,14069,4624,4843,4539,63
2020,10/01/2020,Woodbury,59065,22503,18670,17465,427
2020,10/01/2020,Worth,5268,2006,1411,1828,23
2020,10/01/2020,Wright,7728,3536,1868,2286,38
2020,11/02/2020,Adair,5202,2254,1052,1871,25
2020,11/02/2020,Adams,2697,1148,557,979,13
2020,11/02/2020,Allamakee,9472,4327,2316,2785,44
2020,11/02/2020,Appanoose,8329,3478,2166,2632,53
2020,11/02/2020,Audubon,4163,2013,1017,1117,16
2020,11/02/2020,Benton,17605,6310,4364,6806,125
2020,11/02/2020,Black Hawk,83461,22831,33544,26355,731
2020,11/02/2020,Boone,18871,6635,5697,6391,148
2020,11/02/2020,Bremer,17288,5712,4644,6831,101
2020,11/02/2020,Buchanan,13542,3874,3844,5768,56
2020,11/02/2020,Buena Vista,11518,4292,3178,3963,85
2020,11/02/2020,Butler,9841,4752,1960,3079,50
2020,11/02/2020,Calhoun,6553,2867,1345,2296,45
2020,11/02/2020,Carroll,14365,5151,3707,5418,89
2020,11/02/2020,Cass,9270,4776,1686,2750,58
2020,11/02/2020,Cedar,12536,4594,3475,4367,100
2020,11/02/2020,Cerro Gordo,29883,8623,9398,11660,202
2020,11/02/2020,Cherokee,7953,4280,1466,2176,31
2020,11/02/2020,Chickasaw,8173,2741,2413,2984,35
2020,11/02/2020,Clarke,5891,2368,1512,1957,54
2020,11/02/2020,Clay,11265,5610,2211,3367,77
2020,11/02/2020,Clayton,11679,4085,3323,4199,72
2020,11/02/2020,Clinton,32002,9570,10347,11868,217
2020,11/02/2020,Crawford,9682,3783,2519,3321,59
2020,11/02/2020,Dallas,64474,22829,19564,21502,579
2020,11/02/2020,Davis,4965,2160,1498,1280,27
2020,11/02/2020,Decatur,4672,2006,1317,1313,36
2020,11/02/2020,Delaware,11819,4756,2631,4374,58
2020,11/02/2020,Des Moines,26952,7748,10551,8448,205
2020,11/02/2020,Dickinson,13569,6478,2890,4111,90
2020,11/02/2020,Dubuque,66974,19780,27260,19374,560
2020,11/02/2020,Emmet,6319,2128,1724,2427,40
2020,11/02/2020,Fayette,12126,4461,3546,4038,81
2020,11/02/2020,Floyd,10480,3023,2980,4409,68
2020,11/02/2020,Franklin,6372,3099,1329,1907,37
2020,11/02/2020,Fremont,4825,2685,1015,1090,35
2020,11/02/2020,Greene,6358,2583,1689,2048,38
2020,11/02/2020,Grundy,8723,4343,1715,2616,49
2020,11/02/2020,Guthrie,7885,3195,1789,2847,54
2020,11/02/2020,Hamilton,9909,4460,2487,2902,60
2020,11/02/2020,Hancock,7580,3658,1556,2320,46
2020,11/02/2020,Hardin,11329,5123,2750,3385,71
2020,11/02/2020,Harrison,9176,4692,2105,2300,79
2020,11/02/2020,Henry,12806,5451,2956,4305,94
2020,11/02/2020,Howard,6008,1765,1678,2532,33
2020,11/02/2020,Humboldt,6383,2955,1225,2168,35
2020,11/02/2020,Ida,4844,2420,837,1566,21
2020,11/02/2020,Iowa,11900,4841,2800,4168,91
2020,11/02/2020,Jackson,14212,4153,5141,4866,52
2020,11/02/2020,Jasper,25656,8640,8370,8489,157
2020,11/02/2020,Jefferson,10967,3569,4542,2755,101
2020,11/02/2020,Johnson,97965,18086,51898,27116,865
2020,11/02/2020,Jones,13505,4682,3377,5387,59
2020,11/02/2020,Keokuk,6640,2805,1678,2125,32
2020,11/02/2020,Kossuth,10850,4704,2672,3437,37
2020,11/02/2020,Lee,21913,5884,8543,7318,168
2020,11/02/2020,Linn,152867,41792,60570,48841,1664
2020,11/02/2020,Louisa,6989,2797,1761,2396,35
2020,11/02/2020,Lucas,5736,2559,1274,1869,34
2020,11/02/2020,Lyon,8320,6272,816,1210,22
2020,11/02/2020,Madison,11463,4912,2874,3587,90
2020,11/02/2020,Mahaska,14217,7220,2730,4159,108
2020,11/02/2020,Marion,23196,10652,5458,6926,160
2020,11/02/2020,Marshall,23541,7902,8000,7465,174
2020,11/02/2020,Mills,10593,5653,2110,2708,122
2020,11/02/2020,Mitchell,7054,2738,1744,2523,49
2020,11/02/2020,Monona,5878,2493,1573,1769,43
2020,11/02/2020,Monroe,4946,2130,1367,1414,35
2020,11/02/2020,Montgomery,7015,3736,1247,1986,46
2020,11/02/2020,Muscatine,27661,8908,8790,9715,248
2020,11/02/2020,O'Brien,9416,5917,1302,2137,60
2020,11/02/2020,Osceola,4140,2592,502,1030,16
2020,11/02/2020,Page,9520,5234,1767,2450,69
2020,11/02/2020,Palo Alto,6115,2309,1861,1914,31
2020,11/02/2020,Plymouth,17398,9102,3195,4998,103
2020,11/02/2020,Pocahontas,4828,2370,905,1515,38
2020,11/02/2020,Polk,313447,88004,134997,87062,3384
2020,11/02/2020,Pottawattamie,60398,23761,17395,18510,732
2020,11/02/2020,Poweshiek,13391,4046,4604,4678,63
2020,11/02/2020,Ringgold,3200,2001,610,576,13
2020,11/02/2020,Sac,6959,3651,1240,2043,25
2020,11/02/2020,Scott,120509,34082,41622,43685,1120
2020,11/02/2020,Shelby,8266,4004,1838,2381,43
2020,11/02/2020,Sioux,22103,16038,2122,3853,90
2020,11/02/2020,Story,64661,17897,24242,21683,839
2020,11/02/2020,Tama,11220,3723,3192,4231,74
2020,11/02/2020,Taylor,3930,2107,665,1128,30
2020,11/02/2020,Totals,2095580,719591,699001,659487,17501
2020,11/02/2020,Union,7875,3391,1726,2714,44
2020,11/02/2020,Van Buren,4792,2488,871,1407,26
2020,11/02/2020,Wapello,20652,6250,7663,6597,142
2020,11/02/2020,Warren,36125,13567,11169,11088,301
2020,11/02/2020,Washington,14742,6046,3628,4947,121
2020,11/02/2020,Wayne,3707,1686,890,1108,23
2020,11/02/2020,Webster,24043,7936,7725,8189,193
2020,11/02/2020,Winnebago,7465,2988,1794,2634,49
2020,11/02/2020,Winneshiek,14466,4783,4914,4700,69
2020,11/02/2020,Woodbury,60200,23000,19087,17650,463
2020,11/02/2020,Worth,5331,2047,1425,1836,23
2020,11/02/2020,Wright,7808,3571,1882,2312,43
2020,12/01/2020,Adair,5263,2278,1051,1908,26
2020,12/01/2020,Adams,2724,1166,558,987,13
2020,12/01/2020,Allamakee,9539,4363,2299,2831,46
2020,12/01/2020,Appanoose,8453,3528,2171,2696,58
2020,12/01/2020,Audubon,4192,2024,1016,1135,17
2020,12/01/2020,Benton,17825,6390,4360,6942,133
2020,12/01/2020,Black Hawk,84989,23238,33851,27124,776
2020,12/01/2020,Boone,19011,6674,5682,6496,159
2020,12/01/2020,Bremer,17599,5825,4667,7002,105
2020,12/01/2020,Buchanan,13657,3923,3828,5844,62
2020,12/01/2020,Buena Vista,11625,4335,3183,4020,87
2020,12/01/2020,Butler,9816,4748,1948,3070,50
2020,12/01/2020,Calhoun,6618,2908,1337,2329,44
2020,12/01/2020,Carroll,14499,5225,3706,5474,94
2020,12/01/2020,Cass,9356,4820,1684,2790,62
2020,12/01/2020,Cedar,12760,4658,3483,4520,99
2020,12/01/2020,Cerro Gordo,29967,8662,9396,11706,203
2020,12/01/2020,Cherokee,8048,4320,1470,2225,33
2020,12/01/2020,Chickasaw,8223,2782,2402,2997,42
2020,12/01/2020,Clarke,6008,2430,1507,2017,54
2020,12/01/2020,Clay,11407,5668,2208,3448,83
2020,12/01/2020,Clayton,11880,4177,3320,4309,74
2020,12/01/2020,Clinton,32194,9628,10331,12008,227
2020,12/01/2020,Crawford,9773,3820,2536,3356,61
2020,12/01/2020,Dallas,65827,23256,19738,22223,610
2020,12/01/2020,Davis,5014,2185,1496,1306,27
2020,12/01/2020,Decatur,4865,2064,1330,1435,36
2020,12/01/2020,Delaware,11984,4839,2629,4454,62
2020,12/01/2020,Des Moines,27127,7818,10562,8542,205
2020,12/01/2020,Dickinson,13711,6539,2899,4178,95
2020,12/01/2020,Dubuque,67717,20065,27324,19747,581
2020,12/01/2020,Emmet,6351,2140,1727,2446,38
2020,12/01/2020,Fayette,12422,4538,3566,4239,79
2020,12/01/2020,Floyd,10548,3060,2990,4431,67
2020,12/01/2020,Franklin,6467,3136,1325,1967,39
2020,12/01/2020,Fremont,4903,2732,1015,1122,34
2020,12/01/2020,Greene,6421,2614,1687,2079,41
2020,12/01/2020,Grundy,8821,4382,1718,2671,50
2020,12/01/2020,Guthrie,7858,3188,1782,2833,55
2020,12/01/2020,Hamilton,9946,4477,2483,2925,61
2020,12/01/2020,Hancock,7685,3709,1554,2376,46
2020,12/01/2020,Hardin,11456,5173,2756,3453,74
2020,12/01/2020,Harrison,9417,4798,2108,2428,83
2020,12/01/2020,Henry,12960,5494,2980,4392,94
2020,12/01/2020,Howard,6110,1817,1670,2588,35
2020,12/01/2020,Humboldt,6455,2991,1222,2207,35
2020,12/01/2020,Ida,4879,2440,828,1588,23
2020,12/01/2020,Iowa,11987,4890,2796,4208,93
2020,12/01/2020,Jackson,14316,4220,5121,4921,54
2020,12/01/2020,Jasper,25907,8749,8375,8623,160
2020,12/01/2020,Jefferson,11108,3617,4539,2851,101
2020,12/01/2020,Johnson,100734,18539,52582,28688,925
2020,12/01/2020,Jones,13639,4749,3381,5447,62
2020,12/01/2020,Keokuk,6719,2847,1668,2173,31
2020,12/01/2020,Kossuth,10980,4770,2675,3499,36
2020,12/01/2020,Lee,22249,6022,8585,7466,176
2020,12/01/2020,Linn,154870,42341,60850,49936,1743
2020,12/01/2020,Louisa,7063,2836,1760,2431,36
2020,12/01/2020,Lucas,5747,2584,1267,1860,36
2020,12/01/2020,Lyon,8361,6292,815,1232,22
2020,12/01/2020,Madison,11643,4964,2861,3729,89
2020,12/01/2020,Mahaska,14215,7225,2710,4170,110
2020,12/01/2020,Marion,23492,10742,5472,7117,161
2020,12/01/2020,Marshall,23847,8011,8064,7595,177
2020,12/01/2020,Mills,10662,5680,2107,2749,126
2020,12/01/2020,Mitchell,7149,2773,1751,2575,50
2020,12/01/2020,Monona,5958,2520,1567,1827,44
2020,12/01/2020,Monroe,5061,2177,1367,1482,35
2020,12/01/2020,Montgomery,7110,3788,1251,2023,48
2020,12/01/2020,Muscatine,27941,8980,8815,9892,254
2020,12/01/2020,O'Brien,9511,5947,1313,2192,59
2020,12/01/2020,Osceola,4177,2607,503,1051,16
2020,12/01/2020,Page,9653,5301,1780,2503,69
2020,12/01/2020,Palo Alto,6197,2352,1857,1955,33
2020,12/01/2020,Plymouth,17537,9168,3212,5049,108
2020,12/01/2020,Pocahontas,4874,2393,907,1535,39
2020,12/01/2020,Polk,317078,88596,135478,89587,3417
2020,12/01/2020,Pottawattamie,61005,23993,17443,18819,750
2020,12/01/2020,Poweshiek,13536,4113,4603,4745,75
2020,12/01/2020,Ringgold,3245,2029,609,594,13
2020,12/01/2020,Sac,6936,3640,1236,2036,24
2020,12/01/2020,Scott,121442,34322,41731,44238,1151
2020,12/01/2020,Shelby,8332,4054,1829,2403,46
2020,12/01/2020,Sioux,22460,16234,2139,3991,96
2020,12/01/2020,Story,66636,18271,24523,22970,872
2020,12/01/2020,Tama,11395,3767,3221,4334,73
2020,12/01/2020,Taylor,4017,2163,666,1157,31
2020,12/01/2020,Totals,2123217,728039,701737,675384,18057
2020,12/01/2020,Union,7962,3428,1727,2760,47
2020,12/01/2020,Van Buren,4831,2515,872,1415,29
2020,12/01/2020,Wapello,20915,6343,7666,6757,149
2020,12/01/2020,Warren,36646,13745,11162,11438,301
2020,12/01/2020,Washington,14911,6117,3630,5046,118
2020,12/01/2020,Wayne,3806,1742,889,1153,22
2020,12/01/2020,Webster,24355,8058,7729,8361,207
2020,12/01/2020,Winnebago,7600,3044,1803,2702,51
2020,12/01/2020,Winneshiek,14623,4823,4900,4828,72
2020,12/01/2020,Woodbury,61015,23212,19230,18101,472
2020,12/01/2020,Worth,5451,2075,1426,1923,27
2020,12/01/2020,Wright,7943,3626,1891,2383,43
2021,01/04/2021,Adair,5256,2271,1048,1911,26
2021,01/04/2021,Adams,2722,1162,557,990,13
2021,01/04/2021,Allamakee,9533,4353,2289,2844,47
2021,01/04/2021,Appanoose,8440,3516,2159,2707,58
2021,01/04/2021,Audubon,4190,2026,1010,1137,17
2021,01/04/2021,Benton,17869,6407,4360,6966,136
2021,01/04/2021,Black Hawk,84647,23107,33671,27096,773
2021,01/04/2021,Boone,19071,6701,5679,6530,161
2021,01/04/2021,Bremer,17546,5798,4640,7003,105
2021,01/04/2021,Buchanan,13623,3910,3809,5842,62
2021,01/04/2021,Buena Vista,11604,4330,3175,4014,85
2021,01/04/2021,Butler,9995,4828,1947,3164,56
2021,01/04/2021,Calhoun,6619,2901,1332,2339,47
2021,01/04/2021,Carroll,14465,5211,3684,5476,94
2021,01/04/2021,Cass,9330,4796,1678,2795,61
2021,01/04/2021,Cedar,12763,4654,3482,4527,100
2021,01/04/2021,Cerro Gordo,30244,8715,9415,11910,204
2021,01/04/2021,Cherokee,8025,4303,1460,2229,33
2021,01/04/2021,Chickasaw,8224,2784,2387,3009,44
2021,01/04/2021,Clarke,6024,2437,1509,2024,54
2021,01/04/2021,Clay,11388,5657,2204,3444,83
2021,01/04/2021,Clayton,11849,4172,3299,4304,74
2021,01/04/2021,Clinton,32268,9631,10324,12085,228
2021,01/04/2021,Crawford,9762,3822,2527,3351,62
2021,01/04/2021,Dallas,66026,23281,19756,22379,610
2021,01/04/2021,Davis,4998,2171,1489,1311,27
2021,01/04/2021,Decatur,4847,2059,1327,1426,35
2021,01/04/2021,Delaware,11974,4834,2621,4457,62
2021,01/04/2021,Des Moines,27155,7827,10511,8603,214
2021,01/04/2021,Dickinson,13733,6548,2896,4193,96
2021,01/04/2021,Dubuque,67707,20059,27276,19792,580
2021,01/04/2021,Emmet,6330,2137,1719,2436,38
2021,01/04/2021,Fayette,12419,4549,3556,4233,81
2021,01/04/2021,Floyd,10540,3064,2971,4433,72
2021,01/04/2021,Franklin,6470,3132,1322,1977,39
2021,01/04/2021,Fremont,4899,2721,1013,1130,35
2021,01/04/2021,Greene,6402,2601,1681,2079,41
2021,01/04/2021,Grundy,8833,4388,1719,2676,50
2021,01/04/2021,Guthrie,7939,3217,1779,2886,57
2021,01/04/2021,Hamilton,9959,4488,2468,2941,62
2021,01/04/2021,Hancock,7679,3711,1551,2371,46
2021,01/04/2021,Hardin,11450,5165,2753,3457,75
2021,01/04/2021,Harrison,9406,4788,2105,2430,83
2021,01/04/2021,Henry,13019,5498,2969,4457,95
2021,01/04/2021,Howard,6099,1816,1664,2584,35
2021,01/04/2021,Humboldt,6451,2976,1221,2220,34
2021,01/04/2021,Ida,4857,2428,819,1587,23
2021,01/04/2021,Iowa,12003,4896,2789,4226,92
2021,01/04/2021,Jackson,14306,4220,5098,4934,54
2021,01/04/2021,Jasper,25920,8757,8344,8656,163
2021,01/04/2021,Jefferson,11101,3605,4535,2860,101
2021,01/04/2021,Johnson,100523,18494,52386,28720,923
2021,01/04/2021,Jones,13627,4736,3371,5459,61
2021,01/04/2021,Keokuk,6710,2845,1661,2173,31
2021,01/04/2021,Kossuth,10950,4756,2656,3501,37
2021,01/04/2021,Lee,22216,6024,8546,7468,178
2021,01/04/2021,Linn,154763,42269,60737,50013,1744
2021,01/04/2021,Louisa,7060,2833,1761,2430,36
2021,01/04/2021,Lucas,5805,2610,1266,1892,37
2021,01/04/2021,Lyon,8377,6294,818,1243,22
2021,01/04/2021,Madison,11657,4963,2854,3749,91
2021,01/04/2021,Mahaska,14444,7302,2731,4282,129
2021,01/04/2021,Marion,23553,10771,5468,7146,168
2021,01/04/2021,Marshall,23807,7989,8040,7602,176
2021,01/04/2021,Mills,10652,5675,2102,2750,125
2021,01/04/2021,Mitchell,7150,2776,1748,2576,50
2021,01/04/2021,Monona,5950,2517,1565,1824,44
2021,01/04/2021,Monroe,5050,2176,1355,1483,36
2021,01/04/2021,Montgomery,7119,3794,1249,2029,47
2021,01/04/2021,Muscatine,28055,9002,8827,9963,263
2021,01/04/2021,O'Brien,9483,5929,1307,2183,64
2021,01/04/2021,Osceola,4174,2603,503,1052,16
2021,01/04/2021,Page,9647,5298,1773,2508,68
2021,01/04/2021,Palo Alto,6205,2354,1857,1960,34
2021,01/04/2021,Plymouth,17524,9171,3204,5041,108
2021,01/04/2021,Pocahontas,4878,2393,906,1541,38
2021,01/04/2021,Polk,317930,88649,135468,90306,3507
2021,01/04/2021,Pottawattamie,61148,24014,17455,18919,760
2021,01/04/2021,Poweshiek,13533,4113,4587,4758,75
2021,01/04/2021,Ringgold,3238,2024,607,594,13
2021,01/04/2021,Sac,7035,3678,1236,2097,24
2021,01/04/2021,Scott,121650,34302,41734,44451,1163
2021,01/04/2021,Shelby,8336,4051,1830,2409,46
2021,01/04/2021,Sioux,22437,16198,2132,4011,96
2021,01/04/2021,Story,66510,18204,24448,22991,867
2021,01/04/2021,Tama,11374,3770,3207,4315,82
2021,01/04/2021,Taylor,4015,2163,666,1155,31
2021,01/04/2021,Totals,2124898,727975,700426,678195,18302
2021,01/04/2021,Union,8011,3455,1729,2778,49
2021,01/04/2021,Van Buren,4840,2518,870,1422,30
2021,01/04/2021,Wapello,20917,6346,7653,6768,150
2021,01/04/2021,Warren,36768,13786,11171,11504,307
2021,01/04/2021,Washington,14971,6133,3630,5089,119
2021,01/04/2021,Wayne,3784,1733,880,1149,22
2021,01/04/2021,Webster,24331,8055,7687,8381,208
2021,01/04/2021,Winnebago,7596,3043,1794,2708,51
2021,01/04/2021,Winneshiek,14614,4813,4888,4841,72
2021,01/04/2021,Woodbury,61130,23234,19169,18217,510
2021,01/04/2021,Worth,5444,2070,1418,1929,27
2021,01/04/2021,Wright,7928,3621,1879,2384,44
2021,02/01/2021,Adair,5262,2270,1045,1920,27
2021,02/01/2021,Adams,2718,1156,553,996,13
2021,02/01/2021,Allamakee,9521,4330,2279,2865,47
2021,02/01/2021,Appanoose,8429,3506,2153,2712,58
2021,02/01/2021,Audubon,4185,2021,1007,1140,17
2021,02/01/2021,Benton,17870,6387,4353,6995,135
2021,02/01/2021,Black Hawk,84619,22956,33610,27282,771
2021,02/01/2021,Boone,19070,6674,5662,6573,161
2021,02/01/2021,Bremer,17548,5784,4623,7037,104
2021,02/01/2021,Buchanan,13644,3900,3808,5870,66
2021,02/01/2021,Buena Vista,11620,4329,3171,4036,84
2021,02/01/2021,Butler,9994,4816,1945,3177,56
2021,02/01/2021,Calhoun,6622,2899,1323,2352,48
2021,02/01/2021,Carroll,14489,5222,3673,5500,94
2021,02/01/2021,Cass,9325,4788,1675,2801,61
2021,02/01/2021,Cedar,12745,4630,3473,4540,102
2021,02/01/2021,Cerro Gordo,30162,8675,9378,11904,205
2021,02/01/2021,Cherokee,8020,4298,1455,2234,33
2021,02/01/2021,Chickasaw,8215,2779,2383,3009,44
2021,02/01/2021,Clarke,6017,2430,1504,2029,54
2021,02/01/2021,Clay,11377,5650,2200,3445,82
2021,02/01/2021,Clayton,11843,4162,3293,4312,76
2021,02/01/2021,Clinton,32263,9579,10309,12146,229
2021,02/01/2021,Crawford,9754,3819,2523,3349,63
2021,02/01/2021,Dallas,66161,23183,19754,22603,621
2021,02/01/2021,Davis,4999,2168,1485,1318,28
2021,02/01/2021,Decatur,4824,2051,1322,1417,34
2021,02/01/2021,Delaware,11972,4820,2615,4475,62
2021,02/01/2021,Des Moines,27131,7808,10470,8633,220
2021,02/01/2021,Dickinson,13742,6535,2885,4224,98
2021,02/01/2021,Dubuque,67754,20016,27233,19918,587
2021,02/01/2021,Emmet,6325,2132,1716,2439,38
2021,02/01/2021,Fayette,12404,4535,3550,4238,81
2021,02/01/2021,Floyd,10529,3047,2965,4443,74
2021,02/01/2021,Franklin,6464,3126,1317,1982,39
2021,02/01/2021,Fremont,4899,2718,1010,1136,35
2021,02/01/2021,Greene,6392,2589,1680,2082,41
2021,02/01/2021,Grundy,8841,4393,1717,2681,50
2021,02/01/2021,Guthrie,7932,3205,1782,2888,57
2021,02/01/2021,Hamilton,9957,4479,2454,2961,63
2021,02/01/2021,Hancock,7682,3701,1550,2385,46
2021,02/01/2021,Hardin,11445,5140,2746,3484,75
2021,02/01/2021,Harrison,9390,4769,2102,2436,83
2021,02/01/2021,Henry,13004,5480,2953,4474,97
2021,02/01/2021,Howard,6116,1815,1662,2602,37
2021,02/01/2021,Humboldt,6450,2970,1218,2224,38
2021,02/01/2021,Ida,4865,2427,818,1597,23
2021,02/01/2021,Iowa,11999,4882,2783,4243,91
2021,02/01/2021,Jackson,14324,4220,5086,4963,55
2021,02/01/2021,Jasper,25911,8733,8324,8687,167
2021,02/01/2021,Jefferson,11074,3586,4530,2857,101
2021,02/01/2021,Johnson,100604,18390,52341,28938,935
2021,02/01/2021,Jones,13620,4712,3356,5491,61
2021,02/01/2021,Keokuk,6693,2828,1655,2178,32
2021,02/01/2021,Kossuth,10925,4726,2642,3517,40
2021,02/01/2021,Lee,22184,6001,8524,7483,176
2021,02/01/2021,Linn,154805,41987,60661,50405,1752
2021,02/01/2021,Louisa,7069,2816,1758,2458,37
2021,02/01/2021,Lucas,5806,2611,1261,1897,37
2021,02/01/2021,Lyon,8368,6284,816,1246,22
2021,02/01/2021,Madison,11649,4940,2851,3765,93
2021,02/01/2021,Mahaska,14441,7283,2721,4305,132
2021,02/01/2021,Marion,23546,10726,5461,7188,171
2021,02/01/2021,Marshall,23812,7959,8031,7642,180
2021,02/01/2021,Mills,10685,5663,2105,2790,127
2021,02/01/2021,Mitchell,7145,2767,1744,2583,51
2021,02/01/2021,Monona,5942,2508,1556,1832,46
2021,02/01/2021,Monroe,5042,2164,1349,1494,35
2021,02/01/2021,Montgomery,7114,3776,1248,2039,51
2021,02/01/2021,Muscatine,28063,8977,8807,10013,266
2021,02/01/2021,O'Brien,9485,5923,1305,2194,63
2021,02/01/2021,Osceola,4173,2602,503,1052,16
2021,02/01/2021,Page,9671,5305,1776,2519,71
2021,02/01/2021,Palo Alto,6194,2352,1850,1958,34
2021,02/01/2021,Plymouth,17548,9171,3201,5063,113
2021,02/01/2021,Pocahontas,4853,2374,899,1542,38
2021,02/01/2021,Polk,317614,87991,135143,90973,3507
2021,02/01/2021,Pottawattamie,61142,23897,17436,19042,767
2021,02/01/2021,Poweshiek,13549,4108,4581,4784,76
2021,02/01/2021,Ringgold,3226,2018,600,595,13
2021,02/01/2021,Sac,7038,3669,1229,2116,24
2021,02/01/2021,Scott,121394,34085,41512,44629,1168
2021,02/01/2021,Shelby,8334,4041,1822,2426,45
2021,02/01/2021,Sioux,22431,16169,2131,4034,97
2021,02/01/2021,Story,66488,18118,24419,23081,870
2021,02/01/2021,Tama,11362,3754,3207,4320,81
2021,02/01/2021,Taylor,4002,2157,659,1154,32
2021,02/01/2021,Totals,2124166,724939,698870,681917,18440
2021,02/01/2021,Union,7994,3444,1720,2782,48
2021,02/01/2021,Van Buren,4841,2510,869,1429,33
2021,02/01/2021,Wapello,20922,6335,7630,6807,150
2021,02/01/2021,Warren,36744,13713,11131,11586,314
2021,02/01/2021,Washington,14964,6115,3619,5109,121
2021,02/01/2021,Wayne,3766,1726,871,1146,23
2021,02/01/2021,Webster,24323,8028,7661,8424,210
2021,02/01/2021,Winnebago,7602,3035,1785,2729,53
2021,02/01/2021,Winneshiek,14601,4794,4878,4856,73
2021,02/01/2021,Woodbury,61145,23134,19140,18356,515
2021,02/01/2021,Worth,5440,2069,1415,1929,27
2021,02/01/2021,Wright,7909,3596,1866,2404,43
2021,03/01/2021,Adair,5207,2255,1036,1889,27
2021,03/01/2021,Adams,2679,1148,544,974,13
2021,03/01/2021,Allamakee,9419,4277,2257,2839,46
2021,03/01/2021,Appanoose,8316,3470,2112,2678,56
2021,03/01/2021,Audubon,4144,2001,1000,1126,17
2021,03/01/2021,Benton,17673,6326,4298,6914,135
2021,03/01/2021,Black Hawk,83592,22620,33156,27059,757
2021,03/01/2021,Boone,18823,6613,5575,6475,160
2021,03/01/2021,Bremer,17346,5726,4564,6954,102
2021,03/01/2021,Buchanan,13547,3859,3767,5856,65
2021,03/01/2021,Buena Vista,11503,4294,3127,3999,83
2021,03/01/2021,Butler,9907,4780,1929,3143,55
2021,03/01/2021,Calhoun,6558,2873,1305,2334,46
2021,03/01/2021,Carroll,14352,5177,3627,5455,93
2021,03/01/2021,Cass,9242,4743,1665,2773,61
2021,03/01/2021,Cedar,12603,4581,3436,4483,103
2021,03/01/2021,Cerro Gordo,29766,8545,9277,11746,198
2021,03/01/2021,Cherokee,7944,4266,1427,2218,33
2021,03/01/2021,Chickasaw,8138,2752,2362,2979,45
2021,03/01/2021,Clarke,5935,2392,1497,1993,53
2021,03/01/2021,Clay,11241,5589,2166,3407,79
2021,03/01/2021,Clayton,11734,4126,3254,4278,76
2021,03/01/2021,Clinton,31871,9465,10170,12011,225
2021,03/01/2021,Crawford,9665,3782,2490,3331,62
2021,03/01/2021,Dallas,64697,22658,19299,22137,603
2021,03/01/2021,Davis,4925,2140,1462,1298,25
2021,03/01/2021,Decatur,4761,2029,1292,1406,34
2021,03/01/2021,Delaware,11881,4784,2596,4442,59
2021,03/01/2021,Des Moines,26593,7633,10289,8456,215
2021,03/01/2021,Dickinson,13548,6449,2841,4161,97
2021,03/01/2021,Dubuque,66892,19734,26882,19695,581
2021,03/01/2021,Emmet,6234,2097,1683,2416,38
2021,03/01/2021,Fayette,12290,4494,3518,4198,80
2021,03/01/2021,Floyd,10403,3023,2924,4384,72
2021,03/01/2021,Franklin,6389,3092,1303,1955,39
2021,03/01/2021,Fremont,4848,2686,997,1130,35
2021,03/01/2021,Greene,6324,2563,1662,2059,40
2021,03/01/2021,Grundy,8741,4359,1692,2640,50
2021,03/01/2021,Guthrie,7844,3166,1754,2868,56
2021,03/01/2021,Hamilton,9868,4431,2438,2936,63
2021,03/01/2021,Hancock,7586,3657,1530,2357,42
2021,03/01/2021,Hardin,11338,5097,2718,3450,73
2021,03/01/2021,Harrison,9276,4712,2077,2405,82
2021,03/01/2021,Henry,12865,5419,2925,4428,93
2021,03/01/2021,Howard,6052,1799,1640,2576,37
2021,03/01/2021,Humboldt,6393,2948,1206,2201,38
2021,03/01/2021,Ida,4820,2407,803,1587,23
2021,03/01/2021,Iowa,11882,4834,2752,4206,90
2021,03/01/2021,Jackson,14188,4182,5039,4912,55
2021,03/01/2021,Jasper,25628,8640,8227,8598,163
2021,03/01/2021,Jefferson,10919,3540,4461,2822,96
2021,03/01/2021,Johnson,97874,17855,50922,28199,898
2021,03/01/2021,Jones,13467,4659,3324,5425,59
2021,03/01/2021,Keokuk,6624,2792,1639,2159,34
2021,03/01/2021,Kossuth,10788,4677,2608,3464,39
2021,03/01/2021,Lee,21966,5947,8438,7406,175
2021,03/01/2021,Linn,152778,41370,59884,49798,1726
2021,03/01/2021,Louisa,6989,2789,1738,2426,36
2021,03/01/2021,Lucas,5737,2574,1248,1880,35
2021,03/01/2021,Lyon,8324,6246,809,1247,22
2021,03/01/2021,Madison,11485,4868,2818,3706,93
2021,03/01/2021,Mahaska,14279,7202,2676,4274,127
2021,03/01/2021,Marion,23276,10606,5404,7096,170
2021,03/01/2021,Marshall,23545,7853,7935,7578,179
2021,03/01/2021,Mills,10525,5574,2080,2750,121
2021,03/01/2021,Mitchell,7068,2742,1714,2561,51
2021,03/01/2021,Monona,5884,2494,1534,1809,47
2021,03/01/2021,Monroe,4988,2146,1329,1480,33
2021,03/01/2021,Montgomery,7005,3724,1223,2008,50
2021,03/01/2021,Muscatine,27726,8865,8699,9900,262
2021,03/01/2021,O'Brien,9375,5861,1286,2169,59
2021,03/01/2021,Osceola,4143,2577,495,1050,21
2021,03/01/2021,Page,9531,5230,1747,2487,67
2021,03/01/2021,Palo Alto,6198,2351,1846,1966,35
2021,03/01/2021,Plymouth,17397,9096,3167,5025,109
2021,03/01/2021,Pocahontas,4796,2349,891,1518,38
2021,03/01/2021,Polk,313187,86583,133208,89966,3430
2021,03/01/2021,Pottawattamie,60386,23577,17203,18852,754
2021,03/01/2021,Poweshiek,13372,4068,4502,4729,73
2021,03/01/2021,Ringgold,3183,1991,588,591,13
2021,03/01/2021,Sac,6995,3648,1218,2104,25
2021,03/01/2021,Scott,119484,33550,40804,43987,1143
2021,03/01/2021,Shelby,8242,3989,1804,2405,44
2021,03/01/2021,Sioux,22234,16038,2102,3997,97
2021,03/01/2021,Story,65310,17847,23885,22727,851
2021,03/01/2021,Tama,11236,3701,3174,4280,81
2021,03/01/2021,Taylor,3967,2140,653,1141,33
2021,03/01/2021,Totals,2095407,715362,688356,673619,18070
2021,03/01/2021,Union,7898,3422,1697,2734,45
2021,03/01/2021,Van Buren,4799,2484,859,1423,33
2021,03/01/2021,Wapello,20654,6250,7522,6733,149
2021,03/01/2021,Warren,36237,13525,10987,11426,299
2021,03/01/2021,Washington,14780,6048,3561,5052,119
2021,03/01/2021,Wayne,3711,1704,855,1130,22
2021,03/01/2021,Webster,24092,7965,7573,8345,209
2021,03/01/2021,Winnebago,7530,3009,1768,2700,53
2021,03/01/2021,Winneshiek,14432,4736,4800,4822,74
2021,03/01/2021,Woodbury,60302,22784,18849,18165,504
2021,03/01/2021,Worth,5387,2050,1395,1917,25
2021,03/01/2021,Wright,7831,3573,1844,2375,39
2021,04/01/2021,Adair,5212,2259,1031,1896,26
2021,04/01/2021,Adams,2704,1161,541,989,13
2021,04/01/2021,Allamakee,9445,4286,2259,2854,46
2021,04/01/2021,Appanoose,8361,3494,2114,2697,56
2021,04/01/2021,Audubon,4143,2000,1000,1126,17
2021,04/01/2021,Benton,17705,6344,4296,6929,136
2021,04/01/2021,Black Hawk,83642,22607,33105,27175,755
2021,04/01/2021,Boone,18878,6614,5562,6541,161
2021,04/01/2021,Bremer,17390,5731,4568,6987,104
2021,04/01/2021,Buchanan,13559,3855,3757,5881,66
2021,04/01/2021,Buena Vista,11528,4299,3136,4011,82
2021,04/01/2021,Butler,9905,4768,1925,3155,57
2021,04/01/2021,Calhoun,6565,2877,1304,2337,47
2021,04/01/2021,Carroll,14370,5198,3615,5465,92
2021,04/01/2021,Cass,9255,4748,1663,2783,61
2021,04/01/2021,Cedar,12593,4570,3435,4487,101
2021,04/01/2021,Cerro Gordo,29777,8548,9265,11767,197
2021,04/01/2021,Cherokee,7963,4260,1429,2239,35
2021,04/01/2021,Chickasaw,8138,2755,2353,2985,45
2021,04/01/2021,Clarke,5934,2390,1493,1998,53
2021,04/01/2021,Clay,11258,5593,2166,3421,78
2021,04/01/2021,Clayton,11727,4127,3240,4283,77
2021,04/01/2021,Clinton,31914,9459,10157,12072,226
2021,04/01/2021,Crawford,9677,3782,2479,3348,68
2021,04/01/2021,Dallas,64888,22676,19315,22288,609
2021,04/01/2021,Davis,4932,2145,1463,1299,25
2021,04/01/2021,Decatur,4753,2026,1287,1405,35
2021,04/01/2021,Delaware,11896,4789,2589,4459,59
2021,04/01/2021,Des Moines,26621,7625,10272,8508,216
2021,04/01/2021,Dickinson,13573,6462,2841,4170,100
2021,04/01/2021,Dubuque,66960,19736,26848,19787,589
2021,04/01/2021,Emmet,6233,2097,1681,2417,38
2021,04/01/2021,Fayette,12301,4494,3514,4213,80
2021,04/01/2021,Floyd,10446,3032,2926,4415,73
2021,04/01/2021,Franklin,6390,3087,1302,1962,39
2021,04/01/2021,Fremont,4859,2693,998,1131,37
2021,04/01/2021,Greene,6319,2560,1655,2065,39
2021,04/01/2021,Grundy,8676,4314,1672,2639,51
2021,04/01/2021,Guthrie,7834,3155,1747,2876,56
2021,04/01/2021,Hamilton,9878,4431,2431,2953,63
2021,04/01/2021,Hancock,7585,3653,1526,2363,43
2021,04/01/2021,Hardin,11336,5090,2714,3459,73
2021,04/01/2021,Harrison,9267,4709,2067,2409,82
2021,04/01/2021,Henry,12866,5416,2920,4436,94
2021,04/01/2021,Howard,6061,1798,1637,2589,37
2021,04/01/2021,Humboldt,6410,2951,1207,2215,37
2021,04/01/2021,Ida,4826,2403,804,1597,22
2021,04/01/2021,Iowa,11907,4833,2748,4236,90
2021,04/01/2021,Jackson,14203,4184,5033,4931,55
2021,04/01/2021,Jasper,25666,8629,8213,8659,165
2021,04/01/2021,Jefferson,10903,3531,4449,2827,96
2021,04/01/2021,Johnson,98082,17853,50884,28441,904
2021,04/01/2021,Jones,13471,4662,3317,5433,59
2021,04/01/2021,Keokuk,6627,2792,1641,2160,34
2021,04/01/2021,Kossuth,10804,4679,2606,3480,39
2021,04/01/2021,Lee,21960,5941,8420,7425,174
2021,04/01/2021,Linn,153015,41375,59840,50065,1735
2021,04/01/2021,Louisa,6993,2792,1732,2433,36
2021,04/01/2021,Lucas,5743,2576,1242,1890,35
2021,04/01/2021,Lyon,8334,6242,812,1258,22
2021,04/01/2021,Madison,11486,4871,2810,3713,92
2021,04/01/2021,Mahaska,14287,7201,2671,4286,129
2021,04/01/2021,Marion,23280,10604,5390,7114,172
2021,04/01/2021,Marshall,23601,7848,7944,7630,179
2021,04/01/2021,Mills,10540,5579,2078,2760,123
2021,04/01/2021,Mitchell,7086,2744,1713,2578,51
2021,04/01/2021,Monona,5917,2501,1536,1832,48
2021,04/01/2021,Monroe,4990,2146,1324,1489,31
2021,04/01/2021,Montgomery,7003,3716,1215,2022,50
2021,04/01/2021,Muscatine,27855,8887,8726,9974,268
2021,04/01/2021,O'Brien,9387,5867,1277,2184,59
2021,04/01/2021,Osceola,4130,2568,494,1047,21
2021,04/01/2021,Page,9542,5234,1739,2499,70
2021,04/01/2021,Palo Alto,6211,2360,1845,1971,35
2021,04/01/2021,Plymouth,17415,9102,3158,5048,107
2021,04/01/2021,Pocahontas,4798,2346,889,1525,38
2021,04/01/2021,Polk,313471,86492,132980,90558,3441
2021,04/01/2021,Pottawattamie,60460,23581,17184,18935,760
2021,04/01/2021,Poweshiek,13383,4068,4497,4745,73
2021,04/01/2021,Ringgold,3215,2009,588,605,13
2021,04/01/2021,Sac,7021,3653,1215,2128,25
2021,04/01/2021,Scott,119728,33553,40797,44227,1151
2021,04/01/2021,Shelby,8255,3990,1801,2420,44
2021,04/01/2021,Sioux,22263,16044,2110,4011,98
2021,04/01/2021,Story,65383,17838,23884,22807,854
2021,04/01/2021,Tama,11237,3703,3170,4282,82
2021,04/01/2021,Taylor,3970,2136,656,1145,33
2021,04/01/2021,Totals,2098120,715342,687563,677041,18174
2021,04/01/2021,Union,7911,3417,1691,2756,47
2021,04/01/2021,Van Buren,4815,2489,859,1433,34
2021,04/01/2021,Wapello,20648,6237,7500,6762,149
2021,04/01/2021,Warren,36387,13541,10992,11545,309
2021,04/01/2021,Washington,14811,6050,3560,5081,120
2021,04/01/2021,Wayne,3712,1704,852,1134,22
2021,04/01/2021,Webster,24109,7978,7561,8361,209
2021,04/01/2021,Winnebago,7546,3020,1769,2704,53
2021,04/01/2021,Winneshiek,14433,4730,4803,4827,73
2021,04/01/2021,Woodbury,60357,22764,18809,18277,507
2021,04/01/2021,Worth,5395,2051,1393,1926,25
2021,04/01/2021,Wright,7821,3564,1837,2381,39
2021,05/03/2021,Adair,4566,2101,919,1524,22
2021,05/03/2021,Adams,2387,1102,500,773,12
2021,05/03/2021,Allamakee,8109,3900,2001,2173,35
2021,05/03/2021,Appanoose,7089,3206,1779,2057,47
2021,05/03/2021,Audubon,3625,1838,910,862,15
2021,05/03/2021,Benton,15641,5974,3907,5646,114
2021,05/03/2021,Black Hawk,71862,20700,28855,21715,592
2021,05/03/2021,Boone,16552,6135,5087,5200,130
2021,05/03/2021,Bremer,15517,5380,4141,5906,90
2021,05/03/2021,Buchanan,11728,3600,3428,4646,54
2021,05/03/2021,Buena Vista,9240,3838,2489,2848,65
2021,05/03/2021,Butler,8757,4460,1770,2479,48
2021,05/03/2021,Calhoun,5717,2678,1154,1848,37
2021,05/03/2021,Carroll,12365,4763,3209,4324,69
2021,05/03/2021,Cass,7908,4280,1476,2109,43
2021,05/03/2021,Cedar,11289,4285,3166,3757,81
2021,05/03/2021,Cerro Gordo,25801,7900,8281,9461,159
2021,05/03/2021,Cherokee,6977,4007,1264,1677,29
2021,05/03/2021,Chickasaw,7073,2580,2133,2325,35
2021,05/03/2021,Clarke,5066,2205,1289,1530,42
2021,05/03/2021,Clay,9762,5158,1908,2632,64
2021,05/03/2021,Clayton,10283,3786,2929,3505,63
2021,05/03/2021,Clinton,27268,8797,8951,9347,173
2021,05/03/2021,Crawford,8032,3428,2006,2549,49
2021,05/03/2021,Dallas,59344,21430,18188,19219,507
2021,05/03/2021,Davis,4373,1984,1332,1039,18
2021,05/03/2021,Decatur,4089,1857,1076,1135,21
2021,05/03/2021,Delaware,10756,4529,2363,3813,51
2021,05/03/2021,Des Moines,22006,6869,8719,6251,167
2021,05/03/2021,Dickinson,12077,6019,2563,3416,79
2021,05/03/2021,Dubuque,59185,18193,24289,16237,466
2021,05/03/2021,Emmet,5287,1914,1489,1851,33
2021,05/03/2021,Fayette,10808,4161,3135,3451,61
2021,05/03/2021,Floyd,8891,2774,2554,3504,59
2021,05/03/2021,Franklin,5596,2868,1155,1540,33
2021,05/03/2021,Fremont,4165,2452,858,827,28
2021,05/03/2021,Greene,5406,2332,1458,1577,39
2021,05/03/2021,Grundy,7655,4018,1506,2087,44
2021,05/03/2021,Guthrie,6790,2909,1562,2270,49
2021,05/03/2021,Hamilton,8599,4122,2164,2264,49
2021,05/03/2021,Hancock,6654,3407,1361,1850,36
2021,05/03/2021,Hardin,9772,4678,2381,2656,57
2021,05/03/2021,Harrison,8474,4437,1905,2064,68
2021,05/03/2021,Henry,10884,4988,2562,3267,67
2021,05/03/2021,Howard,5358,1693,1489,2146,30
2021,05/03/2021,Humboldt,5712,2761,1094,1828,29
2021,05/03/2021,Ida,4199,2237,694,1251,17
2021,05/03/2021,Iowa,10535,4515,2496,3454,70
2021,05/03/2021,Jackson,12205,3925,4519,3716,45
2021,05/03/2021,Jasper,22141,7956,7274,6769,142
2021,05/03/2021,Jefferson,9547,3281,3986,2203,77
2021,05/03/2021,Johnson,88051,16236,46988,24077,750
2021,05/03/2021,Jones,11837,4374,3038,4375,50
2021,05/03/2021,Keokuk,5693,2581,1408,1676,28
2021,05/03/2021,Kossuth,9672,4421,2399,2820,32
2021,05/03/2021,Lee,18373,5443,7284,5516,130
2021,05/03/2021,Linn,135421,38129,54215,41665,1412
2021,05/03/2021,Louisa,5881,2574,1466,1816,25
2021,05/03/2021,Lucas,4971,2373,1098,1471,29
2021,05/03/2021,Lyon,7296,5705,680,894,17
2021,05/03/2021,Madison,10463,4602,2589,3192,80
2021,05/03/2021,Mahaska,12362,6679,2313,3258,112
2021,05/03/2021,Marion,20633,9858,4822,5805,148
2021,05/03/2021,Marshall,19845,7176,6921,5609,139
2021,05/03/2021,Mills,8908,5012,1762,2040,94
2021,05/03/2021,Mitchell,6270,2552,1562,2115,41
2021,05/03/2021,Monona,5168,2316,1351,1465,36
2021,05/03/2021,Monroe,4469,2005,1183,1260,21
2021,05/03/2021,Montgomery,5909,3343,1063,1467,36
2021,05/03/2021,Muscatine,22769,7938,7272,7362,197
2021,05/03/2021,O'Brien,8040,5324,1088,1583,45
2021,05/03/2021,Osceola,3594,2369,424,785,16
2021,05/03/2021,Page,8295,4833,1508,1893,61
2021,05/03/2021,Palo Alto,5458,2204,1668,1562,24
2021,05/03/2021,Plymouth,15117,8349,2744,3935,89
2021,05/03/2021,Pocahontas,4167,2176,759,1204,28
2021,05/03/2021,Polk,276241,79380,118958,75100,2803
2021,05/03/2021,Pottawattamie,49728,20919,14462,13796,551
2021,05/03/2021,Poweshiek,11043,3737,3558,3686,62
2021,05/03/2021,Ringgold,2873,1891,505,466,11
2021,05/03/2021,Sac,6067,3372,1086,1590,19
2021,05/03/2021,Scott,100430,30463,35185,33891,891
2021,05/03/2021,Shelby,7479,3751,1649,2048,31
2021,05/03/2021,Sioux,20388,15115,1871,3327,75
2021,05/03/2021,Story,54194,15281,20669,17596,648
2021,05/03/2021,Tama,9702,3453,2826,3350,73
2021,05/03/2021,Taylor,3465,1975,576,888,26
2021,05/03/2021,Totals,1821284,657423,610178,539194,14489
2021,05/03/2021,Union,6751,3190,1478,2047,36
2021,05/03/2021,Van Buren,4121,2277,744,1073,27
2021,05/03/2021,Wapello,17124,5627,6294,5092,111
2021,05/03/2021,Warren,32781,12679,10086,9759,257
2021,05/03/2021,Washington,12882,5539,3235,4015,93
2021,05/03/2021,Wayne,3290,1580,751,941,18
2021,05/03/2021,Webster,19909,7196,6455,6104,154
2021,05/03/2021,Winnebago,6563,2811,1571,2140,41
2021,05/03/2021,Winneshiek,12828,4457,4287,4034,50
2021,05/03/2021,Woodbury,50052,20530,15747,13368,407
2021,05/03/2021,Worth,4802,1928,1258,1592,24
2021,05/03/2021,Wright,6787,3290,1598,1868,31
2021,06/01/2021,Adair,4604,2111,927,1544,22
2021,06/01/2021,Adams,2413,1111,501,789,12
2021,06/01/2021,Allamakee,8249,3957,2028,2228,36
2021,06/01/2021,Appanoose,7142,3223,1787,2085,47
2021,06/01/2021,Audubon,3650,1843,911,881,15
2021,06/01/2021,Benton,15763,5999,3925,5722,117
2021,06/01/2021,Black Hawk,72215,20756,28882,21977,600
2021,06/01/2021,Boone,16660,6157,5104,5268,131
2021,06/01/2021,Bremer,15588,5389,4137,5974,88
2021,06/01/2021,Buchanan,11853,3628,3447,4724,54
2021,06/01/2021,Buena Vista,9363,3879,2515,2901,68
2021,06/01/2021,Butler,8811,4471,1779,2513,48
2021,06/01/2021,Calhoun,5771,2691,1168,1874,38
2021,06/01/2021,Carroll,12469,4807,3215,4373,74
2021,06/01/2021,Cass,7972,4299,1480,2149,44
2021,06/01/2021,Cedar,11369,4311,3170,3806,82
2021,06/01/2021,Cerro Gordo,25965,7955,8286,9564,160
2021,06/01/2021,Cherokee,7038,4017,1269,1722,30
2021,06/01/2021,Chickasaw,7131,2589,2139,2367,36
2021,06/01/2021,Clarke,5114,2218,1292,1562,42
2021,06/01/2021,Clay,9841,5175,1916,2685,65
2021,06/01/2021,Clayton,10393,3813,2942,3573,65
2021,06/01/2021,Clinton,27439,8841,8960,9458,180
2021,06/01/2021,Crawford,8093,3440,2023,2580,50
2021,06/01/2021,Dallas,59864,21543,18250,19555,516
2021,06/01/2021,Davis,4408,1998,1334,1058,18
2021,06/01/2021,Decatur,4120,1864,1077,1157,22
2021,06/01/2021,Delaware,10876,4566,2369,3890,51
2021,06/01/2021,Des Moines,22249,6906,8774,6402,167
2021,06/01/2021,Dickinson,12175,6052,2576,3467,80
2021,06/01/2021,Dubuque,59528,18256,24349,16451,472
2021,06/01/2021,Emmet,5341,1922,1501,1885,33
2021,06/01/2021,Fayette,10916,4191,3144,3518,63
2021,06/01/2021,Floyd,8963,2793,2562,3550,58
2021,06/01/2021,Franklin,5631,2876,1160,1562,33
2021,06/01/2021,Fremont,4200,2470,860,842,28
2021,06/01/2021,Greene,5497,2364,1476,1618,39
2021,06/01/2021,Grundy,7672,4019,1513,2096,44
2021,06/01/2021,Guthrie,6893,2936,1578,2327,52
2021,06/01/2021,Hamilton,8648,4132,2172,2294,50
2021,06/01/2021,Hancock,6723,3433,1368,1886,36
2021,06/01/2021,Hardin,9829,4703,2377,2692,57
2021,06/01/2021,Harrison,8507,4444,1912,2083,68
2021,06/01/2021,Henry,10979,5014,2562,3335,68
2021,06/01/2021,Howard,5401,1704,1493,2174,30
2021,06/01/2021,Humboldt,5767,2774,1096,1867,30
2021,06/01/2021,Ida,4231,2248,701,1267,15
2021,06/01/2021,Iowa,10618,4537,2496,3514,71
2021,06/01/2021,Jackson,12314,3944,4533,3788,49
2021,06/01/2021,Jasper,22331,8012,7291,6883,145
2021,06/01/2021,Jefferson,9602,3289,3993,2244,76
2021,06/01/2021,Johnson,88462,16299,47043,24364,756
2021,06/01/2021,Jones,11923,4392,3043,4437,51
2021,06/01/2021,Keokuk,5755,2600,1415,1710,30
2021,06/01/2021,Kossuth,9679,4421,2396,2830,32
2021,06/01/2021,Lee,18502,5467,7310,5593,132
2021,06/01/2021,Linn,136219,38295,54385,42127,1412
2021,06/01/2021,Louisa,5928,2581,1472,1848,27
2021,06/01/2021,Lucas,5039,2402,1100,1508,29
2021,06/01/2021,Lyon,7420,5780,693,930,17
2021,06/01/2021,Madison,10533,4613,2597,3242,81
2021,06/01/2021,Mahaska,12434,6695,2316,3310,113
2021,06/01/2021,Marion,20877,9941,4856,5931,149
2021,06/01/2021,Marshall,19964,7194,6940,5691,139
2021,06/01/2021,Mills,9064,5083,1790,2096,95
2021,06/01/2021,Mitchell,6318,2571,1569,2137,41
2021,06/01/2021,Monona,5209,2338,1355,1480,36
2021,06/01/2021,Monroe,4488,2010,1183,1272,23
2021,06/01/2021,Montgomery,5959,3366,1068,1488,37
2021,06/01/2021,Muscatine,22814,7938,7270,7409,197
2021,06/01/2021,O'Brien,8216,5412,1102,1653,49
2021,06/01/2021,Osceola,3591,2367,424,784,16
2021,06/01/2021,Page,8376,4869,1517,1927,63
2021,06/01/2021,Palo Alto,5485,2211,1666,1584,24
2021,06/01/2021,Plymouth,15340,8446,2772,4031,91
2021,06/01/2021,Pocahontas,4197,2176,763,1230,28
2021,06/01/2021,Polk,277700,79572,119159,76141,2828
2021,06/01/2021,Pottawattamie,50273,21094,14542,14078,559
2021,06/01/2021,Poweshiek,11144,3759,3566,3757,62
2021,06/01/2021,Ringgold,2887,1895,509,472,11
2021,06/01/2021,Sac,6129,3393,1094,1623,19
2021,06/01/2021,Scott,101102,30575,35246,34375,906
2021,06/01/2021,Shelby,7536,3764,1661,2079,32
2021,06/01/2021,Sioux,20494,15170,1876,3373,75
2021,06/01/2021,Story,54584,15376,20730,17820,658
2021,06/01/2021,Tama,9762,3462,2836,3389,75
2021,06/01/2021,Taylor,3492,1986,582,898,26
2021,06/01/2021,Totals,1834404,660633,611899,547215,14657
2021,06/01/2021,Union,6835,3215,1489,2093,38
2021,06/01/2021,Van Buren,4158,2289,749,1091,29
2021,06/01/2021,Wapello,17267,5656,6330,5166,115
2021,06/01/2021,Warren,33105,12767,10152,9930,256
2021,06/01/2021,Washington,13006,5572,3246,4093,95
2021,06/01/2021,Wayne,3335,1591,762,964,18
2021,06/01/2021,Webster,20089,7237,6486,6210,156
2021,06/01/2021,Winnebago,6647,2839,1584,2182,42
2021,06/01/2021,Winneshiek,12902,4483,4296,4073,50
2021,06/01/2021,Woodbury,50314,20578,15773,13555,408
2021,06/01/2021,Worth,4827,1929,1264,1610,24
2021,06/01/2021,Wright,6835,3294,1602,1907,32
2021,07/01/2021,Adair,4616,2117,929,1548,22
2021,07/01/2021,Adams,2418,1112,499,795,12
2021,07/01/2021,Allamakee,8253,3955,2026,2237,35
2021,07/01/2021,Appanoose,7157,3228,1785,2097,47
2021,07/01/2021,Audubon,3661,1846,913,887,15
2021,07/01/2021,Benton,15827,6016,3921,5771,119
2021,07/01/2021,Black Hawk,72340,20738,28877,22123,602
2021,07/01/2021,Boone,16725,6172,5094,5328,131
2021,07/01/2021,Bremer,15628,5398,4134,6008,88
2021,07/01/2021,Buchanan,11885,3636,3444,4750,55
2021,07/01/2021,Buena Vista,9412,3897,2521,2925,69
2021,07/01/2021,Butler,8824,4472,1775,2529,48
2021,07/01/2021,Calhoun,5781,2696,1167,1880,38
2021,07/01/2021,Carroll,12513,4818,3210,4410,75
2021,07/01/2021,Cass,7995,4306,1480,2165,44
2021,07/01/2021,Cedar,11378,4299,3168,3828,83
2021,07/01/2021,Cerro Gordo,26026,7963,8281,9623,159
2021,07/01/2021,Cherokee,7046,4020,1266,1731,29
2021,07/01/2021,Chickasaw,7134,2588,2135,2376,35
2021,07/01/2021,Clarke,5120,2219,1288,1571,42
2021,07/01/2021,Clay,9868,5178,1913,2709,68
2021,07/01/2021,Clayton,10421,3823,2944,3586,68
2021,07/01/2021,Clinton,27535,8851,8957,9542,185
2021,07/01/2021,Crawford,8119,3442,2030,2597,50
2021,07/01/2021,Dallas,60194,21600,18289,19785,520
2021,07/01/2021,Davis,4419,2002,1336,1063,18
2021,07/01/2021,Decatur,4119,1863,1074,1160,22
2021,07/01/2021,Delaware,10906,4573,2371,3910,52
2021,07/01/2021,Des Moines,22313,6912,8777,6457,167
2021,07/01/2021,Dickinson,12236,6078,2590,3487,81
2021,07/01/2021,Dubuque,59668,18267,24338,16588,475
2021,07/01/2021,Emmet,5362,1926,1503,1900,33
2021,07/01/2021,Fayette,10930,4192,3138,3537,63
2021,07/01/2021,Floyd,8969,2794,2557,3560,58
2021,07/01/2021,Franklin,5647,2881,1156,1576,34
2021,07/01/2021,Fremont,4210,2478,859,845,28
2021,07/01/2021,Greene,5508,2372,1475,1621,40
2021,07/01/2021,Grundy,7697,4030,1516,2108,43
2021,07/01/2021,Guthrie,6927,2944,1583,2347,53
2021,07/01/2021,Hamilton,8678,4132,2169,2328,49
2021,07/01/2021,Hancock,6744,3431,1372,1904,37
2021,07/01/2021,Hardin,9871,4718,2384,2712,57
2021,07/01/2021,Harrison,8517,4448,1915,2086,68
2021,07/01/2021,Henry,11020,5022,2559,3369,70
2021,07/01/2021,Howard,5413,1706,1489,2188,30
2021,07/01/2021,Humboldt,5783,2779,1093,1881,30
2021,07/01/2021,Ida,4252,2247,704,1286,15
2021,07/01/2021,Iowa,10661,4549,2495,3545,72
2021,07/01/2021,Jackson,12337,3946,4519,3823,49
2021,07/01/2021,Jasper,22410,8030,7296,6938,146
2021,07/01/2021,Jefferson,9620,3294,3995,2254,77
2021,07/01/2021,Johnson,88978,16367,47189,24658,764
2021,07/01/2021,Jones,11973,4396,3044,4481,52
2021,07/01/2021,Keokuk,5761,2601,1416,1712,32
2021,07/01/2021,Kossuth,9801,4455,2410,2903,33
2021,07/01/2021,Lee,18537,5468,7315,5619,135
2021,07/01/2021,Linn,136594,38352,54404,42429,1409
2021,07/01/2021,Louisa,5943,2590,1472,1854,27
2021,07/01/2021,Lucas,5048,2408,1097,1515,28
2021,07/01/2021,Lyon,7458,5800,694,947,17
2021,07/01/2021,Madison,10570,4620,2596,3273,81
2021,07/01/2021,Mahaska,12482,6708,2311,3350,113
2021,07/01/2021,Marion,20938,9953,4859,5978,148
2021,07/01/2021,Marshall,20023,7207,6942,5733,141
2021,07/01/2021,Mills,9135,5117,1803,2117,98
2021,07/01/2021,Mitchell,6333,2576,1569,2146,42
2021,07/01/2021,Monona,5220,2344,1355,1485,36
2021,07/01/2021,Monroe,4500,2007,1181,1287,25
2021,07/01/2021,Montgomery,5975,3362,1072,1504,37
2021,07/01/2021,Muscatine,22899,7949,7282,7470,198
2021,07/01/2021,O'Brien,8244,5422,1101,1670,51
2021,07/01/2021,Osceola,3646,2391,429,809,17
2021,07/01/2021,Page,8414,4877,1519,1955,63
2021,07/01/2021,Palo Alto,5499,2217,1664,1594,24
2021,07/01/2021,Plymouth,15385,8462,2775,4055,93
2021,07/01/2021,Pocahontas,4206,2179,762,1237,28
2021,07/01/2021,Polk,278284,79603,119070,76767,2844
2021,07/01/2021,Pottawattamie,50506,21153,14557,14229,567
2021,07/01/2021,Poweshiek,11251,3782,3575,3830,64
2021,07/01/2021,Ringgold,2906,1903,512,479,12
2021,07/01/2021,Sac,6154,3406,1097,1631,20
2021,07/01/2021,Scott,101527,30618,35274,34725,910
2021,07/01/2021,Shelby,7541,3764,1657,2088,32
2021,07/01/2021,Sioux,20559,15196,1876,3411,76
2021,07/01/2021,Story,54638,15367,20715,17897,659
2021,07/01/2021,Tama,9773,3461,2839,3396,77
2021,07/01/2021,Taylor,3498,1989,583,899,27
2021,07/01/2021,Totals,1840128,661607,612051,551718,14752
2021,07/01/2021,Union,6858,3208,1485,2126,39
2021,07/01/2021,Van Buren,4172,2296,747,1101,28
2021,07/01/2021,Wapello,17307,5676,6321,5194,116
2021,07/01/2021,Warren,33216,12785,10163,10009,259
2021,07/01/2021,Washington,13061,5586,3248,4132,95
2021,07/01/2021,Wayne,3334,1590,758,968,18
2021,07/01/2021,Webster,20151,7256,6483,6256,156
2021,07/01/2021,Winnebago,6666,2844,1583,2197,42
2021,07/01/2021,Winneshiek,12930,4485,4294,4100,51
2021,07/01/2021,Woodbury,50437,20580,15776,13675,406
2021,07/01/2021,Worth,4852,1933,1265,1630,24
2021,07/01/2021,Wright,6852,3294,1603,1923,32
2021,08/02/2021,Adair,4637,2139,926,1550,22
2021,08/02/2021,Adams,2426,1112,501,803,10
2021,08/02/2021,Allamakee,8260,3956,2022,2247,35
2021,08/02/2021,Appanoose,7172,3224,1788,2111,49
2021,08/02/2021,Audubon,3671,1848,914,894,15
2021,08/02/2021,Benton,15894,6031,3922,5822,119
2021,08/02/2021,Black Hawk,72428,20724,28846,22255,603
2021,08/02/2021,Boone,16763,6163,5085,5384,131
2021,08/02/2021,Bremer,15620,5392,4116,6024,88
2021,08/02/2021,Buchanan,11898,3634,3443,4766,55
2021,08/02/2021,Buena Vista,9436,3895,2529,2942,70
2021,08/02/2021,Butler,8844,4483,1772,2540,49
2021,08/02/2021,Calhoun,5795,2702,1166,1888,39
2021,08/02/2021,Carroll,12564,4842,3204,4444,74
2021,08/02/2021,Cass,8015,4313,1480,2177,45
2021,08/02/2021,Cedar,11379,4295,3171,3831,82
2021,08/02/2021,Cerro Gordo,26080,7967,8273,9679,161
2021,08/02/2021,Cherokee,7051,4014,1265,1743,29
2021,08/02/2021,Chickasaw,7144,2585,2137,2387,35
2021,08/02/2021,Clarke,5128,2223,1285,1578,42
2021,08/02/2021,Clay,9886,5177,1917,2722,70
2021,08/02/2021,Clayton,10438,3830,2940,3597,71
2021,08/02/2021,Clinton,27610,8858,8951,9616,185
2021,08/02/2021,Crawford,8127,3436,2034,2607,50
2021,08/02/2021,Dallas,60485,21642,18314,20007,522
2021,08/02/2021,Davis,4432,2012,1331,1071,18
2021,08/02/2021,Decatur,4120,1860,1075,1163,22
2021,08/02/2021,Delaware,10930,4583,2373,3923,51
2021,08/02/2021,Des Moines,22370,6914,8775,6513,168
2021,08/02/2021,Dickinson,12293,6103,2587,3523,80
2021,08/02/2021,Dubuque,59837,18294,24348,16715,480
2021,08/02/2021,Emmet,5393,1933,1510,1916,34
2021,08/02/2021,Fayette,10945,4198,3140,3544,63
2021,08/02/2021,Floyd,9001,2792,2558,3594,57
2021,08/02/2021,Franklin,5651,2877,1154,1585,35
2021,08/02/2021,Fremont,4220,2483,861,848,28
2021,08/02/2021,Greene,5531,2381,1474,1636,40
2021,08/02/2021,Grundy,7883,4084,1548,2206,45
2021,08/02/2021,Guthrie,6969,2957,1586,2372,54
2021,08/02/2021,Hamilton,8685,4129,2162,2344,50
2021,08/02/2021,Hancock,6750,3432,1369,1912,37
2021,08/02/2021,Hardin,9882,4718,2382,2725,57
2021,08/02/2021,Harrison,8509,4448,1911,2081,69
2021,08/02/2021,Henry,11050,5028,2555,3396,71
2021,08/02/2021,Howard,5431,1710,1492,2199,30
2021,08/02/2021,Humboldt,5809,2787,1092,1900,30
2021,08/02/2021,Ida,4264,2252,700,1298,14
2021,08/02/2021,Iowa,10700,4548,2494,3587,71
2021,08/02/2021,Jackson,12351,3945,4505,3852,49
2021,08/02/2021,Jasper,22473,8045,7285,6996,147
2021,08/02/2021,Jefferson,9621,3294,3987,2263,77
2021,08/02/2021,Johnson,89254,16371,47209,24911,763
2021,08/02/2021,Jones,12006,4406,3042,4506,52
2021,08/02/2021,Keokuk,5778,2605,1418,1723,32
2021,08/02/2021,Kossuth,9827,4457,2404,2932,34
2021,08/02/2021,Lee,18555,5474,7312,5635,134
2021,08/02/2021,Linn,136843,38351,54372,42704,1416
2021,08/02/2021,Louisa,5952,2587,1470,1868,27
2021,08/02/2021,Lucas,5053,2405,1099,1521,28
2021,08/02/2021,Lyon,7491,5811,698,965,17
2021,08/02/2021,Madison,10594,4618,2597,3296,83
2021,08/02/2021,Mahaska,12504,6717,2310,3365,112
2021,08/02/2021,Marion,20992,9973,4856,6014,149
2021,08/02/2021,Marshall,20054,7211,6929,5773,141
2021,08/02/2021,Mills,9188,5144,1802,2144,98
2021,08/02/2021,Mitchell,6339,2575,1566,2155,43
2021,08/02/2021,Monona,5231,2346,1356,1492,37
2021,08/02/2021,Monroe,4505,2004,1174,1302,25
2021,08/02/2021,Montgomery,5998,3365,1074,1520,39
2021,08/02/2021,Muscatine,22964,7961,7272,7528,203
2021,08/02/2021,O'Brien,8269,5431,1100,1687,51
2021,08/02/2021,Osceola,3663,2405,428,813,17
2021,08/02/2021,Page,8451,4890,1517,1980,64
2021,08/02/2021,Palo Alto,5494,2215,1658,1597,24
2021,08/02/2021,Plymouth,15432,8475,2776,4089,92
2021,08/02/2021,Pocahontas,4210,2185,759,1238,28
2021,08/02/2021,Polk,279009,79723,119129,77303,2854
2021,08/02/2021,Pottawattamie,50671,21179,14583,14342,567
2021,08/02/2021,Poweshiek,11286,3783,3577,3861,65
2021,08/02/2021,Ringgold,2904,1903,511,479,11
2021,08/02/2021,Sac,6173,3409,1100,1644,20
2021,08/02/2021,Scott,101935,30666,35286,35070,913
2021,08/02/2021,Shelby,7555,3780,1652,2091,32
2021,08/02/2021,Sioux,20593,15214,1879,3424,76
2021,08/02/2021,Story,54688,15371,20696,17967,654
2021,08/02/2021,Tama,9805,3471,2843,3415,76
2021,08/02/2021,Taylor,3501,1984,584,905,28
2021,08/02/2021,Totals,1844889,662351,611972,555757,14809
2021,08/02/2021,Union,6892,3218,1480,2152,42
2021,08/02/2021,Van Buren,4185,2304,750,1102,29
2021,08/02/2021,Wapello,17344,5677,6316,5234,117
2021,08/02/2021,Warren,33296,12798,10162,10076,260
2021,08/02/2021,Washington,13106,5601,3249,4159,97
2021,08/02/2021,Wayne,3338,1593,758,969,18
2021,08/02/2021,Webster,20197,7263,6477,6300,157
2021,08/02/2021,Winnebago,6665,2834,1581,2209,41
2021,08/02/2021,Winneshiek,12951,4487,4289,4122,53
2021,08/02/2021,Woodbury,50555,20589,15751,13807,408
2021,08/02/2021,Worth,4862,1935,1265,1639,23
2021,08/02/2021,Wright,6880,3295,1601,1953,31
2021,09/01/2021,Adair,4639,2144,924,1549,22
2021,09/01/2021,Adams,2432,1115,502,805,10
2021,09/01/2021,Allamakee,8271,3950,2016,2269,36
2021,09/01/2021,Appanoose,7191,3226,1786,2129,50
2021,09/01/2021,Audubon,3673,1847,913,897,16
2021,09/01/2021,Benton,15924,6036,3909,5860,119
2021,09/01/2021,Black Hawk,72509,20722,28793,22392,602
2021,09/01/2021,Boone,16787,6158,5078,5420,131
2021,09/01/2021,Bremer,15677,5402,4110,6076,89
2021,09/01/2021,Buchanan,11920,3640,3431,4794,55
2021,09/01/2021,Buena Vista,9474,3902,2540,2960,72
2021,09/01/2021,Butler,8859,4481,1765,2564,49
2021,09/01/2021,Calhoun,5809,2702,1167,1901,39
2021,09/01/2021,Carroll,12615,4855,3202,4481,77
2021,09/01/2021,Cass,8039,4315,1483,2195,46
2021,09/01/2021,Cedar,11377,4289,3164,3840,84
2021,09/01/2021,Cerro Gordo,26154,7984,8262,9746,162
2021,09/01/2021,Cherokee,7059,4011,1264,1754,30
2021,09/01/2021,Chickasaw,7153,2587,2132,2399,35
2021,09/01/2021,Clarke,5128,2222,1280,1584,42
2021,09/01/2021,Clay,9892,5179,1913,2728,72
2021,09/01/2021,Clayton,10460,3834,2943,3612,71
2021,09/01/2021,Clinton,27665,8866,8930,9681,188
2021,09/01/2021,Crawford,8151,3444,2033,2622,52
2021,09/01/2021,Dallas,60803,21688,18355,20238,522
2021,09/01/2021,Davis,4436,2012,1325,1081,18
2021,09/01/2021,Decatur,4126,1856,1077,1171,22
2021,09/01/2021,Delaware,10930,4585,2365,3929,51
2021,09/01/2021,Des Moines,22406,6926,8751,6558,171
2021,09/01/2021,Dickinson,12341,6132,2577,3551,81
2021,09/01/2021,Dubuque,59985,18316,24357,16832,480
2021,09/01/2021,Emmet,5411,1931,1502,1942,36
2021,09/01/2021,Fayette,10963,4201,3137,3562,63
2021,09/01/2021,Floyd,9047,2796,2557,3638,56
2021,09/01/2021,Franklin,5647,2866,1151,1596,34
2021,09/01/2021,Fremont,4215,2474,862,851,28
2021,09/01/2021,Greene,5531,2382,1473,1635,41
2021,09/01/2021,Grundy,7909,4097,1547,2220,45
2021,09/01/2021,Guthrie,6995,2960,1586,2395,54
2021,09/01/2021,Hamilton,8692,4120,2163,2358,51
2021,09/01/2021,Hancock,6745,3423,1365,1920,37
2021,09/01/2021,Hardin,9884,4716,2374,2738,56
2021,09/01/2021,Harrison,8509,4445,1914,2082,68
2021,09/01/2021,Henry,11080,5033,2548,3428,71
2021,09/01/2021,Howard,5443,1713,1492,2209,29
2021,09/01/2021,Humboldt,5819,2784,1088,1917,30
2021,09/01/2021,Ida,4270,2248,698,1310,14
2021,09/01/2021,Iowa,10719,4554,2493,3599,73
2021,09/01/2021,Jackson,12377,3955,4497,3876,49
2021,09/01/2021,Jasper,22544,8052,7285,7054,153
2021,09/01/2021,Jefferson,9616,3294,3978,2268,76
2021,09/01/2021,Johnson,89710,16388,47314,25239,769
2021,09/01/2021,Jones,12028,4405,3038,4532,53
2021,09/01/2021,Keokuk,5778,2608,1414,1724,32
2021,09/01/2021,Kossuth,9839,4447,2396,2959,37
2021,09/01/2021,Lee,18586,5484,7293,5672,137
2021,09/01/2021,Linn,137191,38381,54381,43005,1424
2021,09/01/2021,Louisa,5967,2588,1473,1879,27
2021,09/01/2021,Lucas,5061,2410,1096,1527,28
2021,09/01/2021,Lyon,7505,5814,698,976,17
2021,09/01/2021,Madison,10621,4627,2593,3318,83
2021,09/01/2021,Mahaska,12558,6735,2310,3400,113
2021,09/01/2021,Marion,21045,10006,4846,6046,147
2021,09/01/2021,Marshall,20078,7218,6920,5798,142
2021,09/01/2021,Mills,9235,5160,1807,2168,100
2021,09/01/2021,Mitchell,6343,2575,1566,2159,43
2021,09/01/2021,Monona,5244,2358,1346,1504,36
2021,09/01/2021,Monroe,4512,1998,1171,1318,25
2021,09/01/2021,Montgomery,6010,3362,1073,1536,39
2021,09/01/2021,Muscatine,22997,7953,7271,7570,203
2021,09/01/2021,O'Brien,8282,5434,1101,1697,50
2021,09/01/2021,Osceola,3673,2409,428,819,17
2021,09/01/2021,Page,8496,4908,1515,2009,64
2021,09/01/2021,Palo Alto,5506,2222,1653,1606,25
2021,09/01/2021,Plymouth,15481,8478,2775,4134,94
2021,09/01/2021,Pocahontas,4215,2182,757,1248,28
2021,09/01/2021,Polk,279648,79744,119055,77989,2860
2021,09/01/2021,Pottawattamie,50897,21242,14588,14495,572
2021,09/01/2021,Poweshiek,11298,3768,3578,3886,66
2021,09/01/2021,Ringgold,2900,1899,508,482,11
2021,09/01/2021,Sac,6183,3402,1100,1660,21
2021,09/01/2021,Scott,102241,30692,35274,35357,918
2021,09/01/2021,Shelby,7581,3789,1653,2107,32
2021,09/01/2021,Sioux,20653,15235,1882,3459,77
2021,09/01/2021,Story,54830,15408,20706,18060,656
2021,09/01/2021,Tama,9816,3473,2836,3431,76
2021,09/01/2021,Taylor,3503,1984,587,904,28
2021,09/01/2021,Totals,1849569,662932,611639,560099,14899
2021,09/01/2021,Union,6916,3214,1476,2184,42
2021,09/01/2021,Van Buren,4213,2314,752,1117,30
2021,09/01/2021,Wapello,17381,5692,6304,5267,118
2021,09/01/2021,Warren,33428,12827,10157,10179,265
2021,09/01/2021,Washington,13156,5618,3246,4193,99
2021,09/01/2021,Wayne,3339,1593,756,972,18
2021,09/01/2021,Webster,20216,7264,6453,6341,158
2021,09/01/2021,Winnebago,6691,2842,1574,2234,41
2021,09/01/2021,Winneshiek,12974,4495,4279,4148,52
2021,09/01/2021,Woodbury,50689,20599,15739,13939,412
2021,09/01/2021,Worth,4866,1931,1257,1654,24
2021,09/01/2021,Wright,6888,3287,1587,1982,32
2021,10/01/2021,Adair,4639,2144,924,1549,22
2021,10/01/2021,Adams,2433,1114,504,805,10
2021,10/01/2021,Allamakee,8266,3947,2015,2268,36
2021,10/01/2021,Appanoose,7190,3226,1782,2132,50
2021,10/01/2021,Audubon,3680,1846,914,904,16
2021,10/01/2021,Benton,15921,6034,3908,5860,119
2021,10/01/2021,Black Hawk,72509,20714,28790,22403,602
2021,10/01/2021,Boone,16805,6171,5077,5426,131
2021,10/01/2021,Bremer,15678,5405,4107,6078,88
2021,10/01/2021,Buchanan,11925,3643,3432,4795,55
2021,10/01/2021,Buena Vista,9467,3897,2537,2961,72
2021,10/01/2021,Butler,8856,4478,1763,2566,49
2021,10/01/2021,Calhoun,5808,2700,1167,1902,39
2021,10/01/2021,Carroll,12609,4853,3197,4482,77
2021,10/01/2021,Cass,8035,4312,1482,2195,46
2021,10/01/2021,Cedar,11376,4289,3163,3840,84
2021,10/01/2021,Cerro Gordo,26161,7984,8261,9754,162
2021,10/01/2021,Cherokee,7060,4012,1263,1755,30
2021,10/01/2021,Chickasaw,7152,2587,2131,2399,35
2021,10/01/2021,Clarke,5127,2223,1279,1584,41
2021,10/01/2021,Clay,9892,5178,1912,2730,72
2021,10/01/2021,Clayton,10461,3832,2942,3615,72
2021,10/01/2021,Clinton,27669,8866,8930,9685,188
2021,10/01/2021,Crawford,8146,3441,2030,2623,52
2021,10/01/2021,Dallas,60827,21689,18349,20268,521
2021,10/01/2021,Davis,4437,2012,1324,1083,18
2021,10/01/2021,Decatur,4126,1854,1077,1173,22
2021,10/01/2021,Delaware,10930,4585,2365,3929,51
2021,10/01/2021,Des Moines,22407,6927,8749,6560,171
2021,10/01/2021,Dickinson,12332,6130,2571,3550,81
2021,10/01/2021,Dubuque,59989,18315,24355,16837,482
2021,10/01/2021,Emmet,5410,1935,1496,1943,36
2021,10/01/2021,Fayette,10966,4203,3138,3562,63
2021,10/01/2021,Floyd,9046,2794,2557,3639,56
2021,10/01/2021,Franklin,5643,2860,1150,1599,34
2021,10/01/2021,Fremont,4215,2469,862,856,28
2021,10/01/2021,Greene,5536,2384,1476,1635,41
2021,10/01/2021,Grundy,7913,4099,1547,2222,45
2021,10/01/2021,Guthrie,6992,2959,1585,2394,54
2021,10/01/2021,Hamilton,8678,4115,2158,2354,51
2021,10/01/2021,Hancock,6747,3422,1362,1926,37
2021,10/01/2021,Hardin,9885,4715,2371,2743,56
2021,10/01/2021,Harrison,8501,4438,1908,2087,68
2021,10/01/2021,Henry,11078,5030,2546,3431,71
2021,10/01/2021,Howard,5438,1709,1491,2209,29
2021,10/01/2021,Humboldt,5813,2782,1085,1916,30
2021,10/01/2021,Ida,4270,2247,698,1311,14
2021,10/01/2021,Iowa,10719,4552,2492,3602,73
2021,10/01/2021,Jackson,12376,3957,4494,3876,49
2021,10/01/2021,Jasper,22526,8042,7273,7058,153
2021,10/01/2021,Jefferson,9609,3290,3975,2268,76
2021,10/01/2021,Johnson,89728,16388,47316,25255,769
2021,10/01/2021,Jones,12014,4396,3030,4535,53
2021,10/01/2021,Keokuk,5778,2608,1414,1724,32
2021,10/01/2021,Kossuth,9839,4443,2395,2964,37
2021,10/01/2021,Lee,18586,5485,7290,5674,137
2021,10/01/2021,Linn,137175,38376,54359,43017,1423
2021,10/01/2021,Louisa,5966,2588,1473,1878,27
2021,10/01/2021,Lucas,5060,2409,1094,1529,28
2021,10/01/2021,Lyon,7505,5814,698,976,17
2021,10/01/2021,Madison,10616,4625,2592,3316,83
2021,10/01/2021,Mahaska,12552,6726,2306,3407,113
2021,10/01/2021,Marion,21043,10004,4846,6046,147
2021,10/01/2021,Marshall,20071,7215,6917,5797,142
2021,10/01/2021,Mills,9235,5160,1807,2168,100
2021,10/01/2021,Mitchell,6343,2575,1566,2159,43
2021,10/01/2021,Monona,5244,2358,1346,1504,36
2021,10/01/2021,Monroe,4509,1994,1172,1318,25
2021,10/01/2021,Montgomery,6006,3362,1070,1535,39
2021,10/01/2021,Muscatine,22996,7952,7271,7570,203
2021,10/01/2021,O'Brien,8288,5438,1101,1699,50
2021,10/01/2021,Osceola,3672,2410,425,820,17
2021,10/01/2021,Page,8493,4908,1513,2009,63
2021,10/01/2021,Palo Alto,5507,2224,1650,1608,25
2021,10/01/2021,Plymouth,15480,8478,2774,4134,94
2021,10/01/2021,Pocahontas,4218,2182,757,1251,28
2021,10/01/2021,Polk,279709,79735,119062,78051,2861
2021,10/01/2021,Pottawattamie,50899,21243,14589,14494,573
2021,10/01/2021,Poweshiek,11297,3768,3578,3885,66
2021,10/01/2021,Ringgold,2900,1898,508,483,11
2021,10/01/2021,Sac,6182,3401,1100,1660,21
2021,10/01/2021,Scott,102235,30685,35270,35363,917
2021,10/01/2021,Shelby,7581,3786,1651,2112,32
2021,10/01/2021,Sioux,20646,15234,1877,3458,77
2021,10/01/2021,Story,54837,15411,20707,18063,656
2021,10/01/2021,Tama,9816,3473,2836,3431,76
2021,10/01/2021,Taylor,3504,1985,587,904,28
2021,10/01/2021,Totals,1849550,662820,611471,560361,14898
2021,10/01/2021,Union,6910,3211,1467,2190,42
2021,10/01/2021,Van Buren,4206,2312,748,1116,30
2021,10/01/2021,Wapello,17378,5694,6300,5266,118
2021,10/01/2021,Warren,33436,12829,10160,10182,265
2021,10/01/2021,Washington,13148,5614,3244,4191,99
2021,10/01/2021,Wayne,3342,1597,756,971,18
2021,10/01/2021,Webster,20210,7263,6451,6338,158
2021,10/01/2021,Winnebago,6692,2839,1575,2237,41
2021,10/01/2021,Winneshiek,12973,4496,4277,4148,52
2021,10/01/2021,Woodbury,50691,20595,15740,13944,412
2021,10/01/2021,Worth,4867,1933,1256,1654,24
2021,10/01/2021,Wright,6893,3290,1586,1985,32
2021,11/01/2021,Adair,4641,2145,923,1552,21
2021,11/01/2021,Adams,2451,1119,498,824,10
2021,11/01/2021,Allamakee,8304,3979,2005,2283,37
2021,11/01/2021,Appanoose,7323,3290,1767,2214,52
2021,11/01/2021,Audubon,3691,1848,907,918,18
2021,11/01/2021,Benton,16006,6050,3904,5933,119
2021,11/01/2021,Black Hawk,72832,20712,28671,22841,608
2021,11/01/2021,Boone,16937,6194,5054,5554,135
2021,11/01/2021,Bremer,15759,5412,4102,6156,89
2021,11/01/2021,Buchanan,12006,3661,3422,4867,56
2021,11/01/2021,Buena Vista,9532,3922,2547,2990,73
2021,11/01/2021,Butler,8914,4500,1750,2613,51
2021,11/01/2021,Calhoun,5856,2714,1163,1939,40
2021,11/01/2021,Carroll,12755,4907,3181,4587,80
2021,11/01/2021,Cass,8087,4307,1483,2251,46
2021,11/01/2021,Cedar,11418,4289,3154,3889,86
2021,11/01/2021,Cerro Gordo,26243,8000,8227,9855,161
2021,11/01/2021,Cherokee,7073,4006,1256,1781,30
2021,11/01/2021,Chickasaw,7168,2596,2124,2413,35
2021,11/01/2021,Clarke,5137,2214,1277,1605,41
2021,11/01/2021,Clay,10010,5213,1915,2802,80
2021,11/01/2021,Clayton,10511,3841,2923,3672,75
2021,11/01/2021,Clinton,27815,8870,8905,9848,192
2021,11/01/2021,Crawford,8204,3466,2011,2672,55
2021,11/01/2021,Dallas,61413,21774,18412,20697,530
2021,11/01/2021,Davis,4465,2024,1319,1103,19
2021,11/01/2021,Decatur,4153,1864,1077,1191,21
2021,11/01/2021,Delaware,10959,4603,2354,3951,51
2021,11/01/2021,Des Moines,22527,6942,8722,6684,179
2021,11/01/2021,Dickinson,12405,6157,2560,3601,87
2021,11/01/2021,Dubuque,60388,18407,24287,17198,496
2021,11/01/2021,Emmet,5437,1954,1480,1966,37
2021,11/01/2021,Fayette,10992,4216,3130,3583,63
2021,11/01/2021,Floyd,9098,2810,2546,3684,58
2021,11/01/2021,Franklin,5669,2854,1153,1628,34
2021,11/01/2021,Fremont,4231,2466,863,874,28
2021,11/01/2021,Greene,5542,2372,1477,1649,44
2021,11/01/2021,Grundy,7937,4102,1528,2260,47
2021,11/01/2021,Guthrie,7039,2980,1581,2422,56
2021,11/01/2021,Hamilton,8703,4115,2149,2390,49
2021,11/01/2021,Hancock,6775,3422,1359,1957,37
2021,11/01/2021,Hardin,9944,4727,2367,2794,56
2021,11/01/2021,Harrison,8515,4438,1893,2110,74
2021,11/01/2021,Henry,11208,5055,2539,3539,75
2021,11/01/2021,Howard,5450,1709,1485,2227,29
2021,11/01/2021,Humboldt,5837,2781,1077,1947,32
2021,11/01/2021,Ida,4277,2250,692,1321,14
2021,11/01/2021,Iowa,10783,4555,2490,3664,74
2021,11/01/2021,Jackson,12407,3968,4460,3929,50
2021,11/01/2021,Jasper,22685,8080,7259,7185,161
2021,11/01/2021,Jefferson,9655,3301,3960,2318,76
2021,11/01/2021,Johnson,90317,16433,47343,25762,779
2021,11/01/2021,Jones,12052,4406,3018,4574,54
2021,11/01/2021,Keokuk,5800,2621,1408,1737,34
2021,11/01/2021,Kossuth,9864,4442,2385,2998,39
2021,11/01/2021,Lee,18640,5502,7247,5752,139
2021,11/01/2021,Linn,137889,38451,54272,43712,1454
2021,11/01/2021,Louisa,6000,2594,1465,1912,29
2021,11/01/2021,Lucas,5090,2427,1080,1554,29
2021,11/01/2021,Lyon,7592,5862,700,1013,17
2021,11/01/2021,Madison,10671,4643,2574,3371,83
2021,11/01/2021,Mahaska,12604,6747,2292,3454,111
2021,11/01/2021,Marion,21205,10042,4815,6192,156
2021,11/01/2021,Marshall,20130,7216,6891,5885,138
2021,11/01/2021,Mills,9372,5214,1805,2246,107
2021,11/01/2021,Mitchell,6367,2581,1562,2181,43
2021,11/01/2021,Monona,5271,2365,1341,1527,38
2021,11/01/2021,Monroe,4546,1996,1162,1363,25
2021,11/01/2021,Montgomery,6053,3382,1060,1570,41
2021,11/01/2021,Muscatine,23115,7967,7266,7674,208
2021,11/01/2021,O'Brien,8317,5453,1102,1708,54
2021,11/01/2021,Osceola,3696,2416,419,844,17
2021,11/01/2021,Page,8578,4932,1506,2077,63
2021,11/01/2021,Palo Alto,5533,2232,1632,1644,25
2021,11/01/2021,Plymouth,15610,8501,2774,4238,97
2021,11/01/2021,Pocahontas,4269,2205,754,1281,29
2021,11/01/2021,Polk,282063,80176,119154,79839,2894
2021,11/01/2021,Pottawattamie,51254,21309,14601,14757,587
2021,11/01/2021,Poweshiek,11450,3782,3636,3964,68
2021,11/01/2021,Ringgold,2920,1907,505,495,13
2021,11/01/2021,Sac,6225,3406,1094,1704,21
2021,11/01/2021,Scott,102862,30762,35191,35965,944
2021,11/01/2021,Shelby,7638,3794,1650,2163,31
2021,11/01/2021,Sioux,20750,15277,1871,3524,78
2021,11/01/2021,Story,55142,15431,20716,18324,671
2021,11/01/2021,Tama,9829,3468,2824,3462,75
2021,11/01/2021,Taylor,3507,1983,585,911,28
2021,11/01/2021,Totals,1861425,665051,610601,570567,15206
2021,11/01/2021,Union,6961,3216,1459,2243,43
2021,11/01/2021,Van Buren,4240,2327,746,1138,29
2021,11/01/2021,Wapello,17607,5772,6294,5415,126
2021,11/01/2021,Warren,33753,12918,10166,10398,271
2021,11/01/2021,Washington,13215,5626,3226,4262,101
2021,11/01/2021,Wayne,3354,1604,747,986,17
2021,11/01/2021,Webster,20282,7290,6433,6395,164
2021,11/01/2021,Winnebago,6749,2849,1576,2282,42
2021,11/01/2021,Winneshiek,13061,4512,4285,4211,53
2021,11/01/2021,Woodbury,51012,20624,15747,14222,419
2021,11/01/2021,Worth,4882,1930,1256,1672,24
2021,11/01/2021,Wright,6921,3277,1578,2035,31
2021,12/01/2021,Adair,4653,2145,919,1566,23
2021,12/01/2021,Adams,2457,1120,499,828,10
2021,12/01/2021,Allamakee,8317,3978,2002,2300,37
2021,12/01/2021,Appanoose,7370,3299,1769,2247,55
2021,12/01/2021,Audubon,3718,1864,906,929,19
2021,12/01/2021,Benton,16041,6046,3896,5978,121
2021,12/01/2021,Black Hawk,73213,20735,28707,23156,615
2021,12/01/2021,Boone,16966,6200,5033,5598,135
2021,12/01/2021,Bremer,15811,5412,4097,6210,92
2021,12/01/2021,Buchanan,12033,3654,3410,4913,56
2021,12/01/2021,Buena Vista,9569,3946,2545,3006,72
2021,12/01/2021,Butler,8952,4514,1750,2634,54
2021,12/01/2021,Calhoun,5890,2714,1167,1967,42
2021,12/01/2021,Carroll,12865,4936,3185,4660,84
2021,12/01/2021,Cass,8169,4335,1485,2301,48
2021,12/01/2021,Cedar,11444,4289,3140,3929,86
2021,12/01/2021,Cerro Gordo,26356,8026,8235,9935,160
2021,12/01/2021,Cherokee,7074,4006,1252,1786,30
2021,12/01/2021,Chickasaw,7190,2597,2123,2435,35
2021,12/01/2021,Clarke,5154,2213,1278,1623,40
2021,12/01/2021,Clay,10047,5224,1920,2822,81
2021,12/01/2021,Clayton,10573,3866,2921,3712,74
2021,12/01/2021,Clinton,27892,8877,8884,9938,193
2021,12/01/2021,Crawford,8207,3466,2010,2676,55
2021,12/01/2021,Dallas,62044,21900,18467,21139,538
2021,12/01/2021,Davis,4477,2027,1317,1113,20
2021,12/01/2021,Decatur,4183,1870,1077,1215,21
2021,12/01/2021,Delaware,11011,4600,2353,4006,52
2021,12/01/2021,Des Moines,22607,6972,8706,6748,181
2021,12/01/2021,Dickinson,12507,6212,2564,3643,88
2021,12/01/2021,Dubuque,60535,18452,24254,17332,497
2021,12/01/2021,Emmet,5446,1954,1479,1977,36
2021,12/01/2021,Fayette,11029,4222,3133,3611,63
2021,12/01/2021,Floyd,9099,2805,2535,3701,58
2021,12/01/2021,Franklin,5709,2874,1155,1646,34
2021,12/01/2021,Fremont,4243,2468,864,881,30
2021,12/01/2021,Greene,5608,2401,1482,1681,44
2021,12/01/2021,Grundy,7921,4095,1523,2256,47
2021,12/01/2021,Guthrie,7063,2983,1576,2449,55
2021,12/01/2021,Hamilton,8740,4123,2140,2429,48
2021,12/01/2021,Hancock,6797,3421,1355,1984,37
2021,12/01/2021,Hardin,9952,4724,2361,2809,58
2021,12/01/2021,Harrison,8557,4459,1891,2131,76
2021,12/01/2021,Henry,11227,5047,2529,3576,75
2021,12/01/2021,Howard,5470,1717,1476,2248,29
2021,12/01/2021,Humboldt,5850,2788,1075,1955,32
2021,12/01/2021,Ida,4281,2254,691,1322,14
2021,12/01/2021,Iowa,10803,4559,2483,3687,74
2021,12/01/2021,Jackson,12455,3974,4457,3973,51
2021,12/01/2021,Jasper,22801,8090,7266,7283,162
2021,12/01/2021,Jefferson,9686,3303,3955,2348,80
2021,12/01/2021,Johnson,90777,16473,47439,26075,790
2021,12/01/2021,Jones,12103,4420,3005,4624,54
2021,12/01/2021,Keokuk,5843,2636,1413,1761,33
2021,12/01/2021,Kossuth,9901,4451,2381,3029,40
2021,12/01/2021,Lee,18690,5520,7246,5785,139
2021,12/01/2021,Linn,138356,38512,54262,44115,1467
2021,12/01/2021,Louisa,6023,2602,1464,1926,31
2021,12/01/2021,Lucas,5099,2433,1074,1563,29
2021,12/01/2021,Lyon,7629,5882,702,1028,17
2021,12/01/2021,Madison,10694,4638,2574,3398,84
2021,12/01/2021,Mahaska,12647,6759,2291,3485,112
2021,12/01/2021,Marion,21286,10065,4796,6269,156
2021,12/01/2021,Marshall,20295,7246,6912,5994,143
2021,12/01/2021,Mills,9429,5233,1813,2278,105
2021,12/01/2021,Mitchell,6374,2576,1563,2192,43
2021,12/01/2021,Monona,5324,2386,1349,1552,37
2021,12/01/2021,Monroe,4562,1986,1159,1392,25
2021,12/01/2021,Montgomery,6105,3403,1064,1595,43
2021,12/01/2021,Muscatine,23270,7990,7285,7785,210
2021,12/01/2021,O'Brien,8354,5464,1101,1734,55
2021,12/01/2021,Osceola,3698,2418,417,846,17
2021,12/01/2021,Page,8658,4967,1510,2118,63
2021,12/01/2021,Palo Alto,5572,2242,1634,1671,25
2021,12/01/2021,Plymouth,15668,8529,2770,4270,99
2021,12/01/2021,Pocahontas,4269,2207,749,1284,29
2021,12/01/2021,Polk,282893,80249,119093,80644,2907
2021,12/01/2021,Pottawattamie,51435,21377,14584,14881,593
2021,12/01/2021,Poweshiek,11544,3784,3676,4016,68
2021,12/01/2021,Ringgold,2927,1909,504,500,14
2021,12/01/2021,Sac,6222,3404,1089,1708,21
2021,12/01/2021,Scott,103182,30813,35180,36238,951
2021,12/01/2021,Shelby,7679,3821,1649,2178,31
2021,12/01/2021,Sioux,20845,15333,1866,3566,80
2021,12/01/2021,Story,55467,15493,20731,18560,683
2021,12/01/2021,Tama,9905,3477,2829,3525,74
2021,12/01/2021,Taylor,3522,1990,579,925,28
2021,12/01/2021,Totals,1868901,666441,610478,576640,15342
2021,12/01/2021,Union,7018,3215,1456,2301,46
2021,12/01/2021,Van Buren,4270,2339,742,1159,30
2021,12/01/2021,Wapello,17648,5783,6282,5459,124
2021,12/01/2021,Warren,33817,12924,10141,10475,277
2021,12/01/2021,Washington,13265,5637,3218,4308,102
2021,12/01/2021,Wayne,3375,1604,744,1009,18
2021,12/01/2021,Webster,20342,7301,6407,6472,162
2021,12/01/2021,Winnebago,6777,2859,1571,2304,43
2021,12/01/2021,Winneshiek,13145,4527,4300,4263,55
2021,12/01/2021,Woodbury,51118,20603,15740,14358,417
2021,12/01/2021,Worth,4899,1931,1255,1688,25
2021,12/01/2021,Wright,6918,3274,1572,2042,30
2022,01/03/2022,Adair,4668,2148,919,1578,23
2022,01/03/2022,Adams,2452,1118,496,828,10
2022,01/03/2022,Allamakee,8333,3987,2000,2308,38
2022,01/03/2022,Appanoose,7382,3296,1767,2264,55
2022,01/03/2022,Audubon,3714,1863,903,929,19
2022,01/03/2022,Benton,16094,6041,3889,6042,122
2022,01/03/2022,Black Hawk,73297,20736,28658,23290,613
2022,01/03/2022,Boone,17000,6204,5026,5636,134
2022,01/03/2022,Bremer,15807,5406,4090,6219,92
2022,01/03/2022,Buchanan,12066,3655,3415,4940,56
2022,01/03/2022,Buena Vista,9583,3956,2543,3012,72
2022,01/03/2022,Butler,8951,4509,1750,2637,55
2022,01/03/2022,Calhoun,5910,2718,1164,1986,42
2022,01/03/2022,Carroll,12883,4948,3182,4669,84
2022,01/03/2022,Cass,8175,4328,1481,2318,48
2022,01/03/2022,Cedar,11439,4288,3136,3929,86
2022,01/03/2022,Cerro Gordo,26389,8032,8239,9957,161
2022,01/03/2022,Cherokee,7069,3995,1248,1796,30
2022,01/03/2022,Chickasaw,7191,2592,2114,2450,35
2022,01/03/2022,Clarke,5160,2216,1278,1626,40
2022,01/03/2022,Clay,10059,5227,1919,2831,82
2022,01/03/2022,Clayton,10599,3878,2924,3721,76
2022,01/03/2022,Clinton,27904,8875,8856,9982,191
2022,01/03/2022,Crawford,8263,3495,2011,2704,53
2022,01/03/2022,Dallas,62252,21923,18484,21306,539
2022,01/03/2022,Davis,4498,2030,1318,1130,20
2022,01/03/2022,Decatur,4184,1873,1072,1218,21
2022,01/03/2022,Delaware,11021,4598,2346,4025,52
2022,01/03/2022,Des Moines,22636,6975,8699,6781,181
2022,01/03/2022,Dickinson,12538,6229,2562,3659,88
2022,01/03/2022,Dubuque,60595,18446,24214,17438,497
2022,01/03/2022,Emmet,5447,1953,1478,1980,36
2022,01/03/2022,Fayette,11021,4216,3124,3619,62
2022,01/03/2022,Floyd,9111,2807,2531,3715,58
2022,01/03/2022,Franklin,5690,2864,1146,1647,33
2022,01/03/2022,Fremont,4245,2469,864,882,30
2022,01/03/2022,Greene,5615,2407,1478,1684,46
2022,01/03/2022,Grundy,8010,4124,1512,2325,49
2022,01/03/2022,Guthrie,7096,2987,1580,2474,55
2022,01/03/2022,Hamilton,8753,4117,2137,2450,49
2022,01/03/2022,Hancock,6794,3421,1351,1985,37
2022,01/03/2022,Hardin,9975,4735,2363,2817,60
2022,01/03/2022,Harrison,8548,4451,1890,2131,76
2022,01/03/2022,Henry,11249,5044,2521,3607,77
2022,01/03/2022,Howard,5490,1727,1475,2259,29
2022,01/03/2022,Humboldt,5857,2784,1077,1965,31
2022,01/03/2022,Ida,4277,2248,690,1325,14
2022,01/03/2022,Iowa,10832,4565,2481,3711,75
2022,01/03/2022,Jackson,12499,3985,4445,4019,50
2022,01/03/2022,Jasper,22825,8109,7253,7304,159
2022,01/03/2022,Jefferson,9717,3307,3956,2374,80
2022,01/03/2022,Johnson,90933,16484,47374,26280,795
2022,01/03/2022,Jones,12115,4424,2998,4638,55
2022,01/03/2022,Keokuk,5850,2640,1409,1768,33
2022,01/03/2022,Kossuth,9902,4454,2375,3033,40
2022,01/03/2022,Lee,18738,5533,7234,5831,140
2022,01/03/2022,Linn,138557,38504,54216,44364,1473
2022,01/03/2022,Louisa,6048,2611,1463,1943,31
2022,01/03/2022,Lucas,5124,2446,1073,1576,29
2022,01/03/2022,Lyon,7639,5889,703,1029,18
2022,01/03/2022,Madison,10740,4653,2575,3429,83
2022,01/03/2022,Mahaska,12647,6759,2280,3495,113
2022,01/03/2022,Marion,21333,10082,4791,6304,156
2022,01/03/2022,Marshall,20311,7234,6907,6025,145
2022,01/03/2022,Mills,9450,5246,1809,2291,104
2022,01/03/2022,Mitchell,6384,2579,1561,2201,43
2022,01/03/2022,Monona,5325,2383,1347,1558,37
2022,01/03/2022,Monroe,4558,1979,1155,1399,25
2022,01/03/2022,Montgomery,6118,3403,1063,1609,43
2022,01/03/2022,Muscatine,23301,7993,7282,7812,214
2022,01/03/2022,O'Brien,8361,5462,1103,1741,55
2022,01/03/2022,Osceola,3704,2416,418,853,17
2022,01/03/2022,Page,8675,4976,1511,2124,64
2022,01/03/2022,Palo Alto,5556,2234,1629,1668,25
2022,01/03/2022,Plymouth,15701,8541,2775,4286,99
2022,01/03/2022,Pocahontas,4271,2206,748,1288,29
2022,01/03/2022,Polk,283304,80246,118964,81192,2902
2022,01/03/2022,Pottawattamie,51565,21393,14591,14980,601
2022,01/03/2022,Poweshiek,11573,3779,3688,4038,68
2022,01/03/2022,Ringgold,2921,1906,503,498,14
2022,01/03/2022,Sac,6268,3415,1087,1744,22
2022,01/03/2022,Scott,103317,30765,35147,36444,961
2022,01/03/2022,Shelby,7690,3822,1644,2193,31
2022,01/03/2022,Sioux,20886,15359,1862,3584,81
2022,01/03/2022,Story,55528,15483,20722,18635,688
2022,01/03/2022,Tama,9898,3470,2822,3532,74
2022,01/03/2022,Taylor,3525,1991,579,927,28
2022,01/03/2022,Totals,1872036,666723,609880,580037,15396
2022,01/03/2022,Union,7026,3214,1449,2317,46
2022,01/03/2022,Van Buren,4277,2331,739,1177,30
2022,01/03/2022,Wapello,17664,5783,6282,5475,124
2022,01/03/2022,Warren,34014,12977,10175,10579,283
2022,01/03/2022,Washington,13321,5651,3228,4338,104
2022,01/03/2022,Wayne,3382,1605,745,1014,18
2022,01/03/2022,Webster,20367,7311,6392,6503,161
2022,01/03/2022,Winnebago,6793,2863,1571,2316,43
2022,01/03/2022,Winneshiek,13144,4520,4294,4275,55
2022,01/03/2022,Woodbury,51221,20605,15719,14478,419
2022,01/03/2022,Worth,4898,1924,1253,1696,25
2022,01/03/2022,Wright,6950,3274,1570,2075,31
2022,02/02/2022,Adair,4590,2122,894,1553,21
2022,02/02/2022,Adams,2450,1117,495,828,10
2022,02/02/2022,Allamakee,8335,3984,1996,2317,38
2022,02/02/2022,Appanoose,7247,3241,1722,2228,56
2022,02/02/2022,Audubon,3709,1861,900,928,20
2022,02/02/2022,Benton,15812,5930,3807,5958,117
2022,02/02/2022,Black Hawk,72369,20473,28237,23055,604
2022,02/02/2022,Boone,17037,6216,5015,5673,133
2022,02/02/2022,Bremer,15817,5403,4081,6241,92
2022,02/02/2022,Buchanan,12090,3651,3409,4972,58
2022,02/02/2022,Buena Vista,9373,3885,2485,2932,71
2022,02/02/2022,Butler,8808,4430,1715,2607,56
2022,02/02/2022,Calhoun,5833,2683,1138,1974,38
2022,02/02/2022,Carroll,12680,4876,3102,4617,85
2022,02/02/2022,Cass,8165,4325,1473,2320,47
2022,02/02/2022,Cedar,11219,4215,3065,3854,85
2022,02/02/2022,Cerro Gordo,26343,8009,8192,9982,160
2022,02/02/2022,Cherokee,6971,3945,1223,1775,28
2022,02/02/2022,Chickasaw,7088,2564,2077,2409,38
2022,02/02/2022,Clarke,5036,2170,1251,1580,35
2022,02/02/2022,Clay,9855,5131,1887,2758,79
2022,02/02/2022,Clayton,10670,3904,2932,3756,78
2022,02/02/2022,Clinton,27915,8869,8830,10023,193
2022,02/02/2022,Crawford,8283,3495,2011,2720,57
2022,02/02/2022,Dallas,62409,21928,18468,21474,539
2022,02/02/2022,Davis,4494,2031,1312,1132,19
2022,02/02/2022,Decatur,4180,1869,1072,1218,21
2022,02/02/2022,Delaware,10867,4543,2303,3973,48
2022,02/02/2022,Des Moines,22678,6990,8683,6823,182
2022,02/02/2022,Dickinson,12311,6115,2496,3618,82
2022,02/02/2022,Dubuque,59611,18180,23735,17216,480
2022,02/02/2022,Emmet,5322,1917,1432,1938,35
2022,02/02/2022,Fayette,11008,4211,3106,3628,63
2022,02/02/2022,Floyd,8913,2752,2476,3629,56
2022,02/02/2022,Franklin,5586,2815,1125,1613,33
2022,02/02/2022,Fremont,4191,2442,853,866,30
2022,02/02/2022,Greene,5620,2415,1476,1682,47
2022,02/02/2022,Grundy,8023,4124,1512,2338,49
2022,02/02/2022,Guthrie,6989,2929,1567,2438,55
2022,02/02/2022,Hamilton,8608,4045,2095,2420,48
2022,02/02/2022,Hancock,6644,3354,1311,1943,36
2022,02/02/2022,Hardin,9994,4748,2363,2822,61
2022,02/02/2022,Harrison,8549,4453,1884,2135,77
2022,02/02/2022,Henry,11249,5033,2513,3626,77
2022,02/02/2022,Howard,5492,1718,1467,2278,29
2022,02/02/2022,Humboldt,5852,2779,1064,1978,31
2022,02/02/2022,Ida,4204,2214,679,1298,13
2022,02/02/2022,Iowa,10677,4505,2442,3657,73
2022,02/02/2022,Jackson,12318,3938,4366,3963,51
2022,02/02/2022,Jasper,22867,8113,7227,7367,160
2022,02/02/2022,Jefferson,9722,3302,3949,2390,81
2022,02/02/2022,Johnson,91120,16488,47357,26483,792
2022,02/02/2022,Jones,11902,4345,2923,4580,54
2022,02/02/2022,Keokuk,5755,2592,1392,1740,31
2022,02/02/2022,Kossuth,9908,4450,2362,3056,40
2022,02/02/2022,Lee,18594,5511,7154,5790,139
2022,02/02/2022,Linn,138696,38487,54126,44609,1474
2022,02/02/2022,Louisa,5952,2557,1450,1915,30
2022,02/02/2022,Lucas,5133,2449,1069,1586,29
2022,02/02/2022,Lyon,7576,5843,696,1020,17
2022,02/02/2022,Madison,10500,4563,2506,3349,82
2022,02/02/2022,Mahaska,12368,6648,2218,3392,110
2022,02/02/2022,Marion,21374,10094,4789,6332,159
2022,02/02/2022,Marshall,19908,7092,6733,5943,140
2022,02/02/2022,Mills,9481,5255,1810,2309,107
2022,02/02/2022,Mitchell,6392,2589,1552,2208,43
2022,02/02/2022,Monona,5232,2337,1324,1535,36
2022,02/02/2022,Monroe,4553,1983,1145,1401,24
2022,02/02/2022,Montgomery,5977,3347,1022,1567,41
2022,02/02/2022,Muscatine,23341,7984,7279,7865,213
2022,02/02/2022,O'Brien,8372,5462,1100,1753,57
2022,02/02/2022,Osceola,3697,2414,414,852,17
2022,02/02/2022,Page,8539,4905,1482,2090,62
2022,02/02/2022,Palo Alto,5436,2191,1583,1639,23
2022,02/02/2022,Plymouth,15521,8454,2723,4246,98
2022,02/02/2022,Pocahontas,4260,2200,744,1287,29
2022,02/02/2022,Polk,276095,78115,115812,79372,2796
2022,02/02/2022,Pottawattamie,50587,21025,14273,14704,585
2022,02/02/2022,Poweshiek,11366,3696,3602,4003,65
2022,02/02/2022,Ringgold,2863,1862,498,489,14
2022,02/02/2022,Sac,6240,3400,1077,1741,22
2022,02/02/2022,Scott,103501,30761,35114,36666,960
2022,02/02/2022,Shelby,7566,3766,1612,2157,31
2022,02/02/2022,Sioux,20590,15189,1807,3514,80
2022,02/02/2022,Story,53364,14993,19761,17970,640
2022,02/02/2022,Tama,9910,3471,2816,3547,76
2022,02/02/2022,Taylor,3523,1990,577,928,28
2022,02/02/2022,Totals,1852144,659650,601452,575914,15128
2022,02/02/2022,Union,6845,3132,1408,2261,44
2022,02/02/2022,Van Buren,4273,2319,736,1188,30
2022,02/02/2022,Wapello,17650,5776,6257,5494,123
2022,02/02/2022,Warren,34053,12988,10150,10632,283
2022,02/02/2022,Washington,13056,5554,3152,4250,100
2022,02/02/2022,Wayne,3380,1608,742,1012,18
2022,02/02/2022,Webster,20021,7185,6279,6399,158
2022,02/02/2022,Winnebago,6656,2824,1537,2255,40
2022,02/02/2022,Winneshiek,12916,4449,4195,4222,50
2022,02/02/2022,Woodbury,50303,20224,15402,14271,406
2022,02/02/2022,Worth,4912,1919,1254,1712,27
2022,02/02/2022,Wright,6814,3202,1525,2057,30
2022,03/01/2022,Adair,4602,2129,891,1560,22
2022,03/01/2022,Adams,2413,1097,489,817,10
2022,03/01/2022,Allamakee,8240,3946,1964,2292,38
2022,03/01/2022,Appanoose,7262,3247,1722,2237,56
2022,03/01/2022,Audubon,3668,1842,887,922,17
2022,03/01/2022,Benton,15843,5942,3793,5991,117
2022,03/01/2022,Black Hawk,71829,20316,27937,22973,603
2022,03/01/2022,Boone,16654,6099,4888,5543,124
2022,03/01/2022,Bremer,15476,5283,3985,6122,86
2022,03/01/2022,Buchanan,11936,3605,3358,4915,58
2022,03/01/2022,Buena Vista,9393,3896,2492,2933,72
2022,03/01/2022,Butler,8824,4431,1713,2624,56
2022,03/01/2022,Calhoun,5840,2686,1136,1978,40
2022,03/01/2022,Carroll,12702,4891,3102,4622,87
2022,03/01/2022,Cass,8051,4254,1447,2303,47
2022,03/01/2022,Cedar,11213,4217,3059,3853,84
2022,03/01/2022,Cerro Gordo,25808,7831,8036,9784,157
2022,03/01/2022,Cherokee,6977,3943,1223,1783,28
2022,03/01/2022,Chickasaw,7097,2562,2073,2424,38
2022,03/01/2022,Clarke,5041,2171,1248,1586,36
2022,03/01/2022,Clay,9873,5138,1882,2772,81
2022,03/01/2022,Clayton,10579,3870,2901,3731,77
2022,03/01/2022,Clinton,27480,8769,8631,9900,180
2022,03/01/2022,Crawford,8223,3479,1982,2704,58
2022,03/01/2022,Dallas,59944,21146,17629,20673,496
2022,03/01/2022,Davis,4403,1999,1277,1108,19
2022,03/01/2022,Decatur,4085,1822,1041,1201,21
2022,03/01/2022,Delaware,10876,4549,2302,3977,48
2022,03/01/2022,Des Moines,22253,6893,8473,6707,180
2022,03/01/2022,Dickinson,12341,6133,2491,3634,83
2022,03/01/2022,Dubuque,59696,18203,23703,17310,480
2022,03/01/2022,Emmet,5348,1927,1432,1954,35
2022,03/01/2022,Fayette,10842,4151,3065,3566,60
2022,03/01/2022,Floyd,8920,2753,2470,3642,55
2022,03/01/2022,Franklin,5618,2825,1124,1636,33
2022,03/01/2022,Fremont,4183,2437,852,864,30
2022,03/01/2022,Greene,5626,2416,1471,1692,47
2022,03/01/2022,Grundy,7894,4064,1482,2302,46
2022,03/01/2022,Guthrie,7015,2938,1569,2453,55
2022,03/01/2022,Hamilton,8636,4054,2095,2438,49
2022,03/01/2022,Hancock,6655,3362,1308,1948,37
2022,03/01/2022,Hardin,9876,4706,2329,2782,59
2022,03/01/2022,Harrison,8428,4393,1838,2123,74
2022,03/01/2022,Henry,11051,4963,2449,3564,75
2022,03/01/2022,Howard,5410,1689,1449,2244,28
2022,03/01/2022,Humboldt,5757,2744,1036,1948,29
2022,03/01/2022,Ida,4204,2217,678,1297,12
2022,03/01/2022,Iowa,10706,4511,2438,3685,72
2022,03/01/2022,Jackson,12346,3944,4364,3987,51
2022,03/01/2022,Jasper,22458,7969,7089,7246,154
2022,03/01/2022,Jefferson,9502,3258,3845,2319,80
2022,03/01/2022,Johnson,87832,15952,45549,25586,745
2022,03/01/2022,Jones,11932,4353,2929,4595,55
2022,03/01/2022,Keokuk,5770,2602,1393,1743,32
2022,03/01/2022,Kossuth,9793,4390,2331,3030,42
2022,03/01/2022,Lee,18485,5461,7102,5784,138
2022,03/01/2022,Linn,135758,37681,52905,43743,1429
2022,03/01/2022,Louisa,5962,2559,1451,1922,30
2022,03/01/2022,Lucas,5056,2420,1049,1559,28
2022,03/01/2022,Lyon,7598,5856,698,1027,17
2022,03/01/2022,Madison,10523,4570,2509,3362,82
2022,03/01/2022,Mahaska,12389,6654,2217,3408,110
2022,03/01/2022,Marion,21058,9958,4685,6259,156
2022,03/01/2022,Marshall,19976,7101,6734,5999,142
2022,03/01/2022,Mills,9315,5173,1778,2260,104
2022,03/01/2022,Mitchell,6334,2570,1529,2193,42
2022,03/01/2022,Monona,5231,2340,1320,1535,36
2022,03/01/2022,Monroe,4487,1959,1117,1389,22
2022,03/01/2022,Montgomery,5995,3349,1022,1580,44
2022,03/01/2022,Muscatine,22905,7835,7120,7744,206
2022,03/01/2022,O'Brien,8261,5398,1082,1727,54
2022,03/01/2022,Osceola,3639,2385,404,833,17
2022,03/01/2022,Page,8577,4919,1482,2115,61
2022,03/01/2022,Palo Alto,5441,2198,1583,1637,23
2022,03/01/2022,Plymouth,15564,8479,2718,4268,99
2022,03/01/2022,Pocahontas,4188,2168,730,1260,30
2022,03/01/2022,Polk,276907,78283,115859,79952,2813
2022,03/01/2022,Pottawattamie,50705,21057,14278,14777,593
2022,03/01/2022,Poweshiek,11391,3704,3600,4021,66
2022,03/01/2022,Ringgold,2872,1866,499,492,15
2022,03/01/2022,Sac,6209,3388,1060,1739,22
2022,03/01/2022,Scott,101369,30141,34303,35990,935
2022,03/01/2022,Shelby,7578,3779,1608,2160,31
2022,03/01/2022,Sioux,20627,15191,1811,3545,80
2022,03/01/2022,Story,53437,15008,19772,18016,641
2022,03/01/2022,Tama,9768,3420,2773,3501,74
2022,03/01/2022,Taylor,3497,1971,575,923,28
2022,03/01/2022,Totals,1835266,654587,593866,571894,14919
2022,03/01/2022,Union,6861,3134,1411,2273,43
2022,03/01/2022,Van Buren,4208,2274,720,1183,31
2022,03/01/2022,Wapello,17320,5667,6130,5403,120
2022,03/01/2022,Warren,33245,12725,9860,10385,275
2022,03/01/2022,Washington,13075,5562,3149,4263,101
2022,03/01/2022,Wayne,3347,1592,731,1006,18
2022,03/01/2022,Webster,20061,7201,6270,6432,158
2022,03/01/2022,Winnebago,6653,2821,1530,2262,40
2022,03/01/2022,Winneshiek,12921,4448,4192,4231,50
2022,03/01/2022,Woodbury,50410,20223,15401,14380,406
2022,03/01/2022,Worth,4832,1892,1242,1672,26
2022,03/01/2022,Wright,6807,3200,1517,2061,29
2022,04/01/2022,Adair,4620,2134,889,1574,23
2022,04/01/2022,Adams,2407,1092,486,819,10
2022,04/01/2022,Allamakee,8267,3954,1951,2324,38
2022,04/01/2022,Appanoose,7290,3263,1705,2265,57
2022,04/01/2022,Audubon,3671,1844,889,921,17
2022,04/01/2022,Benton,15913,5969,3784,6042,118
2022,04/01/2022,Black Hawk,72016,20328,27908,23180,600
2022,04/01/2022,Boone,16750,6117,4880,5628,125
2022,04/01/2022,Bremer,15539,5319,3974,6158,88
2022,04/01/2022,Buchanan,11993,3610,3356,4968,59
2022,04/01/2022,Buena Vista,9422,3909,2496,2944,73
2022,04/01/2022,Butler,8841,4436,1711,2636,58
2022,04/01/2022,Calhoun,5859,2692,1133,1996,38
2022,04/01/2022,Carroll,12739,4920,3093,4638,88
2022,04/01/2022,Cass,8087,4275,1439,2326,47
2022,04/01/2022,Cedar,11236,4217,3057,3879,83
2022,04/01/2022,Cerro Gordo,25911,7877,8004,9867,163
2022,04/01/2022,Cherokee,6990,3943,1224,1796,27
2022,04/01/2022,Chickasaw,7124,2583,2069,2434,38
2022,04/01/2022,Clarke,5053,2171,1242,1604,36
2022,04/01/2022,Clay,9913,5157,1880,2794,82
2022,04/01/2022,Clayton,10623,3895,2892,3760,76
2022,04/01/2022,Clinton,27562,8780,8595,10002,185
2022,04/01/2022,Crawford,8233,3481,1979,2715,58
2022,04/01/2022,Dallas,60293,21217,17670,20907,499
2022,04/01/2022,Davis,4412,1998,1279,1116,19
2022,04/01/2022,Decatur,4094,1828,1036,1208,22
2022,04/01/2022,Delaware,10925,4571,2303,4003,48
2022,04/01/2022,Des Moines,22301,6902,8434,6780,185
2022,04/01/2022,Dickinson,12385,6163,2485,3652,85
2022,04/01/2022,Dubuque,59858,18247,23671,17460,480
2022,04/01/2022,Emmet,5382,1945,1431,1970,36
2022,04/01/2022,Fayette,10882,4167,3053,3600,62
2022,04/01/2022,Floyd,8972,2780,2474,3659,59
2022,04/01/2022,Franklin,5639,2825,1122,1659,33
2022,04/01/2022,Fremont,4202,2450,845,878,29
2022,04/01/2022,Greene,5622,2419,1465,1690,48
2022,04/01/2022,Grundy,7907,4068,1478,2314,47
2022,04/01/2022,Guthrie,7039,2946,1563,2478,52
2022,04/01/2022,Hamilton,8644,4059,2085,2448,52
2022,04/01/2022,Hancock,6672,3370,1303,1962,37
2022,04/01/2022,Hardin,9889,4716,2320,2795,58
2022,04/01/2022,Harrison,8399,4380,1820,2125,74
2022,04/01/2022,Henry,11077,4956,2445,3602,74
2022,04/01/2022,Howard,5410,1683,1448,2252,27
2022,04/01/2022,Humboldt,5780,2752,1033,1966,29
2022,04/01/2022,Ida,4204,2216,675,1301,12
2022,04/01/2022,Iowa,10732,4523,2426,3711,72
2022,04/01/2022,Jackson,12370,3949,4355,4015,51
2022,04/01/2022,Jasper,22545,7992,7078,7320,155
2022,04/01/2022,Jefferson,9579,3257,3849,2391,82
2022,04/01/2022,Johnson,88205,15995,45546,25911,753
2022,04/01/2022,Jones,11965,4364,2920,4626,55
2022,04/01/2022,Keokuk,5773,2602,1392,1747,32
2022,04/01/2022,Kossuth,9823,4393,2324,3064,42
2022,04/01/2022,Lee,18561,5484,7092,5842,143
2022,04/01/2022,Linn,136173,37749,52856,44136,1432
2022,04/01/2022,Louisa,5973,2554,1445,1944,30
2022,04/01/2022,Lucas,5067,2427,1046,1566,28
2022,04/01/2022,Lyon,7607,5860,698,1032,17
2022,04/01/2022,Madison,10548,4575,2499,3391,83
2022,04/01/2022,Mahaska,12413,6660,2216,3425,112
2022,04/01/2022,Marion,21095,9970,4678,6291,156
2022,04/01/2022,Marshall,20021,7109,6721,6049,142
2022,04/01/2022,Mills,9371,5195,1784,2286,106
2022,04/01/2022,Mitchell,6344,2585,1520,2198,41
2022,04/01/2022,Monona,5248,2350,1319,1543,36
2022,04/01/2022,Monroe,4499,1967,1113,1397,22
2022,04/01/2022,Montgomery,6012,3356,1021,1591,44
2022,04/01/2022,Muscatine,22973,7844,7118,7806,205
2022,04/01/2022,O'Brien,8273,5410,1082,1727,54
2022,04/01/2022,Osceola,3644,2389,403,835,17
2022,04/01/2022,Page,8611,4946,1479,2122,64
2022,04/01/2022,Palo Alto,5457,2203,1583,1647,24
2022,04/01/2022,Plymouth,15606,8494,2713,4300,99
2022,04/01/2022,Pocahontas,4191,2165,734,1261,31
2022,04/01/2022,Polk,277841,78384,115854,80767,2836
2022,04/01/2022,Pottawattamie,50899,21108,14282,14903,606
2022,04/01/2022,Poweshiek,11418,3704,3589,4058,67
2022,04/01/2022,Ringgold,2896,1876,498,507,15
2022,04/01/2022,Sac,6209,3387,1048,1752,22
2022,04/01/2022,Scott,101784,30224,34295,36327,938
2022,04/01/2022,Shelby,7599,3786,1608,2173,32
2022,04/01/2022,Sioux,20757,15253,1814,3610,80
2022,04/01/2022,Story,53583,15031,19764,18144,644
2022,04/01/2022,Tama,9841,3443,2769,3554,75
2022,04/01/2022,Taylor,3505,1970,576,931,28
2022,04/01/2022,Totals,1841309,655995,593217,577065,15032
2022,04/01/2022,Union,6900,3137,1404,2315,44
2022,04/01/2022,Van Buren,4223,2268,719,1203,33
2022,04/01/2022,Wapello,17331,5691,6087,5432,121
2022,04/01/2022,Warren,33341,12745,9864,10458,274
2022,04/01/2022,Washington,13135,5560,3136,4337,102
2022,04/01/2022,Wayne,3391,1606,736,1030,19
2022,04/01/2022,Webster,20129,7224,6254,6494,157
2022,04/01/2022,Winnebago,6670,2824,1524,2282,40
2022,04/01/2022,Winneshiek,12944,4443,4199,4250,52
2022,04/01/2022,Woodbury,50512,20242,15365,14496,409
2022,04/01/2022,Worth,4853,1900,1239,1687,27
2022,04/01/2022,Wright,6822,3198,1509,2086,29
2022,05/02/2022,Adair,4627,2133,889,1582,23
2022,05/02/2022,Adams,2405,1086,487,822,10
2022,05/02/2022,Allamakee,8257,3948,1944,2327,38
2022,05/02/2022,Appanoose,7288,3261,1699,2271,57
2022,05/02/2022,Audubon,3662,1840,880,924,18
2022,05/02/2022,Benton,15907,5972,3765,6054,116
2022,05/02/2022,Black Hawk,71812,20262,27762,23193,595
2022,05/02/2022,Boone,16735,6109,4859,5644,123
2022,05/02/2022,Bremer,15511,5307,3944,6171,89
2022,05/02/2022,Buchanan,12016,3612,3347,4996,61
2022,05/02/2022,Buena Vista,9435,3915,2490,2960,70
2022,05/02/2022,Butler,8828,4432,1706,2632,58
2022,05/02/2022,Calhoun,5849,2684,1129,1997,39
2022,05/02/2022,Carroll,12725,4923,3080,4636,86
2022,05/02/2022,Cass,8075,4273,1437,2317,48
2022,05/02/2022,Cedar,11212,4208,3044,3877,83
2022,05/02/2022,Cerro Gordo,25895,7859,8000,9874,162
2022,05/02/2022,Cherokee,6984,3937,1216,1804,27
2022,05/02/2022,Chickasaw,7114,2590,2063,2425,36
2022,05/02/2022,Clarke,5043,2164,1244,1601,34
2022,05/02/2022,Clay,9910,5157,1878,2791,84
2022,05/02/2022,Clayton,10610,3891,2880,3763,76
2022,05/02/2022,Clinton,27503,8768,8543,10015,177
2022,05/02/2022,Crawford,8224,3481,1972,2714,57
2022,05/02/2022,Dallas,60367,21184,17672,21010,501
2022,05/02/2022,Davis,4409,1996,1276,1118,19
2022,05/02/2022,Decatur,4093,1828,1035,1208,22
2022,05/02/2022,Delaware,10919,4574,2291,4006,48
2022,05/02/2022,Des Moines,22235,6876,8395,6781,183
2022,05/02/2022,Dickinson,12368,6147,2474,3660,87
2022,05/02/2022,Dubuque,59638,18181,23557,17419,481
2022,05/02/2022,Emmet,5365,1945,1415,1968,37
2022,05/02/2022,Fayette,10873,4170,3041,3600,62
2022,05/02/2022,Floyd,8961,2780,2466,3656,59
2022,05/02/2022,Franklin,5635,2820,1118,1664,33
2022,05/02/2022,Fremont,4186,2442,839,876,29
2022,05/02/2022,Greene,5601,2414,1449,1690,48
2022,05/02/2022,Grundy,7915,4066,1475,2326,48
2022,05/02/2022,Guthrie,7040,2951,1557,2482,50
2022,05/02/2022,Hamilton,8621,4050,2067,2451,53
2022,05/02/2022,Hancock,6668,3367,1301,1963,37
2022,05/02/2022,Hardin,9866,4710,2304,2793,59
2022,05/02/2022,Harrison,8389,4379,1815,2119,76
2022,05/02/2022,Henry,11067,4960,2425,3609,73
2022,05/02/2022,Howard,5405,1684,1443,2252,26
2022,05/02/2022,Humboldt,5781,2751,1033,1968,29
2022,05/02/2022,Ida,4194,2207,672,1303,12
2022,05/02/2022,Iowa,10730,4516,2421,3722,71
2022,05/02/2022,Jackson,12357,3940,4337,4029,51
2022,05/02/2022,Jasper,22531,7979,7043,7356,153
2022,05/02/2022,Jefferson,9523,3241,3808,2390,84
2022,05/02/2022,Johnson,87649,15861,45178,25865,745
2022,05/02/2022,Jones,11978,4386,2913,4625,54
2022,05/02/2022,Keokuk,5770,2602,1389,1747,32
2022,05/02/2022,Kossuth,9804,4380,2318,3065,41
2022,05/02/2022,Lee,18481,5456,7042,5839,144
2022,05/02/2022,Linn,135955,37687,52625,44218,1425
2022,05/02/2022,Louisa,5967,2552,1437,1948,30
2022,05/02/2022,Lucas,5076,2433,1045,1568,30
2022,05/02/2022,Lyon,7629,5872,698,1042,17
2022,05/02/2022,Madison,10562,4568,2499,3410,85
2022,05/02/2022,Mahaska,12386,6653,2206,3415,112
2022,05/02/2022,Marion,21086,9973,4666,6291,156
2022,05/02/2022,Marshall,19978,7079,6692,6066,141
2022,05/02/2022,Mills,9405,5207,1784,2302,112
2022,05/02/2022,Mitchell,6348,2590,1514,2203,41
2022,05/02/2022,Monona,5244,2354,1315,1539,36
2022,05/02/2022,Monroe,4494,1965,1108,1399,22
2022,05/02/2022,Montgomery,6019,3355,1021,1598,45
2022,05/02/2022,Muscatine,22897,7804,7066,7823,204
2022,05/02/2022,O'Brien,8256,5403,1082,1718,53
2022,05/02/2022,Osceola,3634,2382,401,835,16
2022,05/02/2022,Page,8601,4951,1467,2120,63
2022,05/02/2022,Palo Alto,5444,2200,1572,1648,24
2022,05/02/2022,Plymouth,15573,8469,2699,4305,100
2022,05/02/2022,Pocahontas,4192,2159,731,1270,32
2022,05/02/2022,Polk,277399,78200,115420,80953,2826
2022,05/02/2022,Pottawattamie,50903,21114,14258,14923,608
2022,05/02/2022,Poweshiek,11331,3696,3510,4058,67
2022,05/02/2022,Ringgold,2902,1879,496,512,15
2022,05/02/2022,Sac,6200,3385,1042,1749,24
2022,05/02/2022,Scott,101247,30047,34011,36262,927
2022,05/02/2022,Shelby,7588,3796,1584,2171,37
2022,05/02/2022,Sioux,20706,15217,1806,3604,79
2022,05/02/2022,Story,53008,14906,19546,17915,641
2022,05/02/2022,Tama,9852,3453,2765,3558,76
2022,05/02/2022,Taylor,3481,1958,569,926,28
2022,05/02/2022,Totals,1837395,654689,590229,577488,14989
2022,05/02/2022,Union,6885,3132,1393,2316,44
2022,05/02/2022,Van Buren,4208,2254,715,1206,33
2022,05/02/2022,Wapello,17296,5671,6076,5430,119
2022,05/02/2022,Warren,33347,12725,9846,10500,276
2022,05/02/2022,Washington,13140,5565,3116,4357,102
2022,05/02/2022,Wayne,3384,1600,734,1031,19
2022,05/02/2022,Webster,20103,7236,6216,6494,157
2022,05/02/2022,Winnebago,6655,2822,1511,2283,39
2022,05/02/2022,Winneshiek,12847,4434,4151,4210,52
2022,05/02/2022,Woodbury,50441,20200,15273,14563,405
2022,05/02/2022,Worth,4845,1900,1236,1682,27
2022,05/02/2022,Wright,6835,3188,1500,2117,30
2022,06/01/2022,Adair,4645,2150,885,1587,23
2022,06/01/2022,Adams,2410,1093,487,820,10
2022,06/01/2022,Allamakee,8278,3955,1950,2334,39
2022,06/01/2022,Appanoose,7311,3282,1702,2270,57
2022,06/01/2022,Audubon,3665,1845,880,922,18
2022,06/01/2022,Benton,15959,5983,3769,6090,117
2022,06/01/2022,Black Hawk,71944,20317,27828,23202,597
2022,06/01/2022,Boone,16793,6137,4887,5645,124
2022,06/01/2022,Bremer,15542,5342,3948,6164,88
2022,06/01/2022,Buchanan,12046,3645,3348,4993,60
2022,06/01/2022,Buena Vista,9477,3943,2497,2969,68
2022,06/01/2022,Butler,8846,4450,1708,2631,57
2022,06/01/2022,Calhoun,5854,2692,1127,1994,41
2022,06/01/2022,Carroll,12736,4938,3070,4640,88
2022,06/01/2022,Cass,8083,4292,1438,2307,46
2022,06/01/2022,Cedar,11227,4223,3051,3870,83
2022,06/01/2022,Cerro Gordo,25986,7935,8033,9854,164
2022,06/01/2022,Cherokee,7006,3954,1217,1808,27
2022,06/01/2022,Chickasaw,7118,2631,2038,2413,36
2022,06/01/2022,Clarke,5060,2178,1248,1601,33
2022,06/01/2022,Clay,9925,5177,1876,2790,82
2022,06/01/2022,Clayton,10633,3930,2867,3760,76
2022,06/01/2022,Clinton,27595,8810,8531,10074,180
2022,06/01/2022,Crawford,8251,3490,1979,2724,58
2022,06/01/2022,Dallas,60629,21295,17784,21051,499
2022,06/01/2022,Davis,4419,2010,1271,1119,19
2022,06/01/2022,Decatur,4113,1856,1027,1209,21
2022,06/01/2022,Delaware,10947,4589,2296,4014,48
2022,06/01/2022,Des Moines,22284,6898,8391,6812,183
2022,06/01/2022,Dickinson,12413,6180,2485,3661,87
2022,06/01/2022,Dubuque,59791,18205,23637,17469,480
2022,06/01/2022,Emmet,5372,1951,1414,1971,36
2022,06/01/2022,Fayette,10867,4177,3040,3588,62
2022,06/01/2022,Floyd,8992,2789,2476,3667,60
2022,06/01/2022,Franklin,5656,2844,1115,1664,33
2022,06/01/2022,Fremont,4194,2451,840,875,28
2022,06/01/2022,Greene,5606,2424,1451,1684,47
2022,06/01/2022,Grundy,7927,4074,1478,2327,48
2022,06/01/2022,Guthrie,7075,3020,1546,2459,50
2022,06/01/2022,Hamilton,8634,4065,2078,2438,53
2022,06/01/2022,Hancock,6696,3391,1304,1964,37
2022,06/01/2022,Hardin,9886,4720,2319,2788,59
2022,06/01/2022,Harrison,8399,4402,1811,2109,77
2022,06/01/2022,Henry,11094,4969,2444,3609,72
2022,06/01/2022,Howard,5418,1689,1446,2257,26
2022,06/01/2022,Humboldt,5790,2763,1034,1964,29
2022,06/01/2022,Ida,4202,2206,679,1305,12
2022,06/01/2022,Iowa,10780,4531,2444,3734,71
2022,06/01/2022,Jackson,12373,3976,4315,4032,50
2022,06/01/2022,Jasper,22583,8019,7042,7369,153
2022,06/01/2022,Jefferson,9539,3246,3835,2374,84
2022,06/01/2022,Johnson,87831,15873,45318,25891,749
2022,06/01/2022,Jones,12006,4413,2924,4614,55
2022,06/01/2022,Keokuk,5786,2615,1392,1747,32
2022,06/01/2022,Kossuth,9802,4382,2323,3055,42
2022,06/01/2022,Lee,18494,5477,7027,5847,143
2022,06/01/2022,Linn,136254,37740,52797,44291,1426
2022,06/01/2022,Louisa,5984,2564,1441,1949,30
2022,06/01/2022,Lucas,5100,2460,1044,1566,30
2022,06/01/2022,Lyon,7637,5869,707,1044,17
2022,06/01/2022,Madison,10641,4613,2505,3438,85
2022,06/01/2022,Mahaska,12407,6695,2195,3405,112
2022,06/01/2022,Marion,21156,10019,4663,6318,156
2022,06/01/2022,Marshall,20019,7163,6683,6031,142
2022,06/01/2022,Mills,9417,5222,1781,2300,114
2022,06/01/2022,Mitchell,6355,2597,1514,2203,41
2022,06/01/2022,Monona,5244,2351,1313,1544,36
2022,06/01/2022,Monroe,4506,1976,1104,1404,22
2022,06/01/2022,Montgomery,6040,3366,1035,1595,44
2022,06/01/2022,Muscatine,22964,7860,7062,7835,207
2022,06/01/2022,O'Brien,8265,5405,1085,1722,53
2022,06/01/2022,Osceola,3641,2388,400,837,16
2022,06/01/2022,Page,8625,4973,1456,2133,63
2022,06/01/2022,Palo Alto,5467,2208,1578,1657,24
2022,06/01/2022,Plymouth,15590,8496,2691,4303,100
2022,06/01/2022,Pocahontas,4199,2165,730,1273,31
2022,06/01/2022,Polk,278425,78330,116087,81170,2838
2022,06/01/2022,Pottawattamie,51036,21216,14266,14946,608
2022,06/01/2022,Poweshiek,11348,3703,3516,4062,67
2022,06/01/2022,Ringgold,2909,1891,498,505,15
2022,06/01/2022,Sac,6202,3392,1030,1756,24
2022,06/01/2022,Scott,101626,30140,34075,36480,931
2022,06/01/2022,Shelby,7607,3824,1585,2162,36
2022,06/01/2022,Sioux,20701,15207,1802,3614,78
2022,06/01/2022,Story,53105,14934,19579,17944,648
2022,06/01/2022,Tama,9860,3480,2759,3546,75
2022,06/01/2022,Taylor,3480,1962,568,922,28
2022,06/01/2022,Totals,1842221,657122,591740,578347,15012
2022,06/01/2022,Union,6904,3135,1400,2325,44
2022,06/01/2022,Van Buren,4215,2243,722,1218,32
2022,06/01/2022,Wapello,17322,5681,6092,5430,119
2022,06/01/2022,Warren,33469,12823,9860,10514,272
2022,06/01/2022,Washington,13166,5604,3116,4343,103
2022,06/01/2022,Wayne,3388,1629,723,1017,19
2022,06/01/2022,Webster,20121,7235,6213,6516,157
2022,06/01/2022,Winnebago,6675,2833,1519,2286,37
2022,06/01/2022,Winneshiek,12866,4447,4162,4205,52
2022,06/01/2022,Woodbury,50582,20296,15301,14580,405
2022,06/01/2022,Worth,4859,1908,1229,1694,28
2022,06/01/2022,Wright,6856,3187,1504,2135,30
2022,07/05/2022,Adair,4673,2254,867,1532,20
2022,07/05/2022,Adams,2422,1143,481,790,8
2022,07/05/2022,Allamakee,8294,4049,1959,2249,37
2022,07/05/2022,Appanoose,7334,3448,1688,2142,56
2022,07/05/2022,Audubon,3668,1883,876,891,18
2022,07/05/2022,Benton,16015,6230,3784,5890,111
2022,07/05/2022,Black Hawk,72045,20859,28123,22477,586
2022,07/05/2022,Boone,16853,6298,4936,5498,121
2022,07/05/2022,Bremer,15571,5652,4002,5839,78
2022,07/05/2022,Buchanan,12078,3964,3312,4744,58
2022,07/05/2022,Buena Vista,9512,4064,2490,2891,67
2022,07/05/2022,Butler,8871,4546,1730,2540,55
2022,07/05/2022,Calhoun,5860,2765,1132,1923,40
2022,07/05/2022,Carroll,12778,5118,3074,4499,87
2022,07/05/2022,Cass,8110,4442,1403,2222,43
2022,07/05/2022,Cedar,11240,4445,3069,3647,79
2022,07/05/2022,Cerro Gordo,26093,8514,8139,9285,155
2022,07/05/2022,Cherokee,7023,4088,1178,1732,25
2022,07/05/2022,Chickasaw,7126,2773,1999,2318,36
2022,07/05/2022,Clarke,5085,2274,1248,1531,32
2022,07/05/2022,Clay,9969,5365,1853,2675,76
2022,07/05/2022,Clayton,10641,4019,2839,3707,76
2022,07/05/2022,Clinton,27672,9243,8526,9732,171
2022,07/05/2022,Crawford,8252,3529,1999,2668,56
2022,07/05/2022,Dallas,61210,22084,18240,20403,483
2022,07/05/2022,Davis,4431,2190,1188,1033,20
2022,07/05/2022,Decatur,4103,1861,1024,1197,21
2022,07/05/2022,Delaware,10983,4697,2319,3922,45
2022,07/05/2022,Des Moines,22374,7208,8350,6641,175
2022,07/05/2022,Dickinson,12464,6316,2499,3562,87
2022,07/05/2022,Dubuque,59981,18697,23897,16919,468
2022,07/05/2022,Emmet,5394,2059,1391,1910,34
2022,07/05/2022,Fayette,10901,4414,2989,3436,62
2022,07/05/2022,Floyd,9025,2961,2487,3521,56
2022,07/05/2022,Franklin,5685,2923,1110,1618,34
2022,07/05/2022,Fremont,4213,2516,822,847,28
2022,07/05/2022,Greene,5598,2512,1441,1600,45
2022,07/05/2022,Grundy,7910,4067,1477,2318,48
2022,07/05/2022,Guthrie,7112,3259,1514,2294,45
2022,07/05/2022,Hamilton,8683,4138,2105,2387,53
2022,07/05/2022,Hancock,6728,3577,1303,1812,36
2022,07/05/2022,Hardin,9916,4849,2325,2685,57
2022,07/05/2022,Harrison,8432,4588,1761,2012,71
2022,07/05/2022,Henry,11134,5126,2427,3509,72
2022,07/05/2022,Howard,5435,1754,1441,2213,27
2022,07/05/2022,Humboldt,5806,2845,1044,1889,28
2022,07/05/2022,Ida,4194,2246,675,1261,12
2022,07/05/2022,Iowa,10808,4730,2448,3565,65
2022,07/05/2022,Jackson,12419,4237,4223,3911,48
2022,07/05/2022,Jasper,22700,8516,7026,7016,142
2022,07/05/2022,Jefferson,9575,3470,3840,2192,73
2022,07/05/2022,Johnson,88395,16457,46165,25050,723
2022,07/05/2022,Jones,12056,4691,2905,4407,53
2022,07/05/2022,Keokuk,5797,2730,1372,1666,29
2022,07/05/2022,Kossuth,9829,4587,2288,2915,39
2022,07/05/2022,Lee,18524,5672,6978,5733,141
2022,07/05/2022,Linn,136679,38870,53580,42877,1352
2022,07/05/2022,Louisa,6015,2640,1428,1918,29
2022,07/05/2022,Lucas,5116,2575,1032,1479,30
2022,07/05/2022,Lyon,7659,5923,705,1015,16
2022,07/05/2022,Madison,10686,4861,2480,3264,81
2022,07/05/2022,Mahaska,12452,6954,2178,3213,107
2022,07/05/2022,Marion,21229,10415,4644,6026,144
2022,07/05/2022,Marshall,20018,7501,6657,5724,136
2022,07/05/2022,Mills,9453,5336,1799,2204,114
2022,07/05/2022,Mitchell,6370,2734,1502,2097,37
2022,07/05/2022,Monona,5265,2453,1299,1477,36
2022,07/05/2022,Monroe,4525,2135,1064,1307,19
2022,07/05/2022,Montgomery,6071,3411,1055,1564,41
2022,07/05/2022,Muscatine,23026,8153,7045,7630,198
2022,07/05/2022,O'Brien,8288,5497,1098,1644,49
2022,07/05/2022,Osceola,3640,2462,386,780,12
2022,07/05/2022,Page,8677,5207,1407,2002,61
2022,07/05/2022,Palo Alto,5463,2240,1620,1579,24
2022,07/05/2022,Plymouth,15632,8636,2685,4212,99
2022,07/05/2022,Pocahontas,4203,2205,737,1229,32
2022,07/05/2022,Polk,279905,81260,118632,77313,2700
2022,07/05/2022,Pottawattamie,51320,21959,14344,14423,594
2022,07/05/2022,Poweshiek,11374,3886,3532,3891,65
2022,07/05/2022,Ringgold,2918,1920,499,484,15
2022,07/05/2022,Sac,6225,3528,1018,1654,25
2022,07/05/2022,Scott,102054,31533,34462,35179,880
2022,07/05/2022,Shelby,7628,3973,1616,2007,32
2022,07/05/2022,Sioux,20770,15358,1819,3518,75
2022,07/05/2022,Story,53250,15281,19944,17403,622
2022,07/05/2022,Tama,9880,3771,2747,3299,63
2022,07/05/2022,Taylor,3493,2019,564,883,27
2022,07/05/2022,Totals,1849355,681871,597120,555988,14376
2022,07/05/2022,Union,6933,3222,1419,2250,42
2022,07/05/2022,Van Buren,4223,2301,731,1162,29
2022,07/05/2022,Wapello,17374,6099,6041,5121,113
2022,07/05/2022,Warren,33600,13332,9960,10048,260
2022,07/05/2022,Washington,13219,6067,3045,4008,99
2022,07/05/2022,Wayne,3407,1837,667,887,16
2022,07/05/2022,Webster,20141,7602,6141,6251,147
2022,07/05/2022,Winnebago,6735,3054,1511,2135,35
2022,07/05/2022,Winneshiek,12869,4577,4206,4034,52
2022,07/05/2022,Woodbury,50841,20811,15328,14299,403
2022,07/05/2022,Worth,4861,2019,1205,1612,25
2022,07/05/2022,Wright,6868,3312,1507,2020,29
2022,08/01/2022,Adair,4679,2252,867,1540,20
2022,08/01/2022,Adams,2416,1144,474,790,8
2022,08/01/2022,Allamakee,8294,4040,1950,2265,39
2022,08/01/2022,Appanoose,7346,3454,1683,2152,57
2022,08/01/2022,Audubon,3670,1886,874,892,18
2022,08/01/2022,Benton,16053,6223,3773,5946,111
2022,08/01/2022,Black Hawk,72154,20842,28091,22633,588
2022,08/01/2022,Boone,16861,6299,4918,5521,123
2022,08/01/2022,Bremer,15580,5648,3994,5861,77
2022,08/01/2022,Buchanan,12111,3963,3308,4781,59
2022,08/01/2022,Buena Vista,9546,4076,2495,2907,68
2022,08/01/2022,Butler,8872,4541,1725,2551,55
2022,08/01/2022,Calhoun,5872,2771,1130,1931,40
2022,08/01/2022,Carroll,12816,5137,3067,4522,90
2022,08/01/2022,Cass,8117,4441,1399,2233,44
2022,08/01/2022,Cedar,11235,4435,3063,3658,79
2022,08/01/2022,Cerro Gordo,26135,8513,8123,9342,157
2022,08/01/2022,Cherokee,7029,4079,1179,1745,26
2022,08/01/2022,Chickasaw,7133,2775,1996,2327,35
2022,08/01/2022,Clarke,5103,2273,1247,1551,32
2022,08/01/2022,Clay,9986,5365,1851,2694,76
2022,08/01/2022,Clayton,10671,4251,2825,3523,72
2022,08/01/2022,Clinton,27741,9249,8513,9808,171
2022,08/01/2022,Crawford,8270,3537,1998,2679,56
2022,08/01/2022,Dallas,61572,22112,18279,20693,488
2022,08/01/2022,Davis,4436,2191,1179,1046,20
2022,08/01/2022,Decatur,4109,1866,1027,1195,21
2022,08/01/2022,Delaware,11003,4701,2313,3944,45
2022,08/01/2022,Des Moines,22446,7218,8342,6712,174
2022,08/01/2022,Dickinson,12504,6339,2494,3583,88
2022,08/01/2022,Dubuque,60088,18701,23840,17072,475
2022,08/01/2022,Emmet,5396,2058,1389,1915,34
2022,08/01/2022,Fayette,10886,4403,2980,3441,62
2022,08/01/2022,Floyd,9030,2959,2485,3530,56
2022,08/01/2022,Franklin,5703,2922,1105,1642,34
2022,08/01/2022,Fremont,4215,2516,815,856,28
2022,08/01/2022,Greene,5623,2519,1446,1610,48
2022,08/01/2022,Grundy,7989,4236,1491,2215,47
2022,08/01/2022,Guthrie,7147,3266,1514,2320,47
2022,08/01/2022,Hamilton,8684,4135,2096,2398,55
2022,08/01/2022,Hancock,6739,3585,1303,1815,36
2022,08/01/2022,Hardin,9921,4845,2317,2701,58
2022,08/01/2022,Harrison,8421,4576,1757,2017,71
2022,08/01/2022,Henry,11164,5133,2425,3533,73
2022,08/01/2022,Howard,5444,1756,1440,2221,27
2022,08/01/2022,Humboldt,5825,2845,1042,1909,29
2022,08/01/2022,Ida,4197,2249,673,1263,12
2022,08/01/2022,Iowa,10824,4725,2445,3590,64
2022,08/01/2022,Jackson,12434,4241,4209,3936,48
2022,08/01/2022,Jasper,22729,8512,7002,7071,144
2022,08/01/2022,Jefferson,9590,3471,3829,2215,75
2022,08/01/2022,Johnson,88668,16462,46190,25292,724
2022,08/01/2022,Jones,12064,4687,2900,4424,53
2022,08/01/2022,Keokuk,5800,2730,1371,1670,29
2022,08/01/2022,Kossuth,9837,4588,2276,2932,41
2022,08/01/2022,Lee,18554,5689,6963,5760,142
2022,08/01/2022,Linn,137022,38861,53546,43257,1358
2022,08/01/2022,Louisa,6024,2643,1425,1927,29
2022,08/01/2022,Lucas,5127,2576,1030,1493,28
2022,08/01/2022,Lyon,7694,5954,703,1021,16
2022,08/01/2022,Madison,10701,4866,2473,3279,83
2022,08/01/2022,Mahaska,12458,6946,2177,3229,106
2022,08/01/2022,Marion,21299,10430,4640,6086,143
2022,08/01/2022,Marshall,20120,7518,6641,5820,141
2022,08/01/2022,Mills,9486,5360,1800,2212,114
2022,08/01/2022,Mitchell,6384,2736,1506,2105,37
2022,08/01/2022,Monona,5280,2454,1305,1484,37
2022,08/01/2022,Monroe,4517,2128,1054,1316,19
2022,08/01/2022,Montgomery,6088,3423,1057,1566,42
2022,08/01/2022,Muscatine,23065,8151,7044,7670,200
2022,08/01/2022,O'Brien,8294,5495,1100,1649,50
2022,08/01/2022,Osceola,3645,2464,384,785,12
2022,08/01/2022,Page,8709,5213,1414,2021,61
2022,08/01/2022,Palo Alto,5491,2258,1622,1587,24
2022,08/01/2022,Plymouth,15677,8648,2695,4236,98
2022,08/01/2022,Pocahontas,4207,2202,735,1238,32
2022,08/01/2022,Polk,280547,81278,118520,78027,2722
2022,08/01/2022,Pottawattamie,51478,21976,14371,14527,604
2022,08/01/2022,Poweshiek,11387,3877,3522,3923,65
2022,08/01/2022,Ringgold,2912,1917,499,481,15
2022,08/01/2022,Sac,6233,3528,1017,1663,25
2022,08/01/2022,Scott,102378,31566,34471,35456,885
2022,08/01/2022,Shelby,7634,3964,1615,2022,33
2022,08/01/2022,Sioux,20795,15371,1817,3531,76
2022,08/01/2022,Story,53352,15290,19922,17516,624
2022,08/01/2022,Tama,9879,3776,2738,3301,64
2022,08/01/2022,Taylor,3493,2018,564,884,27
2022,08/01/2022,Totals,1853553,682618,596581,559883,14471
2022,08/01/2022,Union,6939,3224,1417,2256,42
2022,08/01/2022,Van Buren,4225,2300,731,1165,29
2022,08/01/2022,Wapello,17418,6115,6021,5168,114
2022,08/01/2022,Warren,33700,13360,9956,10122,262
2022,08/01/2022,Washington,13268,6069,3053,4047,99
2022,08/01/2022,Wayne,3411,1840,664,891,16
2022,08/01/2022,Webster,20192,7616,6128,6302,146
2022,08/01/2022,Winnebago,6745,3059,1509,2142,35
2022,08/01/2022,Winneshiek,12873,4571,4204,4046,52
2022,08/01/2022,Woodbury,50936,20815,15303,14414,404
2022,08/01/2022,Worth,4864,2019,1201,1619,25
2022,08/01/2022,Wright,6874,3313,1507,2026,28
2022,09/01/2022,Adair,4693,2255,868,1549,21
2022,09/01/2022,Adams,2421,1144,472,797,8
2022,09/01/2022,Allamakee,8319,4047,1950,2283,39
2022,09/01/2022,Appanoose,7375,3461,1683,2174,57
2022,09/01/2022,Audubon,3673,1882,874,899,18
2022,09/01/2022,Benton,16096,6228,3765,5992,111
2022,09/01/2022,Black Hawk,72305,20828,28056,22833,588
2022,09/01/2022,Boone,16897,6300,4911,5559,127
2022,09/01/2022,Bremer,15610,5659,3979,5896,76
2022,09/01/2022,Buchanan,12162,3973,3300,4829,60
2022,09/01/2022,Buena Vista,9579,4080,2504,2926,69
2022,09/01/2022,Butler,8878,4535,1721,2566,56
2022,09/01/2022,Calhoun,5887,2784,1130,1932,41
2022,09/01/2022,Carroll,12843,5142,3061,4550,90
2022,09/01/2022,Cass,8139,4441,1405,2249,44
2022,09/01/2022,Cedar,11252,4434,3060,3679,79
2022,09/01/2022,Cerro Gordo,26239,8579,8129,9373,158
2022,09/01/2022,Cherokee,7031,4076,1173,1756,26
2022,09/01/2022,Chickasaw,7130,2772,1992,2331,35
2022,09/01/2022,Clarke,5116,2272,1246,1567,31
2022,09/01/2022,Clay,9996,5359,1850,2710,77
2022,09/01/2022,Clayton,10690,4253,2820,3545,72
2022,09/01/2022,Clinton,27827,9253,8497,9907,170
2022,09/01/2022,Crawford,8294,3545,1995,2698,56
2022,09/01/2022,Dallas,61909,22146,18294,20978,491
2022,09/01/2022,Davis,4448,2193,1174,1060,21
2022,09/01/2022,Decatur,4110,1942,1012,1136,20
2022,09/01/2022,Delaware,11034,4713,2307,3967,47
2022,09/01/2022,Des Moines,22498,7227,8332,6763,176
2022,09/01/2022,Dickinson,12561,6372,2488,3613,88
2022,09/01/2022,Dubuque,60233,18721,23770,17256,486
2022,09/01/2022,Emmet,5405,2062,1382,1926,35
2022,09/01/2022,Fayette,10897,4399,2980,3456,62
2022,09/01/2022,Floyd,9041,2961,2476,3548,56
2022,09/01/2022,Franklin,5718,2928,1099,1657,34
2022,09/01/2022,Fremont,4228,2516,817,867,28
2022,09/01/2022,Greene,5617,2507,1439,1622,49
2022,09/01/2022,Grundy,7994,4237,1477,2232,48
2022,09/01/2022,Guthrie,7163,3273,1512,2330,48
2022,09/01/2022,Hamilton,8694,4137,2096,2405,56
2022,09/01/2022,Hancock,6744,3586,1301,1821,36
2022,09/01/2022,Hardin,9932,4854,2312,2708,58
2022,09/01/2022,Harrison,8428,4567,1757,2033,71
2022,09/01/2022,Henry,11181,5135,2415,3558,73
2022,09/01/2022,Howard,5459,1756,1440,2235,28
2022,09/01/2022,Humboldt,5847,2848,1039,1930,30
2022,09/01/2022,Ida,4210,2255,671,1272,12
2022,09/01/2022,Iowa,10847,4716,2435,3632,64
2022,09/01/2022,Jackson,12455,4245,4190,3972,48
2022,09/01/2022,Jasper,22804,8529,6987,7143,145
2022,09/01/2022,Jefferson,9602,3467,3826,2234,75
2022,09/01/2022,Johnson,89593,16518,46520,25819,736
2022,09/01/2022,Jones,12101,4698,2884,4465,54
2022,09/01/2022,Keokuk,5806,2732,1365,1680,29
2022,09/01/2022,Kossuth,9862,4591,2272,2958,41
2022,09/01/2022,Lee,18575,5699,6933,5800,143
2022,09/01/2022,Linn,137320,38829,53479,43639,1373
2022,09/01/2022,Louisa,6039,2640,1427,1943,29
2022,09/01/2022,Lucas,5148,2581,1025,1515,27
2022,09/01/2022,Lyon,7691,5950,698,1027,16
2022,09/01/2022,Madison,10735,4863,2477,3312,83
2022,09/01/2022,Mahaska,12481,6940,2181,3254,106
2022,09/01/2022,Marion,21358,10427,4624,6162,145
2022,09/01/2022,Marshall,20123,7503,6629,5851,140
2022,09/01/2022,Mills,9527,5378,1807,2225,117
2022,09/01/2022,Mitchell,6391,2734,1508,2112,37
2022,09/01/2022,Monona,5300,2459,1306,1498,37
2022,09/01/2022,Monroe,4526,2127,1047,1333,19
2022,09/01/2022,Montgomery,6089,3416,1054,1575,44
2022,09/01/2022,Muscatine,23140,8172,7030,7735,203
2022,09/01/2022,O'Brien,8321,5506,1093,1672,50
2022,09/01/2022,Osceola,3649,2462,382,793,12
2022,09/01/2022,Page,8729,5205,1418,2046,60
2022,09/01/2022,Palo Alto,5504,2266,1620,1593,25
2022,09/01/2022,Plymouth,15711,8657,2694,4261,99
2022,09/01/2022,Pocahontas,4213,2206,737,1238,32
2022,09/01/2022,Polk,281385,81294,118424,78926,2741
2022,09/01/2022,Pottawattamie,51648,22022,14367,14648,611
2022,09/01/2022,Poweshiek,11421,3879,3515,3961,66
2022,09/01/2022,Ringgold,2915,1919,499,482,15
2022,09/01/2022,Sac,6260,3536,1014,1686,24
2022,09/01/2022,Scott,102731,31620,34433,35787,891
2022,09/01/2022,Shelby,7654,4050,1535,2035,34
2022,09/01/2022,Sioux,20853,15402,1816,3558,77
2022,09/01/2022,Story,53577,15322,19948,17680,627
2022,09/01/2022,Tama,9886,3769,2736,3319,62
2022,09/01/2022,Taylor,3494,2018,564,885,27
2022,09/01/2022,Totals,1859224,683296,596189,565155,14584
2022,09/01/2022,Union,6965,3220,1414,2289,42
2022,09/01/2022,Van Buren,4235,2292,731,1182,30
2022,09/01/2022,Wapello,17463,6120,5998,5228,117
2022,09/01/2022,Warren,33818,13368,9979,10209,262
2022,09/01/2022,Washington,13300,6074,3056,4072,98
2022,09/01/2022,Wayne,3411,1836,659,899,17
2022,09/01/2022,Webster,20261,7638,6117,6359,147
2022,09/01/2022,Winnebago,6776,3067,1507,2167,35
2022,09/01/2022,Winneshiek,12883,4565,4202,4063,53
2022,09/01/2022,Woodbury,51086,20808,15290,14584,404
2022,09/01/2022,Worth,4874,2016,1198,1635,25
2022,09/01/2022,Wright,6885,3308,1508,2041,28
2022,10/03/2022,Adair,4688,2250,865,1551,22
2022,10/03/2022,Adams,2434,1145,472,809,8
2022,10/03/2022,Allamakee,8353,4053,1946,2314,40
2022,10/03/2022,Appanoose,7404,3469,1698,2181,56
2022,10/03/2022,Audubon,3680,1881,872,910,17
2022,10/03/2022,Benton,16141,6245,3752,6034,110
2022,10/03/2022,Black Hawk,72488,20903,28021,22964,600
2022,10/03/2022,Boone,16965,6310,4914,5611,130
2022,10/03/2022,Bremer,15673,5659,3986,5952,76
2022,10/03/2022,Buchanan,12196,3981,3294,4862,59
2022,10/03/2022,Buena Vista,9630,4090,2508,2961,71
2022,10/03/2022,Butler,8884,4535,1713,2579,57
2022,10/03/2022,Calhoun,5894,2784,1128,1940,42
2022,10/03/2022,Carroll,12872,5158,3058,4568,88
2022,10/03/2022,Cass,8151,4445,1400,2260,46
2022,10/03/2022,Cedar,11328,4438,3067,3737,86
2022,10/03/2022,Cerro Gordo,26363,8606,8137,9459,161
2022,10/03/2022,Cherokee,7042,4078,1175,1763,26
2022,10/03/2022,Chickasaw,7139,2777,1992,2336,34
2022,10/03/2022,Clarke,5138,2278,1251,1578,31
2022,10/03/2022,Clay,10020,5363,1849,2727,81
2022,10/03/2022,Clayton,10718,4253,2811,3579,75
2022,10/03/2022,Clinton,27950,9286,8494,9998,172
2022,10/03/2022,Crawford,8301,3542,1989,2714,56
2022,10/03/2022,Dallas,62463,22265,18412,21289,497
2022,10/03/2022,Davis,4466,2201,1173,1071,21
2022,10/03/2022,Decatur,4128,1946,1014,1148,20
2022,10/03/2022,Delaware,11122,4736,2314,4023,49
2022,10/03/2022,Des Moines,22545,7240,8312,6812,181
2022,10/03/2022,Dickinson,12604,6393,2477,3643,91
2022,10/03/2022,Dubuque,60408,18787,23696,17438,487
2022,10/03/2022,Emmet,5416,2071,1380,1930,35
2022,10/03/2022,Fayette,10910,4401,2978,3469,62
2022,10/03/2022,Floyd,9064,2962,2474,3572,56
2022,10/03/2022,Franklin,5742,2931,1103,1674,34
2022,10/03/2022,Fremont,4230,2512,816,874,28
2022,10/03/2022,Greene,5632,2513,1427,1642,50
2022,10/03/2022,Grundy,8034,4246,1480,2263,45
2022,10/03/2022,Guthrie,7224,3297,1524,2353,50
2022,10/03/2022,Hamilton,8720,4139,2086,2439,56
2022,10/03/2022,Hancock,6756,3590,1301,1829,36
2022,10/03/2022,Hardin,9970,4863,2307,2738,62
2022,10/03/2022,Harrison,8437,4574,1748,2044,71
2022,10/03/2022,Henry,11205,5136,2399,3594,76
2022,10/03/2022,Howard,5469,1752,1438,2250,29
2022,10/03/2022,Humboldt,5864,2853,1041,1939,31
2022,10/03/2022,Ida,4232,2262,669,1288,13
2022,10/03/2022,Iowa,10906,4725,2438,3679,64
2022,10/03/2022,Jackson,12495,4252,4185,4010,48
2022,10/03/2022,Jasper,22855,8532,6975,7207,141
2022,10/03/2022,Jefferson,9624,3469,3829,2249,77
2022,10/03/2022,Johnson,90213,16571,46645,26258,739
2022,10/03/2022,Jones,12163,4700,2879,4527,57
2022,10/03/2022,Keokuk,5811,2737,1364,1681,29
2022,10/03/2022,Kossuth,9875,4595,2257,2982,41
2022,10/03/2022,Lee,18610,5707,6917,5840,146
2022,10/03/2022,Linn,137846,38826,53482,44151,1387
2022,10/03/2022,Louisa,6058,2650,1428,1952,28
2022,10/03/2022,Lucas,5172,2586,1025,1534,27
2022,10/03/2022,Lyon,7715,5961,698,1041,15
2022,10/03/2022,Madison,10784,4871,2476,3352,85
2022,10/03/2022,Mahaska,12494,6936,2175,3271,112
2022,10/03/2022,Marion,21434,10422,4635,6228,149
2022,10/03/2022,Marshall,20242,7521,6648,5929,144
2022,10/03/2022,Mills,9559,5386,1810,2241,122
2022,10/03/2022,Mitchell,6388,2732,1505,2113,38
2022,10/03/2022,Monona,5319,2470,1307,1503,39
2022,10/03/2022,Monroe,4577,2137,1048,1373,19
2022,10/03/2022,Montgomery,6105,3425,1056,1579,45
2022,10/03/2022,Muscatine,23183,8186,7015,7778,204
2022,10/03/2022,O'Brien,8350,5520,1094,1686,50
2022,10/03/2022,Osceola,3653,2465,380,796,12
2022,10/03/2022,Page,8744,5205,1419,2059,61
2022,10/03/2022,Palo Alto,5509,2268,1616,1600,25
2022,10/03/2022,Plymouth,15771,8663,2692,4316,100
2022,10/03/2022,Pocahontas,4224,2210,738,1241,35
2022,10/03/2022,Polk,282910,81586,118849,79699,2776
2022,10/03/2022,Pottawattamie,51855,22057,14379,14797,622
2022,10/03/2022,Poweshiek,11562,3891,3578,4025,68
2022,10/03/2022,Ringgold,2931,1927,500,490,14
2022,10/03/2022,Sac,6279,3549,1005,1701,24
2022,10/03/2022,Scott,103218,31700,34473,36139,906
2022,10/03/2022,Shelby,7697,4061,1536,2064,36
2022,10/03/2022,Sioux,20913,15425,1821,3589,78
2022,10/03/2022,Story,53875,15374,19979,17881,641
2022,10/03/2022,Tama,9960,3778,2738,3380,64
2022,10/03/2022,Taylor,3507,2018,566,896,27
2022,10/03/2022,Totals,1867161,684800,596776,570789,14796
2022,10/03/2022,Union,7017,3239,1425,2310,43
2022,10/03/2022,Van Buren,4238,2287,733,1187,31
2022,10/03/2022,Wapello,17546,6136,5978,5313,119
2022,10/03/2022,Warren,34055,13449,10003,10336,267
2022,10/03/2022,Washington,13316,6078,3052,4087,99
2022,10/03/2022,Wayne,3417,1839,656,903,19
2022,10/03/2022,Webster,20317,7669,6090,6409,149
2022,10/03/2022,Winnebago,6777,3065,1507,2171,34
2022,10/03/2022,Winneshiek,12910,4566,4206,4085,53
2022,10/03/2022,Woodbury,51311,20844,15301,14756,410
2022,10/03/2022,Worth,4880,2021,1200,1634,25
2022,10/03/2022,Wright,6898,3314,1504,2052,28
2022,11/01/2022,Adair,4717,2262,874,1557,24
2022,11/01/2022,Adams,2448,1147,468,826,7
2022,11/01/2022,Allamakee,8420,4075,1937,2366,42
2022,11/01/2022,Appanoose,7423,3480,1691,2197,55
2022,11/01/2022,Audubon,3685,1882,871,915,17
2022,11/01/2022,Benton,16233,6275,3756,6091,111
2022,11/01/2022,Black Hawk,73021,21017,28202,23190,612
2022,11/01/2022,Boone,17058,6363,4924,5638,133
2022,11/01/2022,Bremer,15800,5701,3973,6046,80
2022,11/01/2022,Buchanan,12257,3993,3297,4907,60
2022,11/01/2022,Buena Vista,9661,4111,2501,2977,72
2022,11/01/2022,Butler,8946,4562,1725,2600,59
2022,11/01/2022,Calhoun,5907,2793,1130,1942,42
2022,11/01/2022,Carroll,12931,5187,3054,4600,90
2022,11/01/2022,Cass,8182,4453,1402,2280,47
2022,11/01/2022,Cedar,11407,4460,3079,3779,89
2022,11/01/2022,Cerro Gordo,26468,8641,8122,9546,159
2022,11/01/2022,Cherokee,7070,4092,1178,1773,27
2022,11/01/2022,Chickasaw,7171,2793,2003,2342,33
2022,11/01/2022,Clarke,5180,2283,1257,1609,31
2022,11/01/2022,Clay,10054,5379,1852,2742,81
2022,11/01/2022,Clayton,10764,4287,2813,3592,72
2022,11/01/2022,Clinton,28115,9359,8498,10083,175
2022,11/01/2022,Crawford,8305,3541,1979,2729,56
2022,11/01/2022,Dallas,63355,22517,18624,21715,499
2022,11/01/2022,Davis,4487,2205,1174,1087,21
2022,11/01/2022,Decatur,4159,1966,1012,1159,22
2022,11/01/2022,Delaware,11155,4735,2312,4060,48
2022,11/01/2022,Des Moines,22698,7272,8327,6913,186
2022,11/01/2022,Dickinson,12701,6448,2486,3675,92
2022,11/01/2022,Dubuque,60745,18885,23701,17662,497
2022,11/01/2022,Emmet,5444,2085,1376,1946,37
2022,11/01/2022,Fayette,10931,4397,2976,3497,61
2022,11/01/2022,Floyd,9095,2976,2470,3592,57
2022,11/01/2022,Franklin,5762,2937,1097,1694,34
2022,11/01/2022,Fremont,4261,2523,822,887,29
2022,11/01/2022,Greene,5637,2514,1418,1653,52
2022,11/01/2022,Grundy,8091,4262,1488,2296,45
2022,11/01/2022,Guthrie,7272,3320,1535,2367,50
2022,11/01/2022,Hamilton,8755,4144,2086,2470,55
2022,11/01/2022,Hancock,6811,3618,1295,1861,37
2022,11/01/2022,Hardin,9994,4885,2301,2747,61
2022,11/01/2022,Harrison,8497,4604,1753,2068,72
2022,11/01/2022,Henry,11256,5153,2399,3626,78
2022,11/01/2022,Howard,5476,1757,1436,2254,29
2022,11/01/2022,Humboldt,5903,2870,1044,1957,32
2022,11/01/2022,Ida,4257,2277,675,1293,12
2022,11/01/2022,Iowa,10980,4738,2443,3734,65
2022,11/01/2022,Jackson,12531,4267,4170,4044,50
2022,11/01/2022,Jasper,22988,8574,6975,7295,144
2022,11/01/2022,Jefferson,9739,3486,3832,2339,82
2022,11/01/2022,Johnson,90975,16611,46908,26720,736
2022,11/01/2022,Jones,12276,4729,2889,4597,61
2022,11/01/2022,Keokuk,5846,2759,1362,1696,29
2022,11/01/2022,Kossuth,9872,4587,2252,2991,42
2022,11/01/2022,Lee,18737,5772,6906,5912,147
2022,11/01/2022,Linn,138666,38943,53521,44798,1404
2022,11/01/2022,Louisa,6077,2652,1428,1967,30
2022,11/01/2022,Lucas,5204,2596,1028,1553,27
2022,11/01/2022,Lyon,7748,5981,699,1053,15
2022,11/01/2022,Madison,10852,4891,2493,3381,87
2022,11/01/2022,Mahaska,12542,6958,2180,3288,116
2022,11/01/2022,Marion,21492,10439,4614,6287,152
2022,11/01/2022,Marshall,20372,7546,6660,6021,145
2022,11/01/2022,Mills,9595,5398,1814,2259,124
2022,11/01/2022,Mitchell,6407,2730,1506,2135,36
2022,11/01/2022,Monona,5355,2488,1310,1518,39
2022,11/01/2022,Monroe,4595,2152,1044,1379,20
2022,11/01/2022,Montgomery,6111,3415,1063,1587,46
2022,11/01/2022,Muscatine,23272,8202,7021,7840,209
2022,11/01/2022,O'Brien,8379,5549,1090,1689,51
2022,11/01/2022,Osceola,3659,2466,380,800,13
2022,11/01/2022,Page,8786,5223,1427,2076,60
2022,11/01/2022,Palo Alto,5522,2270,1609,1619,24
2022,11/01/2022,Plymouth,15818,8682,2684,4352,100
2022,11/01/2022,Pocahontas,4244,2218,746,1246,34
2022,11/01/2022,Polk,285109,82078,119369,80822,2840
2022,11/01/2022,Pottawattamie,52113,22147,14407,14932,627
2022,11/01/2022,Poweshiek,11644,3881,3601,4091,71
2022,11/01/2022,Ringgold,2929,1928,491,497,13
2022,11/01/2022,Sac,6288,3542,1006,1716,24
2022,11/01/2022,Scott,103883,31840,34516,36599,928
2022,11/01/2022,Shelby,7725,4074,1541,2074,36
2022,11/01/2022,Sioux,20979,15450,1822,3628,79
2022,11/01/2022,Story,54199,15417,20031,18096,655
2022,11/01/2022,Tama,9977,3764,2733,3417,63
2022,11/01/2022,Taylor,3519,2024,562,905,28
2022,11/01/2022,Totals,1878691,687710,598205,577740,15036
2022,11/01/2022,Union,7047,3244,1422,2336,45
2022,11/01/2022,Van Buren,4243,2284,727,1202,30
2022,11/01/2022,Wapello,17593,6148,5950,5368,127
2022,11/01/2022,Warren,34499,13559,10046,10622,272
2022,11/01/2022,Washington,13392,6109,3076,4107,100
2022,11/01/2022,Wayne,3446,1857,656,914,19
2022,11/01/2022,Webster,20400,7680,6093,6477,150
2022,11/01/2022,Winnebago,6803,3063,1498,2205,37
2022,11/01/2022,Winneshiek,13023,4589,4227,4152,55
2022,11/01/2022,Woodbury,51468,20883,15288,14882,415
2022,11/01/2022,Worth,4897,2027,1194,1649,27
2022,11/01/2022,Wright,6910,3314,1502,2067,27
2022,12/01/2022,Adair,4744,2268,874,1578,24
2022,12/01/2022,Adams,2473,1154,469,844,6
2022,12/01/2022,Allamakee,8476,4085,1932,2416,43
2022,12/01/2022,Appanoose,7487,3522,1692,2217,56
2022,12/01/2022,Audubon,3698,1884,870,927,17
2022,12/01/2022,Benton,16321,6305,3752,6148,116
2022,12/01/2022,Black Hawk,73894,21193,28371,23711,619
2022,12/01/2022,Boone,17203,6410,4912,5746,135
2022,12/01/2022,Bremer,15941,5747,3985,6124,85
2022,12/01/2022,Buchanan,12304,4008,3274,4958,64
2022,12/01/2022,Buena Vista,9688,4114,2495,3004,75
2022,12/01/2022,Butler,9014,4602,1716,2637,59
2022,12/01/2022,Calhoun,5943,2812,1123,1968,40
2022,12/01/2022,Carroll,13000,5214,3049,4647,90
2022,12/01/2022,Cass,8267,4482,1408,2331,46
2022,12/01/2022,Cedar,11613,4508,3096,3916,93
2022,12/01/2022,Cerro Gordo,26515,8650,8107,9594,164
2022,12/01/2022,Cherokee,7138,4123,1174,1813,28
2022,12/01/2022,Chickasaw,7256,2824,1999,2397,36
2022,12/01/2022,Clarke,5209,2309,1250,1616,34
2022,12/01/2022,Clay,10171,5419,1867,2803,82
2022,12/01/2022,Clayton,10807,4298,2803,3639,67
2022,12/01/2022,Clinton,28306,9387,8455,10285,179
2022,12/01/2022,Crawford,8361,3580,1984,2741,56
2022,12/01/2022,Dallas,64415,22778,18770,22370,497
2022,12/01/2022,Davis,4547,2229,1172,1122,24
2022,12/01/2022,Decatur,4246,2006,1021,1193,26
2022,12/01/2022,Delaware,11224,4766,2304,4103,51
2022,12/01/2022,Des Moines,22780,7318,8301,6973,188
2022,12/01/2022,Dickinson,12779,6488,2480,3716,95
2022,12/01/2022,Dubuque,61346,19049,23756,18027,514
2022,12/01/2022,Emmet,5529,2125,1372,1993,39
2022,12/01/2022,Fayette,11066,4451,2978,3577,60
2022,12/01/2022,Floyd,9126,3006,2453,3611,56
2022,12/01/2022,Franklin,5800,2954,1102,1707,37
2022,12/01/2022,Fremont,4319,2553,820,914,32
2022,12/01/2022,Greene,5659,2523,1415,1670,51
2022,12/01/2022,Grundy,8077,4254,1477,2302,44
2022,12/01/2022,Guthrie,7252,3319,1521,2361,51
2022,12/01/2022,Hamilton,8825,4177,2081,2511,56
2022,12/01/2022,Hancock,6839,3632,1295,1875,37
2022,12/01/2022,Hardin,10076,4933,2297,2785,61
2022,12/01/2022,Harrison,8662,4667,1768,2150,77
2022,12/01/2022,Henry,11358,5191,2390,3696,81
2022,12/01/2022,Howard,5517,1774,1435,2277,31
2022,12/01/2022,Humboldt,5961,2888,1041,1997,35
2022,12/01/2022,Ida,4278,2283,676,1307,12
2022,12/01/2022,Iowa,11028,4747,2432,3782,67
2022,12/01/2022,Jackson,12629,4309,4165,4100,55
2022,12/01/2022,Jasper,23275,8669,7003,7452,151
2022,12/01/2022,Jefferson,9817,3502,3832,2400,83
2022,12/01/2022,Johnson,94651,17003,48398,28479,771
2022,12/01/2022,Jones,12409,4779,2893,4673,64
2022,12/01/2022,Keokuk,5895,2786,1356,1724,29
2022,12/01/2022,Kossuth,9925,4607,2248,3026,44
2022,12/01/2022,Lee,18915,5847,6923,5997,148
2022,12/01/2022,Linn,140409,39356,53877,45710,1466
2022,12/01/2022,Louisa,6159,2679,1439,2011,30
2022,12/01/2022,Lucas,5272,2626,1034,1584,28
2022,12/01/2022,Lyon,7779,5992,704,1068,15
2022,12/01/2022,Madison,10969,4952,2492,3439,86
2022,12/01/2022,Mahaska,12630,7019,2186,3310,115
2022,12/01/2022,Marion,21598,10486,4600,6362,150
2022,12/01/2022,Marshall,20473,7589,6653,6085,146
2022,12/01/2022,Mills,9613,5417,1805,2268,123
2022,12/01/2022,Mitchell,6453,2749,1510,2158,36
2022,12/01/2022,Monona,5418,2530,1313,1536,39
2022,12/01/2022,Monroe,4650,2174,1052,1405,19
2022,12/01/2022,Montgomery,6147,3433,1067,1600,47
2022,12/01/2022,Muscatine,23438,8278,7015,7938,207
2022,12/01/2022,O'Brien,8457,5587,1100,1717,53
2022,12/01/2022,Osceola,3681,2472,376,819,14
2022,12/01/2022,Page,8862,5263,1438,2098,63
2022,12/01/2022,Palo Alto,5544,2299,1597,1626,22
2022,12/01/2022,Plymouth,15903,8716,2679,4406,102
2022,12/01/2022,Pocahontas,4242,2216,746,1247,33
2022,12/01/2022,Polk,290124,82969,120344,83877,2934
2022,12/01/2022,Pottawattamie,52431,22278,14408,15103,642
2022,12/01/2022,Poweshiek,11811,3915,3640,4179,77
2022,12/01/2022,Ringgold,2975,1943,497,521,14
2022,12/01/2022,Sac,6316,3552,1004,1736,24
2022,12/01/2022,Scott,104592,32028,34551,37096,917
2022,12/01/2022,Shelby,7761,4099,1529,2092,41
2022,12/01/2022,Sioux,21236,15618,1836,3701,81
2022,12/01/2022,Story,56770,15972,20629,19493,676
2022,12/01/2022,Tama,10067,3767,2743,3495,62
2022,12/01/2022,Taylor,3566,2042,566,929,29
2022,12/01/2022,Totals,1902849,693890,602019,591516,15424
2022,12/01/2022,Union,7013,3234,1417,2318,44
2022,12/01/2022,Van Buren,4291,2304,734,1221,32
2022,12/01/2022,Wapello,17681,6178,5943,5432,128
2022,12/01/2022,Warren,35024,13742,10058,10932,292
2022,12/01/2022,Washington,13501,6160,3051,4186,104
2022,12/01/2022,Wayne,3488,1875,656,938,19
2022,12/01/2022,Webster,20627,7796,6097,6576,158
2022,12/01/2022,Winnebago,6839,3049,1503,2244,43
2022,12/01/2022,Winneshiek,13326,4626,4294,4347,59
2022,12/01/2022,Woodbury,51752,21020,15301,15014,417
2022,12/01/2022,Worth,4963,2053,1199,1684,27
2022,12/01/2022,Wright,6944,3326,1504,2085,29
2023,01/03/2023,Adair,4746,2266,871,1584,25
2023,01/03/2023,Adams,2464,1150,467,842,5
2023,01/03/2023,Allamakee,8504,4091,1927,2443,43
2023,01/03/2023,Appanoose,7520,3527,1690,2246,57
2023,01/03/2023,Audubon,3699,1883,868,931,17
2023,01/03/2023,Benton,16399,6325,3757,6201,116
2023,01/03/2023,Black Hawk,74271,21277,28416,23939,639
2023,01/03/2023,Boone,17302,6450,4906,5807,139
2023,01/03/2023,Bremer,16028,5763,3982,6195,88
2023,01/03/2023,Buchanan,12356,4014,3274,5003,65
2023,01/03/2023,Buena Vista,9742,4127,2507,3032,76
2023,01/03/2023,Butler,9061,4627,1710,2664,60
2023,01/03/2023,Calhoun,5972,2827,1122,1984,39
2023,01/03/2023,Carroll,13049,5237,3040,4679,93
2023,01/03/2023,Cass,8293,4498,1407,2342,46
2023,01/03/2023,Cedar,11617,4514,3088,3921,94
2023,01/03/2023,Cerro Gordo,26808,8727,8158,9753,170
2023,01/03/2023,Cherokee,7127,4117,1169,1813,28
2023,01/03/2023,Chickasaw,7242,2816,1992,2397,37
2023,01/03/2023,Clarke,5249,2317,1254,1640,38
2023,01/03/2023,Clay,10172,5418,1866,2805,83
2023,01/03/2023,Clayton,10900,4331,2813,3683,73
2023,01/03/2023,Clinton,28468,9422,8466,10401,179
2023,01/03/2023,Crawford,8365,3584,1987,2738,56
2023,01/03/2023,Dallas,65305,23024,18939,22823,519
2023,01/03/2023,Davis,4549,2235,1162,1128,24
2023,01/03/2023,Decatur,4242,2006,1019,1190,27
2023,01/03/2023,Delaware,11221,4767,2295,4107,52
2023,01/03/2023,Des Moines,23007,7393,8318,7102,194
2023,01/03/2023,Dickinson,12826,6512,2484,3735,95
2023,01/03/2023,Dubuque,61409,19047,23710,18139,513
2023,01/03/2023,Emmet,5528,2127,1371,1991,39
2023,01/03/2023,Fayette,11113,4471,2973,3609,60
2023,01/03/2023,Floyd,9164,3022,2447,3638,57
2023,01/03/2023,Franklin,5800,2950,1101,1712,37
2023,01/03/2023,Fremont,4360,2570,823,935,32
2023,01/03/2023,Greene,5694,2532,1414,1695,53
2023,01/03/2023,Grundy,8198,4294,1483,2373,48
2023,01/03/2023,Guthrie,7365,3359,1536,2418,52
2023,01/03/2023,Hamilton,8892,4201,2083,2552,56
2023,01/03/2023,Hancock,6849,3623,1297,1892,37
2023,01/03/2023,Hardin,10049,4925,2282,2781,61
2023,01/03/2023,Harrison,8650,4662,1765,2147,76
2023,01/03/2023,Henry,11357,5190,2383,3702,82
2023,01/03/2023,Howard,5525,1777,1432,2285,31
2023,01/03/2023,Humboldt,5973,2893,1035,2010,35
2023,01/03/2023,Ida,4298,2292,679,1314,13
2023,01/03/2023,Iowa,11070,4750,2437,3815,68
2023,01/03/2023,Jackson,12623,4302,4150,4115,56
2023,01/03/2023,Jasper,23300,8674,6985,7489,152
2023,01/03/2023,Jefferson,9840,3505,3841,2409,85
2023,01/03/2023,Johnson,94634,16993,48255,28608,778
2023,01/03/2023,Jones,12418,4784,2886,4684,64
2023,01/03/2023,Keokuk,5914,2792,1356,1737,29
2023,01/03/2023,Kossuth,9927,4600,2239,3044,44
2023,01/03/2023,Lee,18976,5864,6911,6050,151
2023,01/03/2023,Linn,140481,39342,53819,45858,1462
2023,01/03/2023,Louisa,6168,2683,1437,2018,30
2023,01/03/2023,Lucas,5276,2630,1032,1586,28
2023,01/03/2023,Lyon,7805,6006,702,1083,14
2023,01/03/2023,Madison,11025,4974,2497,3464,90
2023,01/03/2023,Mahaska,12690,7037,2194,3343,116
2023,01/03/2023,Marion,21788,10548,4619,6464,157
2023,01/03/2023,Marshall,20548,7608,6641,6153,146
2023,01/03/2023,Mills,9679,5445,1817,2291,126
2023,01/03/2023,Mitchell,6469,2752,1509,2172,36
2023,01/03/2023,Monona,5420,2532,1312,1537,39
2023,01/03/2023,Monroe,4659,2175,1052,1413,19
2023,01/03/2023,Montgomery,6155,3432,1065,1607,51
2023,01/03/2023,Muscatine,23580,8306,7036,8028,210
2023,01/03/2023,O'Brien,8462,5580,1097,1728,57
2023,01/03/2023,Osceola,3685,2470,376,825,14
2023,01/03/2023,Page,8889,5281,1438,2107,63
2023,01/03/2023,Palo Alto,5579,2320,1597,1639,23
2023,01/03/2023,Plymouth,15959,8734,2682,4440,103
2023,01/03/2023,Pocahontas,4286,2232,750,1268,36
2023,01/03/2023,Polk,290488,82944,120200,84408,2936
2023,01/03/2023,Pottawattamie,52785,22392,14465,15285,643
2023,01/03/2023,Poweshiek,11803,3910,3626,4190,77
2023,01/03/2023,Ringgold,2978,1942,496,526,14
2023,01/03/2023,Sac,6302,3544,1001,1733,24
2023,01/03/2023,Scott,104947,32110,34551,37360,926
2023,01/03/2023,Shelby,7796,4114,1532,2109,41
2023,01/03/2023,Sioux,21241,15605,1833,3722,81
2023,01/03/2023,Story,56613,15947,20526,19469,671
2023,01/03/2023,Tama,10115,3775,2743,3533,64
2023,01/03/2023,Taylor,3558,2040,562,927,29
2023,01/03/2023,Totals,1908972,695420,601822,596144,15586
2023,01/03/2023,Union,7117,3268,1428,2378,43
2023,01/03/2023,Van Buren,4293,2305,727,1229,32
2023,01/03/2023,Wapello,17751,6195,5942,5484,130
2023,01/03/2023,Warren,35197,13789,10062,11048,298
2023,01/03/2023,Washington,13512,6157,3053,4198,104
2023,01/03/2023,Wayne,3499,1879,655,946,19
2023,01/03/2023,Webster,20645,7817,6083,6585,160
2023,01/03/2023,Winnebago,6870,3057,1504,2266,43
2023,01/03/2023,Winneshiek,13299,4614,4281,4345,59
2023,01/03/2023,Woodbury,52231,21106,15359,15336,430
2023,01/03/2023,Worth,4964,2052,1196,1689,27
2023,01/03/2023,Wright,6935,3327,1497,2082,29
2023,02/01/2023,Adair,4758,2266,871,1595,4
2023,02/01/2023,Adams,2464,1148,466,845,1
2023,02/01/2023,Allamakee,8505,4089,1925,2449,6
2023,02/01/2023,Appanoose,7539,3531,1688,2262,13
2023,02/01/2023,Audubon,3707,1887,867,934,3
2023,02/01/2023,Benton,16432,6339,3745,6232,21
2023,02/01/2023,Black Hawk,74238,21243,28334,24019,139
2023,02/01/2023,Boone,17324,6447,4894,5843,23
2023,02/01/2023,Bremer,16028,5747,3974,6220,18
2023,02/01/2023,Buchanan,12366,4009,3275,5017,7
2023,02/01/2023,Buena Vista,9765,4138,2513,3038,21
2023,02/01/2023,Butler,9068,4631,1701,2676,12
2023,02/01/2023,Calhoun,5978,2829,1115,1994,3
2023,02/01/2023,Carroll,13060,5245,3028,4694,13
2023,02/01/2023,Cass,8286,4495,1399,2345,10
2023,02/01/2023,Cedar,11601,4505,3081,3921,18
2023,02/01/2023,Cerro Gordo,26852,8741,8151,9791,47
2023,02/01/2023,Cherokee,7127,4114,1167,1817,6
2023,02/01/2023,Chickasaw,7240,2808,1987,2408,6
2023,02/01/2023,Clarke,5256,2320,1251,1648,11
2023,02/01/2023,Clay,10194,5423,1863,2824,16
2023,02/01/2023,Clayton,10910,4336,2811,3690,18
2023,02/01/2023,Clinton,28512,9419,8455,10457,45
2023,02/01/2023,Crawford,8363,3586,1981,2743,10
2023,02/01/2023,Dallas,65488,23029,18939,22997,67
2023,02/01/2023,Davis,4555,2239,1158,1134,5
2023,02/01/2023,Decatur,4232,1999,1015,1191,7
2023,02/01/2023,Delaware,11217,4765,2287,4113,10
2023,02/01/2023,Des Moines,23039,7399,8299,7147,39
2023,02/01/2023,Dickinson,12830,6518,2481,3735,12
2023,02/01/2023,Dubuque,61503,19067,23674,18244,100
2023,02/01/2023,Emmet,5543,2134,1368,2002,8
2023,02/01/2023,Fayette,11107,4466,2962,3620,17
2023,02/01/2023,Floyd,9173,3028,2440,3648,10
2023,02/01/2023,Franklin,5799,2948,1096,1717,8
2023,02/01/2023,Fremont,4364,2575,823,934,9
2023,02/01/2023,Greene,5692,2527,1413,1701,11
2023,02/01/2023,Grundy,8207,4293,1483,2383,8
2023,02/01/2023,Guthrie,7371,3359,1533,2426,4
2023,02/01/2023,Hamilton,8903,4187,2074,2585,10
2023,02/01/2023,Hancock,6859,3630,1297,1894,11
2023,02/01/2023,Hardin,10078,4947,2276,2794,14
2023,02/01/2023,Harrison,8643,4662,1756,2149,13
2023,02/01/2023,Henry,11370,5193,2375,3718,16
2023,02/01/2023,Howard,5536,1777,1425,2302,2
2023,02/01/2023,Humboldt,5985,2891,1031,2028,5
2023,02/01/2023,Ida,4295,2287,674,1321,5
2023,02/01/2023,Iowa,11087,4746,2433,3840,11
2023,02/01/2023,Jackson,12646,4305,4137,4147,13
2023,02/01/2023,Jasper,23321,8671,6969,7530,25
2023,02/01/2023,Jefferson,9843,3496,3835,2427,23
2023,02/01/2023,Johnson,92278,16612,46980,27931,188
2023,02/01/2023,Jones,12418,4784,2880,4689,7
2023,02/01/2023,Keokuk,5914,2791,1353,1742,6
2023,02/01/2023,Kossuth,9948,4603,2236,3064,5
2023,02/01/2023,Lee,19003,5866,6895,6090,27
2023,02/01/2023,Linn,140584,39308,53698,46123,290
2023,02/01/2023,Louisa,6157,2676,1429,2023,5
2023,02/01/2023,Lucas,5284,2631,1028,1597,5
2023,02/01/2023,Lyon,7824,6013,703,1094,3
2023,02/01/2023,Madison,11030,4967,2486,3486,12
2023,02/01/2023,Mahaska,12687,7036,2188,3347,9
2023,02/01/2023,Marion,21836,10562,4606,6508,26
2023,02/01/2023,Marshall,20547,7600,6610,6192,26
2023,02/01/2023,Mills,9694,5445,1816,2305,21
2023,02/01/2023,Mitchell,6468,2747,1504,2180,8
2023,02/01/2023,Monona,5420,2529,1308,1543,7
2023,02/01/2023,Monroe,4671,2173,1051,1428,2
2023,02/01/2023,Montgomery,6141,3427,1057,1606,11
2023,02/01/2023,Muscatine,23623,8314,7032,8064,60
2023,02/01/2023,O'Brien,8450,5576,1092,1725,13
2023,02/01/2023,Osceola,3691,2475,374,828,4
2023,02/01/2023,Page,8902,5284,1437,2117,12
2023,02/01/2023,Palo Alto,5588,2324,1596,1645,7
2023,02/01/2023,Plymouth,15956,8724,2677,4450,19
2023,02/01/2023,Pocahontas,4293,2234,747,1274,8
2023,02/01/2023,Polk,290843,82937,120045,84917,527
2023,02/01/2023,Pottawattamie,52868,22414,14450,15355,143
2023,02/01/2023,Poweshiek,11807,3908,3619,4203,13
2023,02/01/2023,Ringgold,2975,1939,495,527,5
2023,02/01/2023,Sac,6357,3568,1000,1763,7
2023,02/01/2023,Scott,105722,32274,34671,37835,200
2023,02/01/2023,Shelby,7804,4116,1533,2114,6
2023,02/01/2023,Sioux,21270,15611,1827,3751,22
2023,02/01/2023,Story,56704,15956,20507,19566,141
2023,02/01/2023,Tama,10121,3774,2744,3537,16
2023,02/01/2023,Taylor,3547,2035,558,924,5
2023,02/01/2023,Totals,1909244,695238,599746,598626,3077
2023,02/01/2023,Union,7111,3263,1425,2380,6
2023,02/01/2023,Van Buren,4299,2302,722,1243,9
2023,02/01/2023,Wapello,17764,6192,5929,5513,33
2023,02/01/2023,Warren,35277,13824,10055,11102,44
2023,02/01/2023,Washington,13535,6155,3058,4218,17
2023,02/01/2023,Wayne,3499,1880,653,946,3
2023,02/01/2023,Webster,20671,7818,6073,6618,35
2023,02/01/2023,Winnebago,6881,3062,1503,2273,3
2023,02/01/2023,Winneshiek,13302,4612,4274,4357,12
2023,02/01/2023,Woodbury,52306,21088,15343,15444,106
2023,02/01/2023,Worth,4961,2051,1191,1692,5
2023,02/01/2023,Wright,6954,3324,1493,2108,4
2023,03/01/2023,Adair,4699,2239,860,1575,4
2023,03/01/2023,Adams,2429,1133,461,830,1
2023,03/01/2023,Allamakee,8466,4078,1908,2438,6
2023,03/01/2023,Appanoose,7432,3483,1659,2234,12
2023,03/01/2023,Audubon,3679,1874,855,931,3
2023,03/01/2023,Benton,16228,6249,3697,6174,21
2023,03/01/2023,Black Hawk,73248,20989,27912,23716,133
2023,03/01/2023,Boone,17094,6369,4819,5770,24
2023,03/01/2023,Bremer,15800,5679,3921,6114,17
2023,03/01/2023,Buchanan,12215,3972,3232,4949,7
2023,03/01/2023,Buena Vista,9651,4086,2477,3013,21
2023,03/01/2023,Butler,8982,4591,1688,2646,11
2023,03/01/2023,Calhoun,5932,2805,1102,1986,3
2023,03/01/2023,Carroll,12922,5217,2982,4633,13
2023,03/01/2023,Cass,8192,4459,1377,2311,10
2023,03/01/2023,Cedar,11473,4464,3044,3872,18
2023,03/01/2023,Cerro Gordo,26453,8606,8007,9678,46
2023,03/01/2023,Cherokee,7053,4063,1153,1809,5
2023,03/01/2023,Chickasaw,7144,2773,1961,2375,6
2023,03/01/2023,Clarke,5186,2290,1246,1613,11
2023,03/01/2023,Clay,10069,5378,1836,2775,13
2023,03/01/2023,Clayton,10826,4293,2801,3660,18
2023,03/01/2023,Clinton,28139,9255,8349,10353,45
2023,03/01/2023,Crawford,8300,3557,1964,2728,10
2023,03/01/2023,Dallas,64082,22576,18475,22520,64
2023,03/01/2023,Davis,4497,2209,1146,1119,5
2023,03/01/2023,Decatur,4151,1976,983,1166,6
2023,03/01/2023,Delaware,11109,4727,2252,4076,10
2023,03/01/2023,Des Moines,22734,7309,8156,7080,38
2023,03/01/2023,Dickinson,12657,6446,2429,3686,12
2023,03/01/2023,Dubuque,60890,18898,23373,18106,99
2023,03/01/2023,Emmet,5453,2109,1333,1972,8
2023,03/01/2023,Fayette,10974,4414,2914,3586,18
2023,03/01/2023,Floyd,9086,3008,2413,3610,10
2023,03/01/2023,Franklin,5734,2916,1085,1697,8
2023,03/01/2023,Fremont,4321,2555,807,928,9
2023,03/01/2023,Greene,5592,2475,1389,1679,11
2023,03/01/2023,Grundy,8123,4250,1466,2362,8
2023,03/01/2023,Guthrie,7302,3345,1525,2380,4
2023,03/01/2023,Hamilton,8828,4150,2041,2581,10
2023,03/01/2023,Hancock,6772,3599,1271,1864,11
2023,03/01/2023,Hardin,9909,4871,2240,2739,13
2023,03/01/2023,Harrison,8537,4615,1731,2116,13
2023,03/01/2023,Henry,11205,5115,2345,3662,15
2023,03/01/2023,Howard,5486,1760,1416,2280,2
2023,03/01/2023,Humboldt,5909,2853,1017,2005,5
2023,03/01/2023,Ida,4246,2261,662,1310,5
2023,03/01/2023,Iowa,10980,4699,2407,3807,11
2023,03/01/2023,Jackson,12546,4274,4099,4116,13
2023,03/01/2023,Jasper,23038,8591,6862,7442,25
2023,03/01/2023,Jefferson,9697,3443,3768,2399,23
2023,03/01/2023,Johnson,92419,16619,46957,28084,189
2023,03/01/2023,Jones,12277,4740,2848,4623,7
2023,03/01/2023,Keokuk,5847,2761,1337,1721,6
2023,03/01/2023,Kossuth,9846,4557,2206,3039,5
2023,03/01/2023,Lee,18723,5763,6794,6021,26
2023,03/01/2023,Linn,138461,38614,52878,45538,284
2023,03/01/2023,Louisa,6090,2655,1415,1991,5
2023,03/01/2023,Lucas,5235,2611,1013,1583,5
2023,03/01/2023,Lyon,7789,5992,692,1091,3
2023,03/01/2023,Madison,10861,4890,2445,3437,10
2023,03/01/2023,Mahaska,12514,6974,2148,3280,9
2023,03/01/2023,Marion,21532,10453,4532,6391,25
2023,03/01/2023,Marshall,20386,7535,6563,6141,26
2023,03/01/2023,Mills,9556,5366,1790,2275,21
2023,03/01/2023,Mitchell,6385,2715,1481,2155,7
2023,03/01/2023,Monona,5363,2508,1287,1529,7
2023,03/01/2023,Monroe,4627,2158,1037,1414,2
2023,03/01/2023,Montgomery,6021,3384,1034,1555,10
2023,03/01/2023,Muscatine,23331,8231,6939,7951,60
2023,03/01/2023,O'Brien,8358,5533,1069,1700,13
2023,03/01/2023,Osceola,3632,2442,365,813,3
2023,03/01/2023,Page,8746,5204,1404,2076,11
2023,03/01/2023,Palo Alto,5590,2318,1595,1653,8
2023,03/01/2023,Plymouth,15787,8646,2630,4408,19
2023,03/01/2023,Pocahontas,4241,2211,735,1262,6
2023,03/01/2023,Polk,286566,81695,118117,83858,521
2023,03/01/2023,Pottawattamie,52233,22210,14205,15179,141
2023,03/01/2023,Poweshiek,11676,3866,3581,4154,13
2023,03/01/2023,Ringgold,2938,1919,495,511,5
2023,03/01/2023,Sac,6304,3542,987,1749,7
2023,03/01/2023,Scott,103821,31716,34022,37165,193
2023,03/01/2023,Shelby,7715,4077,1513,2083,6
2023,03/01/2023,Sioux,21036,15482,1783,3692,21
2023,03/01/2023,Story,55479,15696,19972,19163,134
2023,03/01/2023,Tama,10018,3746,2711,3494,18
2023,03/01/2023,Taylor,3501,2013,555,905,5
2023,03/01/2023,Totals,1884780,686894,591030,591530,3016
2023,03/01/2023,Union,7058,3238,1400,2379,5
2023,03/01/2023,Van Buren,4240,2275,709,1225,8
2023,03/01/2023,Wapello,17550,6109,5849,5466,32
2023,03/01/2023,Warren,34740,13613,9901,10938,44
2023,03/01/2023,Washington,13386,6097,3012,4172,17
2023,03/01/2023,Wayne,3456,1857,645,935,3
2023,03/01/2023,Webster,20483,7746,6005,6574,33
2023,03/01/2023,Winnebago,6816,3042,1481,2253,3
2023,03/01/2023,Winneshiek,13172,4590,4207,4318,11
2023,03/01/2023,Woodbury,51718,20826,15126,15341,106
2023,03/01/2023,Worth,4902,2025,1176,1674,5
2023,03/01/2023,Wright,6885,3288,1468,2100,4
2023,04/03/2023,Adair,3427,1808,666,935,2
2023,04/03/2023,Adams,1823,933,372,513,1
2023,04/03/2023,Allamakee,6151,3237,1476,1419,3
2023,04/03/2023,Appanoose,5135,2659,1215,1234,3
2023,04/03/2023,Audubon,2713,1508,653,540,2
2023,04/03/2023,Benton,12399,5264,2980,4092,11
2023,04/03/2023,Black Hawk,51084,16661,19946,14109,62
2023,04/03/2023,Boone,12396,5026,3792,3491,16
2023,04/03/2023,Bremer,11837,4641,3130,4011,11
2023,04/03/2023,Buchanan,8898,3301,2588,2969,3
2023,04/03/2023,Buena Vista,5808,2966,1347,1463,6
2023,04/03/2023,Butler,6592,3697,1295,1569,7
2023,04/03/2023,Calhoun,4338,2249,816,1250,1
2023,04/03/2023,Carroll,9285,4057,2260,2911,9
2023,04/03/2023,Cass,5742,3489,1017,1208,5
2023,04/03/2023,Cedar,8520,3625,2389,2447,10
2023,04/03/2023,Cerro Gordo,18657,6967,5997,5612,15
2023,04/03/2023,Cherokee,4896,3146,763,970,3
2023,04/03/2023,Chickasaw,5312,2243,1567,1488,1
2023,04/03/2023,Clarke,3642,1840,900,889,4
2023,04/03/2023,Clay,7074,4157,1323,1545,11
2023,04/03/2023,Clayton,7955,3413,2158,2344,8
2023,04/03/2023,Clinton,19004,7216,5985,5707,17
2023,04/03/2023,Crawford,5000,2578,1123,1278,3
2023,04/03/2023,Dallas,48356,18278,14969,14785,32
2023,04/03/2023,Davis,3283,1764,911,596,3
2023,04/03/2023,Decatur,2955,1574,709,654,4
2023,04/03/2023,Delaware,8171,3849,1749,2538,7
2023,04/03/2023,Des Moines,15060,5556,5690,3711,16
2023,04/03/2023,Dickinson,8940,4921,1813,2164,7
2023,04/03/2023,Dubuque,42283,14506,17436,10084,41
2023,04/03/2023,Emmet,3740,1605,954,1160,7
2023,04/03/2023,Fayette,7965,3504,2210,2218,8
2023,04/03/2023,Floyd,6286,2355,1780,2121,4
2023,04/03/2023,Franklin,3913,2295,739,868,2
2023,04/03/2023,Fremont,2894,1861,560,464,3
2023,04/03/2023,Greene,4017,1932,1050,1007,5
2023,04/03/2023,Grundy,5810,3330,1052,1399,5
2023,04/03/2023,Guthrie,5457,2749,1209,1463,2
2023,04/03/2023,Hamilton,6248,3245,1486,1487,2
2023,04/03/2023,Hancock,4726,2805,908,997,2
2023,04/03/2023,Hardin,7020,3775,1660,1554,5
2023,04/03/2023,Harrison,5856,3510,1184,1122,5
2023,04/03/2023,Henry,7641,3922,1737,1937,7
2023,04/03/2023,Howard,3709,1345,1070,1276,1
2023,04/03/2023,Humboldt,4204,2268,751,1165,3
2023,04/03/2023,Ida,2973,1765,488,714,2
2023,04/03/2023,Iowa,8068,3836,1851,2341,5
2023,04/03/2023,Jackson,8811,3380,3150,2248,5
2023,04/03/2023,Jasper,16289,6764,5127,4316,14
2023,04/03/2023,Jefferson,7068,2745,2940,1339,13
2023,04/03/2023,Johnson,68075,12625,37666,17335,105
2023,04/03/2023,Jones,8885,3820,2262,2771,1
2023,04/03/2023,Keokuk,4113,2122,979,998,3
2023,04/03/2023,Kossuth,7138,3662,1697,1754,3
2023,04/03/2023,Lee,12609,4388,4836,3315,7
2023,04/03/2023,Linn,101109,30931,40765,28594,158
2023,04/03/2023,Louisa,3853,1992,865,983,1
2023,04/03/2023,Lucas,3748,2042,764,925,5
2023,04/03/2023,Lyon,5432,4469,434,526,0
2023,04/03/2023,Madison,7973,3891,1934,2088,3
2023,04/03/2023,Mahaska,8639,5409,1474,1697,4
2023,04/03/2023,Marion,15473,8373,3373,3641,12
2023,04/03/2023,Marshall,13580,5946,4267,3295,9
2023,04/03/2023,Mills,6188,3836,1208,1082,13
2023,04/03/2023,Mitchell,4593,2133,1124,1323,1
2023,04/03/2023,Monona,3653,1908,892,832,2
2023,04/03/2023,Monroe,3204,1658,757,782,0
2023,04/03/2023,Montgomery,3860,2470,691,672,4
2023,04/03/2023,Muscatine,14415,6074,4359,3888,20
2023,04/03/2023,O'Brien,6022,4352,699,933,7
2023,04/03/2023,Osceola,2464,1861,224,372,1
2023,04/03/2023,Page,5915,3846,990,1052,4
2023,04/03/2023,Palo Alto,3866,1811,1137,905,3
2023,04/03/2023,Plymouth,10654,6500,1714,2397,4
2023,04/03/2023,Pocahontas,3076,1763,541,749,1
2023,04/03/2023,Polk,207727,64543,90289,51182,265
2023,04/03/2023,Pottawattamie,32569,15708,9224,7366,53
2023,04/03/2023,Poweshiek,8288,3110,2609,2530,8
2023,04/03/2023,Ringgold,2233,1526,396,304,2
2023,04/03/2023,Sac,4302,2666,690,933,3
2023,04/03/2023,Scott,70351,24765,24063,21054,87
2023,04/03/2023,Shelby,5135,3082,987,1040,3
2023,04/03/2023,Sioux,15181,12138,1126,1884,6
2023,04/03/2023,Story,39968,12176,15501,11913,67
2023,04/03/2023,Tama,7170,3095,1974,2060,11
2023,04/03/2023,Taylor,2438,1546,395,484,1
2023,04/03/2023,Totals,1328793,535989,439676,344710,1414
2023,04/03/2023,Union,4991,2587,1067,1321,1
2023,04/03/2023,Van Buren,3007,1786,520,683,5
2023,04/03/2023,Wapello,11537,4599,4034,2846,12
2023,04/03/2023,Warren,25461,10807,7715,6764,25
2023,04/03/2023,Washington,9574,4832,2314,2376,10
2023,04/03/2023,Wayne,2535,1500,465,560,2
2023,04/03/2023,Webster,13598,5855,4191,3474,9
2023,04/03/2023,Winnebago,4775,2431,1083,1238,3
2023,04/03/2023,Winneshiek,10078,3791,3431,2828,4
2023,04/03/2023,Woodbury,31763,15252,9158,7170,37
2023,04/03/2023,Worth,3442,1628,876,921,3
2023,04/03/2023,Wright,4702,2564,975,1148,2
2023,05/01/2023,Adair,3676,1900,705,1052,2
2023,05/01/2023,Adams,1932,967,392,567,2
2023,05/01/2023,Allamakee,6147,3236,1474,1418,3
2023,05/01/2023,Appanoose,5509,2820,1295,1366,3
2023,05/01/2023,Audubon,2976,1622,711,630,2
2023,05/01/2023,Benton,13227,5506,3159,4499,12
2023,05/01/2023,Black Hawk,54377,17531,20915,15532,68
2023,05/01/2023,Boone,13308,5316,4003,3896,17
2023,05/01/2023,Bremer,12659,4896,3285,4419,11
2023,05/01/2023,Buchanan,9581,3450,2722,3368,4
2023,05/01/2023,Buena Vista,6379,3180,1482,1682,6
2023,05/01/2023,Butler,7135,3923,1387,1792,7
2023,05/01/2023,Calhoun,4684,2382,871,1403,1
2023,05/01/2023,Carroll,9999,4329,2396,3216,9
2023,05/01/2023,Cass,6200,3720,1083,1368,5
2023,05/01/2023,Cedar,9209,3862,2526,2757,10
2023,05/01/2023,Cerro Gordo,19766,7240,6275,6163,18
2023,05/01/2023,Cherokee,5412,3403,867,1123,3
2023,05/01/2023,Chickasaw,5739,2372,1655,1696,1
2023,05/01/2023,Clarke,3884,1924,947,997,4
2023,05/01/2023,Clay,7718,4433,1433,1800,13
2023,05/01/2023,Clayton,8600,3624,2316,2616,8
2023,05/01/2023,Clinton,20688,7702,6398,6484,21
2023,05/01/2023,Crawford,5202,2669,1178,1334,3
2023,05/01/2023,Dallas,51122,19201,15440,16131,36
2023,05/01/2023,Davis,3550,1876,975,685,4
2023,05/01/2023,Decatur,3115,1638,751,707,4
2023,05/01/2023,Delaware,8610,3991,1849,2732,8
2023,05/01/2023,Des Moines,16420,5947,6138,4225,17
2023,05/01/2023,Dickinson,9794,5297,1950,2501,7
2023,05/01/2023,Dubuque,45985,15491,18650,11550,48
2023,05/01/2023,Emmet,4083,1721,1052,1287,8
2023,05/01/2023,Fayette,8720,3774,2377,2533,9
2023,05/01/2023,Floyd,6875,2509,1900,2434,4
2023,05/01/2023,Franklin,4266,2465,813,974,3
2023,05/01/2023,Fremont,3156,1997,624,526,3
2023,05/01/2023,Greene,4319,2054,1096,1136,6
2023,05/01/2023,Grundy,6395,3582,1152,1628,5
2023,05/01/2023,Guthrie,5717,2839,1256,1583,3
2023,05/01/2023,Hamilton,6802,3479,1600,1689,3
2023,05/01/2023,Hancock,5218,3028,999,1170,4
2023,05/01/2023,Hardin,7558,3999,1783,1741,7
2023,05/01/2023,Harrison,6006,3579,1213,1173,5
2023,05/01/2023,Henry,8362,4234,1877,2202,7
2023,05/01/2023,Howard,4163,1443,1178,1522,1
2023,05/01/2023,Humboldt,4611,2421,809,1361,3
2023,05/01/2023,Ida,3250,1886,527,830,2
2023,05/01/2023,Iowa,8683,4041,1956,2644,6
2023,05/01/2023,Jackson,9596,3617,3361,2584,5
2023,05/01/2023,Jasper,17448,7122,5433,4801,15
2023,05/01/2023,Jefferson,7251,2808,2989,1407,13
2023,05/01/2023,Johnson,70838,13263,38481,18622,110
2023,05/01/2023,Jones,9675,4095,2403,3139,2
2023,05/01/2023,Keokuk,4435,2256,1058,1103,5
2023,05/01/2023,Kossuth,7716,3864,1820,2005,4
2023,05/01/2023,Lee,12910,4449,4942,3448,7
2023,05/01/2023,Linn,106756,32411,42278,31197,164
2023,05/01/2023,Louisa,4255,2158,952,1132,0
2023,05/01/2023,Lucas,3883,2102,788,976,5
2023,05/01/2023,Lyon,5835,4748,479,604,0
2023,05/01/2023,Madison,8509,4091,2026,2328,4
2023,05/01/2023,Mahaska,9283,5702,1576,1940,4
2023,05/01/2023,Marion,16549,8775,3596,4089,14
2023,05/01/2023,Marshall,14603,6283,4534,3699,10
2023,05/01/2023,Mills,6843,4185,1317,1275,13
2023,05/01/2023,Mitchell,5024,2292,1204,1514,1
2023,05/01/2023,Monona,4009,2032,989,964,2
2023,05/01/2023,Monroe,3482,1783,812,878,0
2023,05/01/2023,Montgomery,4212,2650,754,779,4
2023,05/01/2023,Muscatine,16014,6597,4785,4527,24
2023,05/01/2023,O'Brien,6606,4683,789,1095,7
2023,05/01/2023,Osceola,2754,2027,264,456,1
2023,05/01/2023,Page,6461,4161,1049,1221,4
2023,05/01/2023,Palo Alto,4172,1913,1234,1011,3
2023,05/01/2023,Plymouth,11660,6958,1892,2763,6
2023,05/01/2023,Pocahontas,3340,1898,584,834,2
2023,05/01/2023,Polk,218554,67774,93202,55770,283
2023,05/01/2023,Pottawattamie,36044,17143,10072,8522,63
2023,05/01/2023,Poweshiek,8885,3290,2709,2844,9
2023,05/01/2023,Ringgold,2425,1641,423,351,3
2023,05/01/2023,Sac,4416,2713,711,979,3
2023,05/01/2023,Scott,75930,26207,25434,23777,96
2023,05/01/2023,Shelby,5510,3237,1063,1180,4
2023,05/01/2023,Sioux,16466,13036,1224,2171,7
2023,05/01/2023,Story,41997,12764,15967,12859,74
2023,05/01/2023,Tama,7602,3208,2077,2273,12
2023,05/01/2023,Taylor,2677,1660,431,573,1
2023,05/01/2023,Totals,1420201,567110,461184,382820,1544
2023,05/01/2023,Union,5333,2730,1108,1475,2
2023,05/01/2023,Van Buren,3242,1898,563,762,6
2023,05/01/2023,Wapello,12426,4881,4292,3189,12
2023,05/01/2023,Warren,27050,11321,8120,7414,27
2023,05/01/2023,Washington,10322,5132,2463,2667,11
2023,05/01/2023,Wayne,2708,1576,496,625,2
2023,05/01/2023,Webster,14771,6261,4488,3938,11
2023,05/01/2023,Winnebago,5180,2592,1162,1402,3
2023,05/01/2023,Winneshiek,10717,3991,3559,3132,5
2023,05/01/2023,Woodbury,34234,16197,9799,8039,40
2023,05/01/2023,Worth,3665,1703,921,1023,3
2023,05/01/2023,Wright,5141,2733,1071,1322,2
2023,06/01/2023,Adair,3721,1914,711,1076,2
2023,06/01/2023,Adams,1950,975,395,574,2
2023,06/01/2023,Allamakee,6645,3426,1577,1618,4
2023,06/01/2023,Appanoose,5561,2842,1301,1390,3
2023,06/01/2023,Audubon,3028,1646,716,653,2
2023,06/01/2023,Benton,13348,5533,3167,4582,12
2023,06/01/2023,Black Hawk,54893,17652,21013,15825,68
2023,06/01/2023,Boone,13475,5361,4030,3991,18
2023,06/01/2023,Bremer,12811,4925,3301,4528,11
2023,06/01/2023,Buchanan,9697,3476,2739,3440,4
2023,06/01/2023,Buena Vista,6496,3226,1503,1732,6
2023,06/01/2023,Butler,7227,3973,1396,1824,7
2023,06/01/2023,Calhoun,4745,2400,880,1437,1
2023,06/01/2023,Carroll,10336,4443,2457,3373,9
2023,06/01/2023,Cass,6280,3750,1097,1404,5
2023,06/01/2023,Cedar,9309,3882,2547,2814,10
2023,06/01/2023,Cerro Gordo,20278,7355,6409,6421,19
2023,06/01/2023,Cherokee,5480,3429,870,1161,3
2023,06/01/2023,Chickasaw,5794,2383,1667,1727,1
2023,06/01/2023,Clarke,3937,1947,951,1018,5
2023,06/01/2023,Clay,7840,4484,1449,1853,14
2023,06/01/2023,Clayton,8695,3651,2334,2665,8
2023,06/01/2023,Clinton,21079,7801,6473,6698,22
2023,06/01/2023,Crawford,5767,2880,1295,1568,4
2023,06/01/2023,Dallas,51882,19392,15568,16568,37
2023,06/01/2023,Davis,3594,1892,978,710,4
2023,06/01/2023,Decatur,3127,1644,750,714,4
2023,06/01/2023,Delaware,9048,4146,1920,2944,8
2023,06/01/2023,Des Moines,16641,5997,6185,4349,17
2023,06/01/2023,Dickinson,9990,5384,1975,2583,7
2023,06/01/2023,Dubuque,46573,15627,18753,11893,48
2023,06/01/2023,Emmet,4139,1743,1056,1317,8
2023,06/01/2023,Fayette,8816,3804,2391,2585,9
2023,06/01/2023,Floyd,6962,2536,1915,2479,3
2023,06/01/2023,Franklin,4307,2482,818,993,3
2023,06/01/2023,Fremont,3216,2014,632,561,3
2023,06/01/2023,Greene,4363,2068,1100,1161,6
2023,06/01/2023,Grundy,6467,3619,1157,1658,5
2023,06/01/2023,Guthrie,5765,2859,1257,1610,3
2023,06/01/2023,Hamilton,6905,3501,1604,1768,3
2023,06/01/2023,Hancock,5268,3047,1003,1197,4
2023,06/01/2023,Hardin,7641,4033,1795,1778,7
2023,06/01/2023,Harrison,6309,3714,1272,1279,6
2023,06/01/2023,Henry,8441,4246,1877,2268,7
2023,06/01/2023,Howard,4226,1459,1183,1564,1
2023,06/01/2023,Humboldt,4678,2442,813,1403,3
2023,06/01/2023,Ida,3293,1902,530,854,2
2023,06/01/2023,Iowa,8793,4072,1971,2705,6
2023,06/01/2023,Jackson,9708,3647,3375,2650,5
2023,06/01/2023,Jasper,17667,7168,5459,4947,15
2023,06/01/2023,Jefferson,7563,2903,3061,1547,14
2023,06/01/2023,Johnson,71499,13366,38642,19012,114
2023,06/01/2023,Jones,9781,4116,2415,3212,2
2023,06/01/2023,Keokuk,4492,2284,1064,1126,5
2023,06/01/2023,Kossuth,7822,3889,1835,2071,4
2023,06/01/2023,Lee,13949,4720,5295,3851,7
2023,06/01/2023,Linn,107925,32646,42504,31893,165
2023,06/01/2023,Louisa,4371,2202,963,1193,0
2023,06/01/2023,Lucas,4087,2182,818,1068,5
2023,06/01/2023,Lyon,6196,5006,515,670,0
2023,06/01/2023,Madison,8584,4112,2031,2376,4
2023,06/01/2023,Mahaska,9367,5736,1581,1985,4
2023,06/01/2023,Marion,16781,8848,3634,4203,15
2023,06/01/2023,Marshall,14755,6311,4567,3790,10
2023,06/01/2023,Mills,6965,4249,1336,1313,13
2023,06/01/2023,Mitchell,5080,2309,1212,1544,1
2023,06/01/2023,Monona,4090,2067,1002,995,3
2023,06/01/2023,Monroe,3534,1794,822,909,0
2023,06/01/2023,Montgomery,4253,2671,758,795,4
2023,06/01/2023,Muscatine,16496,6729,4912,4748,26
2023,06/01/2023,O'Brien,6698,4739,799,1119,7
2023,06/01/2023,Osceola,2808,2050,269,482,1
2023,06/01/2023,Page,6577,4210,1071,1265,4
2023,06/01/2023,Palo Alto,4226,1931,1240,1041,3
2023,06/01/2023,Plymouth,12002,7111,1953,2890,7
2023,06/01/2023,Pocahontas,3390,1921,593,852,2
2023,06/01/2023,Polk,220818,68215,93702,57064,291
2023,06/01/2023,Pottawattamie,36683,17383,10184,8796,67
2023,06/01/2023,Poweshiek,9005,3319,2725,2919,9
2023,06/01/2023,Ringgold,2446,1652,423,361,3
2023,06/01/2023,Sac,4418,2711,711,984,3
2023,06/01/2023,Scott,77006,26439,25645,24401,97
2023,06/01/2023,Shelby,5934,3421,1153,1327,4
2023,06/01/2023,Sioux,16706,13178,1238,2254,7
2023,06/01/2023,Story,42488,12864,16065,13140,79
2023,06/01/2023,Tama,7665,3219,2088,2314,12
2023,06/01/2023,Taylor,2709,1678,434,584,1
2023,06/01/2023,Totals,1442411,573669,465303,394147,1585
2023,06/01/2023,Union,5399,2750,1105,1523,2
2023,06/01/2023,Van Buren,3295,1907,576,793,6
2023,06/01/2023,Wapello,12585,4925,4314,3279,12
2023,06/01/2023,Warren,27377,11430,8178,7573,26
2023,06/01/2023,Washington,10426,5169,2469,2725,11
2023,06/01/2023,Wayne,2728,1585,500,632,2
2023,06/01/2023,Webster,15010,6337,4530,4055,14
2023,06/01/2023,Winnebago,5226,2603,1166,1432,3
2023,06/01/2023,Winneshiek,11179,4130,3632,3380,6
2023,06/01/2023,Woodbury,34797,16356,9927,8311,41
2023,06/01/2023,Worth,3788,1736,952,1082,3
2023,06/01/2023,Wright,5221,2768,1079,1358,2
2023,07/05/2023,Adair,3744,1924,709,1091,2
2023,07/05/2023,Adams,1958,979,397,576,2
2023,07/05/2023,Allamakee,6670,3426,1574,1646,4
2023,07/05/2023,Appanoose,5603,2859,1305,1411,3
2023,07/05/2023,Audubon,3038,1650,717,658,2
2023,07/05/2023,Benton,13428,5539,3169,4652,13
2023,07/05/2023,Black Hawk,55147,17688,21043,16014,69
2023,07/05/2023,Boone,13587,5382,4040,4072,17
2023,07/05/2023,Bremer,12897,4935,3305,4601,10
2023,07/05/2023,Buchanan,9779,3492,2740,3505,4
2023,07/05/2023,Buena Vista,6545,3243,1510,1756,7
2023,07/05/2023,Butler,7268,3983,1394,1854,8
2023,07/05/2023,Calhoun,4760,2401,881,1450,1
2023,07/05/2023,Carroll,10385,4460,2458,3405,9
2023,07/05/2023,Cass,6300,3759,1102,1409,5
2023,07/05/2023,Cedar,9349,3892,2544,2847,10
2023,07/05/2023,Cerro Gordo,20450,7387,6427,6541,20
2023,07/05/2023,Cherokee,5508,3437,873,1177,3
2023,07/05/2023,Chickasaw,5835,2387,1672,1759,1
2023,07/05/2023,Clarke,3963,1954,948,1040,5
2023,07/05/2023,Clay,7896,4512,1453,1877,14
2023,07/05/2023,Clayton,8736,3672,2337,2679,9
2023,07/05/2023,Clinton,21271,7826,6488,6848,21
2023,07/05/2023,Crawford,5831,2906,1306,1594,4
2023,07/05/2023,Dallas,52357,19498,15634,16869,37
2023,07/05/2023,Davis,3610,1902,979,715,4
2023,07/05/2023,Decatur,3145,1652,753,721,4
2023,07/05/2023,Delaware,9123,4170,1929,2985,8
2023,07/05/2023,Des Moines,16721,6008,6184,4415,18
2023,07/05/2023,Dickinson,10055,5400,1981,2627,7
2023,07/05/2023,Dubuque,46905,15684,18780,12138,48
2023,07/05/2023,Emmet,4161,1752,1056,1330,8
2023,07/05/2023,Fayette,8864,3824,2385,2618,10
2023,07/05/2023,Floyd,7001,2547,1913,2507,3
2023,07/05/2023,Franklin,4340,2493,821,1012,3
2023,07/05/2023,Fremont,3241,2022,634,576,3
2023,07/05/2023,Greene,4397,2077,1104,1179,7
2023,07/05/2023,Grundy,6535,3644,1159,1699,5
2023,07/05/2023,Guthrie,5813,2877,1261,1636,3
2023,07/05/2023,Hamilton,6966,3516,1614,1803,3
2023,07/05/2023,Hancock,5293,3054,1002,1215,4
2023,07/05/2023,Hardin,7691,4059,1798,1798,7
2023,07/05/2023,Harrison,6645,3865,1336,1399,6
2023,07/05/2023,Henry,8501,4257,1880,2314,7
2023,07/05/2023,Howard,4260,1464,1188,1588,1
2023,07/05/2023,Humboldt,4709,2448,812,1429,3
2023,07/05/2023,Ida,3310,1904,531,868,2
2023,07/05/2023,Iowa,8876,4095,1980,2753,7
2023,07/05/2023,Jackson,9782,3659,3379,2706,5
2023,07/05/2023,Jasper,17804,7191,5465,5054,16
2023,07/05/2023,Jefferson,7588,2910,3058,1567,14
2023,07/05/2023,Johnson,71939,13404,38707,19344,116
2023,07/05/2023,Jones,9861,4146,2418,3259,2
2023,07/05/2023,Keokuk,4514,2295,1065,1136,5
2023,07/05/2023,Kossuth,7863,3904,1835,2097,4
2023,07/05/2023,Lee,14042,4735,5306,3918,7
2023,07/05/2023,Linn,108668,32750,42592,32437,171
2023,07/05/2023,Louisa,4417,2211,970,1223,0
2023,07/05/2023,Lucas,4129,2202,817,1091,5
2023,07/05/2023,Lyon,6239,5027,520,685,1
2023,07/05/2023,Madison,8637,4117,2030,2423,4
2023,07/05/2023,Mahaska,9426,5754,1586,2020,4
2023,07/05/2023,Marion,16919,8878,3639,4305,15
2023,07/05/2023,Marshall,14855,6321,4572,3867,11
2023,07/05/2023,Mills,7040,4283,1339,1347,14
2023,07/05/2023,Mitchell,5108,2315,1215,1562,1
2023,07/05/2023,Monona,4123,2087,1004,1006,3
2023,07/05/2023,Monroe,3568,1802,820,937,0
2023,07/05/2023,Montgomery,4271,2680,756,806,4
2023,07/05/2023,Muscatine,16627,6765,4910,4842,27
2023,07/05/2023,O'Brien,6770,4770,805,1152,8
2023,07/05/2023,Osceola,2821,2052,271,491,1
2023,07/05/2023,Page,6632,4230,1076,1294,4
2023,07/05/2023,Palo Alto,4261,1944,1245,1058,3
2023,07/05/2023,Plymouth,12179,7192,1975,2960,7
2023,07/05/2023,Pocahontas,3417,1934,593,866,2
2023,07/05/2023,Polk,222124,68498,93824,57943,297
2023,07/05/2023,Pottawattamie,37039,17481,10264,8956,72
2023,07/05/2023,Poweshiek,9045,3333,2722,2948,9
2023,07/05/2023,Ringgold,2444,1649,422,363,3
2023,07/05/2023,Sac,4417,2711,710,984,3
2023,07/05/2023,Scott,77697,26578,25723,24863,100
2023,07/05/2023,Shelby,5969,3433,1154,1349,4
2023,07/05/2023,Sioux,16846,13252,1246,2312,7
2023,07/05/2023,Story,42770,12931,16078,13338,80
2023,07/05/2023,Tama,7687,3221,2083,2339,12
2023,07/05/2023,Taylor,2719,1685,433,589,1
2023,07/05/2023,Totals,1452809,576193,466268,400919,1624
2023,07/05/2023,Union,5435,2755,1103,1555,2
2023,07/05/2023,Van Buren,3306,1912,571,804,6
2023,07/05/2023,Wapello,12683,4952,4315,3351,12
2023,07/05/2023,Warren,27608,11488,8209,7717,26
2023,07/05/2023,Washington,10479,5176,2478,2762,11
2023,07/05/2023,Wayne,2736,1586,500,639,2
2023,07/05/2023,Webster,15129,6380,4542,4118,15
2023,07/05/2023,Winnebago,5259,2615,1160,1459,3
2023,07/05/2023,Winneshiek,11211,4131,3637,3406,6
2023,07/05/2023,Woodbury,35162,16443,9974,8537,43
2023,07/05/2023,Worth,3809,1735,957,1099,3
2023,07/05/2023,Wright,5268,2785,1089,1379,2
2023,08/01/2023,Adair,3767,1936,705,1103,2
2023,08/01/2023,Adams,1970,985,395,583,2
2023,08/01/2023,Allamakee,6693,3424,1575,1671,4
2023,08/01/2023,Appanoose,5636,2868,1305,1434,3
2023,08/01/2023,Audubon,3047,1647,720,666,2
2023,08/01/2023,Benton,13496,5558,3173,4697,12
2023,08/01/2023,Black Hawk,55334,17702,21028,16198,70
2023,08/01/2023,Boone,13695,5402,4044,4155,17
2023,08/01/2023,Bremer,12919,4927,3298,4636,11
2023,08/01/2023,Buchanan,9831,3505,2736,3547,4
2023,08/01/2023,Buena Vista,6628,3276,1524,1791,8
2023,08/01/2023,Butler,7293,3989,1397,1869,8
2023,08/01/2023,Calhoun,4778,2415,877,1458,1
2023,08/01/2023,Carroll,10414,4466,2455,3430,9
2023,08/01/2023,Cass,6321,3771,1099,1421,5
2023,08/01/2023,Cedar,9381,3898,2548,2869,10
2023,08/01/2023,Cerro Gordo,20567,7393,6438,6638,20
2023,08/01/2023,Cherokee,5536,3446,870,1199,3
2023,08/01/2023,Chickasaw,5859,2395,1666,1781,1
2023,08/01/2023,Clarke,3996,1963,946,1066,5
2023,08/01/2023,Clay,7926,4519,1454,1899,14
2023,08/01/2023,Clayton,8770,3680,2342,2700,9
2023,08/01/2023,Clinton,21370,7843,6480,6937,21
2023,08/01/2023,Crawford,5846,2913,1306,1601,5
2023,08/01/2023,Dallas,52745,19591,15691,17105,39
2023,08/01/2023,Davis,3638,1906,985,732,4
2023,08/01/2023,Decatur,3140,1653,751,717,4
2023,08/01/2023,Delaware,9175,4183,1936,3015,8
2023,08/01/2023,Des Moines,16855,6021,6181,4535,20
2023,08/01/2023,Dickinson,10202,5466,1997,2693,7
2023,08/01/2023,Dubuque,47170,15743,18801,12321,47
2023,08/01/2023,Emmet,4183,1760,1059,1341,8
2023,08/01/2023,Fayette,8905,3833,2389,2645,10
2023,08/01/2023,Floyd,7023,2541,1916,2532,3
2023,08/01/2023,Franklin,4361,2500,825,1022,3
2023,08/01/2023,Fremont,3250,2029,633,579,3
2023,08/01/2023,Greene,4423,2087,1101,1196,7
2023,08/01/2023,Grundy,6573,3654,1166,1720,5
2023,08/01/2023,Guthrie,5842,2891,1260,1651,3
2023,08/01/2023,Hamilton,7013,3526,1614,1840,3
2023,08/01/2023,Hancock,5327,3066,1005,1233,4
2023,08/01/2023,Hardin,7713,4069,1794,1813,7
2023,08/01/2023,Harrison,6648,3866,1338,1399,6
2023,08/01/2023,Henry,8558,4267,1879,2360,8
2023,08/01/2023,Howard,4277,1465,1188,1604,1
2023,08/01/2023,Humboldt,4731,2457,815,1439,3
2023,08/01/2023,Ida,3321,1909,529,875,2
2023,08/01/2023,Iowa,8902,4092,1981,2781,7
2023,08/01/2023,Jackson,9832,3669,3380,2744,5
2023,08/01/2023,Jasper,17886,7206,5463,5123,16
2023,08/01/2023,Jefferson,7614,2911,3056,1595,14
2023,08/01/2023,Johnson,72327,13464,38744,19634,117
2023,08/01/2023,Jones,9890,4151,2419,3282,2
2023,08/01/2023,Keokuk,4532,2299,1069,1144,5
2023,08/01/2023,Kossuth,7903,3917,1833,2126,4
2023,08/01/2023,Lee,14123,4750,5302,3987,7
2023,08/01/2023,Linn,109233,32807,42614,32911,178
2023,08/01/2023,Louisa,4443,2217,974,1239,0
2023,08/01/2023,Lucas,4146,2208,816,1103,5
2023,08/01/2023,Lyon,6290,5053,525,705,1
2023,08/01/2023,Madison,8684,4133,2028,2457,4
2023,08/01/2023,Mahaska,9461,5767,1588,2040,4
2023,08/01/2023,Marion,17024,8904,3638,4385,15
2023,08/01/2023,Marshall,14939,6327,4572,3945,11
2023,08/01/2023,Mills,7086,4304,1346,1363,13
2023,08/01/2023,Mitchell,5128,2319,1214,1579,1
2023,08/01/2023,Monona,4146,2100,1007,1012,3
2023,08/01/2023,Monroe,3591,1813,817,952,0
2023,08/01/2023,Montgomery,4285,2689,757,810,4
2023,08/01/2023,Muscatine,16738,6796,4920,4911,27
2023,08/01/2023,O'Brien,6802,4785,810,1165,8
2023,08/01/2023,Osceola,2827,2050,274,496,1
2023,08/01/2023,Page,6686,4250,1082,1324,4
2023,08/01/2023,Palo Alto,4279,1947,1244,1074,3
2023,08/01/2023,Plymouth,12244,7212,1984,2993,7
2023,08/01/2023,Pocahontas,3437,1941,594,878,2
2023,08/01/2023,Polk,223324,68654,93980,58813,300
2023,08/01/2023,Pottawattamie,37345,17611,10318,9071,71
2023,08/01/2023,Poweshiek,9083,3340,2719,2981,10
2023,08/01/2023,Ringgold,2461,1658,421,371,3
2023,08/01/2023,Sac,4419,2713,709,985,3
2023,08/01/2023,Scott,78319,26695,25775,25310,102
2023,08/01/2023,Shelby,5994,3446,1151,1364,4
2023,08/01/2023,Sioux,16950,13302,1252,2360,7
2023,08/01/2023,Story,42968,12974,16084,13486,80
2023,08/01/2023,Tama,7701,3219,2082,2355,12
2023,08/01/2023,Taylor,2720,1681,433,594,1
2023,08/01/2023,Totals,1460736,577964,466751,406490,1644
2023,08/01/2023,Union,5455,2758,1102,1573,2
2023,08/01/2023,Van Buren,3314,1915,571,809,6
2023,08/01/2023,Wapello,12756,4976,4317,3395,12
2023,08/01/2023,Warren,27776,11553,8207,7820,26
2023,08/01/2023,Washington,10529,5189,2475,2801,12
2023,08/01/2023,Wayne,2741,1590,497,643,2
2023,08/01/2023,Webster,15234,6418,4535,4192,15
2023,08/01/2023,Winnebago,5290,2623,1159,1484,2
2023,08/01/2023,Winneshiek,11254,4135,3639,3443,6
2023,08/01/2023,Woodbury,35375,16504,9990,8670,44
2023,08/01/2023,Worth,3819,1739,958,1104,3
2023,08/01/2023,Wright,5285,2786,1092,1392,2
2023,09/01/2023,Adair,3784,1941,707,1113,2
2023,09/01/2023,Adams,1984,990,394,593,2
2023,09/01/2023,Allamakee,6712,3429,1574,1685,4
2023,09/01/2023,Appanoose,5669,2886,1304,1448,3
2023,09/01/2023,Audubon,3064,1652,720,678,2
2023,09/01/2023,Benton,13572,5573,3174,4755,12
2023,09/01/2023,Black Hawk,55528,17731,21031,16358,73
2023,09/01/2023,Boone,13793,5416,4045,4239,17
2023,09/01/2023,Bremer,13002,4937,3304,4704,11
2023,09/01/2023,Buchanan,9869,3506,2733,3587,4
2023,09/01/2023,Buena Vista,6697,3287,1544,1828,8
2023,09/01/2023,Butler,7314,3995,1398,1883,8
2023,09/01/2023,Calhoun,4786,2413,877,1467,2
2023,09/01/2023,Carroll,10530,4508,2463,3496,8
2023,09/01/2023,Cass,6347,3783,1101,1431,6
2023,09/01/2023,Cedar,9414,3891,2559,2898,10
2023,09/01/2023,Cerro Gordo,20691,7422,6428,6741,20
2023,09/01/2023,Cherokee,5548,3450,868,1209,3
2023,09/01/2023,Chickasaw,5893,2407,1664,1805,1
2023,09/01/2023,Clarke,4020,1974,949,1075,5
2023,09/01/2023,Clay,7971,4542,1455,1920,14
2023,09/01/2023,Clayton,8804,3699,2342,2715,9
2023,09/01/2023,Clinton,21502,7866,6470,7057,21
2023,09/01/2023,Crawford,5851,2910,1306,1608,6
2023,09/01/2023,Dallas,53189,19695,15738,17397,38
2023,09/01/2023,Davis,3670,1915,984,756,4
2023,09/01/2023,Decatur,3144,1655,750,720,4
2023,09/01/2023,Delaware,9222,4198,1935,3048,8
2023,09/01/2023,Des Moines,17020,6045,6189,4666,20
2023,09/01/2023,Dickinson,10291,5497,2004,2743,7
2023,09/01/2023,Dubuque,47368,15779,18781,12500,47
2023,09/01/2023,Emmet,4199,1765,1059,1353,8
2023,09/01/2023,Fayette,8934,3838,2389,2668,10
2023,09/01/2023,Floyd,7050,2547,1908,2561,3
2023,09/01/2023,Franklin,4374,2510,820,1030,3
2023,09/01/2023,Fremont,3263,2036,633,585,3
2023,09/01/2023,Greene,4446,2096,1099,1211,7
2023,09/01/2023,Grundy,6596,3664,1163,1736,5
2023,09/01/2023,Guthrie,5954,2934,1270,1710,3
2023,09/01/2023,Hamilton,7054,3534,1614,1873,3
2023,09/01/2023,Hancock,5343,3073,1005,1243,3
2023,09/01/2023,Hardin,7736,4083,1796,1819,7
2023,09/01/2023,Harrison,6689,3886,1343,1413,6
2023,09/01/2023,Henry,8618,4284,1877,2404,8
2023,09/01/2023,Howard,4321,1468,1190,1643,1
2023,09/01/2023,Humboldt,4771,2465,817,1470,3
2023,09/01/2023,Ida,3338,1914,526,890,2
2023,09/01/2023,Iowa,8943,4110,1981,2804,7
2023,09/01/2023,Jackson,9873,3673,3375,2786,5
2023,09/01/2023,Jasper,17992,7234,5470,5194,15
2023,09/01/2023,Jefferson,7631,2908,3053,1617,14
2023,09/01/2023,Johnson,73188,13564,39001,20119,119
2023,09/01/2023,Jones,9922,4156,2418,3311,2
2023,09/01/2023,Keokuk,4545,2304,1066,1155,5
2023,09/01/2023,Kossuth,7927,3921,1832,2147,4
2023,09/01/2023,Lee,14247,4779,5300,4081,7
2023,09/01/2023,Linn,109823,32880,42643,33401,176
2023,09/01/2023,Louisa,4477,2220,974,1269,0
2023,09/01/2023,Lucas,4177,2214,818,1124,5
2023,09/01/2023,Lyon,6352,5081,527,736,1
2023,09/01/2023,Madison,8726,4146,2025,2489,4
2023,09/01/2023,Mahaska,9473,5773,1585,2048,4
2023,09/01/2023,Marion,17156,8930,3645,4483,15
2023,09/01/2023,Marshall,15045,6349,4588,4012,11
2023,09/01/2023,Mills,7147,4333,1352,1389,13
2023,09/01/2023,Mitchell,5147,2321,1213,1596,1
2023,09/01/2023,Monona,4174,2116,1010,1020,3
2023,09/01/2023,Monroe,3604,1816,817,962,0
2023,09/01/2023,Montgomery,4291,2697,757,808,4
2023,09/01/2023,Muscatine,16878,6829,4936,4998,28
2023,09/01/2023,O'Brien,6822,4793,806,1180,8
2023,09/01/2023,Osceola,2871,2075,275,514,1
2023,09/01/2023,Page,6727,4268,1084,1345,4
2023,09/01/2023,Palo Alto,4286,1948,1241,1083,3
2023,09/01/2023,Plymouth,12324,7251,1985,3033,7
2023,09/01/2023,Pocahontas,3446,1946,595,881,2
2023,09/01/2023,Polk,224669,68908,94062,59789,308
2023,09/01/2023,Pottawattamie,37926,17860,10413,9296,71
2023,09/01/2023,Poweshiek,9151,3357,2720,3029,10
2023,09/01/2023,Ringgold,2477,1670,422,374,3
2023,09/01/2023,Sac,4420,2711,710,988,3
2023,09/01/2023,Scott,78959,26813,25817,25779,103
2023,09/01/2023,Shelby,6023,3464,1149,1377,4
2023,09/01/2023,Sioux,17035,13340,1255,2404,7
2023,09/01/2023,Story,43302,13037,16118,13724,81
2023,09/01/2023,Tama,7718,3224,2080,2369,12
2023,09/01/2023,Taylor,2731,1689,432,598,1
2023,09/01/2023,Totals,1470346,580210,467444,413041,1663
2023,09/01/2023,Union,5504,2764,1101,1617,2
2023,09/01/2023,Van Buren,3331,1917,568,827,6
2023,09/01/2023,Wapello,12837,4988,4325,3455,12
2023,09/01/2023,Warren,28047,11618,8245,7988,27
2023,09/01/2023,Washington,10573,5193,2479,2836,12
2023,09/01/2023,Wayne,2749,1590,496,652,2
2023,09/01/2023,Webster,15358,6469,4531,4267,17
2023,09/01/2023,Winnebago,5305,2625,1156,1500,2
2023,09/01/2023,Winneshiek,11277,4129,3639,3471,6
2023,09/01/2023,Woodbury,35643,16568,10003,8858,47
2023,09/01/2023,Worth,3833,1747,955,1113,3
2023,09/01/2023,Wright,5329,2805,1096,1413,2
2023,10/02/2023,Adair,3799,1955,706,1115,2
2023,10/02/2023,Adams,2005,1006,391,601,2
2023,10/02/2023,Allamakee,6722,3436,1573,1689,4
2023,10/02/2023,Appanoose,5688,2893,1298,1465,4
2023,10/02/2023,Audubon,3074,1651,719,689,3
2023,10/02/2023,Benton,13630,5586,3176,4799,11
2023,10/02/2023,Black Hawk,55765,17788,21034,16531,76
2023,10/02/2023,Boone,13912,5450,4053,4316,17
2023,10/02/2023,Bremer,13038,4935,3302,4743,11
2023,10/02/2023,Buchanan,9896,3512,2730,3610,4
2023,10/02/2023,Buena Vista,6749,3309,1557,1843,8
2023,10/02/2023,Butler,7346,4005,1401,1902,8
2023,10/02/2023,Calhoun,4816,2427,880,1481,2
2023,10/02/2023,Carroll,10563,4519,2454,3526,8
2023,10/02/2023,Cass,6366,3794,1097,1441,7
2023,10/02/2023,Cedar,9421,3891,2554,2910,10
2023,10/02/2023,Cerro Gordo,20789,7442,6431,6814,20
2023,10/02/2023,Cherokee,5573,3451,869,1232,3
2023,10/02/2023,Chickasaw,5921,2415,1660,1828,1
2023,10/02/2023,Clarke,4036,1975,950,1088,5
2023,10/02/2023,Clay,7989,4553,1449,1930,15
2023,10/02/2023,Clayton,8836,3720,2337,2731,9
2023,10/02/2023,Clinton,21644,7896,6460,7177,21
2023,10/02/2023,Crawford,5865,2918,1304,1616,6
2023,10/02/2023,Dallas,53612,19797,15788,17656,42
2023,10/02/2023,Davis,3670,1913,980,762,4
2023,10/02/2023,Decatur,3152,1657,750,726,4
2023,10/02/2023,Delaware,9245,4211,1933,3060,9
2023,10/02/2023,Des Moines,17161,6075,6192,4773,20
2023,10/02/2023,Dickinson,10354,5518,2007,2781,7
2023,10/02/2023,Dubuque,47572,15821,18761,12683,47
2023,10/02/2023,Emmet,4222,1769,1059,1372,8
2023,10/02/2023,Fayette,8957,3840,2382,2696,10
2023,10/02/2023,Floyd,7084,2558,1904,2587,3
2023,10/02/2023,Franklin,4383,2512,819,1037,3
2023,10/02/2023,Fremont,3297,2055,633,598,4
2023,10/02/2023,Greene,4453,2103,1091,1219,7
2023,10/02/2023,Grundy,6604,3657,1154,1760,5
2023,10/02/2023,Guthrie,5992,2947,1270,1735,3
2023,10/02/2023,Hamilton,7105,3542,1614,1916,3
2023,10/02/2023,Hancock,5375,3083,1004,1265,3
2023,10/02/2023,Hardin,7776,4106,1799,1833,7
2023,10/02/2023,Harrison,6751,3917,1347,1440,6
2023,10/02/2023,Henry,8674,4302,1871,2449,8
2023,10/02/2023,Howard,4356,1472,1192,1672,1
2023,10/02/2023,Humboldt,4795,2474,815,1487,3
2023,10/02/2023,Ida,3350,1915,528,899,2
2023,10/02/2023,Iowa,8976,4116,1980,2832,7
2023,10/02/2023,Jackson,9913,3688,3365,2820,6
2023,10/02/2023,Jasper,18045,7247,5461,5241,15
2023,10/02/2023,Jefferson,7655,2911,3047,1641,15
2023,10/02/2023,Johnson,73571,13615,39026,20425,120
2023,10/02/2023,Jones,9951,4168,2410,3336,2
2023,10/02/2023,Keokuk,4562,2311,1065,1164,5
2023,10/02/2023,Kossuth,7960,3931,1823,2179,4
2023,10/02/2023,Lee,14320,4801,5296,4135,7
2023,10/02/2023,Linn,110433,32977,42665,33882,179
2023,10/02/2023,Louisa,4494,2222,963,1295,0
2023,10/02/2023,Lucas,4202,2227,812,1142,5
2023,10/02/2023,Lyon,6379,5101,526,743,1
2023,10/02/2023,Madison,8784,4161,2023,2532,5
2023,10/02/2023,Mahaska,9531,5802,1583,2078,4
2023,10/02/2023,Marion,17263,8967,3639,4557,17
2023,10/02/2023,Marshall,15147,6368,4597,4084,11
2023,10/02/2023,Mills,7220,4364,1362,1418,13
2023,10/02/2023,Mitchell,5177,2331,1213,1616,1
2023,10/02/2023,Monona,4185,2122,1008,1027,3
2023,10/02/2023,Monroe,3658,1836,817,996,0
2023,10/02/2023,Montgomery,4312,2704,754,825,4
2023,10/02/2023,Muscatine,16968,6851,4935,5065,28
2023,10/02/2023,O'Brien,6860,4802,812,1201,10
2023,10/02/2023,Osceola,2876,2079,274,516,1
2023,10/02/2023,Page,6762,4277,1076,1379,4
2023,10/02/2023,Palo Alto,4313,1964,1241,1093,3
2023,10/02/2023,Plymouth,12372,7273,1987,3056,8
2023,10/02/2023,Pocahontas,3450,1943,597,885,2
2023,10/02/2023,Polk,226036,69144,94173,60792,312
2023,10/02/2023,Pottawattamie,38135,17935,10437,9399,71
2023,10/02/2023,Poweshiek,9232,3385,2734,3066,11
2023,10/02/2023,Ringgold,2482,1673,421,377,3
2023,10/02/2023,Sac,4452,2726,710,1005,3
2023,10/02/2023,Scott,79609,26933,25894,26215,106
2023,10/02/2023,Shelby,6037,3472,1153,1379,4
2023,10/02/2023,Sioux,17124,13386,1265,2437,7
2023,10/02/2023,Story,43555,13086,16132,13909,78
2023,10/02/2023,Tama,7736,3227,2079,2384,12
2023,10/02/2023,Taylor,2742,1698,430,603,1
2023,10/02/2023,Totals,1478660,582265,467731,418869,1696
2023,10/02/2023,Union,5540,2761,1097,1660,2
2023,10/02/2023,Van Buren,3350,1923,568,840,6
2023,10/02/2023,Wapello,12917,5003,4331,3513,13
2023,10/02/2023,Warren,28411,11729,8310,8171,29
2023,10/02/2023,Washington,10596,5200,2477,2854,12
2023,10/02/2023,Wayne,2755,1592,496,656,2
2023,10/02/2023,Webster,15432,6485,4539,4314,16
2023,10/02/2023,Winnebago,5325,2627,1151,1523,2
2023,10/02/2023,Winneshiek,11314,4138,3639,3498,6
2023,10/02/2023,Woodbury,35894,16631,10001,9038,49
2023,10/02/2023,Worth,3865,1749,958,1139,3
2023,10/02/2023,Wright,5399,2832,1101,1451,2
2023,11/01/2023,Adair,3820,1958,708,1129,2
2023,11/01/2023,Adams,2024,1015,392,609,2
2023,11/01/2023,Allamakee,6819,3473,1577,1744,4
2023,11/01/2023,Appanoose,5723,2909,1292,1489,4
2023,11/01/2023,Audubon,3080,1653,721,691,3
2023,11/01/2023,Benton,13706,5602,3170,4862,11
2023,11/01/2023,Black Hawk,56011,17837,21019,16739,75
2023,11/01/2023,Boone,14044,5467,4067,4414,17
2023,11/01/2023,Bremer,13119,4955,3303,4800,11
2023,11/01/2023,Buchanan,9952,3520,2726,3662,4
2023,11/01/2023,Buena Vista,6787,3320,1572,1854,8
2023,11/01/2023,Butler,7380,4016,1398,1926,8
2023,11/01/2023,Calhoun,4841,2436,875,1502,2
2023,11/01/2023,Carroll,10682,4577,2454,3585,8
2023,11/01/2023,Cass,6388,3801,1099,1454,7
2023,11/01/2023,Cedar,9477,3912,2555,2942,11
2023,11/01/2023,Cerro Gordo,20879,7464,6422,6890,19
2023,11/01/2023,Cherokee,5629,3472,873,1263,3
2023,11/01/2023,Chickasaw,5953,2420,1654,1861,1
2023,11/01/2023,Clarke,4062,1985,952,1100,5
2023,11/01/2023,Clay,8021,4560,1452,1949,15
2023,11/01/2023,Clayton,8877,3735,2340,2753,9
2023,11/01/2023,Clinton,21895,7959,6485,7335,23
2023,11/01/2023,Crawford,5905,2932,1298,1646,6
2023,11/01/2023,Dallas,54182,19934,15894,17976,43
2023,11/01/2023,Davis,3692,1920,983,773,4
2023,11/01/2023,Decatur,3175,1672,750,734,4
2023,11/01/2023,Delaware,9286,4216,1930,3096,9
2023,11/01/2023,Des Moines,17344,6112,6200,4909,20
2023,11/01/2023,Dickinson,10465,5570,2003,2843,8
2023,11/01/2023,Dubuque,47944,15914,18796,12918,49
2023,11/01/2023,Emmet,4272,1788,1060,1402,8
2023,11/01/2023,Fayette,9015,3852,2386,2737,10
2023,11/01/2023,Floyd,7146,2573,1907,2629,4
2023,11/01/2023,Franklin,4422,2524,823,1061,3
2023,11/01/2023,Fremont,3317,2058,634,614,4
2023,11/01/2023,Greene,4473,2107,1090,1235,8
2023,11/01/2023,Grundy,6638,3672,1153,1781,4
2023,11/01/2023,Guthrie,6043,2938,1271,1793,3
2023,11/01/2023,Hamilton,7127,3537,1612,1946,3
2023,11/01/2023,Hancock,5416,3099,1007,1285,3
2023,11/01/2023,Hardin,7843,4137,1801,1864,7
2023,11/01/2023,Harrison,6768,3919,1351,1451,6
2023,11/01/2023,Henry,8726,4315,1874,2483,8
2023,11/01/2023,Howard,4399,1481,1193,1705,1
2023,11/01/2023,Humboldt,4805,2475,811,1498,3
2023,11/01/2023,Ida,3359,1916,527,908,2
2023,11/01/2023,Iowa,9018,4123,1984,2865,7
2023,11/01/2023,Jackson,9966,3709,3358,2858,6
2023,11/01/2023,Jasper,18161,7286,5468,5310,16
2023,11/01/2023,Jefferson,7740,2920,3048,1712,16
2023,11/01/2023,Johnson,74075,13705,39062,20797,121
2023,11/01/2023,Jones,10006,4183,2403,3383,2
2023,11/01/2023,Keokuk,4582,2320,1068,1171,5
2023,11/01/2023,Kossuth,7994,3944,1828,2194,4
2023,11/01/2023,Lee,14417,4837,5308,4184,8
2023,11/01/2023,Linn,111175,33070,42721,34464,181
2023,11/01/2023,Louisa,4564,2231,973,1343,0
2023,11/01/2023,Lucas,4226,2235,811,1159,5
2023,11/01/2023,Lyon,6436,5126,530,769,1
2023,11/01/2023,Madison,8836,4184,2019,2564,5
2023,11/01/2023,Mahaska,9550,5806,1583,2093,4
2023,11/01/2023,Marion,17392,9003,3631,4653,18
2023,11/01/2023,Marshall,15422,6422,4649,4248,12
2023,11/01/2023,Mills,7279,4393,1362,1445,12
2023,11/01/2023,Mitchell,5202,2330,1217,1637,1
2023,11/01/2023,Monona,4212,2135,1011,1038,3
2023,11/01/2023,Monroe,3685,1844,814,1017,0
2023,11/01/2023,Montgomery,4328,2714,752,833,4
2023,11/01/2023,Muscatine,17134,6897,4961,5159,28
2023,11/01/2023,O'Brien,6927,4846,817,1218,10
2023,11/01/2023,Osceola,2899,2089,275,527,1
2023,11/01/2023,Page,6824,4301,1086,1406,4
2023,11/01/2023,Palo Alto,4366,1982,1234,1134,3
2023,11/01/2023,Plymouth,12434,7299,1985,3093,8
2023,11/01/2023,Pocahontas,3473,1952,597,897,2
2023,11/01/2023,Polk,227902,69559,94417,61946,326
2023,11/01/2023,Pottawattamie,38526,18074,10521,9555,75
2023,11/01/2023,Poweshiek,9317,3395,2746,3128,12
2023,11/01/2023,Ringgold,2496,1678,425,382,3
2023,11/01/2023,Sac,4899,2948,783,1156,3
2023,11/01/2023,Scott,80453,27145,26018,26706,110
2023,11/01/2023,Shelby,6068,3482,1153,1398,4
2023,11/01/2023,Sioux,17248,13450,1266,2495,7
2023,11/01/2023,Story,43810,13152,16158,14067,78
2023,11/01/2023,Tama,7827,3244,2085,2453,12
2023,11/01/2023,Taylor,2746,1701,429,604,1
2023,11/01/2023,Totals,1490461,585418,468773,426224,1739
2023,11/01/2023,Union,5566,2766,1099,1677,2
2023,11/01/2023,Van Buren,3370,1938,562,852,6
2023,11/01/2023,Wapello,13038,5049,4339,3579,13
2023,11/01/2023,Warren,28589,11796,8325,8262,30
2023,11/01/2023,Washington,10652,5214,2487,2888,12
2023,11/01/2023,Wayne,2782,1602,498,670,2
2023,11/01/2023,Webster,15675,6562,4575,4433,19
2023,11/01/2023,Winnebago,5343,2622,1148,1549,2
2023,11/01/2023,Winneshiek,11350,4144,3645,3520,7
2023,11/01/2023,Woodbury,36239,16712,10023,9266,51
2023,11/01/2023,Worth,3882,1753,955,1155,3
2023,11/01/2023,Wright,5429,2839,1101,1472,2
2023,12/01/2023,Adair,3855,1969,707,1154,2
2023,12/01/2023,Adams,2048,1021,394,625,2
2023,12/01/2023,Allamakee,7039,3528,1605,1879,5
2023,12/01/2023,Appanoose,5770,2927,1295,1515,4
2023,12/01/2023,Audubon,3148,1674,734,725,3
2023,12/01/2023,Benton,13968,5649,3195,5049,12
2023,12/01/2023,Black Hawk,56521,17956,21108,17031,76
2023,12/01/2023,Boone,14330,5548,4109,4572,17
2023,12/01/2023,Bremer,13187,4970,3304,4852,11
2023,12/01/2023,Buchanan,10018,3530,2730,3713,4
2023,12/01/2023,Buena Vista,6869,3343,1583,1901,10
2023,12/01/2023,Butler,7496,4050,1407,1997,10
2023,12/01/2023,Calhoun,4881,2446,875,1531,2
2023,12/01/2023,Carroll,10952,4670,2481,3728,9
2023,12/01/2023,Cass,6495,3836,1106,1518,8
2023,12/01/2023,Cedar,9670,3971,2567,3063,9
2023,12/01/2023,Cerro Gordo,21047,7517,6427,6995,21
2023,12/01/2023,Cherokee,5766,3536,896,1313,3
2023,12/01/2023,Chickasaw,5971,2425,1647,1882,1
2023,12/01/2023,Clarke,4087,1989,954,1117,5
2023,12/01/2023,Clay,8093,4589,1455,1988,15
2023,12/01/2023,Clayton,8947,3772,2338,2787,9
2023,12/01/2023,Clinton,22172,8028,6517,7505,24
2023,12/01/2023,Crawford,5959,2949,1304,1675,6
2023,12/01/2023,Dallas,55077,20218,16021,18458,45
2023,12/01/2023,Davis,3716,1935,979,785,4
2023,12/01/2023,Decatur,3247,1688,760,779,4
2023,12/01/2023,Delaware,9409,4255,1937,3173,9
2023,12/01/2023,Des Moines,17397,6121,6199,4953,21
2023,12/01/2023,Dickinson,10785,5731,2023,2977,9
2023,12/01/2023,Dubuque,48603,16075,18905,13299,53
2023,12/01/2023,Emmet,4325,1803,1069,1430,8
2023,12/01/2023,Fayette,9156,3897,2395,2823,11
2023,12/01/2023,Floyd,7198,2583,1911,2667,4
2023,12/01/2023,Franklin,4563,2578,836,1135,3
2023,12/01/2023,Fremont,3361,2076,637,636,4
2023,12/01/2023,Greene,4530,2119,1095,1276,8
2023,12/01/2023,Grundy,6758,3720,1163,1843,4
2023,12/01/2023,Guthrie,6058,2935,1261,1821,3
2023,12/01/2023,Hamilton,7220,3559,1617,2011,3
2023,12/01/2023,Hancock,5487,3125,1014,1323,3
2023,12/01/2023,Hardin,7902,4153,1797,1910,7
2023,12/01/2023,Harrison,6919,3976,1376,1518,7
2023,12/01/2023,Henry,8898,4374,1877,2591,8
2023,12/01/2023,Howard,4488,1504,1200,1764,1
2023,12/01/2023,Humboldt,4813,2476,814,1502,3
2023,12/01/2023,Ida,3379,1923,526,921,2
2023,12/01/2023,Iowa,9074,4131,1983,2912,7
2023,12/01/2023,Jackson,10176,3752,3383,2996,7
2023,12/01/2023,Jasper,18595,7402,5547,5547,15
2023,12/01/2023,Jefferson,7803,2942,3046,1754,16
2023,12/01/2023,Johnson,74942,13833,39296,21292,127
2023,12/01/2023,Jones,10053,4206,2404,3408,2
2023,12/01/2023,Keokuk,4636,2336,1067,1209,6
2023,12/01/2023,Kossuth,8062,3976,1829,2230,4
2023,12/01/2023,Lee,14570,4873,5334,4274,8
2023,12/01/2023,Linn,111893,33210,42777,34970,185
2023,12/01/2023,Louisa,4593,2239,973,1364,0
2023,12/01/2023,Lucas,4267,2252,818,1175,5
2023,12/01/2023,Lyon,6484,5155,530,787,1
2023,12/01/2023,Madison,8959,4210,2027,2651,5
2023,12/01/2023,Mahaska,9671,5852,1595,2154,4
2023,12/01/2023,Marion,17500,9028,3631,4733,19
2023,12/01/2023,Marshall,15486,6428,4662,4292,12
2023,12/01/2023,Mills,7456,4487,1375,1511,12
2023,12/01/2023,Mitchell,5243,2334,1222,1669,1
2023,12/01/2023,Monona,4316,2177,1028,1080,3
2023,12/01/2023,Monroe,3784,1866,821,1087,0
2023,12/01/2023,Montgomery,4399,2747,762,862,4
2023,12/01/2023,Muscatine,17379,6959,5019,5278,31
2023,12/01/2023,O'Brien,7063,4912,828,1277,9
2023,12/01/2023,Osceola,2946,2112,278,547,1
2023,12/01/2023,Page,7030,4407,1108,1484,4
2023,12/01/2023,Palo Alto,4450,2014,1253,1168,2
2023,12/01/2023,Plymouth,12648,7391,2009,3188,9
2023,12/01/2023,Pocahontas,3492,1961,595,909,2
2023,12/01/2023,Polk,230589,70143,94944,63484,336
2023,12/01/2023,Pottawattamie,39153,18312,10620,9835,79
2023,12/01/2023,Poweshiek,9432,3415,2774,3194,12
2023,12/01/2023,Ringgold,2517,1687,427,392,3
2023,12/01/2023,Sac,4901,2948,782,1159,3
2023,12/01/2023,Scott,81150,27288,26092,27177,112
2023,12/01/2023,Shelby,6198,3537,1171,1455,4
2023,12/01/2023,Sioux,17407,13523,1271,2574,8
2023,12/01/2023,Story,44180,13240,16193,14305,79
2023,12/01/2023,Tama,7929,3261,2098,2522,12
2023,12/01/2023,Taylor,2766,1706,430,617,2
2023,12/01/2023,Totals,1507841,590305,471059,436213,1793
2023,12/01/2023,Union,5580,2768,1102,1685,2
2023,12/01/2023,Van Buren,3411,1946,566,881,6
2023,12/01/2023,Wapello,13198,5091,4355,3677,15
2023,12/01/2023,Warren,28770,11865,8326,8376,29
2023,12/01/2023,Washington,10696,5234,2494,2906,12
2023,12/01/2023,Wayne,2808,1613,501,683,2
2023,12/01/2023,Webster,15942,6643,4626,4566,19
2023,12/01/2023,Winnebago,5404,2641,1148,1590,2
2023,12/01/2023,Winneshiek,11443,4167,3656,3577,7
2023,12/01/2023,Woodbury,36324,16723,10050,9311,51
2023,12/01/2023,Worth,3916,1756,957,1184,3
2023,12/01/2023,Wright,5579,2889,1126,1545,2
2024,01/02/2024,Adair,3878,1975,707,1170,3
2024,01/02/2024,Adams,2054,1026,391,629,2
2024,01/02/2024,Allamakee,7058,3542,1601,1888,5
2024,01/02/2024,Appanoose,5895,2976,1304,1580,5
2024,01/02/2024,Audubon,3164,1686,732,730,3
2024,01/02/2024,Benton,14022,5660,3186,5101,12
2024,01/02/2024,Black Hawk,56704,18039,21082,17158,77
2024,01/02/2024,Boone,14395,5573,4105,4619,17
2024,01/02/2024,Bremer,13362,5021,3320,4959,11
2024,01/02/2024,Buchanan,10103,3553,2742,3761,4
2024,01/02/2024,Buena Vista,6972,3382,1605,1943,11
2024,01/02/2024,Butler,7511,4052,1409,2007,10
2024,01/02/2024,Calhoun,4952,2472,886,1565,2
2024,01/02/2024,Carroll,10981,4690,2471,3744,9
2024,01/02/2024,Cass,6512,3853,1104,1522,8
2024,01/02/2024,Cedar,9688,3988,2549,3081,9
2024,01/02/2024,Cerro Gordo,21269,7600,6443,7117,21
2024,01/02/2024,Cherokee,5778,3541,892,1325,3
2024,01/02/2024,Chickasaw,6018,2444,1641,1916,1
2024,01/02/2024,Clarke,4147,2007,962,1150,5
2024,01/02/2024,Clay,8114,4605,1449,1998,16
2024,01/02/2024,Clayton,9084,3825,2360,2847,8
2024,01/02/2024,Clinton,22268,8053,6513,7576,24
2024,01/02/2024,Crawford,6044,2981,1315,1715,6
2024,01/02/2024,Dallas,55409,20401,15990,18636,45
2024,01/02/2024,Davis,3737,1945,979,796,4
2024,01/02/2024,Decatur,3245,1691,757,777,4
2024,01/02/2024,Delaware,9434,4261,1937,3192,9
2024,01/02/2024,Des Moines,17657,6189,6217,5120,26
2024,01/02/2024,Dickinson,10859,5778,2016,3010,9
2024,01/02/2024,Dubuque,48759,16167,18846,13421,53
2024,01/02/2024,Emmet,4347,1816,1066,1441,8
2024,01/02/2024,Fayette,9182,3920,2382,2840,11
2024,01/02/2024,Floyd,7346,2621,1945,2741,4
2024,01/02/2024,Franklin,4574,2585,835,1139,3
2024,01/02/2024,Fremont,3439,2114,650,663,4
2024,01/02/2024,Greene,4675,2174,1112,1343,10
2024,01/02/2024,Grundy,6773,3732,1159,1849,4
2024,01/02/2024,Guthrie,6083,2942,1255,1845,3
2024,01/02/2024,Hamilton,7247,3581,1608,2024,3
2024,01/02/2024,Hancock,5509,3133,1014,1337,3
2024,01/02/2024,Hardin,8069,4217,1814,1996,6
2024,01/02/2024,Harrison,6923,3976,1376,1522,7
2024,01/02/2024,Henry,8931,4375,1879,2621,8
2024,01/02/2024,Howard,4510,1511,1197,1782,1
2024,01/02/2024,Humboldt,4858,2488,816,1533,3
2024,01/02/2024,Ida,3429,1943,533,944,2
2024,01/02/2024,Iowa,9129,4147,1981,2955,6
2024,01/02/2024,Jackson,10200,3749,3381,3025,7
2024,01/02/2024,Jasper,18653,7434,5532,5586,15
2024,01/02/2024,Jefferson,7899,2978,3060,1799,16
2024,01/02/2024,Johnson,75205,13942,39257,21483,123
2024,01/02/2024,Jones,10156,4236,2416,3467,4
2024,01/02/2024,Keokuk,4716,2379,1076,1236,6
2024,01/02/2024,Kossuth,8110,3996,1828,2257,6
2024,01/02/2024,Lee,14639,4895,5331,4322,9
2024,01/02/2024,Linn,113070,33554,42913,35657,188
2024,01/02/2024,Louisa,4632,2247,978,1390,0
2024,01/02/2024,Lucas,4285,2258,820,1184,5
2024,01/02/2024,Lyon,6655,5273,543,826,1
2024,01/02/2024,Madison,9128,4263,2042,2750,5
2024,01/02/2024,Mahaska,9705,5867,1597,2171,4
2024,01/02/2024,Marion,17948,9177,3663,4998,19
2024,01/02/2024,Marshall,15688,6468,4690,4422,15
2024,01/02/2024,Mills,7474,4502,1373,1515,12
2024,01/02/2024,Mitchell,5249,2336,1222,1673,1
2024,01/02/2024,Monona,4343,2187,1037,1086,3
2024,01/02/2024,Monroe,3792,1868,818,1094,0
2024,01/02/2024,Montgomery,4409,2752,759,870,4
2024,01/02/2024,Muscatine,17424,6975,5022,5301,32
2024,01/02/2024,O'Brien,7082,4918,831,1286,9
2024,01/02/2024,Osceola,2954,2114,277,554,1
2024,01/02/2024,Page,7059,4420,1104,1503,4
2024,01/02/2024,Palo Alto,4463,2026,1242,1180,2
2024,01/02/2024,Plymouth,12690,7415,2005,3212,10
2024,01/02/2024,Pocahontas,3582,1999,599,956,2
2024,01/02/2024,Polk,231531,70649,94711,64149,337
2024,01/02/2024,Pottawattamie,39362,18426,10625,9912,82
2024,01/02/2024,Poweshiek,9563,3454,2787,3275,12
2024,01/02/2024,Ringgold,2537,1701,427,398,3
2024,01/02/2024,Sac,5221,3084,800,1322,5
2024,01/02/2024,Scott,81564,27445,26066,27462,112
2024,01/02/2024,Shelby,6214,3549,1167,1462,4
2024,01/02/2024,Sioux,17712,13685,1308,2679,10
2024,01/02/2024,Story,44016,13248,16076,14255,79
2024,01/02/2024,Tama,7932,3275,2090,2519,13
2024,01/02/2024,Taylor,2805,1730,431,630,3
2024,01/02/2024,Totals,1518210,594533,471010,442290,1827
2024,01/02/2024,Union,5706,2796,1107,1776,3
2024,01/02/2024,Van Buren,3416,1947,565,886,6
2024,01/02/2024,Wapello,13252,5103,4345,3726,17
2024,01/02/2024,Warren,29117,12002,8356,8550,29
2024,01/02/2024,Washington,10769,5263,2498,2943,12
2024,01/02/2024,Wayne,2806,1611,498,686,2
2024,01/02/2024,Webster,15984,6674,4609,4594,19
2024,01/02/2024,Winnebago,5416,2650,1138,1602,2
2024,01/02/2024,Winneshiek,11451,4168,3651,3587,9
2024,01/02/2024,Woodbury,37014,16947,10120,9704,52
2024,01/02/2024,Worth,3932,1762,959,1192,3
2024,01/02/2024,Wright,5583,2885,1127,1550,2
2024,02/01/2024,Adair,3935,2021,707,1184,3
2024,02/01/2024,Adams,2067,1041,387,631,2
2024,02/01/2024,Allamakee,7085,3603,1591,1864,5
2024,02/01/2024,Appanoose,5948,3056,1294,1564,5
2024,02/01/2024,Audubon,3171,1709,726,720,3
2024,02/01/2024,Benton,14109,5840,3146,5048,13
2024,02/01/2024,Black Hawk,56956,18608,20935,16992,76
2024,02/01/2024,Boone,14482,5735,4058,4593,17
2024,02/01/2024,Bremer,13441,5168,3290,4923,11
2024,02/01/2024,Buchanan,10161,3680,2715,3720,4
2024,02/01/2024,Buena Vista,7015,3460,1586,1928,11
2024,02/01/2024,Butler,7558,4124,1403,1989,9
2024,02/01/2024,Calhoun,4981,2516,882,1556,2
2024,02/01/2024,Carroll,11054,4831,2429,3714,9
2024,02/01/2024,Cass,6548,3912,1096,1510,8
2024,02/01/2024,Cedar,9716,4060,2532,3056,9
2024,02/01/2024,Cerro Gordo,21430,7857,6402,7064,21
2024,02/01/2024,Cherokee,5817,3600,892,1304,3
2024,02/01/2024,Chickasaw,6070,2521,1630,1902,1
2024,02/01/2024,Clarke,4167,2049,947,1143,5
2024,02/01/2024,Clay,8177,4687,1438,1994,15
2024,02/01/2024,Clayton,9120,3912,2327,2829,8
2024,02/01/2024,Clinton,22431,8350,6445,7509,24
2024,02/01/2024,Crawford,6072,3032,1305,1702,6
2024,02/01/2024,Dallas,55957,21461,15854,18274,47
2024,02/01/2024,Davis,3761,1985,972,787,4
2024,02/01/2024,Decatur,3259,1726,741,773,3
2024,02/01/2024,Delaware,9485,4342,1922,3180,9
2024,02/01/2024,Des Moines,17816,6401,6158,5127,27
2024,02/01/2024,Dickinson,10903,5895,2005,2950,9
2024,02/01/2024,Dubuque,48994,16693,18651,13339,54
2024,02/01/2024,Emmet,4368,1874,1053,1419,8
2024,02/01/2024,Fayette,9270,4036,2361,2832,11
2024,02/01/2024,Floyd,7362,2683,1915,2726,4
2024,02/01/2024,Franklin,4596,2620,830,1133,3
2024,02/01/2024,Fremont,3457,2135,647,663,4
2024,02/01/2024,Greene,4697,2240,1089,1325,9
2024,02/01/2024,Grundy,6804,3752,1157,1862,4
2024,02/01/2024,Guthrie,6143,3016,1248,1839,3
2024,02/01/2024,Hamilton,7269,3634,1593,2011,3
2024,02/01/2024,Hancock,5544,3194,1002,1324,3
2024,02/01/2024,Hardin,8085,4228,1809,2005,6
2024,02/01/2024,Harrison,6964,4042,1369,1502,6
2024,02/01/2024,Henry,8986,4475,1859,2598,8
2024,02/01/2024,Howard,4542,1571,1171,1780,1
2024,02/01/2024,Humboldt,4888,2555,809,1503,3
2024,02/01/2024,Ida,3450,1978,530,934,1
2024,02/01/2024,Iowa,9175,4229,1970,2930,7
2024,02/01/2024,Jackson,10257,3873,3348,2991,7
2024,02/01/2024,Jasper,18776,7658,5497,5521,15
2024,02/01/2024,Jefferson,7945,3040,3041,1802,15
2024,02/01/2024,Johnson,75686,14842,38910,21413,125
2024,02/01/2024,Jones,10214,4343,2390,3445,5
2024,02/01/2024,Keokuk,4726,2417,1070,1214,6
2024,02/01/2024,Kossuth,8142,4059,1814,2239,6
2024,02/01/2024,Lee,14717,5029,5275,4321,9
2024,02/01/2024,Linn,113666,34830,42508,35412,183
2024,02/01/2024,Louisa,4663,2295,971,1378,0
2024,02/01/2024,Lucas,4298,2281,812,1182,5
2024,02/01/2024,Lyon,6682,5297,541,832,1
2024,02/01/2024,Madison,9203,4382,2023,2727,5
2024,02/01/2024,Mahaska,9748,5932,1584,2160,5
2024,02/01/2024,Marion,18075,9279,3647,5042,19
2024,02/01/2024,Marshall,15805,6639,4658,4404,14
2024,02/01/2024,Mills,7558,4606,1362,1507,12
2024,02/01/2024,Mitchell,5273,2386,1214,1654,1
2024,02/01/2024,Monona,4371,2215,1033,1090,3
2024,02/01/2024,Monroe,3813,1915,810,1076,0
2024,02/01/2024,Montgomery,4425,2782,755,861,4
2024,02/01/2024,Muscatine,17571,7168,4995,5278,36
2024,02/01/2024,O'Brien,7112,4962,826,1275,9
2024,02/01/2024,Osceola,2955,2121,275,550,1
2024,02/01/2024,Page,7102,4468,1100,1500,4
2024,02/01/2024,Palo Alto,4492,2092,1214,1168,3
2024,02/01/2024,Plymouth,12761,7518,1985,3201,10
2024,02/01/2024,Pocahontas,3588,2023,594,943,2
2024,02/01/2024,Polk,233097,73981,93702,63447,337
2024,02/01/2024,Pottawattamie,39730,18876,10589,9871,83
2024,02/01/2024,Poweshiek,9597,3550,2774,3228,11
2024,02/01/2024,Ringgold,2539,1712,422,394,3
2024,02/01/2024,Sac,5241,3108,796,1322,5
2024,02/01/2024,Scott,82718,28658,25991,27491,112
2024,02/01/2024,Shelby,6245,3607,1158,1444,4
2024,02/01/2024,Sioux,17793,13722,1310,2722,9
2024,02/01/2024,Story,44385,13945,15910,14102,81
2024,02/01/2024,Tama,7941,3336,2073,2486,13
2024,02/01/2024,Taylor,2810,1739,431,627,3
2024,02/01/2024,Totals,1528332,612144,466945,439066,1827
2024,02/01/2024,Union,5743,2829,1096,1791,3
2024,02/01/2024,Van Buren,3430,1970,564,878,6
2024,02/01/2024,Wapello,13325,5221,4306,3721,17
2024,02/01/2024,Warren,29311,12429,8271,8410,28
2024,02/01/2024,Washington,10827,5379,2485,2900,12
2024,02/01/2024,Wayne,2851,1642,498,700,2
2024,02/01/2024,Webster,16079,6843,4570,4559,19
2024,02/01/2024,Winnebago,5452,2706,1131,1592,2
2024,02/01/2024,Winneshiek,11487,4280,3605,3558,9
2024,02/01/2024,Woodbury,37266,17312,10061,9650,51
2024,02/01/2024,Worth,3950,1801,951,1179,3
2024,02/01/2024,Wright,5605,2909,1121,1553,2
2024,03/01/2024,Adair,3933,2020,704,1186,3
2024,03/01/2024,Adams,2077,1037,386,646,2
2024,03/01/2024,Allamakee,7097,3604,1590,1876,5
2024,03/01/2024,Appanoose,5960,3060,1283,1583,5
2024,03/01/2024,Audubon,3173,1711,723,723,3
2024,03/01/2024,Benton,14148,5841,3142,5087,13
2024,03/01/2024,Black Hawk,57110,18637,20924,17130,75
2024,03/01/2024,Boone,14521,5737,4049,4639,17
2024,03/01/2024,Bremer,13510,5183,3290,4976,11
2024,03/01/2024,Buchanan,10171,3676,2712,3736,4
2024,03/01/2024,Buena Vista,7056,3478,1591,1946,11
2024,03/01/2024,Butler,7568,4123,1400,2003,9
2024,03/01/2024,Calhoun,4993,2525,874,1567,2
2024,03/01/2024,Carroll,11094,4838,2434,3740,10
2024,03/01/2024,Cass,6558,3910,1100,1518,8
2024,03/01/2024,Cedar,9760,4064,2537,3091,9
2024,03/01/2024,Cerro Gordo,21496,7872,6392,7123,21
2024,03/01/2024,Cherokee,5816,3597,892,1306,3
2024,03/01/2024,Chickasaw,6088,2525,1624,1923,1
2024,03/01/2024,Clarke,4172,2047,942,1155,5
2024,03/01/2024,Clay,8201,4692,1434,2015,15
2024,03/01/2024,Clayton,9148,3921,2320,2854,8
2024,03/01/2024,Clinton,22532,8365,6454,7583,24
2024,03/01/2024,Crawford,6077,3031,1305,1708,6
2024,03/01/2024,Dallas,56256,21490,15912,18485,48
2024,03/01/2024,Davis,3762,1985,967,793,4
2024,03/01/2024,Decatur,3259,1730,734,776,3
2024,03/01/2024,Delaware,9517,4339,1928,3209,9
2024,03/01/2024,Des Moines,17925,6418,6151,5224,27
2024,03/01/2024,Dickinson,10953,5914,2005,2981,9
2024,03/01/2024,Dubuque,49176,16718,18649,13497,53
2024,03/01/2024,Emmet,4378,1879,1051,1426,8
2024,03/01/2024,Fayette,9278,4037,2350,2850,11
2024,03/01/2024,Floyd,7369,2682,1908,2741,4
2024,03/01/2024,Franklin,4606,2618,829,1146,3
2024,03/01/2024,Fremont,3489,2152,651,672,4
2024,03/01/2024,Greene,4722,2242,1086,1350,10
2024,03/01/2024,Grundy,6846,3807,1151,1854,4
2024,03/01/2024,Guthrie,6175,3024,1249,1860,3
2024,03/01/2024,Hamilton,7310,3645,1593,2037,4
2024,03/01/2024,Hancock,5552,3192,1000,1335,3
2024,03/01/2024,Hardin,8112,4294,1803,1974,6
2024,03/01/2024,Harrison,6969,4037,1365,1514,7
2024,03/01/2024,Henry,9018,4483,1856,2625,8
2024,03/01/2024,Howard,4556,1571,1168,1797,1
2024,03/01/2024,Humboldt,4915,2561,811,1522,3
2024,03/01/2024,Ida,3462,1985,528,941,1
2024,03/01/2024,Iowa,9201,4236,1967,2950,7
2024,03/01/2024,Jackson,10281,3879,3341,3015,8
2024,03/01/2024,Jasper,18825,7678,5484,5563,15
2024,03/01/2024,Jefferson,7962,3039,3041,1819,15
2024,03/01/2024,Johnson,76041,14829,38944,21741,125
2024,03/01/2024,Jones,10236,4338,2384,3477,5
2024,03/01/2024,Keokuk,4720,2416,1065,1214,6
2024,03/01/2024,Kossuth,8158,4063,1809,2256,6
2024,03/01/2024,Lee,14774,5046,5270,4366,9
2024,03/01/2024,Linn,114109,34842,42499,35847,182
2024,03/01/2024,Louisa,4685,2297,967,1401,0
2024,03/01/2024,Lucas,4311,2279,813,1196,5
2024,03/01/2024,Lyon,6734,5341,541,841,1
2024,03/01/2024,Madison,9248,4407,2014,2754,5
2024,03/01/2024,Mahaska,9802,5947,1582,2200,5
2024,03/01/2024,Marion,18184,9412,3640,5024,19
2024,03/01/2024,Marshall,15928,6657,4676,4488,17
2024,03/01/2024,Mills,7595,4619,1368,1523,12
2024,03/01/2024,Mitchell,5282,2388,1216,1659,1
2024,03/01/2024,Monona,4387,2219,1034,1103,2
2024,03/01/2024,Monroe,3823,1915,809,1087,0
2024,03/01/2024,Montgomery,4433,2779,754,873,4
2024,03/01/2024,Muscatine,17607,7180,4994,5303,36
2024,03/01/2024,O'Brien,7117,4960,825,1283,9
2024,03/01/2024,Osceola,2960,2124,274,553,1
2024,03/01/2024,Page,7125,4481,1094,1516,4
2024,03/01/2024,Palo Alto,4503,2104,1209,1172,3
2024,03/01/2024,Plymouth,12819,7551,1987,3224,11
2024,03/01/2024,Pocahontas,3596,2026,593,949,2
2024,03/01/2024,Polk,233712,73987,93548,64201,340
2024,03/01/2024,Pottawattamie,39963,18938,10620,10005,84
2024,03/01/2024,Poweshiek,9643,3557,2762,3278,11
2024,03/01/2024,Ringgold,2538,1710,422,395,3
2024,03/01/2024,Sac,5266,3111,797,1343,5
2024,03/01/2024,Scott,83280,28698,26039,27958,116
2024,03/01/2024,Shelby,6246,3601,1156,1453,4
2024,03/01/2024,Sioux,17927,13869,1304,2715,9
2024,03/01/2024,Story,44542,13937,15913,14261,80
2024,03/01/2024,Tama,7960,3344,2075,2495,13
2024,03/01/2024,Taylor,2831,1749,434,635,3
2024,03/01/2024,Totals,1534112,613291,466773,443784,1843
2024,03/01/2024,Union,5774,2821,1098,1827,3
2024,03/01/2024,Van Buren,3447,1974,562,891,7
2024,03/01/2024,Wapello,13376,5229,4294,3772,17
2024,03/01/2024,Warren,29430,12464,8288,8474,29
2024,03/01/2024,Washington,10844,5382,2484,2915,12
2024,03/01/2024,Wayne,2858,1644,500,702,2
2024,03/01/2024,Webster,16155,6879,4567,4601,19
2024,03/01/2024,Winnebago,5472,2704,1132,1614,2
2024,03/01/2024,Winneshiek,11504,4277,3599,3584,9
2024,03/01/2024,Woodbury,37443,17344,10066,9790,52
2024,03/01/2024,Worth,3965,1807,951,1187,3
2024,03/01/2024,Wright,5626,2916,1121,1568,2
2024,04/01/2024,Adair,3922,2015,700,1184,3
2024,04/01/2024,Adams,2057,1024,385,641,1
2024,04/01/2024,Allamakee,7078,3602,1574,1874,6
2024,04/01/2024,Appanoose,5920,3025,1278,1583,5
2024,04/01/2024,Audubon,3146,1694,715,721,3
2024,04/01/2024,Benton,14105,5826,3097,5103,13
2024,04/01/2024,Black Hawk,56487,18410,20681,16985,73
2024,04/01/2024,Boone,14412,5686,3981,4648,17
2024,04/01/2024,Bremer,13416,5149,3252,4954,11
2024,04/01/2024,Buchanan,10116,3653,2690,3726,4
2024,04/01/2024,Buena Vista,7026,3449,1589,1947,11
2024,04/01/2024,Butler,7528,4097,1381,2009,9
2024,04/01/2024,Calhoun,4963,2517,869,1550,2
2024,04/01/2024,Carroll,11067,4826,2407,3753,11
2024,04/01/2024,Cass,6504,3884,1080,1511,8
2024,04/01/2024,Cedar,9734,4056,2520,3090,7
2024,04/01/2024,Cerro Gordo,21374,7816,6341,7109,21
2024,04/01/2024,Cherokee,5774,3571,885,1298,3
2024,04/01/2024,Chickasaw,6058,2514,1616,1913,1
2024,04/01/2024,Clarke,4139,2030,929,1153,5
2024,04/01/2024,Clay,8134,4645,1417,2013,15
2024,04/01/2024,Clayton,9111,3909,2301,2849,7
2024,04/01/2024,Clinton,22388,8313,6381,7562,26
2024,04/01/2024,Crawford,6045,3021,1293,1700,4
2024,04/01/2024,Dallas,55223,21138,15524,18205,49
2024,04/01/2024,Davis,3721,1966,953,785,4
2024,04/01/2024,Decatur,3256,1735,729,773,3
2024,04/01/2024,Delaware,9456,4310,1908,3197,9
2024,04/01/2024,Des Moines,17827,6355,6071,5274,27
2024,04/01/2024,Dickinson,10896,5862,1978,3003,9
2024,04/01/2024,Dubuque,48950,16612,18501,13528,53
2024,04/01/2024,Emmet,4356,1887,1027,1421,7
2024,04/01/2024,Fayette,9299,4046,2348,2863,12
2024,04/01/2024,Floyd,7283,2647,1881,2720,3
2024,04/01/2024,Franklin,4577,2596,817,1150,3
2024,04/01/2024,Fremont,3495,2155,650,676,4
2024,04/01/2024,Greene,4690,2231,1068,1347,11
2024,04/01/2024,Grundy,6772,3772,1133,1833,4
2024,04/01/2024,Guthrie,6143,3018,1229,1853,3
2024,04/01/2024,Hamilton,7263,3613,1571,2045,3
2024,04/01/2024,Hancock,5496,3161,982,1328,3
2024,04/01/2024,Hardin,8069,4275,1778,1975,6
2024,04/01/2024,Harrison,6896,3996,1346,1503,9
2024,04/01/2024,Henry,8929,4425,1827,2621,8
2024,04/01/2024,Howard,4532,1565,1156,1791,1
2024,04/01/2024,Humboldt,4869,2540,797,1510,3
2024,04/01/2024,Ida,3442,1980,515,939,1
2024,04/01/2024,Iowa,9163,4212,1943,2959,7
2024,04/01/2024,Jackson,10222,3853,3314,3009,9
2024,04/01/2024,Jasper,18697,7648,5423,5529,15
2024,04/01/2024,Jefferson,7886,3024,2996,1801,14
2024,04/01/2024,Johnson,74530,14616,37970,21428,124
2024,04/01/2024,Jones,10146,4287,2359,3462,5
2024,04/01/2024,Keokuk,4687,2402,1054,1205,6
2024,04/01/2024,Kossuth,8093,4019,1789,2257,6
2024,04/01/2024,Lee,14639,5015,5204,4328,9
2024,04/01/2024,Linn,113164,34519,41940,35790,181
2024,04/01/2024,Louisa,4702,2301,959,1423,0
2024,04/01/2024,Lucas,4253,2240,798,1193,5
2024,04/01/2024,Lyon,6722,5328,538,845,1
2024,04/01/2024,Madison,9190,4368,1993,2758,5
2024,04/01/2024,Mahaska,9709,5894,1552,2192,4
2024,04/01/2024,Marion,18088,9372,3595,5013,20
2024,04/01/2024,Marshall,15904,6625,4646,4527,18
2024,04/01/2024,Mills,7597,4602,1365,1548,14
2024,04/01/2024,Mitchell,5234,2361,1206,1650,1
2024,04/01/2024,Monona,4349,2211,1017,1089,2
2024,04/01/2024,Monroe,3819,1911,807,1089,0
2024,04/01/2024,Montgomery,4394,2765,741,861,4
2024,04/01/2024,Muscatine,17647,7186,4991,5340,36
2024,04/01/2024,O'Brien,7073,4937,813,1275,9
2024,04/01/2024,Osceola,2953,2118,271,555,1
2024,04/01/2024,Page,7123,4459,1077,1552,6
2024,04/01/2024,Palo Alto,4522,2109,1211,1183,4
2024,04/01/2024,Plymouth,12777,7521,1970,3232,11
2024,04/01/2024,Pocahontas,3586,2017,587,953,2
2024,04/01/2024,Polk,231410,73141,92286,64026,340
2024,04/01/2024,Pottawattamie,39737,18814,10524,9990,85
2024,04/01/2024,Poweshiek,9547,3518,2722,3261,11
2024,04/01/2024,Ringgold,2509,1693,417,388,3
2024,04/01/2024,Sac,5249,3127,776,1332,5
2024,04/01/2024,Scott,82546,28415,25659,27896,121
2024,04/01/2024,Shelby,6202,3582,1144,1442,4
2024,04/01/2024,Sioux,17857,13815,1295,2710,9
2024,04/01/2024,Story,43776,13772,15500,14083,78
2024,04/01/2024,Tama,7900,3305,2058,2491,13
2024,04/01/2024,Taylor,2822,1748,431,630,3
2024,04/01/2024,Totals,1521112,608393,460253,442318,1847
2024,04/01/2024,Union,5738,2800,1079,1831,3
2024,04/01/2024,Van Buren,3453,1977,561,896,7
2024,04/01/2024,Wapello,13262,5167,4238,3779,16
2024,04/01/2024,Warren,29154,12388,8172,8398,27
2024,04/01/2024,Washington,10786,5349,2458,2916,12
2024,04/01/2024,Wayne,2825,1626,491,696,2
2024,04/01/2024,Webster,16060,6849,4528,4578,18
2024,04/01/2024,Winnebago,5402,2660,1107,1614,2
2024,04/01/2024,Winneshiek,11428,4251,3551,3582,10
2024,04/01/2024,Woodbury,37135,17179,9929,9784,53
2024,04/01/2024,Worth,3924,1794,939,1171,3
2024,04/01/2024,Wright,5577,2886,1108,1562,2
2024,05/01/2024,Adair,3944,2024,702,1195,3
2024,05/01/2024,Adams,2064,1025,385,647,1
2024,05/01/2024,Allamakee,7098,3621,1571,1878,6
2024,05/01/2024,Appanoose,5956,3037,1280,1605,5
2024,05/01/2024,Audubon,3153,1693,714,727,3
2024,05/01/2024,Benton,14148,5844,3092,5134,13
2024,05/01/2024,Black Hawk,56673,18430,20687,17141,76
2024,05/01/2024,Boone,14490,5706,3971,4714,16
2024,05/01/2024,Bremer,13474,5159,3255,4998,11
2024,05/01/2024,Buchanan,10141,3648,2687,3759,4
2024,05/01/2024,Buena Vista,7073,3464,1595,1972,12
2024,05/01/2024,Butler,7550,4108,1382,2020,9
2024,05/01/2024,Calhoun,4995,2544,868,1556,2
2024,05/01/2024,Carroll,11133,4851,2404,3797,11
2024,05/01/2024,Cass,6538,3895,1085,1527,9
2024,05/01/2024,Cedar,9763,4064,2519,3112,7
2024,05/01/2024,Cerro Gordo,21455,7832,6353,7162,20
2024,05/01/2024,Cherokee,5825,3593,891,1316,4
2024,05/01/2024,Chickasaw,6098,2526,1616,1941,1
2024,05/01/2024,Clarke,4154,2044,921,1161,6
2024,05/01/2024,Clay,8189,4652,1431,2047,15
2024,05/01/2024,Clayton,9157,3950,2292,2862,8
2024,05/01/2024,Clinton,22528,8341,6378,7674,27
2024,05/01/2024,Crawford,6063,3043,1288,1701,4
2024,05/01/2024,Dallas,55639,21195,15598,18487,51
2024,05/01/2024,Davis,3739,1977,947,798,4
2024,05/01/2024,Decatur,3219,1717,720,763,3
2024,05/01/2024,Delaware,9500,4334,1914,3211,9
2024,05/01/2024,Des Moines,17933,6363,6073,5368,28
2024,05/01/2024,Dickinson,10953,5881,1975,3044,9
2024,05/01/2024,Dubuque,49126,16675,18495,13641,54
2024,05/01/2024,Emmet,4376,1912,1022,1421,7
2024,05/01/2024,Fayette,9324,4046,2341,2892,14
2024,05/01/2024,Floyd,7326,2657,1887,2748,3
2024,05/01/2024,Franklin,4587,2598,815,1160,3
2024,05/01/2024,Fremont,3512,2165,649,683,4
2024,05/01/2024,Greene,4719,2237,1065,1371,12
2024,05/01/2024,Grundy,6797,3785,1134,1844,4
2024,05/01/2024,Guthrie,6153,3020,1225,1865,3
2024,05/01/2024,Hamilton,7305,3621,1572,2078,3
2024,05/01/2024,Hancock,5522,3168,981,1348,3
2024,05/01/2024,Hardin,8078,4276,1776,1985,6
2024,05/01/2024,Harrison,6899,3996,1345,1505,10
2024,05/01/2024,Henry,8957,4432,1822,2645,10
2024,05/01/2024,Howard,4560,1571,1154,1815,1
2024,05/01/2024,Humboldt,4875,2546,790,1517,3
2024,05/01/2024,Ida,3453,1980,516,949,1
2024,05/01/2024,Iowa,9181,4217,1939,2976,7
2024,05/01/2024,Jackson,10269,3902,3289,3032,9
2024,05/01/2024,Jasper,18804,7698,5423,5587,14
2024,05/01/2024,Jefferson,7908,3025,2997,1820,14
2024,05/01/2024,Johnson,74891,14642,38019,21706,126
2024,05/01/2024,Jones,10201,4291,2363,3508,6
2024,05/01/2024,Keokuk,4704,2419,1056,1202,7
2024,05/01/2024,Kossuth,8116,4031,1782,2273,6
2024,05/01/2024,Lee,14726,5060,5199,4374,9
2024,05/01/2024,Linn,113761,34566,41994,36281,185
2024,05/01/2024,Louisa,4714,2302,956,1437,0
2024,05/01/2024,Lucas,4281,2258,794,1208,5
2024,05/01/2024,Lyon,6745,5347,539,848,1
2024,05/01/2024,Madison,9224,4389,1990,2773,5
2024,05/01/2024,Mahaska,9762,5912,1554,2225,4
2024,05/01/2024,Marion,18176,9408,3591,5068,19
2024,05/01/2024,Marshall,15971,6622,4643,4601,18
2024,05/01/2024,Mills,7658,4638,1370,1566,14
2024,05/01/2024,Mitchell,5258,2370,1210,1661,1
2024,05/01/2024,Monona,4369,2240,1009,1089,2
2024,05/01/2024,Monroe,3846,1924,807,1101,0
2024,05/01/2024,Montgomery,4399,2771,739,863,3
2024,05/01/2024,Muscatine,17518,7131,4936,5324,36
2024,05/01/2024,O'Brien,7081,4940,812,1282,9
2024,05/01/2024,Osceola,2968,2120,271,567,1
2024,05/01/2024,Page,7161,4467,1082,1576,6
2024,05/01/2024,Palo Alto,4547,2122,1213,1194,4
2024,05/01/2024,Plymouth,12826,7539,1971,3262,11
2024,05/01/2024,Pocahontas,3594,2015,592,958,2
2024,05/01/2024,Polk,232407,73250,92385,64801,347
2024,05/01/2024,Pottawattamie,40048,18918,10590,10113,86
2024,05/01/2024,Poweshiek,9605,3540,2730,3289,11
2024,05/01/2024,Ringgold,2513,1694,418,389,3
2024,05/01/2024,Sac,5264,3131,776,1345,4
2024,05/01/2024,Scott,83160,28509,25764,28293,123
2024,05/01/2024,Shelby,6212,3585,1146,1447,4
2024,05/01/2024,Sioux,17925,13828,1305,2754,9
2024,05/01/2024,Story,43996,13814,15521,14241,77
2024,05/01/2024,Tama,7916,3304,2057,2508,14
2024,05/01/2024,Taylor,2794,1728,425,629,3
2024,05/01/2024,Totals,1528037,610004,460586,447181,1878
2024,05/01/2024,Union,5776,2802,1076,1870,3
2024,05/01/2024,Van Buren,3455,1968,557,911,7
2024,05/01/2024,Wapello,13334,5193,4229,3833,16
2024,05/01/2024,Warren,29242,12423,8173,8448,27
2024,05/01/2024,Washington,10822,5351,2468,2939,12
2024,05/01/2024,Wayne,2840,1636,486,705,2
2024,05/01/2024,Webster,16096,6869,4522,4596,19
2024,05/01/2024,Winnebago,5447,2671,1109,1646,2
2024,05/01/2024,Winneshiek,11435,4245,3548,3598,10
2024,05/01/2024,Woodbury,37344,17243,9933,9923,52
2024,05/01/2024,Worth,3929,1801,935,1173,3
2024,05/01/2024,Wright,5604,2889,1110,1584,2
2024,06/03/2024,Adair,3970,2038,703,1206,3
2024,06/03/2024,Adams,2078,1032,387,652,1
2024,06/03/2024,Allamakee,7140,3708,1525,1876,7
2024,06/03/2024,Appanoose,5980,3056,1278,1611,5
2024,06/03/2024,Audubon,3169,1706,713,728,4
2024,06/03/2024,Benton,14209,5888,3087,5154,13
2024,06/03/2024,Black Hawk,56883,18468,20720,17273,75
2024,06/03/2024,Boone,14579,5746,3980,4753,16
2024,06/03/2024,Bremer,13559,5174,3275,5046,11
2024,06/03/2024,Buchanan,10199,3653,2699,3797,5
2024,06/03/2024,Buena Vista,7119,3477,1602,1998,12
2024,06/03/2024,Butler,7590,4129,1394,2027,9
2024,06/03/2024,Calhoun,5029,2600,859,1543,3
2024,06/03/2024,Carroll,11176,4903,2392,3796,11
2024,06/03/2024,Cass,6553,3901,1084,1536,9
2024,06/03/2024,Cedar,9814,4097,2519,3128,7
2024,06/03/2024,Cerro Gordo,21569,7940,6345,7170,21
2024,06/03/2024,Cherokee,5871,3640,887,1319,3
2024,06/03/2024,Chickasaw,6122,2545,1611,1950,1
2024,06/03/2024,Clarke,4165,2065,910,1160,6
2024,06/03/2024,Clay,8228,4680,1438,2049,15
2024,06/03/2024,Clayton,9193,4033,2257,2849,8
2024,06/03/2024,Clinton,22663,8365,6387,7771,30
2024,06/03/2024,Crawford,6121,3138,1266,1684,4
2024,06/03/2024,Dallas,55990,21260,15673,18694,52
2024,06/03/2024,Davis,3779,2066,920,772,5
2024,06/03/2024,Decatur,3226,1736,711,759,3
2024,06/03/2024,Delaware,9526,4342,1918,3225,9
2024,06/03/2024,Des Moines,18049,6375,6079,5466,28
2024,06/03/2024,Dickinson,11021,5902,1980,3080,9
2024,06/03/2024,Dubuque,49340,16783,18500,13734,55
2024,06/03/2024,Emmet,4430,1979,1021,1408,7
2024,06/03/2024,Fayette,9353,4074,2330,2903,14
2024,06/03/2024,Floyd,7340,2654,1887,2762,5
2024,06/03/2024,Franklin,4607,2601,820,1171,3
2024,06/03/2024,Fremont,3530,2184,641,690,4
2024,06/03/2024,Greene,4741,2273,1053,1369,12
2024,06/03/2024,Grundy,6819,3809,1121,1855,4
2024,06/03/2024,Guthrie,6170,3023,1224,1880,3
2024,06/03/2024,Hamilton,7358,3660,1565,2099,3
2024,06/03/2024,Hancock,5546,3176,984,1360,3
2024,06/03/2024,Hardin,8110,4286,1788,1994,6
2024,06/03/2024,Harrison,6943,4029,1350,1511,10
2024,06/03/2024,Henry,8993,4470,1798,2667,10
2024,06/03/2024,Howard,4589,1582,1156,1831,1
2024,06/03/2024,Humboldt,4899,2568,792,1516,3
2024,06/03/2024,Ida,3479,1995,517,957,1
2024,06/03/2024,Iowa,9232,4236,1962,2985,6
2024,06/03/2024,Jackson,10303,3994,3234,3029,9
2024,06/03/2024,Jasper,18900,7773,5400,5629,15
2024,06/03/2024,Jefferson,7942,3041,2996,1838,14
2024,06/03/2024,Johnson,75292,14655,38167,21944,128
2024,06/03/2024,Jones,10257,4324,2368,3525,6
2024,06/03/2024,Keokuk,4723,2450,1046,1198,7
2024,06/03/2024,Kossuth,8161,4121,1751,2255,6
2024,06/03/2024,Lee,14819,5151,5154,4419,9
2024,06/03/2024,Linn,114357,34651,42038,36742,188
2024,06/03/2024,Louisa,4735,2319,960,1437,0
2024,06/03/2024,Lucas,4318,2312,795,1190,5
2024,06/03/2024,Lyon,6790,5391,535,853,1
2024,06/03/2024,Madison,9259,4466,1948,2771,5
2024,06/03/2024,Mahaska,9769,5907,1558,2232,4
2024,06/03/2024,Marion,18294,9479,3578,5126,19
2024,06/03/2024,Marshall,16077,6651,4673,4648,18
2024,06/03/2024,Mills,7713,4683,1376,1563,14
2024,06/03/2024,Mitchell,5304,2409,1194,1681,1
2024,06/03/2024,Monona,4389,2270,1002,1086,2
2024,06/03/2024,Monroe,3856,1952,791,1099,0
2024,06/03/2024,Montgomery,4425,2786,746,867,3
2024,06/03/2024,Muscatine,17601,7180,4928,5364,36
2024,06/03/2024,O'Brien,7104,4958,810,1289,9
2024,06/03/2024,Osceola,2987,2126,274,577,1
2024,06/03/2024,Page,7250,4548,1079,1587,6
2024,06/03/2024,Palo Alto,4572,2138,1217,1199,4
2024,06/03/2024,Plymouth,12902,7582,1976,3289,11
2024,06/03/2024,Pocahontas,3609,2022,598,960,2
2024,06/03/2024,Polk,233492,73349,92643,65517,349
2024,06/03/2024,Pottawattamie,40362,19016,10632,10272,92
2024,06/03/2024,Poweshiek,9658,3551,2751,3309,11
2024,06/03/2024,Ringgold,2513,1694,419,388,3
2024,06/03/2024,Sac,5294,3144,777,1360,4
2024,06/03/2024,Scott,83672,28635,25841,28581,126
2024,06/03/2024,Shelby,6235,3627,1131,1443,4
2024,06/03/2024,Sioux,18012,13890,1297,2785,9
2024,06/03/2024,Story,44215,13865,15526,14399,81
2024,06/03/2024,Tama,7940,3344,2052,2498,14
2024,06/03/2024,Taylor,2798,1731,425,630,3
2024,06/03/2024,Totals,1536071,613810,460960,450819,1910
2024,06/03/2024,Union,5815,2839,1070,1878,3
2024,06/03/2024,Van Buren,3481,1993,553,916,7
2024,06/03/2024,Wapello,13438,5221,4233,3904,16
2024,06/03/2024,Warren,29341,12491,8174,8469,27
2024,06/03/2024,Washington,10876,5370,2483,2959,12
2024,06/03/2024,Wayne,2863,1661,488,700,2
2024,06/03/2024,Webster,16185,6975,4493,4605,19
2024,06/03/2024,Winnebago,5467,2669,1113,1664,2
2024,06/03/2024,Winneshiek,11483,4260,3559,3618,10
2024,06/03/2024,Woodbury,37592,17348,9963,10016,53
2024,06/03/2024,Worth,3946,1821,931,1172,3
2024,06/03/2024,Wright,5636,2932,1106,1575,2
2024,07/01/2024,Adair,3989,2049,721,1195,2
2024,07/01/2024,Adams,2084,1041,385,651,1
2024,07/01/2024,Allamakee,7218,4069,1429,1685,7
2024,07/01/2024,Appanoose,6053,3194,1259,1564,5
2024,07/01/2024,Audubon,3176,1725,714,717,3
2024,07/01/2024,Benton,14299,6414,2944,4856,11
2024,07/01/2024,Black Hawk,57083,18574,20817,17255,76
2024,07/01/2024,Boone,14661,5823,3964,4767,16
2024,07/01/2024,Bremer,13585,5181,3267,5071,12
2024,07/01/2024,Buchanan,10220,3648,2753,3759,5
2024,07/01/2024,Buena Vista,7160,3510,1600,2008,12
2024,07/01/2024,Butler,7628,4170,1389,2028,9
2024,07/01/2024,Calhoun,5077,2759,829,1465,3
2024,07/01/2024,Carroll,11184,5133,2337,3613,11
2024,07/01/2024,Cass,6585,3928,1084,1537,9
2024,07/01/2024,Cedar,9863,4219,2477,3097,7
2024,07/01/2024,Cerro Gordo,21813,8405,6330,6931,21
2024,07/01/2024,Cherokee,5961,3868,844,1219,4
2024,07/01/2024,Chickasaw,6153,2597,1596,1940,1
2024,07/01/2024,Clarke,4189,2213,882,1060,6
2024,07/01/2024,Clay,8237,4730,1422,2022,14
2024,07/01/2024,Clayton,9310,4550,2114,2595,7
2024,07/01/2024,Clinton,22797,8437,6398,7817,32
2024,07/01/2024,Crawford,6183,3477,1170,1502,4
2024,07/01/2024,Dallas,56483,21410,15921,18786,53
2024,07/01/2024,Davis,3856,2363,806,664,4
2024,07/01/2024,Decatur,3272,1877,687,684,4
2024,07/01/2024,Delaware,9586,4388,1919,3238,7
2024,07/01/2024,Des Moines,18134,6411,6091,5499,28
2024,07/01/2024,Dickinson,11094,6005,1969,3060,9
2024,07/01/2024,Dubuque,49519,17100,18394,13698,55
2024,07/01/2024,Emmet,4477,2168,969,1314,7
2024,07/01/2024,Fayette,9460,4430,2224,2759,13
2024,07/01/2024,Floyd,7356,2677,1895,2746,6
2024,07/01/2024,Franklin,4619,2638,813,1150,3
2024,07/01/2024,Fremont,3558,2230,637,673,4
2024,07/01/2024,Greene,4765,2300,1057,1365,10
2024,07/01/2024,Grundy,6873,3927,1111,1800,4
2024,07/01/2024,Guthrie,6219,3040,1243,1889,3
2024,07/01/2024,Hamilton,7420,3852,1521,2014,3
2024,07/01/2024,Hancock,5577,3225,979,1347,3
2024,07/01/2024,Hardin,8136,4303,1797,1992,7
2024,07/01/2024,Harrison,7013,4189,1319,1444,9
2024,07/01/2024,Henry,9036,4603,1756,2619,10
2024,07/01/2024,Howard,4603,1592,1157,1833,1
2024,07/01/2024,Humboldt,4934,2652,766,1491,4
2024,07/01/2024,Ida,3491,2047,498,933,1
2024,07/01/2024,Iowa,9284,4395,1939,2897,6
2024,07/01/2024,Jackson,10399,4527,2956,2869,8
2024,07/01/2024,Jasper,19030,8171,5278,5478,15
2024,07/01/2024,Jefferson,7957,3124,2960,1804,14
2024,07/01/2024,Johnson,75779,14699,38625,21920,128
2024,07/01/2024,Jones,10300,4365,2378,3511,6
2024,07/01/2024,Keokuk,4794,2682,968,1113,6
2024,07/01/2024,Kossuth,8253,4424,1674,2111,6
2024,07/01/2024,Lee,14987,5538,5063,4284,11
2024,07/01/2024,Linn,115027,34791,42163,37122,190
2024,07/01/2024,Louisa,4776,2388,941,1422,0
2024,07/01/2024,Lucas,4344,2455,771,1097,5
2024,07/01/2024,Lyon,6904,5623,501,768,2
2024,07/01/2024,Madison,9305,4607,1920,2704,5
2024,07/01/2024,Mahaska,9801,5967,1556,2202,5
2024,07/01/2024,Marion,18434,9646,3562,5105,20
2024,07/01/2024,Marshall,16142,6734,4676,4624,18
2024,07/01/2024,Mills,7813,4843,1363,1499,14
2024,07/01/2024,Mitchell,5329,2535,1168,1601,1
2024,07/01/2024,Monona,4446,2365,997,1050,2
2024,07/01/2024,Monroe,3909,2159,764,969,0
2024,07/01/2024,Montgomery,4439,2800,745,863,3
2024,07/01/2024,Muscatine,17603,7274,4912,5285,36
2024,07/01/2024,O'Brien,7149,5067,793,1243,9
2024,07/01/2024,Osceola,3006,2155,274,564,1
2024,07/01/2024,Page,7383,4912,999,1433,6
2024,07/01/2024,Palo Alto,4596,2173,1205,1194,4
2024,07/01/2024,Plymouth,12967,7666,1973,3276,11
2024,07/01/2024,Pocahontas,3625,2059,596,941,2
2024,07/01/2024,Polk,234816,73458,93706,65626,349
2024,07/01/2024,Pottawattamie,40699,19220,10698,10313,91
2024,07/01/2024,Poweshiek,9707,3585,2774,3298,10
2024,07/01/2024,Ringgold,2515,1651,467,386,2
2024,07/01/2024,Sac,5316,3190,765,1345,4
2024,07/01/2024,Scott,84265,29180,25891,28558,134
2024,07/01/2024,Shelby,6261,3703,1104,1415,4
2024,07/01/2024,Sioux,18152,14079,1295,2723,9
2024,07/01/2024,Story,44452,13997,15618,14405,81
2024,07/01/2024,Tama,8021,3842,1924,2208,15
2024,07/01/2024,Taylor,2807,1737,425,632,3
2024,07/01/2024,Totals,1546046,628848,460494,445725,1921
2024,07/01/2024,Union,5855,3017,1043,1767,3
2024,07/01/2024,Van Buren,3530,2123,526,854,7
2024,07/01/2024,Wapello,13516,5311,4232,3893,15
2024,07/01/2024,Warren,29609,12902,8196,8289,28
2024,07/01/2024,Washington,10911,5403,2487,2955,12
2024,07/01/2024,Wayne,2957,1882,461,598,2
2024,07/01/2024,Webster,16339,7653,4266,4296,17
2024,07/01/2024,Winnebago,5502,2680,1113,1687,2
2024,07/01/2024,Winneshiek,11523,4278,3574,3622,12
2024,07/01/2024,Woodbury,37862,17588,9980,10004,56
2024,07/01/2024,Worth,3980,1974,911,1067,3
2024,07/01/2024,Wright,5681,3110,1064,1483,2
2024,08/01/2024,Adair,4014,2062,724,1203,2
2024,08/01/2024,Adams,2102,1046,388,660,1
2024,08/01/2024,Allamakee,7281,4080,1434,1733,7
2024,08/01/2024,Appanoose,6098,3207,1264,1592,5
2024,08/01/2024,Audubon,3191,1730,714,728,3
2024,08/01/2024,Benton,14373,6426,2954,4906,13
2024,08/01/2024,Black Hawk,57503,18649,20898,17511,78
2024,08/01/2024,Boone,14768,5831,3969,4860,17
2024,08/01/2024,Bremer,13638,5194,3270,5107,12
2024,08/01/2024,Buchanan,10306,3673,2758,3814,5
2024,08/01/2024,Buena Vista,7243,3533,1620,2046,13
2024,08/01/2024,Butler,7664,4184,1389,2049,9
2024,08/01/2024,Calhoun,5089,2754,836,1475,3
2024,08/01/2024,Carroll,11312,5168,2345,3690,14
2024,08/01/2024,Cass,6621,3940,1090,1556,9
2024,08/01/2024,Cedar,9916,4243,2478,3125,7
2024,08/01/2024,Cerro Gordo,21934,8406,6349,7024,24
2024,08/01/2024,Cherokee,5985,3865,848,1242,4
2024,08/01/2024,Chickasaw,6169,2594,1596,1960,1
2024,08/01/2024,Clarke,4193,2206,886,1066,6
2024,08/01/2024,Clay,8295,4751,1434,2046,13
2024,08/01/2024,Clayton,9339,4529,2134,2624,7
2024,08/01/2024,Clinton,23009,8474,6410,7976,34
2024,08/01/2024,Crawford,6274,3537,1173,1525,5
2024,08/01/2024,Dallas,57123,21540,16069,19141,52
2024,08/01/2024,Davis,3877,2360,810,683,4
2024,08/01/2024,Decatur,3282,1881,688,690,3
2024,08/01/2024,Delaware,9647,4413,1922,3270,7
2024,08/01/2024,Des Moines,18284,6452,6077,5619,29
2024,08/01/2024,Dickinson,11177,6046,1969,3101,9
2024,08/01/2024,Dubuque,49837,17156,18426,13921,62
2024,08/01/2024,Emmet,4519,2181,972,1339,7
2024,08/01/2024,Fayette,9512,4425,2233,2805,13
2024,08/01/2024,Floyd,7393,2686,1899,2771,6
2024,08/01/2024,Franklin,4640,2641,818,1163,3
2024,08/01/2024,Fremont,3590,2248,639,686,3
2024,08/01/2024,Greene,4800,2311,1065,1383,8
2024,08/01/2024,Grundy,6902,3933,1111,1823,4
2024,08/01/2024,Guthrie,6276,3061,1254,1915,3
2024,08/01/2024,Hamilton,7454,3860,1529,2033,3
2024,08/01/2024,Hancock,5622,3243,984,1370,3
2024,08/01/2024,Hardin,8194,4314,1796,2038,10
2024,08/01/2024,Harrison,7057,4195,1335,1467,9
2024,08/01/2024,Henry,9111,4596,1780,2675,10
2024,08/01/2024,Howard,4637,1599,1159,1858,1
2024,08/01/2024,Humboldt,4947,2655,762,1505,4
2024,08/01/2024,Ida,3516,2046,505,952,1
2024,08/01/2024,Iowa,9340,4409,1949,2927,6
2024,08/01/2024,Jackson,10456,4518,2977,2915,8
2024,08/01/2024,Jasper,19162,8209,5281,5571,15
2024,08/01/2024,Jefferson,7992,3127,2962,1834,14
2024,08/01/2024,Johnson,76427,14756,38726,22400,133
2024,08/01/2024,Jones,10347,4366,2386,3548,5
2024,08/01/2024,Keokuk,4826,2702,968,1125,6
2024,08/01/2024,Kossuth,8287,4425,1677,2140,6
2024,08/01/2024,Lee,15094,5571,5062,4356,13
2024,08/01/2024,Linn,116064,34950,42339,37805,192
2024,08/01/2024,Louisa,4797,2393,945,1434,0
2024,08/01/2024,Lucas,4342,2455,770,1096,5
2024,08/01/2024,Lyon,6937,5640,501,783,2
2024,08/01/2024,Madison,9360,4606,1938,2739,6
2024,08/01/2024,Mahaska,9841,5985,1560,2219,6
2024,08/01/2024,Marion,18627,9691,3599,5215,21
2024,08/01/2024,Marshall,16291,6736,4708,4738,18
2024,08/01/2024,Mills,7854,4849,1371,1525,15
2024,08/01/2024,Mitchell,5347,2538,1169,1615,1
2024,08/01/2024,Monona,4475,2379,996,1066,2
2024,08/01/2024,Monroe,3943,2170,766,991,0
2024,08/01/2024,Montgomery,4462,2806,751,874,3
2024,08/01/2024,Muscatine,17875,7330,4945,5458,40
2024,08/01/2024,O'Brien,7177,5075,799,1257,9
2024,08/01/2024,Osceola,3022,2161,273,575,1
2024,08/01/2024,Page,7415,4921,1002,1451,6
2024,08/01/2024,Palo Alto,4613,2182,1206,1201,4
2024,08/01/2024,Plymouth,13060,7701,1976,3329,11
2024,08/01/2024,Pocahontas,3646,2068,594,955,2
2024,08/01/2024,Polk,236673,73727,94109,66782,356
2024,08/01/2024,Pottawattamie,41211,19372,10820,10544,88
2024,08/01/2024,Poweshiek,9770,3596,2774,3350,10
2024,08/01/2024,Ringgold,2520,1690,425,393,2
2024,08/01/2024,Sac,5344,3196,768,1364,4
2024,08/01/2024,Scott,85102,29303,26039,29115,138
2024,08/01/2024,Shelby,6288,3709,1111,1426,4
2024,08/01/2024,Sioux,18262,14099,1311,2796,9
2024,08/01/2024,Story,44832,14035,15708,14651,82
2024,08/01/2024,Tama,8045,3828,1940,2231,15
2024,08/01/2024,Taylor,2839,1793,414,619,3
2024,08/01/2024,Totals,1558076,631134,462382,453398,1972
2024,08/01/2024,Union,5893,3012,1046,1805,4
2024,08/01/2024,Van Buren,3546,2127,521,871,7
2024,08/01/2024,Wapello,13644,5356,4238,3968,16
2024,08/01/2024,Warren,29816,12949,8224,8416,29
2024,08/01/2024,Washington,10997,5421,2499,3009,13
2024,08/01/2024,Wayne,2962,1882,460,604,2
2024,08/01/2024,Webster,16438,7684,4280,4349,17
2024,08/01/2024,Winnebago,5532,2689,1113,1707,2
2024,08/01/2024,Winneshiek,11585,4281,3588,3666,13
2024,08/01/2024,Woodbury,38278,17658,10050,10284,55
2024,08/01/2024,Worth,3998,1975,915,1080,3
2024,08/01/2024,Wright,5708,3109,1070,1500,4
2024,09/03/2024,Adair,4048,2071,730,1222,2
2024,09/03/2024,Adams,2124,1057,388,671,1
2024,09/03/2024,Allamakee,7350,4095,1445,1776,8
2024,09/03/2024,Appanoose,6160,3222,1263,1637,5
2024,09/03/2024,Audubon,3193,1730,710,734,3
2024,09/03/2024,Benton,14444,6434,2958,4966,13
2024,09/03/2024,Black Hawk,57944,18709,20999,17785,81
2024,09/03/2024,Boone,14902,5845,3976,4973,17
2024,09/03/2024,Bremer,13741,5221,3283,5171,12
2024,09/03/2024,Buchanan,10374,3692,2758,3861,5
2024,09/03/2024,Buena Vista,7318,3570,1632,2070,14
2024,09/03/2024,Butler,7711,4195,1390,2085,9
2024,09/03/2024,Calhoun,5120,2761,842,1494,3
2024,09/03/2024,Carroll,11376,5200,2343,3723,14
2024,09/03/2024,Cass,6704,3975,1104,1588,11
2024,09/03/2024,Cedar,9988,4257,2487,3173,7
2024,09/03/2024,Cerro Gordo,22066,8415,6361,7135,23
2024,09/03/2024,Cherokee,6041,3879,859,1272,4
2024,09/03/2024,Chickasaw,6202,2606,1596,1981,0
2024,09/03/2024,Clarke,4222,2208,888,1091,6
2024,09/03/2024,Clay,8343,4765,1441,2074,12
2024,09/03/2024,Clayton,9413,4550,2146,2663,8
2024,09/03/2024,Clinton,23267,8516,6441,8159,35
2024,09/03/2024,Crawford,6309,3542,1182,1546,5
2024,09/03/2024,Dallas,57869,21713,16277,19496,55
2024,09/03/2024,Davis,3886,2356,813,692,4
2024,09/03/2024,Decatur,3298,1883,695,697,3
2024,09/03/2024,Delaware,9706,4442,1925,3293,9
2024,09/03/2024,Des Moines,18444,6497,6098,5711,30
2024,09/03/2024,Dickinson,11283,6078,1982,3160,9
2024,09/03/2024,Dubuque,50314,17267,18562,14143,64
2024,09/03/2024,Emmet,4547,2194,982,1343,7
2024,09/03/2024,Fayette,9574,4451,2234,2836,13
2024,09/03/2024,Floyd,7451,2708,1903,2805,5
2024,09/03/2024,Franklin,4663,2639,813,1193,3
2024,09/03/2024,Fremont,3622,2255,644,706,3
2024,09/03/2024,Greene,4828,2324,1062,1399,10
2024,09/03/2024,Grundy,6974,3963,1123,1851,4
2024,09/03/2024,Guthrie,6331,3075,1269,1940,3
2024,09/03/2024,Hamilton,7517,3869,1545,2074,3
2024,09/03/2024,Hancock,5664,3258,988,1393,3
2024,09/03/2024,Hardin,8244,4343,1801,2054,10
2024,09/03/2024,Harrison,7110,4196,1346,1508,9
2024,09/03/2024,Henry,9174,4617,1792,2705,10
2024,09/03/2024,Howard,4677,1603,1161,1892,1
2024,09/03/2024,Humboldt,4997,2675,761,1536,4
2024,09/03/2024,Ida,3543,2055,505,970,1
2024,09/03/2024,Iowa,9413,4431,1967,2958,6
2024,09/03/2024,Jackson,10532,4510,2999,2976,8
2024,09/03/2024,Jasper,19279,8240,5293,5642,16
2024,09/03/2024,Jefferson,8051,3121,2971,1887,14
2024,09/03/2024,Johnson,78188,14979,39388,23265,137
2024,09/03/2024,Jones,10437,4399,2395,3596,5
2024,09/03/2024,Keokuk,4855,2710,977,1138,5
2024,09/03/2024,Kossuth,8323,4425,1686,2165,7
2024,09/03/2024,Lee,15257,5595,5086,4471,12
2024,09/03/2024,Linn,117307,35127,42683,38509,206
2024,09/03/2024,Louisa,4835,2397,948,1465,0
2024,09/03/2024,Lucas,4417,2492,777,1125,5
2024,09/03/2024,Lyon,6989,5650,511,815,2
2024,09/03/2024,Madison,9409,4616,1947,2769,5
2024,09/03/2024,Mahaska,9897,6005,1570,2240,8
2024,09/03/2024,Marion,18790,9738,3623,5308,21
2024,09/03/2024,Marshall,16445,6774,4733,4826,18
2024,09/03/2024,Mills,7946,4896,1388,1550,16
2024,09/03/2024,Mitchell,5373,2541,1177,1631,1
2024,09/03/2024,Monona,4504,2395,1000,1074,3
2024,09/03/2024,Monroe,3978,2168,772,1022,0
2024,09/03/2024,Montgomery,4516,2817,759,910,3
2024,09/03/2024,Muscatine,18107,7383,5003,5580,39
2024,09/03/2024,O'Brien,7228,5095,806,1281,9
2024,09/03/2024,Osceola,3031,2164,271,583,1
2024,09/03/2024,Page,7491,4936,1019,1494,6
2024,09/03/2024,Palo Alto,4627,2188,1206,1208,4
2024,09/03/2024,Plymouth,13161,7752,1990,3363,11
2024,09/03/2024,Pocahontas,3657,2062,600,966,2
2024,09/03/2024,Polk,239261,74153,94926,68096,366
2024,09/03/2024,Pottawattamie,41818,19577,10960,10797,91
2024,09/03/2024,Poweshiek,9836,3597,2787,3401,10
2024,09/03/2024,Ringgold,2521,1686,423,400,2
2024,09/03/2024,Sac,5376,3206,772,1383,4
2024,09/03/2024,Scott,86117,29460,26321,29675,141
2024,09/03/2024,Shelby,6317,3713,1120,1442,4
2024,09/03/2024,Sioux,18364,14117,1333,2857,9
2024,09/03/2024,Story,45355,14099,15856,14951,86
2024,09/03/2024,Tama,8065,3830,1946,2242,15
2024,09/03/2024,Taylor,2858,1798,422,624,3
2024,09/03/2024,Totals,1573754,634257,466252,461883,2037
2024,09/03/2024,Union,5927,3016,1056,1827,3
2024,09/03/2024,Van Buren,3571,2127,528,888,7
2024,09/03/2024,Wapello,13763,5387,4258,4033,16
2024,09/03/2024,Warren,30137,13017,8312,8576,30
2024,09/03/2024,Washington,11101,5446,2520,3065,14
2024,09/03/2024,Wayne,2993,1891,474,611,2
2024,09/03/2024,Webster,16566,7716,4310,4412,18
2024,09/03/2024,Winnebago,5566,2703,1122,1718,2
2024,09/03/2024,Winneshiek,11678,4291,3613,3724,13
2024,09/03/2024,Woodbury,38674,17741,10155,10480,62
2024,09/03/2024,Worth,4032,1985,919,1100,3
2024,09/03/2024,Wright,5739,3119,1071,1517,5
2024,10/01/2024,Adair,4075,2083,733,1233,2
2024,10/01/2024,Adams,2159,1075,390,685,2
2024,10/01/2024,Allamakee,7445,4128,1461,1817,9
2024,10/01/2024,Appanoose,6270,3254,1289,1688,6
2024,10/01/2024,Audubon,3249,1750,728,751,3
2024,10/01/2024,Benton,14576,6459,2992,5041,13
2024,10/01/2024,Black Hawk,59136,18962,21495,18167,89
2024,10/01/2024,Boone,15155,5911,4011,5122,15
2024,10/01/2024,Bremer,13898,5254,3311,5267,11
2024,10/01/2024,Buchanan,10525,3734,2786,3941,5
2024,10/01/2024,Buena Vista,7427,3609,1662,2110,15
2024,10/01/2024,Butler,7833,4245,1415,2130,10
2024,10/01/2024,Calhoun,5187,2786,856,1517,3
2024,10/01/2024,Carroll,11544,5250,2375,3809,14
2024,10/01/2024,Cass,6851,4034,1129,1647,11
2024,10/01/2024,Cedar,10182,4319,2525,3264,7
2024,10/01/2024,Cerro Gordo,22442,8497,6455,7328,25
2024,10/01/2024,Cherokee,6092,3887,864,1307,4
2024,10/01/2024,Chickasaw,6276,2649,1596,2012,0
2024,10/01/2024,Clarke,4296,2233,903,1122,5
2024,10/01/2024,Clay,8425,4786,1459,2116,11
2024,10/01/2024,Clayton,9520,4595,2159,2711,8
2024,10/01/2024,Clinton,23751,8649,6513,8441,34
2024,10/01/2024,Crawford,6383,3545,1211,1586,5
2024,10/01/2024,Dallas,59515,22230,16884,19970,59
2024,10/01/2024,Davis,3940,2366,831,719,3
2024,10/01/2024,Decatur,3369,1914,706,725,4
2024,10/01/2024,Delaware,9850,4499,1952,3353,9
2024,10/01/2024,Des Moines,18783,6596,6154,5887,30
2024,10/01/2024,Dickinson,11503,6173,2047,3219,10
2024,10/01/2024,Dubuque,51266,17557,18919,14405,67
2024,10/01/2024,Emmet,4636,2220,1001,1385,8
2024,10/01/2024,Fayette,9745,4481,2290,2919,13
2024,10/01/2024,Floyd,7569,2746,1936,2851,5
2024,10/01/2024,Franklin,4709,2649,831,1209,3
2024,10/01/2024,Fremont,3691,2282,650,741,4
2024,10/01/2024,Greene,4864,2333,1068,1417,11
2024,10/01/2024,Grundy,7100,4008,1156,1894,6
2024,10/01/2024,Guthrie,6443,3119,1292,1985,3
2024,10/01/2024,Hamilton,7614,3910,1566,2105,4
2024,10/01/2024,Hancock,5741,3287,1003,1422,3
2024,10/01/2024,Hardin,8353,4393,1816,2094,11
2024,10/01/2024,Harrison,7279,4262,1388,1566,8
2024,10/01/2024,Henry,9410,4692,1830,2823,11
2024,10/01/2024,Howard,4753,1624,1165,1943,2
2024,10/01/2024,Humboldt,5043,2689,775,1553,4
2024,10/01/2024,Ida,3583,2061,511,998,1
2024,10/01/2024,Iowa,9529,4469,1988,3011,4
2024,10/01/2024,Jackson,10698,4550,3044,3056,9
2024,10/01/2024,Jasper,19574,8321,5371,5772,16
2024,10/01/2024,Jefferson,8186,3158,3010,1942,16
2024,10/01/2024,Johnson,80938,15427,40580,24312,156
2024,10/01/2024,Jones,10609,4445,2421,3692,5
2024,10/01/2024,Keokuk,4932,2736,992,1173,5
2024,10/01/2024,Kossuth,8390,4442,1697,2196,9
2024,10/01/2024,Lee,15565,5693,5140,4625,14
2024,10/01/2024,Linn,119978,35713,43718,39469,204
2024,10/01/2024,Louisa,4911,2419,956,1508,1
2024,10/01/2024,Lucas,4476,2507,792,1153,5
2024,10/01/2024,Lyon,7036,5684,513,825,3
2024,10/01/2024,Madison,9575,4675,1980,2838,5
2024,10/01/2024,Mahaska,10120,6102,1613,2316,11
2024,10/01/2024,Marion,19107,9860,3669,5456,22
2024,10/01/2024,Marshall,16766,6876,4798,4970,19
2024,10/01/2024,Mills,8086,4955,1421,1591,16
2024,10/01/2024,Mitchell,5487,2580,1210,1670,2
2024,10/01/2024,Monona,4569,2435,1019,1081,3
2024,10/01/2024,Monroe,4029,2179,792,1040,1
2024,10/01/2024,Montgomery,4612,2858,783,940,4
2024,10/01/2024,Muscatine,18513,7456,5085,5818,42
2024,10/01/2024,O'Brien,7321,5139,829,1304,9
2024,10/01/2024,Osceola,3054,2176,270,595,1
2024,10/01/2024,Page,7627,4975,1057,1548,7
2024,10/01/2024,Palo Alto,4701,2210,1224,1241,4
2024,10/01/2024,Plymouth,13416,7854,2029,3474,11
2024,10/01/2024,Pocahontas,3688,2068,611,977,3
2024,10/01/2024,Polk,245114,75471,96855,70516,381
2024,10/01/2024,Pottawattamie,42883,19904,11274,11211,96
2024,10/01/2024,Poweshiek,10188,3649,2929,3555,13
2024,10/01/2024,Ringgold,2566,1709,427,417,2
2024,10/01/2024,Sac,5429,3224,772,1418,4
2024,10/01/2024,Scott,88163,29994,27022,30434,149
2024,10/01/2024,Shelby,6394,3732,1144,1473,4
2024,10/01/2024,Sioux,18514,14159,1358,2939,10
2024,10/01/2024,Story,46207,14314,16111,15313,93
2024,10/01/2024,Tama,8143,3844,1966,2285,15
2024,10/01/2024,Taylor,2899,1821,424,638,3
2024,10/01/2024,Totals,1606466,643051,476193,475029,2146
2024,10/01/2024,Union,6014,3039,1081,1863,3
2024,10/01/2024,Van Buren,3742,2212,536,966,7
2024,10/01/2024,Wapello,13986,5467,4289,4141,16
2024,10/01/2024,Warren,30903,13260,8514,8894,31
2024,10/01/2024,Washington,11293,5511,2578,3131,14
2024,10/01/2024,Wayne,3036,1912,483,623,2
2024,10/01/2024,Webster,16941,7839,4395,4571,20
2024,10/01/2024,Winnebago,5626,2716,1134,1752,2
2024,10/01/2024,Winneshiek,11909,4356,3668,3832,14
2024,10/01/2024,Woodbury,39648,18027,10524,10765,66
2024,10/01/2024,Worth,4098,1999,926,1145,3
2024,10/01/2024,Wright,5821,3145,1082,1559,5
2024,11/01/2024,Adair,4205,2151,738,1288,3
2024,11/01/2024,Adams,2215,1114,394,697,2
2024,11/01/2024,Allamakee,7751,4277,1536,1889,10
2024,11/01/2024,Appanoose,6590,3417,1341,1785,7
2024,11/01/2024,Audubon,3367,1797,751,798,3
2024,11/01/2024,Benton,14961,6591,3056,5222,14
2024,11/01/2024,Black Hawk,62106,19809,22453,19239,102
2024,11/01/2024,Boone,15799,6175,4137,5367,15
2024,11/01/2024,Bremer,14505,5493,3384,5559,12
2024,11/01/2024,Buchanan,10884,3882,2836,4101,5
2024,11/01/2024,Buena Vista,7789,3756,1743,2240,14
2024,11/01/2024,Butler,8091,4388,1432,2228,8
2024,11/01/2024,Calhoun,5324,2843,883,1568,2
2024,11/01/2024,Carroll,11868,5396,2422,3938,14
2024,11/01/2024,Cass,7267,4242,1200,1782,11
2024,11/01/2024,Cedar,10673,4498,2629,3461,10
2024,11/01/2024,Cerro Gordo,23466,8826,6699,7763,29
2024,11/01/2024,Cherokee,6298,3991,890,1377,4
2024,11/01/2024,Chickasaw,6496,2753,1632,2089,1
2024,11/01/2024,Clarke,4553,2344,953,1212,5
2024,11/01/2024,Clay,8820,4979,1529,2242,12
2024,11/01/2024,Clayton,9786,4716,2204,2812,8
2024,11/01/2024,Clinton,24995,9094,6811,8923,41
2024,11/01/2024,Crawford,6592,3610,1265,1672,6
2024,11/01/2024,Dallas,62914,23502,17797,21084,69
2024,11/01/2024,Davis,4029,2417,833,754,3
2024,11/01/2024,Decatur,3549,1994,740,783,4
2024,11/01/2024,Delaware,10155,4648,2005,3451,9
2024,11/01/2024,Des Moines,19814,6965,6463,6203,33
2024,11/01/2024,Dickinson,11919,6377,2100,3368,11
2024,11/01/2024,Dubuque,53996,18815,19643,15049,74
2024,11/01/2024,Emmet,4852,2304,1054,1464,8
2024,11/01/2024,Fayette,9988,4585,2323,3021,14
2024,11/01/2024,Floyd,7866,2854,1999,2975,7
2024,11/01/2024,Franklin,4843,2713,851,1260,4
2024,11/01/2024,Fremont,3846,2376,658,785,5
2024,11/01/2024,Greene,5044,2422,1100,1475,11
2024,11/01/2024,Grundy,7316,4122,1195,1947,9
2024,11/01/2024,Guthrie,6718,3221,1347,2101,3
2024,11/01/2024,Hamilton,7893,4049,1654,2153,4
2024,11/01/2024,Hancock,5955,3392,1047,1470,4
2024,11/01/2024,Hardin,8561,4475,1864,2163,13
2024,11/01/2024,Harrison,7737,4470,1449,1746,10
2024,11/01/2024,Henry,9840,4870,1925,2969,13
2024,11/01/2024,Howard,4937,1691,1194,2027,3
2024,11/01/2024,Humboldt,5204,2761,806,1611,4
2024,11/01/2024,Ida,3719,2123,522,1061,1
2024,11/01/2024,Iowa,9851,4584,2065,3132,6
2024,11/01/2024,Jackson,11138,4713,3137,3232,11
2024,11/01/2024,Jasper,20428,8646,5586,6060,19
2024,11/01/2024,Jefferson,8536,3276,3117,2061,15
2024,11/01/2024,Johnson,86595,16518,42902,26448,186
2024,11/01/2024,Jones,11079,4633,2488,3905,5
2024,11/01/2024,Keokuk,5139,2839,1013,1255,5
2024,11/01/2024,Kossuth,8598,4547,1721,2271,9
2024,11/01/2024,Lee,16476,6007,5368,4989,15
2024,11/01/2024,Linn,124668,37204,45258,40986,222
2024,11/01/2024,Louisa,5225,2522,1021,1650,3
2024,11/01/2024,Lucas,4683,2612,823,1221,5
2024,11/01/2024,Lyon,7206,5811,527,854,2
2024,11/01/2024,Madison,10025,4908,2053,2972,7
2024,11/01/2024,Mahaska,10554,6309,1677,2477,11
2024,11/01/2024,Marion,19882,10170,3804,5778,22
2024,11/01/2024,Marshall,17597,7135,5041,5286,24
2024,11/01/2024,Mills,8502,5164,1510,1700,18
2024,11/01/2024,Mitchell,5741,2686,1254,1770,3
2024,11/01/2024,Monona,4736,2523,1044,1130,4
2024,11/01/2024,Monroe,4220,2276,826,1095,1
2024,11/01/2024,Montgomery,4971,3026,851,1057,4
2024,11/01/2024,Muscatine,19666,7718,5326,6438,49
2024,11/01/2024,O'Brien,7487,5234,851,1348,10
2024,11/01/2024,Osceola,3163,2217,292,642,0
2024,11/01/2024,Page,7834,5074,1096,1612,8
2024,11/01/2024,Palo Alto,4884,2289,1278,1288,4
2024,11/01/2024,Plymouth,14070,8184,2120,3701,12
2024,11/01/2024,Pocahontas,3794,2126,626,1006,4
2024,11/01/2024,Polk,257737,79114,100740,75376,430
2024,11/01/2024,Pottawattamie,45301,20841,11856,12075,102
2024,11/01/2024,Poweshiek,10554,3743,3028,3726,15
2024,11/01/2024,Ringgold,2721,1800,445,463,2
2024,11/01/2024,Sac,5576,3296,791,1469,5
2024,11/01/2024,Scott,92660,31340,28414,32084,163
2024,11/01/2024,Shelby,6637,3842,1192,1558,5
2024,11/01/2024,Sioux,19068,14502,1396,3099,12
2024,11/01/2024,Story,47868,14744,16529,16092,104
2024,11/01/2024,Tama,8434,3943,2010,2424,16
2024,11/01/2024,Taylor,3010,1894,439,653,5
2024,11/01/2024,Totals,1680803,669053,495751,502243,2410
2024,11/01/2024,Union,6262,3116,1152,1954,4
2024,11/01/2024,Van Buren,3825,2261,550,983,8
2024,11/01/2024,Wapello,14788,5743,4512,4429,20
2024,11/01/2024,Warren,32063,13652,8752,9403,38
2024,11/01/2024,Washington,11892,5760,2679,3372,17
2024,11/01/2024,Wayne,3173,1975,499,676,2
2024,11/01/2024,Webster,17521,8023,4522,4828,24
2024,11/01/2024,Winnebago,5787,2772,1153,1837,2
2024,11/01/2024,Winneshiek,12458,4547,3765,4089,18
2024,11/01/2024,Woodbury,41372,18666,11076,11261,69
2024,11/01/2024,Worth,4257,2046,960,1224,4
2024,11/01/2024,Wright,5995,3194,1129,1632,7
2024,12/03/2024,Adair,4361,2213,752,1370,3
2024,12/03/2024,Adams,2415,1184,410,811,1
2024,12/03/2024,Allamakee,8363,4493,1608,2209,10
2024,12/03/2024,Appanoose,7339,3712,1446,2126,10
2024,12/03/2024,Audubon,3620,1911,779,903,5
2024,12/03/2024,Benton,15461,6766,3108,5490,16
2024,12/03/2024,Black Hawk,66412,20867,23557,21339,108
2024,12/03/2024,Boone,17390,6655,4318,6284,15
2024,12/03/2024,Bremer,16084,6005,3579,6412,14
2024,12/03/2024,Buchanan,11361,4050,2877,4367,7
2024,12/03/2024,Buena Vista,8957,4103,2069,2723,16
2024,12/03/2024,Butler,8961,4701,1510,2698,12
2024,12/03/2024,Calhoun,5559,2959,898,1668,4
2024,12/03/2024,Carroll,12778,5683,2548,4428,15
2024,12/03/2024,Cass,8026,4561,1266,2146,13
2024,12/03/2024,Cedar,11780,4847,2801,4039,13
2024,12/03/2024,Cerro Gordo,24606,9159,6870,8382,36
2024,12/03/2024,Cherokee,6845,4212,961,1630,3
2024,12/03/2024,Chickasaw,7037,2938,1704,2365,1
2024,12/03/2024,Clarke,5085,2512,1038,1487,6
2024,12/03/2024,Clay,9263,5197,1556,2429,13
2024,12/03/2024,Clayton,10653,5039,2324,3229,13
2024,12/03/2024,Clinton,25926,9400,6952,9398,44
2024,12/03/2024,Crawford,7054,3762,1363,1883,6
2024,12/03/2024,Dallas,67190,24681,18494,23422,78
2024,12/03/2024,Davis,4192,2506,844,814,3
2024,12/03/2024,Decatur,4144,2236,793,1079,6
2024,12/03/2024,Delaware,11199,5000,2093,4046,12
2024,12/03/2024,Des Moines,20250,7144,6590,6320,35
2024,12/03/2024,Dickinson,12785,6717,2197,3779,13
2024,12/03/2024,Dubuque,59396,20517,21048,17263,91
2024,12/03/2024,Emmet,5442,2486,1148,1774,8
2024,12/03/2024,Fayette,11129,4983,2471,3609,14
2024,12/03/2024,Floyd,8244,2995,2045,3163,9
2024,12/03/2024,Franklin,5478,2946,940,1561,6
2024,12/03/2024,Fremont,4298,2609,707,950,8
2024,12/03/2024,Greene,5313,2517,1131,1612,12
2024,12/03/2024,Grundy,8019,4378,1285,2294,9
2024,12/03/2024,Guthrie,6924,3297,1362,2213,3
2024,12/03/2024,Hamilton,8628,4320,1751,2511,5
2024,12/03/2024,Hancock,6612,3666,1116,1776,6
2024,12/03/2024,Hardin,9024,4687,1897,2375,14
2024,12/03/2024,Harrison,8810,4914,1584,2217,14
2024,12/03/2024,Henry,10900,5204,2084,3530,15
2024,12/03/2024,Howard,5462,1845,1259,2332,4
2024,12/03/2024,Humboldt,5383,2823,809,1722,4
2024,12/03/2024,Ida,4149,2309,581,1245,2
2024,12/03/2024,Iowa,10149,4654,2102,3325,6
2024,12/03/2024,Jackson,12201,4977,3335,3828,12
2024,12/03/2024,Jasper,22586,9284,5994,7150,23
2024,12/03/2024,Jefferson,8935,3412,3163,2269,17
2024,12/03/2024,Johnson,94045,17906,44659,30679,203
2024,12/03/2024,Jones,11576,4793,2537,4187,5
2024,12/03/2024,Keokuk,5745,3068,1087,1551,7
2024,12/03/2024,Kossuth,9370,4840,1820,2643,9
2024,12/03/2024,Lee,17327,6233,5509,5459,21
2024,12/03/2024,Linn,129925,38837,46469,43272,242
2024,12/03/2024,Louisa,5897,2723,1156,1979,4
2024,12/03/2024,Lucas,4931,2730,843,1328,5
2024,12/03/2024,Lyon,7720,6150,568,985,2
2024,12/03/2024,Madison,10523,5126,2095,3206,8
2024,12/03/2024,Mahaska,10760,6377,1688,2600,12
2024,12/03/2024,Marion,20711,10475,3868,6233,22
2024,12/03/2024,Marshall,18731,7388,5359,5837,28
2024,12/03/2024,Mills,8782,5290,1538,1819,19
2024,12/03/2024,Mitchell,6389,2912,1321,2116,8
2024,12/03/2024,Monona,5273,2746,1117,1363,4
2024,12/03/2024,Monroe,4641,2433,868,1316,2
2024,12/03/2024,Montgomery,5688,3367,933,1343,6
2024,12/03/2024,Muscatine,20889,8096,5564,7024,50
2024,12/03/2024,O'Brien,8370,5701,930,1677,9
2024,12/03/2024,Osceola,3551,2429,320,788,1
2024,12/03/2024,Page,8063,5179,1122,1709,8
2024,12/03/2024,Palo Alto,5510,2520,1388,1565,7
2024,12/03/2024,Plymouth,15729,8852,2348,4448,13
2024,12/03/2024,Pocahontas,4090,2253,656,1140,6
2024,12/03/2024,Polk,265873,80964,102204,80125,433
2024,12/03/2024,Pottawattamie,48064,21844,12372,13273,112
2024,12/03/2024,Poweshiek,11501,4006,3166,4267,15
2024,12/03/2024,Ringgold,2963,1929,466,554,2
2024,12/03/2024,Sac,5784,3408,802,1553,5
2024,12/03/2024,Scott,96267,32293,29107,33986,175
2024,12/03/2024,Shelby,7337,4123,1302,1862,8
2024,12/03/2024,Sioux,20925,15566,1531,3743,19
2024,12/03/2024,Story,56323,16752,17897,21054,131
2024,12/03/2024,Tama,8907,4062,2074,2712,16
2024,12/03/2024,Taylor,3229,2017,450,735,4
2024,12/03/2024,Totals,1792958,704548,514617,558699,2668
2024,12/03/2024,Union,6843,3324,1212,2264,4
2024,12/03/2024,Van Buren,4107,2400,568,1106,8
2024,12/03/2024,Wapello,15553,6024,4655,4757,26
2024,12/03/2024,Warren,33904,14280,8942,10401,44
2024,12/03/2024,Washington,12460,5967,2732,3673,17
2024,12/03/2024,Wayne,3491,2112,517,837,2
2024,12/03/2024,Webster,19520,8692,4907,5757,25
2024,12/03/2024,Winnebago,6063,2869,1208,1958,2
2024,12/03/2024,Winneshiek,13261,4777,3874,4549,19
2024,12/03/2024,Woodbury,42801,19079,11491,11840,75
2024,12/03/2024,Worth,4738,2188,1029,1489,4
2024,12/03/2024,Wright,6630,3412,1231,1942,8
2025,01/02/2025,Adair,4589,2302,776,1485,3
2025,01/02/2025,Adams,2408,1182,406,810,1
2025,01/02/2025,Allamakee,8355,4483,1600,2219,10
2025,01/02/2025,Appanoose,7350,3716,1441,2138,10
2025,01/02/2025,Audubon,3620,1912,777,904,5
2025,01/02/2025,Benton,16211,6954,3208,5944,18
2025,01/02/2025,Black Hawk,70850,21920,24948,23272,137
2025,01/02/2025,Boone,17408,6660,4315,6299,15
2025,01/02/2025,Bremer,16156,6037,3577,6451,16
2025,01/02/2025,Buchanan,12059,4184,2978,4822,10
2025,01/02/2025,Buena Vista,8957,4104,2069,2722,16
2025,01/02/2025,Butler,8950,4686,1508,2704,12
2025,01/02/2025,Calhoun,5845,3053,924,1829,5
2025,01/02/2025,Carroll,12881,5749,2544,4464,15
2025,01/02/2025,Cass,8016,4552,1263,2148,13
2025,01/02/2025,Cedar,11776,4845,2793,4045,13
2025,01/02/2025,Cerro Gordo,25994,9422,7180,9189,39
2025,01/02/2025,Cherokee,6847,4205,962,1638,3
2025,01/02/2025,Chickasaw,7038,2939,1698,2371,1
2025,01/02/2025,Clarke,5079,2513,1037,1482,6
2025,01/02/2025,Clay,9754,5410,1628,2627,13
2025,01/02/2025,Clayton,10658,5046,2316,3232,13
2025,01/02/2025,Clinton,27638,9807,7280,10358,50
2025,01/02/2025,Crawford,7615,3936,1512,2121,7
2025,01/02/2025,Dallas,70099,25457,19046,24975,82
2025,01/02/2025,Davis,4414,2577,875,932,4
2025,01/02/2025,Decatur,4130,2228,789,1077,6
2025,01/02/2025,Delaware,11195,5000,2083,4052,12
2025,01/02/2025,Des Moines,22180,7606,7052,7306,40
2025,01/02/2025,Dickinson,12798,6721,2198,3788,12
2025,01/02/2025,Dubuque,59424,20525,20994,17342,89
2025,01/02/2025,Emmet,5437,2484,1149,1771,7
2025,01/02/2025,Fayette,11099,4968,2462,3604,14
2025,01/02/2025,Floyd,8727,3092,2123,3469,9
2025,01/02/2025,Franklin,5481,2939,939,1572,6
2025,01/02/2025,Fremont,4292,2607,702,951,8
2025,01/02/2025,Greene,5572,2610,1173,1734,12
2025,01/02/2025,Grundy,8014,4370,1283,2299,9
2025,01/02/2025,Guthrie,7266,3394,1397,2422,3
2025,01/02/2025,Hamilton,8633,4317,1742,2528,5
2025,01/02/2025,Hancock,6617,3671,1116,1777,6
2025,01/02/2025,Hardin,9582,4906,1988,2618,14
2025,01/02/2025,Harrison,8807,4912,1584,2216,14
2025,01/02/2025,Henry,10909,5207,2083,3538,15
2025,01/02/2025,Howard,5473,1849,1256,2342,4
2025,01/02/2025,Humboldt,5726,2943,837,1908,7
2025,01/02/2025,Ida,4142,2305,577,1246,2
2025,01/02/2025,Iowa,10717,4813,2184,3646,6
2025,01/02/2025,Jackson,12197,4977,3329,3830,12
2025,01/02/2025,Jasper,22561,9277,5976,7150,23
2025,01/02/2025,Jefferson,9382,3539,3271,2476,18
2025,01/02/2025,Johnson,96783,18430,45411,32112,212
2025,01/02/2025,Jones,12282,4963,2632,4624,6
2025,01/02/2025,Keokuk,5736,3062,1083,1552,7
2025,01/02/2025,Kossuth,9347,4820,1813,2648,9
2025,01/02/2025,Lee,18438,6473,5802,6026,24
2025,01/02/2025,Linn,129943,38802,46364,43432,241
2025,01/02/2025,Louisa,5878,2710,1149,1980,4
2025,01/02/2025,Lucas,5182,2827,879,1445,6
2025,01/02/2025,Lyon,7729,6162,561,989,2
2025,01/02/2025,Madison,11052,5309,2168,3471,10
2025,01/02/2025,Mahaska,11964,6853,1839,3166,17
2025,01/02/2025,Marion,21904,10901,4047,6805,27
2025,01/02/2025,Marshall,19884,7643,5719,6370,29
2025,01/02/2025,Mills,8778,5286,1538,1820,18
2025,01/02/2025,Mitchell,6379,2909,1320,2110,8
2025,01/02/2025,Monona,5262,2741,1114,1360,4
2025,01/02/2025,Monroe,4645,2433,868,1321,2
2025,01/02/2025,Montgomery,5676,3358,927,1346,6
2025,01/02/2025,Muscatine,22623,8493,6003,7897,58
2025,01/02/2025,O'Brien,8366,5695,931,1678,9
2025,01/02/2025,Osceola,3553,2427,320,792,1
2025,01/02/2025,Page,8596,5415,1202,1919,10
2025,01/02/2025,Palo Alto,5510,2524,1386,1564,6
2025,01/02/2025,Plymouth,15717,8842,2344,4450,13
2025,01/02/2025,Pocahontas,4093,2258,652,1142,6
2025,01/02/2025,Polk,288737,86035,109081,90677,502
2025,01/02/2025,Pottawattamie,51681,23038,13122,14874,136
2025,01/02/2025,Poweshiek,11513,4003,3166,4282,15
2025,01/02/2025,Ringgold,2962,1929,466,553,2
2025,01/02/2025,Sac,5779,3407,801,1551,5
2025,01/02/2025,Scott,96790,32410,29157,34333,177
2025,01/02/2025,Shelby,7322,4117,1293,1862,8
2025,01/02/2025,Sioux,20908,15545,1528,3752,18
2025,01/02/2025,Story,56066,16667,17809,20977,130
2025,01/02/2025,Tama,9513,4184,2253,3016,15
2025,01/02/2025,Taylor,3412,2091,472,820,4
2025,01/02/2025,Totals,1856461,720798,529607,590163,2861
2025,01/02/2025,Union,6849,3324,1209,2273,4
2025,01/02/2025,Van Buren,4104,2397,567,1107,8
2025,01/02/2025,Wapello,16920,6420,4971,5399,30
2025,01/02/2025,Warren,36229,15047,9356,11522,48
2025,01/02/2025,Washington,13061,6187,2807,3975,17
2025,01/02/2025,Wayne,3491,2111,516,839,2
2025,01/02/2025,Webster,19529,8702,4892,5771,26
2025,01/02/2025,Winnebago,6446,2973,1280,2160,3
2025,01/02/2025,Winneshiek,13267,4772,3874,4560,19
2025,01/02/2025,Woodbury,44279,19597,11710,12572,75
2025,01/02/2025,Worth,4740,2195,1027,1486,4
2025,01/02/2025,Wright,6615,3400,1230,1940,8
2025,02/01/2025,Adair,4597,2305,776,1490,26
2025,02/01/2025,Adams,2411,1184,406,811,10
2025,02/01/2025,Allamakee,8359,4478,1599,2230,52
2025,02/01/2025,Appanoose,7364,3719,1436,2154,55
2025,02/01/2025,Audubon,3616,1907,777,905,27
2025,02/01/2025,Benton,16240,6953,3200,5981,106
2025,02/01/2025,Black Hawk,70874,21903,24898,23364,709
2025,02/01/2025,Boone,17425,6660,4299,6334,132
2025,02/01/2025,Bremer,16157,6037,3570,6459,91
2025,02/01/2025,Buchanan,12074,4193,2968,4839,74
2025,02/01/2025,Buena Vista,8972,4109,2071,2730,62
2025,02/01/2025,Butler,8961,4694,1503,2711,53
2025,02/01/2025,Calhoun,5851,3057,921,1835,38
2025,02/01/2025,Carroll,12896,5756,2542,4474,124
2025,02/01/2025,Cass,8039,4557,1258,2170,54
2025,02/01/2025,Cedar,11781,4841,2790,4057,93
2025,02/01/2025,Cerro Gordo,26068,9437,7173,9253,205
2025,02/01/2025,Cherokee,6842,4199,956,1645,42
2025,02/01/2025,Chickasaw,7033,2933,1694,2377,29
2025,02/01/2025,Clarke,5082,2512,1036,1486,48
2025,02/01/2025,Clay,9766,5426,1623,2629,88
2025,02/01/2025,Clayton,10642,5037,2306,3235,64
2025,02/01/2025,Clinton,27684,9822,7280,10389,193
2025,02/01/2025,Crawford,7607,3933,1507,2121,46
2025,02/01/2025,Dallas,70212,25489,19017,25088,618
2025,02/01/2025,Davis,4422,2580,873,939,30
2025,02/01/2025,Decatur,4125,2223,789,1077,36
2025,02/01/2025,Delaware,11222,5008,2082,4071,61
2025,02/01/2025,Des Moines,22193,7612,7033,7332,216
2025,02/01/2025,Dickinson,12847,6747,2194,3814,92
2025,02/01/2025,Dubuque,59523,20549,20950,17461,563
2025,02/01/2025,Emmet,5456,2496,1152,1775,33
2025,02/01/2025,Fayette,11125,4978,2456,3625,66
2025,02/01/2025,Floyd,8741,3093,2115,3489,44
2025,02/01/2025,Franklin,5482,2934,936,1582,30
2025,02/01/2025,Fremont,4302,2615,701,955,31
2025,02/01/2025,Greene,5582,2618,1175,1734,55
2025,02/01/2025,Grundy,8015,4371,1279,2304,61
2025,02/01/2025,Guthrie,7268,3392,1394,2429,53
2025,02/01/2025,Hamilton,8640,4315,1736,2543,46
2025,02/01/2025,Hancock,6624,3675,1111,1785,53
2025,02/01/2025,Hardin,9580,4902,1985,2623,70
2025,02/01/2025,Harrison,8785,4901,1578,2212,94
2025,02/01/2025,Henry,10931,5205,2086,3557,83
2025,02/01/2025,Howard,5487,1852,1249,2360,26
2025,02/01/2025,Humboldt,5729,2944,835,1912,38
2025,02/01/2025,Ida,4142,2301,574,1253,14
2025,02/01/2025,Iowa,10726,4806,2178,3668,74
2025,02/01/2025,Jackson,12209,4982,3321,3845,61
2025,02/01/2025,Jasper,22580,9294,5964,7166,156
2025,02/01/2025,Jefferson,9375,3536,3262,2482,95
2025,02/01/2025,Johnson,96639,18397,45284,32129,829
2025,02/01/2025,Jones,12280,4959,2622,4634,65
2025,02/01/2025,Keokuk,5748,3066,1083,1560,39
2025,02/01/2025,Kossuth,9343,4818,1808,2651,66
2025,02/01/2025,Lee,18461,6483,5783,6058,137
2025,02/01/2025,Linn,138717,40566,48922,47754,1475
2025,02/01/2025,Louisa,5867,2707,1144,1977,39
2025,02/01/2025,Lucas,5184,2830,872,1451,31
2025,02/01/2025,Lyon,7769,6186,561,1005,17
2025,02/01/2025,Madison,11052,5306,2157,3485,104
2025,02/01/2025,Mahaska,11991,6861,1830,3194,106
2025,02/01/2025,Marion,21896,10892,4028,6829,147
2025,02/01/2025,Marshall,19907,7638,5715,6402,152
2025,02/01/2025,Mills,9491,5608,1646,2097,140
2025,02/01/2025,Mitchell,6380,2912,1316,2112,40
2025,02/01/2025,Monona,5267,2741,1112,1367,47
2025,02/01/2025,Monroe,4652,2434,868,1326,24
2025,02/01/2025,Montgomery,5670,3361,919,1345,45
2025,02/01/2025,Muscatine,22702,8502,5993,7975,232
2025,02/01/2025,O'Brien,8361,5689,928,1682,62
2025,02/01/2025,Osceola,3553,2425,320,794,14
2025,02/01/2025,Page,8606,5408,1201,1936,61
2025,02/01/2025,Palo Alto,5520,2530,1380,1573,37
2025,02/01/2025,Plymouth,15742,8856,2345,4459,82
2025,02/01/2025,Pocahontas,4089,2254,649,1145,41
2025,02/01/2025,Polk,289100,86060,108978,91121,2941
2025,02/01/2025,Pottawattamie,51759,23072,13108,14931,648
2025,02/01/2025,Poweshiek,11510,4005,3154,4289,62
2025,02/01/2025,Ringgold,2960,1931,462,553,14
2025,02/01/2025,Sac,6213,3589,841,1759,24
2025,02/01/2025,Scott,104046,33901,31050,38113,982
2025,02/01/2025,Shelby,7322,4117,1291,1865,49
2025,02/01/2025,Sioux,20933,15549,1523,3777,84
2025,02/01/2025,Story,56098,16656,17778,21053,611
2025,02/01/2025,Tama,9493,4173,2248,3011,61
2025,02/01/2025,Taylor,3411,2089,471,822,29
2025,02/01/2025,Totals,1880150,726311,534684,602959,16196
2025,02/01/2025,Union,6862,3318,1209,2292,43
2025,02/01/2025,Van Buren,4104,2392,566,1113,33
2025,02/01/2025,Wapello,16909,6409,4954,5416,130
2025,02/01/2025,Warren,36216,15041,9322,11552,301
2025,02/01/2025,Washington,13074,6188,2796,3996,94
2025,02/01/2025,Wayne,3488,2107,515,841,25
2025,02/01/2025,Webster,19548,8720,4883,5781,164
2025,02/01/2025,Winnebago,6459,2976,1275,2174,34
2025,02/01/2025,Winneshiek,13289,4777,3874,4577,61
2025,02/01/2025,Woodbury,49411,21138,13026,14771,476
2025,02/01/2025,Worth,4754,2200,1027,1495,32
2025,02/01/2025,Wright,6640,3404,1233,1957,46
2025,03/03/2025,Adair,4536,2275,770,1466,25
2025,03/03/2025,Adams,2391,1176,404,801,10
2025,03/03/2025,Allamakee,8320,4449,1590,2230,51
2025,03/03/2025,Appanoose,7301,3678,1424,2144,55
2025,03/03/2025,Audubon,3582,1893,771,892,26
2025,03/03/2025,Benton,16262,6951,3200,6005,106
2025,03/03/2025,Black Hawk,70242,21711,24600,23230,701
2025,03/03/2025,Boone,17260,6599,4249,6286,126
2025,03/03/2025,Bremer,16022,5977,3532,6424,89
2025,03/03/2025,Buchanan,12006,4185,2938,4809,74
2025,03/03/2025,Buena Vista,8926,4083,2062,2719,62
2025,03/03/2025,Butler,8918,4672,1491,2703,52
2025,03/03/2025,Calhoun,5814,3042,914,1820,38
2025,03/03/2025,Carroll,12807,5725,2514,4445,123
2025,03/03/2025,Cass,7956,4516,1240,2146,54
2025,03/03/2025,Cedar,11707,4817,2764,4034,92
2025,03/03/2025,Cerro Gordo,25794,9340,7082,9171,201
2025,03/03/2025,Cherokee,6797,4171,948,1636,42
2025,03/03/2025,Chickasaw,7005,2918,1685,2373,29
2025,03/03/2025,Clarke,5009,2476,1016,1469,48
2025,03/03/2025,Clay,9673,5376,1598,2612,87
2025,03/03/2025,Clayton,10573,5021,2286,3202,64
2025,03/03/2025,Clinton,27446,9750,7201,10302,193
2025,03/03/2025,Crawford,7565,3912,1492,2115,46
2025,03/03/2025,Dallas,69106,25069,18687,24741,609
2025,03/03/2025,Davis,4383,2561,868,924,30
2025,03/03/2025,Decatur,4075,2193,780,1066,36
2025,03/03/2025,Delaware,11167,4982,2065,4059,61
2025,03/03/2025,Des Moines,21982,7535,6954,7279,214
2025,03/03/2025,Dickinson,12725,6688,2173,3771,93
2025,03/03/2025,Dubuque,59057,20390,20769,17344,554
2025,03/03/2025,Emmet,5415,2489,1129,1766,31
2025,03/03/2025,Fayette,11120,4975,2441,3638,66
2025,03/03/2025,Floyd,8704,3080,2100,3480,44
2025,03/03/2025,Franklin,5440,2918,926,1568,28
2025,03/03/2025,Fremont,4266,2591,696,947,32
2025,03/03/2025,Greene,5534,2591,1161,1727,55
2025,03/03/2025,Grundy,7955,4330,1269,2295,61
2025,03/03/2025,Guthrie,7217,3369,1377,2419,52
2025,03/03/2025,Hamilton,8580,4282,1723,2529,46
2025,03/03/2025,Hancock,6598,3670,1099,1778,51
2025,03/03/2025,Hardin,9516,4861,1971,2614,70
2025,03/03/2025,Harrison,8681,4836,1556,2195,94
2025,03/03/2025,Henry,10835,5157,2062,3535,81
2025,03/03/2025,Howard,5442,1840,1236,2340,26
2025,03/03/2025,Humboldt,5720,2939,834,1909,38
2025,03/03/2025,Ida,4113,2290,567,1242,14
2025,03/03/2025,Iowa,10655,4767,2157,3657,74
2025,03/03/2025,Jackson,12138,4957,3278,3842,61
2025,03/03/2025,Jasper,22415,9232,5909,7122,152
2025,03/03/2025,Jefferson,9261,3497,3215,2456,93
2025,03/03/2025,Johnson,95243,18159,44513,31750,821
2025,03/03/2025,Jones,12197,4911,2593,4629,64
2025,03/03/2025,Keokuk,5693,3037,1080,1537,39
2025,03/03/2025,Kossuth,9296,4798,1791,2641,66
2025,03/03/2025,Lee,18293,6413,5732,6013,135
2025,03/03/2025,Linn,137576,40166,48458,47488,1464
2025,03/03/2025,Louisa,5834,2687,1138,1969,40
2025,03/03/2025,Lucas,5131,2794,864,1441,32
2025,03/03/2025,Lyon,7736,6164,554,1002,16
2025,03/03/2025,Madison,10940,5238,2145,3455,102
2025,03/03/2025,Mahaska,11922,6814,1815,3189,104
2025,03/03/2025,Marion,21752,10833,3983,6789,147
2025,03/03/2025,Marshall,19779,7576,5668,6387,148
2025,03/03/2025,Mills,9479,5600,1640,2099,140
2025,03/03/2025,Mitchell,6343,2897,1303,2103,40
2025,03/03/2025,Monona,5233,2723,1098,1364,48
2025,03/03/2025,Monroe,4611,2413,860,1314,24
2025,03/03/2025,Montgomery,5624,3335,906,1338,45
2025,03/03/2025,Muscatine,22579,8436,5939,7975,229
2025,03/03/2025,O'Brien,8299,5648,918,1675,58
2025,03/03/2025,Osceola,3537,2415,318,790,14
2025,03/03/2025,Page,8618,5411,1199,1947,61
2025,03/03/2025,Palo Alto,5510,2523,1378,1572,37
2025,03/03/2025,Plymouth,15635,8801,2318,4435,81
2025,03/03/2025,Pocahontas,4037,2225,638,1134,40
2025,03/03/2025,Polk,289649,86133,108981,91596,2939
2025,03/03/2025,Pottawattamie,51155,22819,12903,14789,644
2025,03/03/2025,Poweshiek,11387,3971,3104,4252,60
2025,03/03/2025,Ringgold,2932,1917,453,548,14
2025,03/03/2025,Sac,6171,3559,831,1757,24
2025,03/03/2025,Scott,102694,33471,30588,37676,959
2025,03/03/2025,Shelby,7315,4104,1285,1877,49
2025,03/03/2025,Sioux,20807,15488,1496,3741,82
2025,03/03/2025,Story,56136,16651,17744,21134,607
2025,03/03/2025,Tama,9425,4146,2230,2988,61
2025,03/03/2025,Taylor,3376,2066,462,819,29
2025,03/03/2025,Totals,1867282,721205,529915,600119,16043
2025,03/03/2025,Union,6809,3288,1196,2283,42
2025,03/03/2025,Van Buren,4082,2384,561,1105,32
2025,03/03/2025,Wapello,16758,6341,4898,5389,130
2025,03/03/2025,Warren,35896,14912,9220,11464,300
2025,03/03/2025,Washington,13013,6159,2787,3974,93
2025,03/03/2025,Wayne,3460,2088,513,834,25
2025,03/03/2025,Webster,19423,8678,4839,5743,163
2025,03/03/2025,Winnebago,6390,2937,1261,2158,34
2025,03/03/2025,Winneshiek,13168,4741,3816,4551,60
2025,03/03/2025,Woodbury,49017,20966,12886,14700,465
2025,03/03/2025,Worth,4724,2195,1020,1478,31
2025,03/03/2025,Wright,6586,3372,1219,1950,45
2025,04/01/2025,Adair,4240,2177,724,1317,22
2025,04/01/2025,Adams,2236,1139,378,710,9
2025,04/01/2025,Allamakee,7714,4242,1501,1929,42
2025,04/01/2025,Appanoose,6816,3531,1319,1916,50
2025,04/01/2025,Audubon,3378,1828,725,802,23
2025,04/01/2025,Benton,15127,6647,3027,5363,90
2025,04/01/2025,Black Hawk,65553,20781,23208,20946,618
2025,04/01/2025,Boone,16217,6329,4055,5717,116
2025,04/01/2025,Bremer,15165,5761,3379,5939,86
2025,04/01/2025,Buchanan,11263,4020,2788,4394,61
2025,04/01/2025,Buena Vista,8036,3788,1872,2322,54
2025,04/01/2025,Butler,8430,4498,1417,2468,47
2025,04/01/2025,Calhoun,5398,2887,837,1637,37
2025,04/01/2025,Carroll,11872,5430,2360,3975,107
2025,04/01/2025,Cass,7489,4333,1179,1930,47
2025,04/01/2025,Cedar,11077,4638,2642,3717,80
2025,04/01/2025,Cerro Gordo,24152,8959,6766,8245,182
2025,04/01/2025,Cherokee,6389,4020,888,1443,38
2025,04/01/2025,Chickasaw,6553,2794,1596,2137,26
2025,04/01/2025,Clarke,4683,2390,953,1297,43
2025,04/01/2025,Clay,9009,5128,1493,2313,75
2025,04/01/2025,Clayton,9865,4791,2139,2881,54
2025,04/01/2025,Clinton,25337,9336,6812,9021,168
2025,04/01/2025,Crawford,6960,3685,1363,1871,41
2025,04/01/2025,Dallas,65349,24072,17994,22726,557
2025,04/01/2025,Davis,4110,2456,815,815,24
2025,04/01/2025,Decatur,3819,2095,728,970,26
2025,04/01/2025,Delaware,10577,4809,1971,3742,55
2025,04/01/2025,Des Moines,20190,7165,6551,6280,194
2025,04/01/2025,Dickinson,11875,6361,2067,3365,82
2025,04/01/2025,Dubuque,55501,19581,19850,15580,490
2025,04/01/2025,Emmet,5038,2378,1064,1570,26
2025,04/01/2025,Fayette,10351,4752,2271,3269,59
2025,04/01/2025,Floyd,8106,2944,1980,3145,37
2025,04/01/2025,Franklin,5132,2814,876,1416,26
2025,04/01/2025,Fremont,3973,2446,658,839,30
2025,04/01/2025,Greene,5154,2460,1095,1556,43
2025,04/01/2025,Grundy,7565,4197,1210,2105,53
2025,04/01/2025,Guthrie,6842,3246,1317,2234,45
2025,04/01/2025,Hamilton,7986,4110,1616,2218,42
2025,04/01/2025,Hancock,6234,3536,1044,1605,49
2025,04/01/2025,Hardin,8844,4608,1835,2338,63
2025,04/01/2025,Harrison,8230,4650,1486,2009,85
2025,04/01/2025,Henry,10088,4933,1966,3122,67
2025,04/01/2025,Howard,5126,1783,1187,2132,24
2025,04/01/2025,Humboldt,5302,2793,780,1695,34
2025,04/01/2025,Ida,3855,2178,538,1130,9
2025,04/01/2025,Iowa,10052,4595,2055,3332,70
2025,04/01/2025,Jackson,11397,4769,3109,3466,53
2025,04/01/2025,Jasper,21013,8871,5617,6389,136
2025,04/01/2025,Jefferson,8698,3325,3080,2211,82
2025,04/01/2025,Johnson,89254,17283,42333,28874,764
2025,04/01/2025,Jones,11471,4718,2470,4226,57
2025,04/01/2025,Keokuk,5337,2908,1008,1391,30
2025,04/01/2025,Kossuth,8763,4605,1706,2395,57
2025,04/01/2025,Lee,17013,6145,5449,5298,121
2025,04/01/2025,Linn,128341,38412,46017,42597,1315
2025,04/01/2025,Louisa,5430,2570,1070,1755,35
2025,04/01/2025,Lucas,4818,2689,811,1288,30
2025,04/01/2025,Lyon,7376,5963,521,876,16
2025,04/01/2025,Madison,10384,5079,2057,3158,90
2025,04/01/2025,Mahaska,11179,6487,1710,2890,92
2025,04/01/2025,Marion,20509,10440,3802,6132,135
2025,04/01/2025,Marshall,18290,7257,5309,5594,130
2025,04/01/2025,Mills,8655,5225,1493,1811,126
2025,04/01/2025,Mitchell,5964,2794,1224,1910,36
2025,04/01/2025,Monona,4897,2603,1028,1224,42
2025,04/01/2025,Monroe,4357,2309,832,1193,23
2025,04/01/2025,Montgomery,5281,3181,864,1196,40
2025,04/01/2025,Muscatine,21093,8040,5619,7234,200
2025,04/01/2025,O'Brien,7827,5421,867,1487,52
2025,04/01/2025,Osceola,3341,2327,295,706,13
2025,04/01/2025,Page,7832,5070,1085,1620,57
2025,04/01/2025,Palo Alto,5182,2400,1328,1420,34
2025,04/01/2025,Plymouth,14743,8463,2173,4032,75
2025,04/01/2025,Pocahontas,3763,2112,583,1035,33
2025,04/01/2025,Polk,267516,81325,102114,81458,2619
2025,04/01/2025,Pottawattamie,47152,21531,12048,13021,552
2025,04/01/2025,Poweshiek,10526,3824,2816,3831,55
2025,04/01/2025,Ringgold,2783,1826,437,508,12
2025,04/01/2025,Sac,5750,3399,780,1549,22
2025,04/01/2025,Scott,94902,31916,28787,33328,871
2025,04/01/2025,Shelby,6851,3899,1220,1693,39
2025,04/01/2025,Sioux,19794,15008,1406,3302,78
2025,04/01/2025,Story,51556,15639,16440,18940,537
2025,04/01/2025,Tama,8882,4001,2106,2724,51
2025,04/01/2025,Taylor,3074,1918,417,711,28
2025,04/01/2025,Totals,1739891,688244,500069,537263,14315
2025,04/01/2025,Union,6315,3173,1151,1953,38
2025,04/01/2025,Van Buren,3791,2276,529,959,27
2025,04/01/2025,Wapello,15313,6005,4543,4656,109
2025,04/01/2025,Warren,33798,14259,8800,10467,272
2025,04/01/2025,Washington,12168,5861,2650,3571,86
2025,04/01/2025,Wayne,3229,1999,472,734,24
2025,04/01/2025,Webster,17852,8195,4478,5035,144
2025,04/01/2025,Winnebago,5914,2809,1187,1885,33
2025,04/01/2025,Winneshiek,12583,4617,3646,4265,55
2025,04/01/2025,Woodbury,45166,19913,12101,12739,413
2025,04/01/2025,Worth,4447,2097,966,1355,29
2025,04/01/2025,Wright,6063,3194,1140,1688,41
2025,05/01/2025,Adair,4312,2205,738,1346,23
2025,05/01/2025,Adams,2269,1149,380,731,9
2025,05/01/2025,Allamakee,7721,4239,1498,1942,42
2025,05/01/2025,Appanoose,6888,3560,1336,1943,49
2025,05/01/2025,Audubon,3425,1844,736,822,23
2025,05/01/2025,Benton,15323,6695,3051,5485,92
2025,05/01/2025,Black Hawk,66174,20894,23345,21312,623
2025,05/01/2025,Boone,16394,6358,4084,5834,118
2025,05/01/2025,Bremer,15363,5804,3407,6068,84
2025,05/01/2025,Buchanan,11434,4060,2826,4485,63
2025,05/01/2025,Buena Vista,8143,3821,1889,2377,56
2025,05/01/2025,Butler,8536,4539,1432,2518,47
2025,05/01/2025,Calhoun,5476,2923,846,1670,37
2025,05/01/2025,Carroll,12078,5489,2390,4090,109
2025,05/01/2025,Cass,7560,4356,1185,1973,46
2025,05/01/2025,Cedar,11200,4669,2665,3784,82
2025,05/01/2025,Cerro Gordo,24399,9020,6803,8391,185
2025,05/01/2025,Cherokee,6477,4054,904,1480,39
2025,05/01/2025,Chickasaw,6664,2834,1615,2187,28
2025,05/01/2025,Clarke,4723,2397,959,1323,44
2025,05/01/2025,Clay,9131,5186,1509,2357,79
2025,05/01/2025,Clayton,10014,4837,2171,2953,53
2025,05/01/2025,Clinton,25604,9385,6859,9191,169
2025,05/01/2025,Crawford,7048,3711,1380,1914,43
2025,05/01/2025,Dallas,65953,24248,18066,23075,564
2025,05/01/2025,Davis,4158,2479,815,841,23
2025,05/01/2025,Decatur,3871,2115,742,988,26
2025,05/01/2025,Delaware,10729,4856,1996,3823,54
2025,05/01/2025,Des Moines,20459,7214,6596,6456,193
2025,05/01/2025,Dickinson,12083,6441,2087,3471,84
2025,05/01/2025,Dubuque,56136,19750,19979,15915,492
2025,05/01/2025,Emmet,5113,2405,1077,1605,26
2025,05/01/2025,Fayette,10465,4783,2296,3327,59
2025,05/01/2025,Floyd,8226,2976,1997,3215,38
2025,05/01/2025,Franklin,5201,2841,884,1448,28
2025,05/01/2025,Fremont,4041,2485,665,861,30
2025,05/01/2025,Greene,5209,2484,1100,1582,43
2025,05/01/2025,Grundy,7662,4225,1227,2156,54
2025,05/01/2025,Guthrie,6924,3275,1325,2279,45
2025,05/01/2025,Hamilton,8107,4149,1643,2273,42
2025,05/01/2025,Hancock,6288,3561,1050,1628,49
2025,05/01/2025,Hardin,9028,4697,1869,2398,64
2025,05/01/2025,Harrison,8222,4646,1485,2006,85
2025,05/01/2025,Henry,10179,4962,1966,3184,67
2025,05/01/2025,Howard,5217,1804,1196,2193,24
2025,05/01/2025,Humboldt,5301,2792,780,1695,34
2025,05/01/2025,Ida,3899,2197,546,1146,10
2025,05/01/2025,Iowa,10190,4637,2075,3406,72
2025,05/01/2025,Jackson,11538,4805,3141,3538,54
2025,05/01/2025,Jasper,21219,8924,5671,6483,141
2025,05/01/2025,Jefferson,8748,3349,3086,2230,83
2025,05/01/2025,Johnson,89830,17387,42423,29250,770
2025,05/01/2025,Jones,11604,4744,2482,4321,57
2025,05/01/2025,Keokuk,5383,2922,1017,1412,32
2025,05/01/2025,Kossuth,8869,4641,1725,2445,58
2025,05/01/2025,Lee,17207,6198,5483,5403,123
2025,05/01/2025,Linn,129675,38670,46273,43412,1320
2025,05/01/2025,Louisa,5498,2591,1084,1788,35
2025,05/01/2025,Lucas,4888,2712,828,1319,29
2025,05/01/2025,Lyon,7449,6007,523,903,16
2025,05/01/2025,Madison,10443,5090,2062,3198,93
2025,05/01/2025,Mahaska,11380,6578,1730,2977,95
2025,05/01/2025,Marion,20577,10458,3801,6182,136
2025,05/01/2025,Marshall,18470,7314,5350,5675,131
2025,05/01/2025,Mills,8805,5292,1521,1865,127
2025,05/01/2025,Mitchell,5965,2791,1225,1912,37
2025,05/01/2025,Monona,4957,2618,1044,1251,44
2025,05/01/2025,Monroe,4417,2332,838,1223,24
2025,05/01/2025,Montgomery,5350,3215,868,1227,40
2025,05/01/2025,Muscatine,21308,8094,5655,7358,201
2025,05/01/2025,O'Brien,7925,5469,876,1528,52
2025,05/01/2025,Osceola,3388,2352,299,724,13
2025,05/01/2025,Page,7932,5112,1092,1670,58
2025,05/01/2025,Palo Alto,5233,2416,1333,1448,36
2025,05/01/2025,Plymouth,14906,8546,2184,4098,78
2025,05/01/2025,Pocahontas,3822,2131,596,1060,35
2025,05/01/2025,Polk,269699,81844,102559,82652,2644
2025,05/01/2025,Pottawattamie,47692,21743,12149,13233,567
2025,05/01/2025,Poweshiek,10643,3854,2835,3898,56
2025,05/01/2025,Ringgold,2798,1838,433,515,12
2025,05/01/2025,Sac,5779,3405,781,1571,22
2025,05/01/2025,Scott,95929,32152,28964,33933,880
2025,05/01/2025,Shelby,6954,3937,1234,1744,39
2025,05/01/2025,Sioux,19978,15107,1416,3376,79
2025,05/01/2025,Story,51968,15728,16516,19185,539
2025,05/01/2025,Tama,8968,4035,2126,2755,52
2025,05/01/2025,Taylor,3156,1951,433,744,28
2025,05/01/2025,Totals,1757907,693475,503120,546835,14477
2025,05/01/2025,Union,6382,3191,1155,1998,38
2025,05/01/2025,Van Buren,3828,2292,527,981,28
2025,05/01/2025,Wapello,15476,6051,4589,4725,111
2025,05/01/2025,Warren,34210,14416,8886,10631,277
2025,05/01/2025,Washington,12344,5930,2673,3654,87
2025,05/01/2025,Wayne,3270,2013,477,756,24
2025,05/01/2025,Webster,18068,8271,4517,5133,147
2025,05/01/2025,Winnebago,6014,2839,1213,1929,33
2025,05/01/2025,Winneshiek,12683,4656,3662,4310,55
2025,05/01/2025,Woodbury,45622,20080,12158,12964,420
2025,05/01/2025,Worth,4499,2110,978,1381,30
2025,05/01/2025,Wright,6144,3223,1159,1720,42
2025,06/04/2025,Adair,4317,2211,734,1348,24
2025,06/04/2025,Adams,2266,1148,378,731,9
2025,06/04/2025,Allamakee,7727,4237,1493,1955,42
2025,06/04/2025,Appanoose,6910,3567,1331,1964,48
2025,06/04/2025,Audubon,3434,1851,736,824,23
2025,06/04/2025,Benton,15378,6695,3055,5536,92
2025,06/04/2025,Black Hawk,66325,20910,23340,21447,628
2025,06/04/2025,Boone,16452,6361,4087,5884,120
2025,06/04/2025,Bremer,15406,5810,3405,6107,84
2025,06/04/2025,Buchanan,11509,4078,2832,4534,65
2025,06/04/2025,Buena Vista,8165,3824,1892,2394,55
2025,06/04/2025,Butler,8566,4551,1431,2537,47
2025,06/04/2025,Calhoun,5496,2930,846,1683,37
2025,06/04/2025,Carroll,12135,5507,2390,4128,110
2025,06/04/2025,Cass,7559,4355,1180,1978,46
2025,06/04/2025,Cedar,11219,4672,2665,3799,83
2025,06/04/2025,Cerro Gordo,24480,9032,6797,8465,186
2025,06/04/2025,Cherokee,6494,4060,900,1494,40
2025,06/04/2025,Chickasaw,6691,2843,1608,2211,29
2025,06/04/2025,Clarke,4728,2399,961,1324,44
2025,06/04/2025,Clay,9164,5199,1513,2371,81
2025,06/04/2025,Clayton,10042,4841,2182,2966,53
2025,06/04/2025,Clinton,25719,9417,6857,9274,171
2025,06/04/2025,Crawford,7081,3717,1390,1931,43
2025,06/04/2025,Dallas,66232,24310,18091,23266,565
2025,06/04/2025,Davis,4172,2482,819,848,23
2025,06/04/2025,Decatur,3873,2114,739,992,28
2025,06/04/2025,Delaware,10753,4861,1994,3843,55
2025,06/04/2025,Des Moines,20529,7207,6588,6542,192
2025,06/04/2025,Dickinson,12157,6470,2091,3512,84
2025,06/04/2025,Dubuque,56297,19769,19992,16044,492
2025,06/04/2025,Emmet,5142,2411,1081,1623,27
2025,06/04/2025,Fayette,10509,4795,2304,3351,59
2025,06/04/2025,Floyd,8258,2982,2002,3235,39
2025,06/04/2025,Franklin,5220,2841,887,1464,28
2025,06/04/2025,Fremont,4059,2493,668,868,30
2025,06/04/2025,Greene,5220,2490,1100,1586,44
2025,06/04/2025,Grundy,7685,4225,1228,2178,54
2025,06/04/2025,Guthrie,6947,3281,1322,2298,46
2025,06/04/2025,Hamilton,8127,4154,1646,2284,43
2025,06/04/2025,Hancock,6307,3567,1047,1644,49
2025,06/04/2025,Hardin,9081,4718,1873,2426,64
2025,06/04/2025,Harrison,8221,4645,1485,2006,85
2025,06/04/2025,Henry,10230,4964,1966,3231,69
2025,06/04/2025,Howard,5230,1805,1194,2207,24
2025,06/04/2025,Humboldt,5286,2788,775,1689,34
2025,06/04/2025,Ida,3917,2204,549,1154,10
2025,06/04/2025,Iowa,10221,4640,2074,3436,71
2025,06/04/2025,Jackson,11584,4810,3139,3581,54
2025,06/04/2025,Jasper,21282,8935,5672,6532,143
2025,06/04/2025,Jefferson,8755,3347,3085,2239,84
2025,06/04/2025,Johnson,90051,17408,42435,29442,766
2025,06/04/2025,Jones,11645,4762,2482,4345,56
2025,06/04/2025,Keokuk,5403,2929,1017,1425,32
2025,06/04/2025,Kossuth,8890,4641,1728,2462,59
2025,06/04/2025,Lee,17249,6198,5482,5446,123
2025,06/04/2025,Linn,130216,38730,46288,43871,1327
2025,06/04/2025,Louisa,5520,2590,1085,1809,36
2025,06/04/2025,Lucas,4900,2716,829,1325,30
2025,06/04/2025,Lyon,7474,6021,525,912,16
2025,06/04/2025,Madison,10492,5101,2068,3230,93
2025,06/04/2025,Mahaska,11443,6593,1731,3023,96
2025,06/04/2025,Marion,20817,10544,3837,6297,139
2025,06/04/2025,Marshall,18547,7323,5350,5741,133
2025,06/04/2025,Mills,8862,5324,1525,1886,127
2025,06/04/2025,Mitchell,6043,2806,1242,1959,36
2025,06/04/2025,Monona,4970,2618,1045,1263,44
2025,06/04/2025,Monroe,4440,2338,837,1241,24
2025,06/04/2025,Montgomery,5352,3213,862,1237,40
2025,06/04/2025,Muscatine,21374,8092,5658,7424,200
2025,06/04/2025,O'Brien,7941,5474,878,1536,53
2025,06/04/2025,Osceola,3391,2352,298,728,13
2025,06/04/2025,Page,7959,5118,1093,1690,58
2025,06/04/2025,Palo Alto,5246,2423,1334,1453,36
2025,06/04/2025,Plymouth,14990,8585,2197,4132,76
2025,06/04/2025,Pocahontas,3842,2141,598,1067,36
2025,06/04/2025,Polk,270107,81860,102481,83115,2651
2025,06/04/2025,Pottawattamie,47906,21805,12174,13358,569
2025,06/04/2025,Poweshiek,10668,3857,2835,3920,56
2025,06/04/2025,Ringgold,2800,1837,433,518,12
2025,06/04/2025,Sac,5876,3449,794,1611,22
2025,06/04/2025,Scott,96358,32199,29005,34274,880
2025,06/04/2025,Shelby,6966,3937,1233,1757,39
2025,06/04/2025,Sioux,20070,15159,1421,3413,77
2025,06/04/2025,Story,52135,15760,16510,19327,538
2025,06/04/2025,Tama,8974,4033,2123,2767,51
2025,06/04/2025,Taylor,3162,1955,433,746,28
2025,06/04/2025,Totals,1763618,694599,503259,551236,14524
2025,06/04/2025,Union,6409,3194,1154,2023,38
2025,06/04/2025,Van Buren,3845,2292,525,1000,28
2025,06/04/2025,Wapello,15510,6061,4586,4752,111
2025,06/04/2025,Warren,34288,14440,8891,10677,280
2025,06/04/2025,Washington,12372,5947,2666,3671,88
2025,06/04/2025,Wayne,3268,2013,474,757,24
2025,06/04/2025,Webster,18116,8285,4516,5168,147
2025,06/04/2025,Winnebago,6041,2850,1212,1945,34
2025,06/04/2025,Winneshiek,12697,4654,3658,4330,55
2025,06/04/2025,Woodbury,45774,20118,12159,13079,418
2025,06/04/2025,Worth,4507,2111,976,1390,30
2025,06/04/2025,Wright,6155,3220,1162,1730,43
2025,07/01/2025,Adair,4333,2215,737,1356,25
2025,07/01/2025,Adams,2278,1152,378,739,9
2025,07/01/2025,Allamakee,7727,4236,1492,1957,42
2025,07/01/2025,Appanoose,6915,3561,1330,1976,48
2025,07/01/2025,Audubon,3446,1850,734,839,23
2025,07/01/2025,Benton,15420,6700,3057,5571,92
2025,07/01/2025,Black Hawk,66425,20910,23316,21574,625
2025,07/01/2025,Boone,16516,6378,4084,5932,122
2025,07/01/2025,Bremer,15444,5812,3403,6144,85
2025,07/01/2025,Buchanan,11538,4081,2831,4561,65
2025,07/01/2025,Buena Vista,8183,3826,1895,2407,55
2025,07/01/2025,Butler,8580,4555,1433,2545,47
2025,07/01/2025,Calhoun,5505,2935,845,1689,36
2025,07/01/2025,Carroll,12177,5519,2388,4160,110
2025,07/01/2025,Cass,7571,4360,1177,1988,46
2025,07/01/2025,Cedar,11254,4678,2664,3828,84
2025,07/01/2025,Cerro Gordo,24526,9043,6782,8515,186
2025,07/01/2025,Cherokee,6511,4065,900,1506,40
2025,07/01/2025,Chickasaw,6710,2845,1606,2231,28
2025,07/01/2025,Clarke,4736,2401,964,1326,45
2025,07/01/2025,Clay,9206,5223,1513,2388,82
2025,07/01/2025,Clayton,10059,4854,2178,2972,55
2025,07/01/2025,Clinton,25833,9428,6860,9372,173
2025,07/01/2025,Crawford,7107,3732,1389,1943,43
2025,07/01/2025,Dallas,66472,24351,18117,23436,568
2025,07/01/2025,Davis,4192,2488,821,860,23
2025,07/01/2025,Decatur,3874,2116,738,991,29
2025,07/01/2025,Delaware,10790,4878,1989,3867,56
2025,07/01/2025,Des Moines,20602,7217,6568,6625,192
2025,07/01/2025,Dickinson,12214,6481,2094,3554,85
2025,07/01/2025,Dubuque,56444,19796,19999,16159,490
2025,07/01/2025,Emmet,5166,2423,1081,1635,27
2025,07/01/2025,Fayette,10534,4801,2309,3366,58
2025,07/01/2025,Floyd,8275,2986,2006,3244,39
2025,07/01/2025,Franklin,5233,2849,888,1468,28
2025,07/01/2025,Fremont,4062,2492,666,874,30
2025,07/01/2025,Greene,5219,2491,1097,1586,45
2025,07/01/2025,Grundy,7696,4228,1231,2182,55
2025,07/01/2025,Guthrie,6974,3295,1321,2312,46
2025,07/01/2025,Hamilton,8152,4150,1648,2310,44
2025,07/01/2025,Hancock,6323,3572,1046,1656,49
2025,07/01/2025,Hardin,9094,4716,1867,2446,65
2025,07/01/2025,Harrison,8317,4681,1505,2045,86
2025,07/01/2025,Henry,10248,4967,1964,3247,70
2025,07/01/2025,Howard,5243,1808,1192,2219,24
2025,07/01/2025,Humboldt,5281,2783,775,1689,34
2025,07/01/2025,Ida,3934,2207,550,1167,10
2025,07/01/2025,Iowa,10241,4640,2068,3463,70
2025,07/01/2025,Jackson,11613,4806,3138,3615,54
2025,07/01/2025,Jasper,21334,8949,5668,6575,142
2025,07/01/2025,Jefferson,8767,3344,3088,2252,83
2025,07/01/2025,Johnson,90299,17419,42438,29676,766
2025,07/01/2025,Jones,11656,4763,2469,4368,56
2025,07/01/2025,Keokuk,5406,2938,1016,1420,32
2025,07/01/2025,Kossuth,8911,4643,1729,2480,59
2025,07/01/2025,Lee,17285,6205,5465,5491,124
2025,07/01/2025,Linn,130653,38774,46278,44271,1330
2025,07/01/2025,Louisa,5533,2593,1086,1818,36
2025,07/01/2025,Lucas,4910,2721,827,1332,30
2025,07/01/2025,Lyon,7481,6029,524,912,16
2025,07/01/2025,Madison,10529,5103,2069,3262,95
2025,07/01/2025,Mahaska,11478,6596,1723,3064,95
2025,07/01/2025,Marion,20898,10563,3845,6347,143
2025,07/01/2025,Marshall,18622,7336,5352,5798,136
2025,07/01/2025,Mills,8911,5357,1537,1889,128
2025,07/01/2025,Mitchell,6049,2813,1241,1959,36
2025,07/01/2025,Monona,4970,2616,1042,1268,44
2025,07/01/2025,Monroe,4445,2339,834,1248,24
2025,07/01/2025,Montgomery,5351,3206,864,1241,40
2025,07/01/2025,Muscatine,21443,8092,5654,7500,197
2025,07/01/2025,O'Brien,7961,5487,878,1543,53
2025,07/01/2025,Osceola,3396,2351,299,733,13
2025,07/01/2025,Page,7980,5122,1097,1703,58
2025,07/01/2025,Palo Alto,5252,2430,1331,1455,36
2025,07/01/2025,Plymouth,15045,8599,2200,4170,76
2025,07/01/2025,Pocahontas,3851,2148,598,1068,37
2025,07/01/2025,Polk,270732,81899,102482,83695,2656
2025,07/01/2025,Pottawattamie,48026,21828,12196,13431,571
2025,07/01/2025,Poweshiek,10699,3854,2833,3956,56
2025,07/01/2025,Ringgold,2801,1838,433,518,12
2025,07/01/2025,Sac,5872,3448,793,1609,22
2025,07/01/2025,Scott,96712,32225,29027,34581,879
2025,07/01/2025,Shelby,6982,3949,1231,1763,39
2025,07/01/2025,Sioux,20128,15174,1427,3450,77
2025,07/01/2025,Story,52155,15744,16505,19370,536
2025,07/01/2025,Tama,8970,4030,2116,2771,53
2025,07/01/2025,Taylor,3169,1957,435,749,28
2025,07/01/2025,Totals,1768271,695352,503212,555146,14561
2025,07/01/2025,Union,6439,3206,1151,2043,39
2025,07/01/2025,Van Buren,3851,2294,525,1004,28
2025,07/01/2025,Wapello,15553,6073,4582,4787,111
2025,07/01/2025,Warren,34378,14456,8881,10760,281
2025,07/01/2025,Washington,12393,5957,2660,3687,89
2025,07/01/2025,Wayne,3271,2013,474,760,24
2025,07/01/2025,Webster,18164,8301,4521,5193,149
2025,07/01/2025,Winnebago,6065,2851,1215,1965,34
2025,07/01/2025,Winneshiek,12701,4655,3652,4339,55
2025,07/01/2025,Woodbury,45925,20149,12154,13202,420
2025,07/01/2025,Worth,4513,2113,974,1396,30
2025,07/01/2025,Wright,6163,3221,1159,1739,44
2025,08/04/2025,Adair,4344,2221,735,1363,25
2025,08/04/2025,Adams,2283,1147,376,751,9
2025,08/04/2025,Allamakee,7741,4223,1491,1985,42
2025,08/04/2025,Appanoose,6934,3561,1329,1995,49
2025,08/04/2025,Audubon,3451,1850,734,844,23
2025,08/04/2025,Benton,15469,6701,3055,5621,92
2025,08/04/2025,Black Hawk,66524,20900,23302,21697,625
2025,08/04/2025,Boone,16580,6388,4079,5992,121
2025,08/04/2025,Bremer,15466,5804,3403,6174,85
2025,08/04/2025,Buchanan,11577,4101,2818,4592,66
2025,08/04/2025,Buena Vista,8199,3837,1891,2416,55
2025,08/04/2025,Butler,8612,4569,1438,2557,48
2025,08/04/2025,Calhoun,5521,2939,846,1700,36
2025,08/04/2025,Carroll,12238,5551,2383,4194,110
2025,08/04/2025,Cass,7579,4365,1177,1990,47
2025,08/04/2025,Cedar,11259,4679,2664,3833,83
2025,08/04/2025,Cerro Gordo,24588,9038,6791,8576,183
2025,08/04/2025,Cherokee,6533,4070,901,1522,40
2025,08/04/2025,Chickasaw,6710,2845,1604,2234,27
2025,08/04/2025,Clarke,4741,2400,964,1333,44
2025,08/04/2025,Clay,9255,5242,1517,2414,82
2025,08/04/2025,Clayton,10094,4874,2179,2985,56
2025,08/04/2025,Clinton,25911,9438,6832,9469,172
2025,08/04/2025,Crawford,7114,3733,1389,1949,43
2025,08/04/2025,Dallas,66794,24431,18141,23656,566
2025,08/04/2025,Davis,4205,2484,824,874,23
2025,08/04/2025,Decatur,3871,2114,737,991,29
2025,08/04/2025,Delaware,10812,4884,1982,3890,56
2025,08/04/2025,Des Moines,20691,7224,6564,6711,192
2025,08/04/2025,Dickinson,12248,6497,2096,3569,86
2025,08/04/2025,Dubuque,56552,19809,19980,16276,487
2025,08/04/2025,Emmet,5188,2427,1082,1652,27
2025,08/04/2025,Fayette,10556,4803,2309,3385,59
2025,08/04/2025,Floyd,8286,2992,2001,3254,39
2025,08/04/2025,Franklin,5232,2840,891,1472,29
2025,08/04/2025,Fremont,4074,2494,667,882,31
2025,08/04/2025,Greene,5238,2506,1096,1593,43
2025,08/04/2025,Grundy,7727,4227,1229,2216,55
2025,08/04/2025,Guthrie,7001,3301,1319,2335,46
2025,08/04/2025,Hamilton,8171,4154,1649,2324,44
2025,08/04/2025,Hancock,6335,3575,1045,1665,50
2025,08/04/2025,Hardin,9123,4724,1858,2477,64
2025,08/04/2025,Harrison,8303,4671,1495,2050,87
2025,08/04/2025,Henry,10267,4965,1965,3265,72
2025,08/04/2025,Howard,5257,1810,1189,2234,24
2025,08/04/2025,Humboldt,5277,2781,775,1687,34
2025,08/04/2025,Ida,3941,2212,548,1171,10
2025,08/04/2025,Iowa,10272,4647,2064,3490,71
2025,08/04/2025,Jackson,11639,4806,3128,3650,55
2025,08/04/2025,Jasper,21365,8966,5661,6594,144
2025,08/04/2025,Jefferson,8780,3345,3087,2265,83
2025,08/04/2025,Johnson,90505,17414,42400,29931,760
2025,08/04/2025,Jones,11687,4763,2470,4399,55
2025,08/04/2025,Keokuk,5409,2940,1014,1423,32
2025,08/04/2025,Kossuth,8918,4642,1725,2491,60
2025,08/04/2025,Lee,17333,6210,5461,5538,124
2025,08/04/2025,Linn,131084,38806,46294,44648,1336
2025,08/04/2025,Louisa,5526,2591,1085,1814,36
2025,08/04/2025,Lucas,4927,2725,827,1344,31
2025,08/04/2025,Lyon,7528,6061,524,927,16
2025,08/04/2025,Madison,10570,5109,2072,3294,95
2025,08/04/2025,Mahaska,11544,6605,1720,3126,93
2025,08/04/2025,Marion,20961,10590,3844,6385,142
2025,08/04/2025,Marshall,18654,7340,5343,5835,136
2025,08/04/2025,Mills,8944,5373,1539,1903,129
2025,08/04/2025,Mitchell,6058,2820,1242,1960,36
2025,08/04/2025,Monona,4981,2620,1039,1278,44
2025,08/04/2025,Monroe,4455,2341,829,1261,24
2025,08/04/2025,Montgomery,5343,3199,862,1242,40
2025,08/04/2025,Muscatine,21555,8102,5664,7590,199
2025,08/04/2025,O'Brien,7969,5490,876,1550,53
2025,08/04/2025,Osceola,3402,2345,300,745,12
2025,08/04/2025,Page,8011,5139,1103,1711,58
2025,08/04/2025,Palo Alto,5266,2438,1334,1458,36
2025,08/04/2025,Plymouth,15071,8604,2199,4192,76
2025,08/04/2025,Pocahontas,3858,2150,596,1074,38
2025,08/04/2025,Polk,271377,81933,102488,84296,2660
2025,08/04/2025,Pottawattamie,48183,21844,12215,13552,572
2025,08/04/2025,Poweshiek,10745,3867,2838,3984,56
2025,08/04/2025,Ringgold,2806,1842,433,519,12
2025,08/04/2025,Sac,5874,3449,794,1609,22
2025,08/04/2025,Scott,97100,32286,29032,34898,884
2025,08/04/2025,Shelby,7004,3954,1231,1780,39
2025,08/04/2025,Sioux,20208,15189,1436,3506,77
2025,08/04/2025,Story,52235,15737,16495,19467,536
2025,08/04/2025,Tama,8969,4025,2118,2773,53
2025,08/04/2025,Taylor,3167,1953,432,753,29
2025,08/04/2025,Totals,1773004,695992,503115,559321,14576
2025,08/04/2025,Union,6473,3206,1156,2072,39
2025,08/04/2025,Van Buren,3857,2292,523,1014,28
2025,08/04/2025,Wapello,15582,6075,4573,4820,114
2025,08/04/2025,Warren,34470,14466,8893,10827,284
2025,08/04/2025,Washington,12422,5971,2657,3704,90
2025,08/04/2025,Wayne,3267,2010,472,761,24
2025,08/04/2025,Webster,18194,8307,4521,5217,149
2025,08/04/2025,Winnebago,6084,2850,1218,1981,35
2025,08/04/2025,Winneshiek,12723,4648,3658,4363,54
2025,08/04/2025,Woodbury,46093,20174,12156,13347,416
2025,08/04/2025,Worth,4515,2116,973,1396,30
2025,08/04/2025,Wright,6169,3216,1161,1749,43
2025,09/02/2025,Adair,4355,2222,736,1372,25
2025,09/02/2025,Adams,2289,1149,376,755,9
2025,09/02/2025,Allamakee,7859,4266,1506,2043,44
2025,09/02/2025,Appanoose,6954,3563,1327,2015,49
2025,09/02/2025,Audubon,3461,1854,732,852,23
2025,09/02/2025,Benton,15517,6710,3057,5659,91
2025,09/02/2025,Black Hawk,66631,20912,23287,21806,626
2025,09/02/2025,Boone,16624,6394,4079,6030,121
2025,09/02/2025,Bremer,15511,5811,3402,6214,84
2025,09/02/2025,Buchanan,11607,4107,2821,4613,66
2025,09/02/2025,Buena Vista,8211,3838,1896,2421,56
2025,09/02/2025,Butler,8639,4577,1438,2576,48
2025,09/02/2025,Calhoun,5537,2940,846,1714,37
2025,09/02/2025,Carroll,12275,5561,2374,4229,111
2025,09/02/2025,Cass,7583,4365,1172,1999,47
2025,09/02/2025,Cedar,11290,4680,2661,3866,83
2025,09/02/2025,Cerro Gordo,24630,9040,6787,8620,183
2025,09/02/2025,Cherokee,6563,4078,900,1545,40
2025,09/02/2025,Chickasaw,6715,2844,1604,2240,27
2025,09/02/2025,Clarke,4735,2396,965,1330,44
2025,09/02/2025,Clay,9302,5261,1519,2438,84
2025,09/02/2025,Clayton,10129,4895,2180,2997,57
2025,09/02/2025,Clinton,25998,9429,6823,9569,177
2025,09/02/2025,Crawford,7116,3732,1387,1955,42
2025,09/02/2025,Dallas,67059,24478,18187,23829,565
2025,09/02/2025,Davis,4214,2492,823,876,23
2025,09/02/2025,Decatur,3865,2107,740,989,29
2025,09/02/2025,Delaware,10828,4893,1977,3902,56
2025,09/02/2025,Des Moines,20763,7233,6552,6786,192
2025,09/02/2025,Dickinson,12309,6530,2101,3591,87
2025,09/02/2025,Dubuque,56709,19841,19945,16433,490
2025,09/02/2025,Emmet,5207,2436,1082,1662,27
2025,09/02/2025,Fayette,10567,4792,2309,3406,60
2025,09/02/2025,Floyd,8305,2996,1993,3277,39
2025,09/02/2025,Franklin,5236,2840,890,1477,29
2025,09/02/2025,Fremont,4078,2499,665,883,31
2025,09/02/2025,Greene,5248,2512,1101,1592,43
2025,09/02/2025,Grundy,7733,4225,1225,2228,55
2025,09/02/2025,Guthrie,7026,3305,1318,2357,46
2025,09/02/2025,Hamilton,8172,4149,1639,2340,44
2025,09/02/2025,Hancock,6345,3576,1043,1676,50
2025,09/02/2025,Hardin,9131,4725,1857,2485,64
2025,09/02/2025,Harrison,8315,4674,1493,2061,87
2025,09/02/2025,Henry,10288,4965,1968,3283,72
2025,09/02/2025,Howard,5274,1808,1188,2254,24
2025,09/02/2025,Humboldt,5274,2779,774,1687,34
2025,09/02/2025,Ida,3939,2209,548,1172,10
2025,09/02/2025,Iowa,10286,4641,2058,3516,71
2025,09/02/2025,Jackson,11651,4808,3115,3673,55
2025,09/02/2025,Jasper,21367,8962,5647,6615,143
2025,09/02/2025,Jefferson,8774,3334,3086,2270,84
2025,09/02/2025,Johnson,90905,17421,42501,30224,759
2025,09/02/2025,Jones,11721,4763,2466,4438,54
2025,09/02/2025,Keokuk,5417,2947,1010,1429,31
2025,09/02/2025,Kossuth,8935,4643,1725,2507,60
2025,09/02/2025,Lee,17374,6216,5444,5589,125
2025,09/02/2025,Linn,131476,38834,46252,45051,1339
2025,09/02/2025,Louisa,5541,2599,1087,1820,35
2025,09/02/2025,Lucas,4937,2723,829,1354,31
2025,09/02/2025,Lyon,7537,6066,523,932,16
2025,09/02/2025,Madison,10604,5116,2081,3312,95
2025,09/02/2025,Mahaska,11595,6609,1723,3169,94
2025,09/02/2025,Marion,21045,10613,3851,6439,142
2025,09/02/2025,Marshall,18729,7339,5338,5916,136
2025,09/02/2025,Mills,8990,5382,1545,1934,129
2025,09/02/2025,Mitchell,6068,2823,1241,1968,36
2025,09/02/2025,Monona,4999,2629,1036,1290,44
2025,09/02/2025,Monroe,4473,2345,828,1275,25
2025,09/02/2025,Montgomery,5342,3199,858,1245,40
2025,09/02/2025,Muscatine,21616,8106,5645,7668,197
2025,09/02/2025,O'Brien,7974,5486,876,1559,53
2025,09/02/2025,Osceola,3405,2346,299,748,12
2025,09/02/2025,Page,8028,5134,1107,1728,59
2025,09/02/2025,Palo Alto,5274,2436,1335,1467,36
2025,09/02/2025,Plymouth,15101,8607,2202,4213,79
2025,09/02/2025,Pocahontas,3875,2158,597,1083,37
2025,09/02/2025,Polk,271877,81983,102395,84829,2670
2025,09/02/2025,Pottawattamie,48324,21875,12227,13651,571
2025,09/02/2025,Poweshiek,10771,3870,2836,4009,56
2025,09/02/2025,Ringgold,2809,1843,434,519,13
2025,09/02/2025,Sac,5935,3475,797,1641,22
2025,09/02/2025,Scott,97482,32314,29069,35218,881
2025,09/02/2025,Shelby,7016,3961,1233,1783,39
2025,09/02/2025,Sioux,20294,15224,1432,3562,76
2025,09/02/2025,Story,52329,15740,16494,19560,535
2025,09/02/2025,Tama,8965,4018,2114,2780,53
2025,09/02/2025,Taylor,3171,1954,430,758,29
2025,09/02/2025,Totals,1777778,696625,503038,563507,14608
2025,09/02/2025,Union,6491,3203,1153,2097,38
2025,09/02/2025,Van Buren,3863,2290,524,1021,28
2025,09/02/2025,Wapello,15605,6083,4559,4850,113
2025,09/02/2025,Warren,34598,14494,8899,10917,288
2025,09/02/2025,Washington,12459,5976,2664,3728,91
2025,09/02/2025,Wayne,3260,2006,473,758,23
2025,09/02/2025,Webster,18226,8318,4515,5244,149
2025,09/02/2025,Winnebago,6100,2852,1210,2001,37
2025,09/02/2025,Winneshiek,12746,4641,3658,4393,54
2025,09/02/2025,Woodbury,46306,20196,12200,13490,420
2025,09/02/2025,Worth,4521,2116,972,1403,30
2025,09/02/2025,Wright,6175,3220,1152,1759,44
2025,10/01/2025,Adair,4364,2224,738,1377,25
2025,10/01/2025,Adams,2288,1146,374,759,9
2025,10/01/2025,Allamakee,7969,4299,1519,2108,43
2025,10/01/2025,Appanoose,6973,3578,1323,2025,47
2025,10/01/2025,Audubon,3460,1849,732,856,23
2025,10/01/2025,Benton,15554,6712,3063,5688,91
2025,10/01/2025,Black Hawk,66732,20918,23242,21947,625
2025,10/01/2025,Boone,16685,6421,4076,6067,121
2025,10/01/2025,Bremer,15541,5799,3404,6254,84
2025,10/01/2025,Buchanan,11652,4130,2807,4650,65
2025,10/01/2025,Buena Vista,8227,3844,1900,2427,56
2025,10/01/2025,Butler,8666,4584,1443,2591,48
2025,10/01/2025,Calhoun,5534,2936,840,1721,37
2025,10/01/2025,Carroll,12325,5577,2376,4261,111
2025,10/01/2025,Cass,7596,4367,1167,2015,47
2025,10/01/2025,Cedar,11310,4677,2660,3888,85
2025,10/01/2025,Cerro Gordo,24689,9053,6787,8665,184
2025,10/01/2025,Cherokee,6577,4078,902,1557,40
2025,10/01/2025,Chickasaw,6714,2844,1599,2244,27
2025,10/01/2025,Clarke,4729,2392,962,1332,43
2025,10/01/2025,Clay,9320,5258,1516,2462,84
2025,10/01/2025,Clayton,10166,4911,2182,3016,57
2025,10/01/2025,Clinton,26087,9451,6805,9655,176
2025,10/01/2025,Crawford,7124,3728,1390,1964,42
2025,10/01/2025,Dallas,67392,24564,18211,24049,568
2025,10/01/2025,Davis,4226,2505,823,875,23
2025,10/01/2025,Decatur,3858,2104,737,989,28
2025,10/01/2025,Delaware,10866,4912,1972,3927,55
2025,10/01/2025,Des Moines,20828,7229,6532,6871,196
2025,10/01/2025,Dickinson,12365,6566,2096,3616,87
2025,10/01/2025,Dubuque,56871,19891,19902,16590,488
2025,10/01/2025,Emmet,5229,2442,1077,1682,28
2025,10/01/2025,Fayette,10602,4799,2310,3429,64
2025,10/01/2025,Floyd,8338,3005,1989,3306,38
2025,10/01/2025,Franklin,5234,2843,885,1478,28
2025,10/01/2025,Fremont,4099,2505,660,902,32
2025,10/01/2025,Greene,5254,2519,1094,1598,43
2025,10/01/2025,Grundy,7743,4232,1219,2237,55
2025,10/01/2025,Guthrie,7024,3299,1310,2369,46
2025,10/01/2025,Hamilton,8196,4154,1631,2367,44
2025,10/01/2025,Hancock,6359,3579,1041,1688,51
2025,10/01/2025,Hardin,9139,4726,1848,2502,63
2025,10/01/2025,Harrison,8303,4668,1487,2061,87
2025,10/01/2025,Henry,10327,4979,1970,3309,69
2025,10/01/2025,Howard,5284,1806,1183,2271,24
2025,10/01/2025,Humboldt,5459,2836,786,1800,37
2025,10/01/2025,Ida,3950,2216,549,1174,11
2025,10/01/2025,Iowa,10301,4636,2049,3545,71
2025,10/01/2025,Jackson,11701,4821,3108,3717,55
2025,10/01/2025,Jasper,21402,8976,5643,6640,143
2025,10/01/2025,Jefferson,8798,3340,3081,2292,85
2025,10/01/2025,Johnson,91220,17450,42541,30464,765
2025,10/01/2025,Jones,11735,4762,2467,4452,54
2025,10/01/2025,Keokuk,5436,2958,1012,1432,34
2025,10/01/2025,Kossuth,8948,4640,1717,2529,62
2025,10/01/2025,Lee,17399,6222,5425,5626,126
2025,10/01/2025,Linn,131850,38895,46176,45437,1342
2025,10/01/2025,Louisa,5576,2600,1088,1853,35
2025,10/01/2025,Lucas,4947,2726,826,1364,31
2025,10/01/2025,Lyon,7553,6076,520,941,16
2025,10/01/2025,Madison,10670,5133,2076,3363,98
2025,10/01/2025,Mahaska,11654,6620,1728,3210,96
2025,10/01/2025,Marion,21098,10630,3846,6480,142
2025,10/01/2025,Marshall,18802,7352,5338,5974,138
2025,10/01/2025,Mills,9030,5402,1541,1956,131
2025,10/01/2025,Mitchell,6067,2820,1235,1976,36
2025,10/01/2025,Monona,5011,2639,1032,1295,45
2025,10/01/2025,Monroe,4487,2354,827,1281,25
2025,10/01/2025,Montgomery,5342,3197,859,1246,40
2025,10/01/2025,Muscatine,21705,8115,5644,7747,199
2025,10/01/2025,O'Brien,7989,5487,870,1579,53
2025,10/01/2025,Osceola,3432,2357,301,761,13
2025,10/01/2025,Page,8071,5145,1106,1761,59
2025,10/01/2025,Palo Alto,5281,2432,1331,1482,36
2025,10/01/2025,Plymouth,15123,8621,2203,4221,78
2025,10/01/2025,Pocahontas,3876,2155,589,1094,38
2025,10/01/2025,Polk,272654,82132,102353,85499,2670
2025,10/01/2025,Pottawattamie,48490,21906,12230,13779,575
2025,10/01/2025,Poweshiek,10826,3877,2856,4038,55
2025,10/01/2025,Ringgold,2807,1843,433,518,13
2025,10/01/2025,Sac,5942,3480,787,1653,22
2025,10/01/2025,Scott,97944,32416,29059,35582,887
2025,10/01/2025,Shelby,7030,3958,1235,1797,40
2025,10/01/2025,Sioux,20342,15218,1435,3614,75
2025,10/01/2025,Story,52445,15759,16485,19669,532
2025,10/01/2025,Tama,8977,4017,2113,2793,54
2025,10/01/2025,Taylor,3183,1957,434,762,30
2025,10/01/2025,Totals,1783926,698002,502728,568546,14650
2025,10/01/2025,Union,6521,3202,1157,2125,37
2025,10/01/2025,Van Buren,3863,2290,523,1022,28
2025,10/01/2025,Wapello,15640,6110,4537,4880,113
2025,10/01/2025,Warren,34745,14532,8901,11024,288
2025,10/01/2025,Washington,12497,5993,2660,3753,91
2025,10/01/2025,Wayne,3268,2010,469,766,23
2025,10/01/2025,Webster,18934,8528,4594,5662,150
2025,10/01/2025,Winnebago,6110,2853,1200,2020,37
2025,10/01/2025,Winneshiek,12794,4658,3648,4434,54
2025,10/01/2025,Woodbury,46482,20230,12195,13636,421
2025,10/01/2025,Worth,4523,2114,971,1408,30
2025,10/01/2025,Wright,6177,3203,1155,1775,44
2025,11/01/2025,Adair,4365,2225,735,1380,25
2025,11/01/2025,Adams,2305,1151,373,772,9
2025,11/01/2025,Allamakee,7971,4285,1515,2127,44
2025,11/01/2025,Appanoose,6991,3584,1321,2039,47
2025,11/01/2025,Audubon,3472,1849,732,868,23
2025,11/01/2025,Benton,15591,6716,3060,5723,92
2025,11/01/2025,Black Hawk,66899,20925,23232,22122,620
2025,11/01/2025,Boone,16753,6424,4074,6133,122
2025,11/01/2025,Bremer,15597,5826,3401,6285,85
2025,11/01/2025,Buchanan,11705,4140,2804,4696,65
2025,11/01/2025,Buena Vista,8248,3841,1907,2444,56
2025,11/01/2025,Butler,8680,4592,1440,2598,50
2025,11/01/2025,Calhoun,5552,2940,841,1734,37
2025,11/01/2025,Carroll,12372,5596,2376,4289,111
2025,11/01/2025,Cass,7632,4383,1167,2035,47
2025,11/01/2025,Cedar,11340,4681,2654,3919,86
2025,11/01/2025,Cerro Gordo,24745,9052,6788,8723,182
2025,11/01/2025,Cherokee,6597,4083,899,1575,40
2025,11/01/2025,Chickasaw,6761,2862,1599,2272,28
2025,11/01/2025,Clarke,4733,2389,958,1343,43
2025,11/01/2025,Clay,9378,5273,1522,2499,84
2025,11/01/2025,Clayton,10202,4933,2182,3029,58
2025,11/01/2025,Clinton,26248,9485,6790,9792,181
2025,11/01/2025,Crawford,7138,3731,1391,1974,42
2025,11/01/2025,Dallas,67769,24614,18238,24343,574
2025,11/01/2025,Davis,4237,2503,825,886,23
2025,11/01/2025,Decatur,3863,2107,737,991,28
2025,11/01/2025,Delaware,10860,4903,1968,3934,55
2025,11/01/2025,Des Moines,20919,7234,6511,6980,194
2025,11/01/2025,Dickinson,12407,6584,2104,3634,85
2025,11/01/2025,Dubuque,57238,19990,19923,16833,492
2025,11/01/2025,Emmet,5247,2443,1073,1703,28
2025,11/01/2025,Fayette,10598,4790,2302,3440,66
2025,11/01/2025,Floyd,8382,3022,1979,3343,38
2025,11/01/2025,Franklin,5261,2844,890,1499,28
2025,11/01/2025,Fremont,4096,2505,655,904,32
2025,11/01/2025,Greene,5273,2531,1093,1606,43
2025,11/01/2025,Grundy,7781,4250,1218,2257,56
2025,11/01/2025,Guthrie,7059,3303,1311,2394,51
2025,11/01/2025,Hamilton,8226,4157,1629,2397,43
2025,11/01/2025,Hancock,6357,3578,1032,1696,51
2025,11/01/2025,Hardin,9170,4719,1850,2538,63
2025,11/01/2025,Harrison,8318,4669,1490,2072,87
2025,11/01/2025,Henry,10335,4983,1965,3318,69
2025,11/01/2025,Howard,5293,1806,1182,2281,24
2025,11/01/2025,Humboldt,5473,2845,783,1808,37
2025,11/01/2025,Ida,3970,2224,550,1184,12
2025,11/01/2025,Iowa,10339,4647,2051,3570,71
2025,11/01/2025,Jackson,11739,4827,3101,3756,55
2025,11/01/2025,Jasper,21433,8982,5636,6672,143
2025,11/01/2025,Jefferson,8854,3340,3099,2326,89
2025,11/01/2025,Johnson,91618,17496,42583,30778,761
2025,11/01/2025,Jones,11759,4763,2467,4475,54
2025,11/01/2025,Keokuk,5451,2961,1012,1446,32
2025,11/01/2025,Kossuth,8956,4630,1721,2543,62
2025,11/01/2025,Lee,17445,6218,5417,5685,125
2025,11/01/2025,Linn,132471,38983,46234,45913,1341
2025,11/01/2025,Louisa,5608,2601,1097,1874,36
2025,11/01/2025,Lucas,4960,2732,826,1370,32
2025,11/01/2025,Lyon,7576,6088,521,951,16
2025,11/01/2025,Madison,10679,5137,2066,3377,99
2025,11/01/2025,Mahaska,11739,6652,1735,3256,96
2025,11/01/2025,Marion,21189,10658,3848,6540,143
2025,11/01/2025,Marshall,18911,7363,5350,6057,141
2025,11/01/2025,Mills,9069,5415,1545,1978,131
2025,11/01/2025,Mitchell,6075,2822,1240,1977,36
2025,11/01/2025,Monona,5014,2640,1028,1299,47
2025,11/01/2025,Monroe,4514,2362,829,1298,25
2025,11/01/2025,Montgomery,5362,3203,857,1261,41
2025,11/01/2025,Muscatine,21775,8115,5640,7820,200
2025,11/01/2025,O'Brien,8013,5502,869,1589,53
2025,11/01/2025,Osceola,3463,2368,307,776,12
2025,11/01/2025,Page,8108,5161,1110,1779,58
2025,11/01/2025,Palo Alto,5293,2437,1331,1489,36
2025,11/01/2025,Plymouth,15169,8632,2195,4263,79
2025,11/01/2025,Pocahontas,3894,2156,596,1107,35
2025,11/01/2025,Polk,273755,82283,102396,86399,2677
2025,11/01/2025,Pottawattamie,48875,22013,12232,14048,582
2025,11/01/2025,Poweshiek,10862,3881,2858,4068,55
2025,11/01/2025,Ringgold,2813,1845,433,522,13
2025,11/01/2025,Sac,5976,3482,793,1677,24
2025,11/01/2025,Scott,98622,32522,29103,36108,889
2025,11/01/2025,Shelby,7051,3964,1236,1809,42
2025,11/01/2025,Sioux,20407,15239,1435,3657,76
2025,11/01/2025,Story,52608,15770,16513,19801,524
2025,11/01/2025,Tama,8985,4019,2111,2800,55
2025,11/01/2025,Taylor,3195,1962,436,767,30
2025,11/01/2025,Totals,1791271,699279,502946,574355,14691
2025,11/01/2025,Union,6542,3199,1158,2148,37
2025,11/01/2025,Van Buren,3869,2286,522,1033,28
2025,11/01/2025,Wapello,15695,6123,4534,4922,116
2025,11/01/2025,Warren,34877,14581,8905,11103,288
2025,11/01/2025,Washington,12530,5998,2661,3776,95
2025,11/01/2025,Wayne,3262,2004,470,765,23
2025,11/01/2025,Webster,19008,8529,4590,5739,150
2025,11/01/2025,Winnebago,6134,2855,1196,2046,37
2025,11/01/2025,Winneshiek,12879,4676,3653,4496,54
2025,11/01/2025,Woodbury,46749,20283,12213,13836,417
2025,11/01/2025,Worth,4524,2110,968,1415,31
2025,11/01/2025,Wright,6170,3194,1150,1783,43
2025,12/01/2025,Adair,4383,2229,733,1396,25
2025,12/01/2025,Adams,2322,1159,375,779,9
2025,12/01/2025,Allamakee,7982,4288,1510,2140,44
2025,12/01/2025,Appanoose,7014,3599,1320,2048,47
2025,12/01/2025,Audubon,3478,1846,733,876,23
2025,12/01/2025,Benton,15634,6719,3057,5766,92
2025,12/01/2025,Black Hawk,67342,20939,23358,22423,622
2025,12/01/2025,Boone,16836,6435,4075,6203,123
2025,12/01/2025,Bremer,15638,5828,3392,6333,85
2025,12/01/2025,Buchanan,11749,4157,2797,4730,65
2025,12/01/2025,Buena Vista,8307,3860,1914,2476,57
2025,12/01/2025,Butler,8734,4605,1444,2635,50
2025,12/01/2025,Calhoun,5602,2958,840,1767,37
2025,12/01/2025,Carroll,12357,5587,2373,4286,111
2025,12/01/2025,Cass,7690,4403,1170,2069,48
2025,12/01/2025,Cedar,11380,4685,2656,3950,89
2025,12/01/2025,Cerro Gordo,24862,9071,6791,8816,184
2025,12/01/2025,Cherokee,6612,4081,898,1593,40
2025,12/01/2025,Chickasaw,6810,2866,1601,2315,28
2025,12/01/2025,Clarke,4732,2382,960,1347,43
2025,12/01/2025,Clay,9437,5294,1531,2529,83
2025,12/01/2025,Clayton,10275,4961,2193,3063,58
2025,12/01/2025,Clinton,26355,9489,6777,9906,183
2025,12/01/2025,Crawford,7192,3757,1391,2002,42
2025,12/01/2025,Dallas,68052,24693,18249,24532,578
2025,12/01/2025,Davis,4259,2510,828,898,23
2025,12/01/2025,Decatur,3878,2112,741,997,28
2025,12/01/2025,Delaware,10924,4918,1968,3981,57
2025,12/01/2025,Des Moines,20981,7226,6504,7057,194
2025,12/01/2025,Dickinson,12435,6598,2101,3651,85
2025,12/01/2025,Dubuque,57708,20069,19973,17165,501
2025,12/01/2025,Emmet,5266,2452,1070,1716,28
2025,12/01/2025,Fayette,10670,4809,2310,3479,72
2025,12/01/2025,Floyd,8439,3036,1982,3383,38
2025,12/01/2025,Franklin,5276,2843,893,1512,28
2025,12/01/2025,Fremont,4117,2519,655,911,32
2025,12/01/2025,Greene,5294,2537,1090,1622,45
2025,12/01/2025,Grundy,7827,4260,1222,2290,55
2025,12/01/2025,Guthrie,7087,3307,1313,2418,49
2025,12/01/2025,Hamilton,8259,4157,1637,2423,42
2025,12/01/2025,Hancock,6382,3582,1031,1718,51
2025,12/01/2025,Hardin,9192,4722,1851,2558,61
2025,12/01/2025,Harrison,8385,4675,1496,2126,88
2025,12/01/2025,Henry,10374,4992,1960,3353,69
2025,12/01/2025,Howard,5313,1812,1180,2299,22
2025,12/01/2025,Humboldt,5465,2841,782,1805,37
2025,12/01/2025,Ida,3970,2225,543,1190,12
2025,12/01/2025,Iowa,10371,4647,2047,3604,73
2025,12/01/2025,Jackson,11796,4847,3111,3782,56
2025,12/01/2025,Jasper,21504,8993,5646,6720,145
2025,12/01/2025,Jefferson,8942,3359,3103,2392,88
2025,12/01/2025,Johnson,92063,17515,42684,31098,766
2025,12/01/2025,Jones,11785,4776,2464,4491,54
2025,12/01/2025,Keokuk,5507,2976,1018,1482,31
2025,12/01/2025,Kossuth,8999,4639,1718,2580,62
2025,12/01/2025,Lee,17571,6238,5414,5794,125
2025,12/01/2025,Linn,133135,39011,46355,46421,1348
2025,12/01/2025,Louisa,5656,2612,1099,1909,36
2025,12/01/2025,Lucas,4979,2736,827,1384,32
2025,12/01/2025,Lyon,7606,6102,527,961,16
2025,12/01/2025,Madison,10714,5143,2063,3409,99
2025,12/01/2025,Mahaska,11800,6662,1742,3299,97
2025,12/01/2025,Marion,21351,10707,3855,6643,146
2025,12/01/2025,Marshall,19052,7383,5367,6157,145
2025,12/01/2025,Mills,9086,5425,1544,1986,131
2025,12/01/2025,Mitchell,6086,2828,1239,1983,36
2025,12/01/2025,Monona,5053,2659,1030,1317,47
2025,12/01/2025,Monroe,4538,2373,828,1312,25
2025,12/01/2025,Montgomery,5393,3216,858,1278,41
2025,12/01/2025,Muscatine,21866,8132,5641,7894,199
2025,12/01/2025,O'Brien,8051,5524,868,1606,53
2025,12/01/2025,Osceola,3486,2374,311,788,13
2025,12/01/2025,Page,8147,5171,1106,1813,57
2025,12/01/2025,Palo Alto,5347,2450,1338,1524,35
2025,12/01/2025,Plymouth,15289,8679,2210,4319,81
2025,12/01/2025,Pocahontas,3927,2166,600,1125,36
2025,12/01/2025,Polk,275208,82391,102700,87424,2693
2025,12/01/2025,Pottawattamie,49121,22063,12221,14245,592
2025,12/01/2025,Poweshiek,10926,3883,2868,4120,55
2025,12/01/2025,Ringgold,2826,1852,431,529,14
2025,12/01/2025,Sac,5994,3483,798,1689,24
2025,12/01/2025,Scott,99149,32569,29169,36515,896
2025,12/01/2025,Shelby,7061,3965,1230,1824,42
2025,12/01/2025,Sioux,20480,15260,1438,3704,78
2025,12/01/2025,Story,52772,15777,16518,19952,525
2025,12/01/2025,Tama,9001,4022,2112,2812,55
2025,12/01/2025,Taylor,3212,1963,437,782,30
2025,12/01/2025,Totals,1800062,700626,503871,580780,14785
2025,12/01/2025,Union,6601,3223,1157,2184,37
2025,12/01/2025,Van Buren,3882,2291,516,1046,29
2025,12/01/2025,Wapello,15734,6127,4540,4949,118
2025,12/01/2025,Warren,34981,14599,8920,11172,290
2025,12/01/2025,Washington,12537,5984,2654,3802,97
2025,12/01/2025,Wayne,3278,2008,469,778,23
2025,12/01/2025,Webster,19100,8549,4607,5795,149
2025,12/01/2025,Winnebago,6160,2845,1199,2078,38
2025,12/01/2025,Winneshiek,12934,4689,3659,4532,54
2025,12/01/2025,Woodbury,46989,20328,12226,14019,416
2025,12/01/2025,Worth,4529,2112,964,1422,31
2025,12/01/2025,Wright,6211,3207,1157,1804,43
2026,01/05/2026,Adair,4386,2228,735,1397,26
2026,01/05/2026,Adams,2326,1161,375,781,9
2026,01/05/2026,Allamakee,7985,4277,1507,2157,44
2026,01/05/2026,Appanoose,7046,3604,1323,2074,45
2026,01/05/2026,Audubon,3475,1843,732,877,23
2026,01/05/2026,Benton,15684,6721,3059,5811,93
2026,01/05/2026,Black Hawk,67557,20947,23385,22599,626
2026,01/05/2026,Boone,16854,6441,4063,6226,124
2026,01/05/2026,Bremer,15688,5833,3387,6386,82
2026,01/05/2026,Buchanan,11808,4177,2796,4768,67
2026,01/05/2026,Buena Vista,8339,3871,1924,2487,57
2026,01/05/2026,Butler,8767,4614,1446,2658,49
2026,01/05/2026,Calhoun,5606,2960,838,1772,36
2026,01/05/2026,Carroll,12477,5627,2375,4361,114
2026,01/05/2026,Cass,7685,4402,1167,2067,49
2026,01/05/2026,Cedar,11387,4688,2653,3957,89
2026,01/05/2026,Cerro Gordo,24914,9083,6786,8859,186
2026,01/05/2026,Cherokee,6622,4082,895,1605,40
2026,01/05/2026,Chickasaw,6815,2864,1596,2327,28
2026,01/05/2026,Clarke,4732,2380,958,1350,44
2026,01/05/2026,Clay,9463,5301,1527,2548,87
2026,01/05/2026,Clayton,10279,4968,2189,3064,58
2026,01/05/2026,Clinton,26415,9481,6769,9982,183
2026,01/05/2026,Crawford,7202,3764,1394,2002,42
2026,01/05/2026,Dallas,68316,24738,18267,24735,576
2026,01/05/2026,Davis,4263,2507,828,905,23
2026,01/05/2026,Decatur,3920,2131,745,1016,28
2026,01/05/2026,Delaware,10933,4914,1965,3997,57
2026,01/05/2026,Des Moines,21040,7238,6488,7119,195
2026,01/05/2026,Dickinson,12475,6622,2101,3667,85
2026,01/05/2026,Dubuque,57773,20073,19950,17250,500
2026,01/05/2026,Emmet,5285,2467,1069,1721,28
2026,01/05/2026,Fayette,10665,4806,2304,3483,72
2026,01/05/2026,Floyd,8476,3041,1985,3412,38
2026,01/05/2026,Franklin,5281,2839,894,1520,28
2026,01/05/2026,Fremont,4129,2523,657,917,32
2026,01/05/2026,Greene,5317,2544,1090,1639,44
2026,01/05/2026,Grundy,7846,4272,1219,2300,55
2026,01/05/2026,Guthrie,7114,3318,1313,2434,49
2026,01/05/2026,Hamilton,8264,4147,1633,2442,42
2026,01/05/2026,Hancock,6388,3583,1028,1726,51
2026,01/05/2026,Hardin,9231,4737,1847,2586,61
2026,01/05/2026,Harrison,8404,4677,1498,2140,89
2026,01/05/2026,Henry,10422,5005,1966,3380,71
2026,01/05/2026,Howard,5316,1804,1179,2311,22
2026,01/05/2026,Humboldt,5495,2850,783,1825,37
2026,01/05/2026,Ida,3972,2223,540,1197,12
2026,01/05/2026,Iowa,10421,4651,2047,3650,73
2026,01/05/2026,Jackson,11806,4845,3105,3800,56
2026,01/05/2026,Jasper,21523,8987,5642,6750,144
2026,01/05/2026,Jefferson,8973,3361,3101,2423,88
2026,01/05/2026,Johnson,92180,17500,42650,31264,766
2026,01/05/2026,Jones,11792,4777,2461,4499,55
2026,01/05/2026,Keokuk,5515,2981,1017,1486,31
2026,01/05/2026,Kossuth,8993,4632,1716,2584,61
2026,01/05/2026,Lee,17577,6232,5400,5819,126
2026,01/05/2026,Linn,133309,39007,46298,46661,1343
2026,01/05/2026,Louisa,5671,2617,1098,1919,37
2026,01/05/2026,Lucas,4989,2742,827,1387,33
2026,01/05/2026,Lyon,7607,6099,527,965,16
2026,01/05/2026,Madison,10719,5146,2058,3416,99
2026,01/05/2026,Mahaska,11890,6713,1751,3327,99
2026,01/05/2026,Marion,21393,10712,3849,6686,146
2026,01/05/2026,Marshall,19074,7375,5358,6196,145
2026,01/05/2026,Mills,9156,5459,1551,2013,133
2026,01/05/2026,Mitchell,6082,2822,1239,1985,36
2026,01/05/2026,Monona,5055,2662,1028,1319,46
2026,01/05/2026,Monroe,4540,2372,824,1319,25
2026,01/05/2026,Montgomery,5384,3207,858,1278,41
2026,01/05/2026,Muscatine,21896,8132,5637,7928,199
2026,01/05/2026,O'Brien,8050,5520,867,1609,54
2026,01/05/2026,Osceola,3483,2370,311,789,13
2026,01/05/2026,Page,8177,5177,1106,1833,61
2026,01/05/2026,Palo Alto,5346,2448,1334,1528,36
2026,01/05/2026,Plymouth,15312,8690,2211,4330,81
2026,01/05/2026,Pocahontas,3926,2161,600,1129,36
2026,01/05/2026,Polk,275699,82404,102685,87919,2691
2026,01/05/2026,Pottawattamie,49253,22088,12223,14349,593
2026,01/05/2026,Poweshiek,10931,3882,2864,4131,54
2026,01/05/2026,Ringgold,2827,1851,430,532,14
2026,01/05/2026,Sac,6031,3498,797,1711,25
2026,01/05/2026,Scott,99420,32575,29133,36814,898
2026,01/05/2026,Shelby,7102,3981,1237,1842,42
2026,01/05/2026,Sioux,20558,15282,1438,3759,79
2026,01/05/2026,Story,52838,15771,16528,20014,525
2026,01/05/2026,Tama,9007,4022,2111,2817,57
2026,01/05/2026,Taylor,3255,1991,440,794,30
2026,01/05/2026,Totals,1803942,701173,503619,584345,14805
2026,01/05/2026,Union,6634,3226,1156,2215,37
2026,01/05/2026,Van Buren,3885,2287,515,1054,29
2026,01/05/2026,Wapello,15750,6132,4528,4970,120
2026,01/05/2026,Warren,35104,14632,8911,11272,289
2026,01/05/2026,Washington,12577,5997,2658,3827,95
2026,01/05/2026,Wayne,3291,2012,470,786,23
2026,01/05/2026,Webster,19115,8558,4608,5800,149
2026,01/05/2026,Winnebago,6184,2851,1201,2095,37
2026,01/05/2026,Winneshiek,12933,4692,3653,4535,53
2026,01/05/2026,Woodbury,47125,20346,12219,14144,416
2026,01/05/2026,Worth,4535,2111,961,1432,31
2026,01/05/2026,Wright,6212,3211,1154,1804,43
2026,02/04/2026,Adair,4390,2227,732,1406,25
2026,02/04/2026,Adams,2337,1164,378,786,9
2026,02/04/2026,Allamakee,7994,4274,1506,2169,45
2026,02/04/2026,Appanoose,7065,3607,1322,2090,46
2026,02/04/2026,Audubon,3474,1844,728,879,23
2026,02/04/2026,Benton,15706,6721,3054,5839,92
2026,02/04/2026,Black Hawk,67634,20919,23360,22729,626
2026,02/04/2026,Boone,16913,6458,4059,6271,125
2026,02/04/2026,Bremer,15710,5829,3385,6415,81
2026,02/04/2026,Buchanan,11829,4181,2793,4787,68
2026,02/04/2026,Buena Vista,8357,3877,1930,2493,57
2026,02/04/2026,Butler,8788,4623,1438,2678,49
2026,02/04/2026,Calhoun,5619,2966,837,1780,36
2026,02/04/2026,Carroll,12536,5645,2376,4400,115
2026,02/04/2026,Cass,7687,4400,1162,2074,51
2026,02/04/2026,Cedar,11392,4682,2648,3973,89
2026,02/04/2026,Cerro Gordo,24902,9057,6774,8883,188
2026,02/04/2026,Cherokee,6623,4078,891,1615,39
2026,02/04/2026,Chickasaw,6829,2870,1593,2338,28
2026,02/04/2026,Clarke,4733,2379,957,1353,44
2026,02/04/2026,Clay,9485,5307,1523,2565,90
2026,02/04/2026,Clayton,10302,4980,2189,3073,60
2026,02/04/2026,Clinton,26477,9473,6757,10063,184
2026,02/04/2026,Crawford,7193,3752,1397,2002,42
2026,02/04/2026,Dallas,68515,24755,18271,24913,576
2026,02/04/2026,Davis,4265,2510,824,908,23
2026,02/04/2026,Decatur,3911,2126,745,1013,27
2026,02/04/2026,Delaware,10942,4915,1960,4009,58
2026,02/04/2026,Des Moines,21116,7233,6471,7216,196
2026,02/04/2026,Dickinson,12505,6634,2101,3686,84
2026,02/04/2026,Dubuque,57950,20122,19943,17385,500
2026,02/04/2026,Emmet,5297,2472,1068,1729,28
2026,02/04/2026,Fayette,10674,4803,2309,3492,70
2026,02/04/2026,Floyd,8480,3043,1979,3418,40
2026,02/04/2026,Franklin,5285,2838,891,1527,29
2026,02/04/2026,Fremont,4136,2527,657,920,32
2026,02/04/2026,Greene,5321,2549,1088,1640,44
2026,02/04/2026,Grundy,7896,4290,1218,2334,54
2026,02/04/2026,Guthrie,7118,3319,1312,2437,50
2026,02/04/2026,Hamilton,8265,4144,1627,2452,42
2026,02/04/2026,Hancock,6414,3592,1030,1741,51
2026,02/04/2026,Hardin,9241,4739,1840,2601,61
2026,02/04/2026,Harrison,8407,4671,1499,2148,89
2026,02/04/2026,Henry,10438,5003,1957,3407,71
2026,02/04/2026,Howard,5328,1802,1175,2328,23
2026,02/04/2026,Humboldt,5531,2854,778,1862,37
2026,02/04/2026,Ida,3992,2232,539,1209,12
2026,02/04/2026,Iowa,10439,4643,2048,3676,72
2026,02/04/2026,Jackson,11826,4847,3103,3820,56
2026,02/04/2026,Jasper,21530,8987,5624,6775,144
2026,02/04/2026,Jefferson,9001,3364,3101,2447,89
2026,02/04/2026,Johnson,92384,17496,42668,31454,766
2026,02/04/2026,Jones,11820,4785,2453,4527,55
2026,02/04/2026,Keokuk,5515,2981,1017,1486,31
2026,02/04/2026,Kossuth,9007,4633,1715,2598,61
2026,02/04/2026,Lee,17590,6215,5388,5859,128
2026,02/04/2026,Linn,133583,38969,46270,46998,1346
2026,02/04/2026,Louisa,5675,2617,1099,1922,37
2026,02/04/2026,Lucas,5006,2751,825,1396,34
2026,02/04/2026,Lyon,7622,6101,529,976,16
2026,02/04/2026,Madison,10722,5138,2049,3437,98
2026,02/04/2026,Mahaska,11950,6715,1756,3380,99
2026,02/04/2026,Marion,21450,10721,3842,6742,145
2026,02/04/2026,Marshall,19106,7372,5347,6242,145
2026,02/04/2026,Mills,9152,5457,1551,2011,133
2026,02/04/2026,Mitchell,6073,2819,1235,1983,36
2026,02/04/2026,Monona,5063,2665,1029,1322,47
2026,02/04/2026,Monroe,4543,2370,821,1326,26
2026,02/04/2026,Montgomery,5374,3198,857,1277,42
2026,02/04/2026,Muscatine,21972,8133,5637,8003,199
2026,02/04/2026,O'Brien,8061,5522,869,1616,54
2026,02/04/2026,Osceola,3484,2371,310,790,13
2026,02/04/2026,Page,8196,5174,1109,1852,61
2026,02/04/2026,Palo Alto,5355,2451,1333,1535,36
2026,02/04/2026,Plymouth,15351,8704,2219,4347,81
2026,02/04/2026,Pocahontas,3926,2158,600,1132,36
2026,02/04/2026,Polk,276257,82426,102633,88500,2698
2026,02/04/2026,Pottawattamie,49369,22089,12223,14463,594
2026,02/04/2026,Poweshiek,10931,3877,2857,4141,56
2026,02/04/2026,Ringgold,2823,1849,427,532,15
2026,02/04/2026,Sac,6041,3501,795,1720,25
2026,02/04/2026,Scott,99708,32601,29110,37091,906
2026,02/04/2026,Shelby,7107,3984,1238,1843,42
2026,02/04/2026,Sioux,20603,15296,1438,3790,79
2026,02/04/2026,Story,52930,15772,16526,20107,525
2026,02/04/2026,Tama,9020,4015,2112,2838,55
2026,02/04/2026,Taylor,3252,1989,440,793,30
2026,02/04/2026,Totals,1807564,701321,503270,588129,14844
2026,02/04/2026,Union,6667,3229,1158,2243,37
2026,02/04/2026,Van Buren,3888,2290,514,1055,29
2026,02/04/2026,Wapello,15747,6123,4512,4994,118
2026,02/04/2026,Warren,35303,14684,8924,11405,290
2026,02/04/2026,Washington,12595,5994,2658,3847,96
2026,02/04/2026,Wayne,3288,2008,470,787,23
2026,02/04/2026,Webster,19094,8545,4592,5808,149
2026,02/04/2026,Winnebago,6204,2859,1196,2113,36
2026,02/04/2026,Winneshiek,12943,4683,3646,4560,54
2026,02/04/2026,Woodbury,47257,20346,12210,14284,417
2026,02/04/2026,Worth,4537,2108,960,1438,31
2026,02/04/2026,Wright,6222,3210,1156,1812,44
2026,03/02/2026,Adair,4422,2237,733,1427,25
2026,03/02/2026,Adams,2342,1168,378,786,10
2026,03/02/2026,Allamakee,8006,4272,1509,2180,45
2026,03/02/2026,Appanoose,7074,3606,1321,2101,46
2026,03/02/2026,Audubon,3486,1845,728,890,23
2026,03/02/2026,Benton,15757,6723,3058,5884,92
2026,03/02/2026,Black Hawk,67708,20900,23326,22856,626
2026,03/02/2026,Boone,16978,6465,4048,6340,125
2026,03/02/2026,Bremer,15750,5834,3380,6455,81
2026,03/02/2026,Buchanan,11846,4182,2792,4804,68
2026,03/02/2026,Buena Vista,8374,3878,1935,2505,56
2026,03/02/2026,Butler,8797,4618,1434,2696,49
2026,03/02/2026,Calhoun,5620,2965,837,1782,36
2026,03/02/2026,Carroll,12559,5648,2385,4414,112
2026,03/02/2026,Cass,7730,4421,1167,2091,51
2026,03/02/2026,Cedar,11408,4676,2650,3994,88
2026,03/02/2026,Cerro Gordo,24936,9059,6777,8914,186
2026,03/02/2026,Cherokee,6633,4074,892,1628,39
2026,03/02/2026,Chickasaw,6830,2869,1587,2347,27
2026,03/02/2026,Clarke,4730,2375,956,1355,44
2026,03/02/2026,Clay,9507,5308,1533,2575,91
2026,03/02/2026,Clayton,10311,4983,2190,3077,61
2026,03/02/2026,Clinton,26559,9474,6764,10138,183
2026,03/02/2026,Crawford,7205,3761,1398,2004,42
2026,03/02/2026,Dallas,68733,24778,18308,25070,577
2026,03/02/2026,Davis,4269,2511,822,912,24
2026,03/02/2026,Decatur,3915,2119,755,1014,27
2026,03/02/2026,Delaware,10954,4916,1960,4021,57
2026,03/02/2026,Des Moines,21178,7239,6453,7288,198
2026,03/02/2026,Dickinson,12547,6652,2107,3704,84
2026,03/02/2026,Dubuque,58029,20119,19927,17485,498
2026,03/02/2026,Emmet,5306,2473,1071,1734,28
2026,03/02/2026,Fayette,10689,4812,2311,3495,71
2026,03/02/2026,Floyd,8492,3045,1978,3431,38
2026,03/02/2026,Franklin,5298,2838,894,1538,28
2026,03/02/2026,Fremont,4148,2536,654,926,32
2026,03/02/2026,Greene,5331,2554,1089,1644,44
2026,03/02/2026,Grundy,7911,4290,1222,2345,54
2026,03/02/2026,Guthrie,7128,3328,1308,2441,51
2026,03/02/2026,Hamilton,8274,4143,1631,2459,41
2026,03/02/2026,Hancock,6417,3589,1024,1753,51
2026,03/02/2026,Hardin,9238,4743,1834,2601,60
2026,03/02/2026,Harrison,8415,4677,1499,2149,90
2026,03/02/2026,Henry,10451,5002,1951,3426,72
2026,03/02/2026,Howard,5347,1806,1176,2342,23
2026,03/02/2026,Humboldt,5526,2851,777,1861,37
2026,03/02/2026,Ida,3998,2233,540,1212,13
2026,03/02/2026,Iowa,10440,4641,2043,3684,72
2026,03/02/2026,Jackson,11827,4842,3089,3841,55
2026,03/02/2026,Jasper,21519,8987,5612,6775,145
2026,03/02/2026,Jefferson,9008,3363,3103,2452,90
2026,03/02/2026,Johnson,92546,17482,42669,31629,766
2026,03/02/2026,Jones,11845,4786,2453,4549,57
2026,03/02/2026,Keokuk,5505,2974,1017,1483,31
2026,03/02/2026,Kossuth,9003,4631,1711,2600,61
2026,03/02/2026,Lee,17618,6225,5382,5881,130
2026,03/02/2026,Linn,133934,38976,46276,47327,1355
2026,03/02/2026,Louisa,5685,2616,1097,1935,37
2026,03/02/2026,Lucas,5014,2753,824,1403,34
2026,03/02/2026,Lyon,7632,6103,528,983,18
2026,03/02/2026,Madison,10727,5146,2041,3440,100
2026,03/02/2026,Mahaska,11970,6714,1751,3406,99
2026,03/02/2026,Marion,21500,10729,3842,6782,147
2026,03/02/2026,Marshall,19159,7378,5339,6298,144
2026,03/02/2026,Mills,9238,5484,1565,2054,135
2026,03/02/2026,Mitchell,6064,2814,1231,1984,35
2026,03/02/2026,Monona,5071,2665,1032,1326,48
2026,03/02/2026,Monroe,4553,2375,822,1331,25
2026,03/02/2026,Montgomery,5370,3190,855,1282,43
2026,03/02/2026,Muscatine,22045,8137,5646,8064,198
2026,03/02/2026,O'Brien,8066,5514,873,1625,54
2026,03/02/2026,Osceola,3495,2372,309,801,13
2026,03/02/2026,Page,8222,5176,1112,1874,60
2026,03/02/2026,Palo Alto,5358,2452,1333,1537,36
2026,03/02/2026,Plymouth,15373,8707,2219,4367,80
2026,03/02/2026,Pocahontas,3933,2158,600,1139,36
2026,03/02/2026,Polk,276840,82502,102639,89005,2694
2026,03/02/2026,Pottawattamie,49524,22120,12229,14576,599
2026,03/02/2026,Poweshiek,10925,3873,2853,4143,56
2026,03/02/2026,Ringgold,2821,1849,424,533,15
2026,03/02/2026,Sac,6034,3495,795,1720,24
2026,03/02/2026,Scott,100033,32591,29146,37390,906
2026,03/02/2026,Shelby,7116,3985,1240,1849,42
2026,03/02/2026,Sioux,20625,15280,1451,3815,79
2026,03/02/2026,Story,52982,15772,16528,20159,523
2026,03/02/2026,Tama,9015,4005,2113,2841,56
2026,03/02/2026,Taylor,3254,1990,439,795,30
2026,03/02/2026,Totals,1811172,701549,503302,591466,14855
2026,03/02/2026,Union,6684,3233,1160,2254,37
2026,03/02/2026,Van Buren,3884,2289,511,1055,29
2026,03/02/2026,Wapello,15765,6123,4509,5014,119
2026,03/02/2026,Warren,35393,14701,8929,11469,294
2026,03/02/2026,Washington,12623,5999,2659,3870,95
2026,03/02/2026,Wayne,3291,2008,471,789,23
2026,03/02/2026,Webster,19093,8544,4587,5813,149
2026,03/02/2026,Winnebago,6241,2873,1199,2133,36
2026,03/02/2026,Winneshiek,12939,4676,3638,4571,54
2026,03/02/2026,Woodbury,47397,20333,12217,14434,413
2026,03/02/2026,Worth,4538,2105,958,1444,31
2026,03/02/2026,Wright,6273,3218,1164,1848,43
2026,04/01/2026,Adair,4429,2239,727,1438,25
2026,04/01/2026,Adams,2350,1172,374,794,10
2026,04/01/2026,Allamakee,8017,4264,1509,2199,45
2026,04/01/2026,Appanoose,7077,3607,1317,2108,45
2026,04/01/2026,Audubon,3490,1847,728,892,23
2026,04/01/2026,Benton,15782,6716,3053,5920,93
2026,04/01/2026,Black Hawk,67864,20924,23294,23021,625
2026,04/01/2026,Boone,17035,6482,4047,6378,128
2026,04/01/2026,Bremer,15807,5853,3363,6510,81
2026,04/01/2026,Buchanan,11879,4185,2781,4844,69
2026,04/01/2026,Buena Vista,8391,3885,1941,2509,56
2026,04/01/2026,Butler,8801,4610,1430,2711,50
2026,04/01/2026,Calhoun,5631,2958,833,1804,36
2026,04/01/2026,Carroll,12548,5640,2383,4413,112
2026,04/01/2026,Cass,7735,4411,1175,2098,51
2026,04/01/2026,Cedar,11430,4679,2650,4013,88
2026,04/01/2026,Cerro Gordo,25032,9079,6782,8977,194
2026,04/01/2026,Cherokee,6638,4064,888,1647,39
2026,04/01/2026,Chickasaw,6834,2867,1581,2359,27
2026,04/01/2026,Clarke,4743,2379,960,1358,46
2026,04/01/2026,Clay,9530,5318,1535,2587,90
2026,04/01/2026,Clayton,10338,4991,2195,3090,62
2026,04/01/2026,Clinton,26621,9478,6762,10197,184
2026,04/01/2026,Crawford,7209,3762,1401,2004,42
2026,04/01/2026,Dallas,69050,24795,18359,25311,585
2026,04/01/2026,Davis,4277,2514,824,915,24
2026,04/01/2026,Decatur,3917,2120,756,1015,26
2026,04/01/2026,Delaware,10979,4928,1965,4029,57
2026,04/01/2026,Des Moines,21237,7227,6446,7366,198
2026,04/01/2026,Dickinson,12593,6665,2114,3730,84
2026,04/01/2026,Dubuque,58218,20162,19936,17619,501
2026,04/01/2026,Emmet,5317,2478,1068,1743,28
2026,04/01/2026,Fayette,10738,4834,2304,3527,73
2026,04/01/2026,Floyd,8498,3047,1970,3443,38
2026,04/01/2026,Franklin,5299,2842,889,1541,27
2026,04/01/2026,Fremont,4158,2532,655,939,32
2026,04/01/2026,Greene,5345,2554,1093,1653,45
2026,04/01/2026,Grundy,7922,4292,1216,2360,54
2026,04/01/2026,Guthrie,7127,3322,1302,2452,51
2026,04/01/2026,Hamilton,8284,4142,1625,2475,42
2026,04/01/2026,Hancock,6439,3602,1020,1767,50
2026,04/01/2026,Hardin,9256,4756,1828,2611,61
2026,04/01/2026,Harrison,8424,4680,1498,2156,90
2026,04/01/2026,Henry,10465,4993,1952,3448,72
2026,04/01/2026,Howard,5351,1797,1172,2358,24
2026,04/01/2026,Humboldt,5543,2853,775,1877,38
2026,04/01/2026,Ida,4006,2237,538,1219,12
2026,04/01/2026,Iowa,10476,4639,2044,3719,74
2026,04/01/2026,Jackson,11854,4846,3083,3870,55
2026,04/01/2026,Jasper,21581,9001,5617,6818,145
2026,04/01/2026,Jefferson,9040,3364,3105,2481,90
2026,04/01/2026,Johnson,92945,17525,42728,31920,772
2026,04/01/2026,Jones,11874,4802,2445,4571,56
2026,04/01/2026,Keokuk,5511,2976,1016,1488,31
2026,04/01/2026,Kossuth,9017,4628,1702,2626,61
2026,04/01/2026,Lee,17658,6229,5367,5930,132
2026,04/01/2026,Linn,134296,38983,46293,47665,1355
2026,04/01/2026,Louisa,5692,2620,1094,1941,37
2026,04/01/2026,Lucas,5028,2752,824,1418,34
2026,04/01/2026,Lyon,7643,6099,524,1002,18
2026,04/01/2026,Madison,10758,5159,2035,3465,99
2026,04/01/2026,Mahaska,12012,6726,1754,3433,99
2026,04/01/2026,Marion,21533,10735,3830,6821,147
2026,04/01/2026,Marshall,19260,7387,5362,6364,147
2026,04/01/2026,Mills,9228,5480,1562,2052,134
2026,04/01/2026,Mitchell,6061,2802,1232,1993,34
2026,04/01/2026,Monona,5084,2671,1026,1339,48
2026,04/01/2026,Monroe,4563,2379,819,1340,25
2026,04/01/2026,Montgomery,5374,3187,857,1287,43
2026,04/01/2026,Muscatine,22144,8150,5655,8140,199
2026,04/01/2026,O'Brien,8075,5513,873,1634,55
2026,04/01/2026,Osceola,3507,2373,311,810,13
2026,04/01/2026,Page,8245,5175,1114,1895,61
2026,04/01/2026,Palo Alto,5363,2455,1331,1541,36
2026,04/01/2026,Plymouth,15399,8720,2212,4386,81
2026,04/01/2026,Pocahontas,3939,2165,599,1139,36
2026,04/01/2026,Polk,277420,82467,102661,89598,2694
2026,04/01/2026,Pottawattamie,49693,22114,12238,14736,605
2026,04/01/2026,Poweshiek,10949,3882,2857,4154,56
2026,04/01/2026,Ringgold,2818,1849,421,533,15
2026,04/01/2026,Sac,6062,3498,797,1743,24
2026,04/01/2026,Scott,100455,32624,29178,37747,906
2026,04/01/2026,Shelby,7151,4007,1239,1863,42
2026,04/01/2026,Sioux,20721,15317,1448,3873,83
2026,04/01/2026,Story,53178,15773,16577,20307,521
2026,04/01/2026,Tama,9011,4004,2103,2848,56
2026,04/01/2026,Taylor,3259,1993,440,796,30
2026,04/01/2026,Totals,1816096,701962,503365,595859,14910
2026,04/01/2026,Union,6706,3234,1157,2278,37
2026,04/01/2026,Van Buren,3889,2288,510,1062,29
2026,04/01/2026,Wapello,15794,6134,4503,5038,119
2026,04/01/2026,Warren,35484,14717,8924,11546,297
2026,04/01/2026,Washington,12660,5997,2663,3904,96
2026,04/01/2026,Wayne,3286,2004,471,788,23
2026,04/01/2026,Webster,19119,8548,4590,5833,148
2026,04/01/2026,Winnebago,6256,2878,1198,2144,36
2026,04/01/2026,Winneshiek,12956,4668,3637,4597,54
2026,04/01/2026,Woodbury,47587,20321,12212,14638,416
2026,04/01/2026,Worth,4543,2103,953,1455,32
2026,04/01/2026,Wright,6285,3219,1160,1865,41
2026,05/04/2026,Adair,4380,2210,719,1427,24
2026,05/04/2026,Adams,2320,1154,369,788,9
2026,05/04/2026,Allamakee,7972,4244,1496,2188,44
2026,05/04/2026,Appanoose,6989,3536,1305,2102,46
2026,05/04/2026,Audubon,3442,1823,714,883,22
2026,05/04/2026,Benton,15580,6610,3012,5868,90
2026,05/04/2026,Black Hawk,66867,20576,23012,22673,606
2026,05/04/2026,Boone,16745,6358,3977,6285,125
2026,05/04/2026,Bremer,15598,5755,3326,6439,78
2026,05/04/2026,Buchanan,11767,4153,2747,4796,71
2026,05/04/2026,Buena Vista,8292,3850,1914,2474,54
2026,05/04/2026,Butler,8729,4556,1422,2700,51
2026,05/04/2026,Calhoun,5561,2925,821,1782,33
2026,05/04/2026,Carroll,12497,5617,2368,4400,112
2026,05/04/2026,Cass,7643,4357,1163,2073,50
2026,05/04/2026,Cedar,11261,4603,2610,3960,88
2026,05/04/2026,Cerro Gordo,24688,8943,6681,8872,192
2026,05/04/2026,Cherokee,6602,4019,889,1655,39
2026,05/04/2026,Chickasaw,6762,2832,1570,2334,26
2026,05/04/2026,Clarke,4657,2343,942,1327,45
2026,05/04/2026,Clay,9437,5266,1515,2571,85
2026,05/04/2026,Clayton,10258,4944,2178,3074,62
2026,05/04/2026,Clinton,26335,9359,6684,10111,181
2026,05/04/2026,Crawford,7156,3737,1389,1987,43
2026,05/04/2026,Dallas,67161,24115,17873,24608,565
2026,05/04/2026,Davis,4204,2469,813,900,22
2026,05/04/2026,Decatur,3847,2086,740,994,27
2026,05/04/2026,Delaware,10880,4875,1952,3998,55
2026,05/04/2026,Des Moines,21049,7120,6387,7347,195
2026,05/04/2026,Dickinson,12422,6583,2073,3684,82
2026,05/04/2026,Dubuque,57631,19977,19723,17445,486
2026,05/04/2026,Emmet,5232,2440,1062,1702,28
2026,05/04/2026,Fayette,10638,4800,2294,3472,72
2026,05/04/2026,Floyd,8396,3011,1941,3406,38
2026,05/04/2026,Franklin,5240,2802,886,1525,27
2026,05/04/2026,Fremont,4098,2494,643,929,32
2026,05/04/2026,Greene,5292,2535,1076,1634,47
2026,05/04/2026,Grundy,7845,4253,1198,2343,51
2026,05/04/2026,Guthrie,7034,3266,1293,2425,50
2026,05/04/2026,Hamilton,8171,4084,1596,2450,41
2026,05/04/2026,Hancock,6332,3549,999,1737,47
2026,05/04/2026,Hardin,9123,4693,1800,2571,59
2026,05/04/2026,Harrison,8291,4608,1476,2120,87
2026,05/04/2026,Henry,10406,4947,1933,3455,71
2026,05/04/2026,Howard,5297,1779,1157,2337,24
2026,05/04/2026,Humboldt,5488,2823,764,1863,38
2026,05/04/2026,Ida,3946,2218,517,1200,11
2026,05/04/2026,Iowa,10376,4586,2025,3691,74
2026,05/04/2026,Jackson,11723,4788,3060,3823,52
2026,05/04/2026,Jasper,21259,8852,5534,6727,146
2026,05/04/2026,Jefferson,8945,3317,3072,2462,94
2026,05/04/2026,Johnson,90874,17163,41761,31203,747
2026,05/04/2026,Jones,11739,4746,2415,4522,56
2026,05/04/2026,Keokuk,5426,2931,998,1466,31
2026,05/04/2026,Kossuth,8925,4575,1678,2617,55
2026,05/04/2026,Lee,17472,6140,5308,5894,130
2026,05/04/2026,Linn,132876,38505,45739,47299,1333
2026,05/04/2026,Louisa,5644,2596,1084,1928,36
2026,05/04/2026,Lucas,4952,2711,806,1403,32
2026,05/04/2026,Lyon,7610,6066,521,1003,20
2026,05/04/2026,Madison,10582,5097,1994,3393,98
2026,05/04/2026,Mahaska,11876,6642,1733,3406,95
2026,05/04/2026,Marion,21252,10597,3765,6744,146
2026,05/04/2026,Marshall,19108,7317,5309,6340,142
2026,05/04/2026,Mills,9104,5407,1545,2018,134
2026,05/04/2026,Mitchell,6043,2780,1221,2007,35
2026,05/04/2026,Monona,5021,2637,1016,1322,46
2026,05/04/2026,Monroe,4509,2342,819,1323,25
2026,05/04/2026,Montgomery,5310,3148,852,1270,40
2026,05/04/2026,Muscatine,21929,8048,5603,8081,197
2026,05/04/2026,O'Brien,8002,5456,868,1622,56
2026,05/04/2026,Osceola,3468,2343,310,802,13
2026,05/04/2026,Page,8137,5107,1101,1868,61
2026,05/04/2026,Palo Alto,5297,2429,1316,1518,34
2026,05/04/2026,Plymouth,15241,8632,2190,4339,80
2026,05/04/2026,Pocahontas,3876,2118,595,1127,36
2026,05/04/2026,Polk,273202,80964,101274,88325,2639
2026,05/04/2026,Pottawattamie,49069,21843,12066,14577,583
2026,05/04/2026,Poweshiek,10823,3828,2820,4119,56
2026,05/04/2026,Ringgold,2780,1820,420,525,15
2026,05/04/2026,Sac,6021,3477,789,1733,22
2026,05/04/2026,Scott,99119,32124,28735,37378,882
2026,05/04/2026,Shelby,7081,3959,1233,1849,40
2026,05/04/2026,Sioux,20590,15227,1434,3847,82
2026,05/04/2026,Story,51823,15384,16196,19757,486
2026,05/04/2026,Tama,8922,3970,2094,2803,55
2026,05/04/2026,Taylor,3224,1966,439,789,30
2026,05/04/2026,Totals,1791361,692089,496219,588500,14553
2026,05/04/2026,Union,6628,3194,1142,2256,36
2026,05/04/2026,Van Buren,3837,2256,501,1052,28
2026,05/04/2026,Wapello,15596,6049,4433,4993,121
2026,05/04/2026,Warren,34988,14493,8787,11427,281
2026,05/04/2026,Washington,12500,5931,2634,3840,95
2026,05/04/2026,Wayne,3256,1982,468,784,22
2026,05/04/2026,Webster,18934,8458,4553,5780,143
2026,05/04/2026,Winnebago,6157,2843,1167,2115,32
2026,05/04/2026,Winneshiek,12840,4638,3585,4565,52
2026,05/04/2026,Woodbury,47098,20045,12091,14554,408
2026,05/04/2026,Worth,4505,2088,945,1442,30
2026,05/04/2026,Wright,6231,3177,1156,1858,40
2026,06/01/2026,Adair,4396,2222,718,1432,24
2026,06/01/2026,Adams,2323,1161,374,779,9
2026,06/01/2026,Allamakee,7981,4259,1511,2169,42
2026,06/01/2026,Appanoose,7010,3567,1302,2096,45
2026,06/01/2026,Audubon,3451,1837,712,880,22
2026,06/01/2026,Benton,15639,6643,3025,5882,89
2026,06/01/2026,Black Hawk,66960,20577,23102,22678,603
2026,06/01/2026,Boone,16840,6452,4010,6253,125
2026,06/01/2026,Bremer,15664,5781,3363,6442,78
2026,06/01/2026,Buchanan,11824,4201,2761,4791,71
2026,06/01/2026,Buena Vista,8311,3862,1929,2467,53
2026,06/01/2026,Butler,8742,4570,1428,2694,50
2026,06/01/2026,Calhoun,5576,2933,822,1788,33
2026,06/01/2026,Carroll,12533,5674,2377,4371,111
2026,06/01/2026,Cass,7647,4361,1177,2058,51
2026,06/01/2026,Cedar,11291,4613,2630,3961,87
2026,06/01/2026,Cerro Gordo,24731,8954,6718,8864,195
2026,06/01/2026,Cherokee,6620,4019,919,1646,36
2026,06/01/2026,Chickasaw,6762,2831,1563,2342,26
2026,06/01/2026,Clarke,4667,2337,956,1329,45
2026,06/01/2026,Clay,9469,5290,1531,2561,87
2026,06/01/2026,Clayton,10282,4953,2193,3075,61
2026,06/01/2026,Clinton,26392,9400,6747,10064,181
2026,06/01/2026,Crawford,7183,3823,1388,1932,40
2026,06/01/2026,Dallas,67596,24260,18123,24649,564
2026,06/01/2026,Davis,4206,2472,818,894,22
2026,06/01/2026,Decatur,3865,2107,754,979,25
2026,06/01/2026,Delaware,10898,4887,1964,3992,55
2026,06/01/2026,Des Moines,21144,7191,6423,7338,192
2026,06/01/2026,Dickinson,12484,6646,2091,3665,82
2026,06/01/2026,Dubuque,57738,20012,19811,17428,487
2026,06/01/2026,Emmet,5248,2464,1061,1696,27
2026,06/01/2026,Fayette,10649,4806,2318,3455,70
2026,06/01/2026,Floyd,8421,3016,1962,3401,42
2026,06/01/2026,Franklin,5248,2804,897,1520,27
2026,06/01/2026,Fremont,4114,2509,640,934,31
2026,06/01/2026,Greene,5311,2541,1096,1627,47
2026,06/01/2026,Grundy,7873,4264,1213,2345,51
2026,06/01/2026,Guthrie,7055,3316,1287,2405,47
2026,06/01/2026,Hamilton,8199,4089,1617,2454,39
2026,06/01/2026,Hancock,6345,3551,1005,1744,45
2026,06/01/2026,Hardin,9148,4713,1814,2565,56
2026,06/01/2026,Harrison,8305,4624,1482,2114,85
2026,06/01/2026,Henry,10437,4963,1933,3471,70
2026,06/01/2026,Howard,5307,1777,1172,2334,24
2026,06/01/2026,Humboldt,5486,2827,777,1844,38
2026,06/01/2026,Ida,3954,2228,522,1193,11
2026,06/01/2026,Iowa,10412,4597,2052,3691,72
2026,06/01/2026,Jackson,11735,4810,3066,3807,52
2026,06/01/2026,Jasper,21310,8869,5580,6718,143
2026,06/01/2026,Jefferson,8961,3319,3094,2455,93
2026,06/01/2026,Johnson,91262,17190,42400,30936,736
2026,06/01/2026,Jones,11776,4765,2440,4515,56
2026,06/01/2026,Keokuk,5452,2939,1018,1464,31
2026,06/01/2026,Kossuth,8950,4595,1679,2622,54
2026,06/01/2026,Lee,17519,6159,5308,5921,131
2026,06/01/2026,Linn,133266,38486,46103,47351,1326
2026,06/01/2026,Louisa,5665,2590,1108,1931,36
2026,06/01/2026,Lucas,4969,2721,820,1396,32
2026,06/01/2026,Lyon,7636,6083,524,1010,19
2026,06/01/2026,Madison,10574,5185,1948,3351,90
2026,06/01/2026,Mahaska,11909,6727,1701,3389,92
2026,06/01/2026,Marion,21335,10620,3801,6769,145
2026,06/01/2026,Marshall,19153,7323,5365,6324,141
2026,06/01/2026,Mills,9183,5449,1574,2030,130
2026,06/01/2026,Mitchell,6037,2789,1225,1988,35
2026,06/01/2026,Monona,5032,2646,1030,1310,46
2026,06/01/2026,Monroe,4523,2352,819,1328,24
2026,06/01/2026,Montgomery,5326,3155,861,1269,41
2026,06/01/2026,Muscatine,21988,8092,5670,8031,195
2026,06/01/2026,O'Brien,8029,5465,880,1629,55
2026,06/01/2026,Osceola,3475,2341,312,809,13
2026,06/01/2026,Page,8170,5116,1114,1878,62
2026,06/01/2026,Palo Alto,5309,2440,1317,1519,33
2026,06/01/2026,Plymouth,15283,8663,2220,4323,77
2026,06/01/2026,Pocahontas,3882,2118,600,1128,36
2026,06/01/2026,Polk,274371,81101,102216,88414,2640
2026,06/01/2026,Pottawattamie,49269,21893,12189,14604,583
2026,06/01/2026,Poweshiek,10854,3846,2837,4114,57
2026,06/01/2026,Ringgold,2795,1833,432,515,15
2026,06/01/2026,Sac,6048,3544,789,1693,22
2026,06/01/2026,Scott,99543,32196,28946,37523,878
2026,06/01/2026,Shelby,7092,3961,1257,1835,39
2026,06/01/2026,Sioux,20666,15262,1449,3874,81
2026,06/01/2026,Story,51971,15486,16308,19695,482
2026,06/01/2026,Tama,8925,3987,2099,2784,55
2026,06/01/2026,Taylor,3220,1960,439,791,30
2026,06/01/2026,Totals,1797254,694349,500432,588009,14464
2026,06/01/2026,Union,6647,3191,1163,2257,36
2026,06/01/2026,Van Buren,3856,2267,504,1056,29
2026,06/01/2026,Wapello,15649,6076,4444,5007,122
2026,06/01/2026,Warren,35063,14507,8874,11402,280
2026,06/01/2026,Washington,12516,5951,2658,3812,95
2026,06/01/2026,Wayne,3255,1985,471,777,22
2026,06/01/2026,Webster,18973,8469,4576,5782,146
2026,06/01/2026,Winnebago,6172,2842,1174,2124,32
2026,06/01/2026,Winneshiek,12879,4658,3641,4531,49
2026,06/01/2026,Woodbury,47266,20050,12184,14628,404
2026,06/01/2026,Worth,4519,2096,950,1443,30
2026,06/01/2026,Wright,6259,3197,1167,1855,40
2026,07/02/2026,Adair,4407,2270,743,1371,23
2026,07/02/2026,Adams,2341,1191,395,746,9
2026,07/02/2026,Allamakee,8007,4336,1578,2053,40
2026,07/02/2026,Appanoose,7044,3663,1361,1976,44
2026,07/02/2026,Audubon,3455,1865,747,822,21
2026,07/02/2026,Benton,15733,6992,3207,5455,79
2026,07/02/2026,Black Hawk,67210,21070,24275,21309,556
2026,07/02/2026,Boone,16936,6699,4189,5929,119
2026,07/02/2026,Bremer,15727,5914,3584,6162,67
2026,07/02/2026,Buchanan,11865,4414,2833,4556,62
2026,07/02/2026,Buena Vista,8342,3913,2027,2358,44
2026,07/02/2026,Butler,8766,4615,1488,2617,46
2026,07/02/2026,Calhoun,5601,2984,867,1721,29
2026,07/02/2026,Carroll,12526,5967,2418,4043,98
2026,07/02/2026,Cass,7668,4382,1249,1990,47
2026,07/02/2026,Cedar,11370,4707,2812,3775,76
2026,07/02/2026,Cerro Gordo,24825,9133,7031,8483,178
2026,07/02/2026,Cherokee,6669,4112,995,1533,29
2026,07/02/2026,Chickasaw,6786,2862,1593,2304,27
2026,07/02/2026,Clarke,4680,2398,987,1253,42
2026,07/02/2026,Clay,9534,5405,1624,2422,83
2026,07/02/2026,Clayton,10301,5022,2304,2925,50
2026,07/02/2026,Clinton,26495,9669,7076,9586,164
2026,07/02/2026,Crawford,7200,3897,1454,1814,35
2026,07/02/2026,Dallas,68472,25183,19461,23304,524
2026,07/02/2026,Davis,4210,2528,815,846,21
2026,07/02/2026,Decatur,3887,2163,787,916,21
2026,07/02/2026,Delaware,10965,5015,2039,3862,49
2026,07/02/2026,Des Moines,21280,7624,6679,6804,173
2026,07/02/2026,Dickinson,12565,6872,2150,3463,80
2026,07/02/2026,Dubuque,57968,20526,20435,16557,450
2026,07/02/2026,Emmet,5264,2497,1105,1637,25
2026,07/02/2026,Fayette,10699,4850,2462,3322,65
2026,07/02/2026,Floyd,8441,3118,2014,3271,38
2026,07/02/2026,Franklin,5267,2845,939,1456,27
2026,07/02/2026,Fremont,4128,2528,673,901,26
2026,07/02/2026,Greene,5324,2588,1149,1543,44
2026,07/02/2026,Grundy,7912,4368,1287,2215,42
2026,07/02/2026,Guthrie,7090,3522,1335,2192,41
2026,07/02/2026,Hamilton,8236,4165,1695,2339,37
2026,07/02/2026,Hancock,6358,3594,1042,1680,42
2026,07/02/2026,Hardin,9177,4852,1855,2419,51
2026,07/02/2026,Harrison,8345,4714,1587,1965,79
2026,07/02/2026,Henry,10494,5075,2080,3275,64
2026,07/02/2026,Howard,5315,1805,1219,2268,23
2026,07/02/2026,Humboldt,5484,2864,824,1761,35
2026,07/02/2026,Ida,3965,2274,542,1141,8
2026,07/02/2026,Iowa,10472,4715,2189,3500,68
2026,07/02/2026,Jackson,11758,4916,3155,3639,48
2026,07/02/2026,Jasper,21427,9150,5811,6333,133
2026,07/02/2026,Jefferson,8995,3410,3183,2317,85
2026,07/02/2026,Johnson,91770,17545,44887,28678,660
2026,07/02/2026,Jones,11810,4801,2568,4390,51
2026,07/02/2026,Keokuk,5463,3007,1046,1383,27
2026,07/02/2026,Kossuth,9015,4755,1752,2462,46
2026,07/02/2026,Lee,17567,6311,5404,5727,125
2026,07/02/2026,Linn,134014,39350,48868,44594,1202
2026,07/02/2026,Louisa,5695,2616,1173,1869,37
2026,07/02/2026,Lucas,4960,2403,1196,1332,29
2026,07/02/2026,Lyon,7668,6124,564,963,17
2026,07/02/2026,Madison,10636,5463,1988,3102,83
2026,07/02/2026,Mahaska,11955,7012,1741,3122,80
2026,07/02/2026,Marion,21428,10929,4037,6330,132
2026,07/02/2026,Marshall,19271,7496,5604,6039,132
2026,07/02/2026,Mills,9251,5546,1654,1937,114
2026,07/02/2026,Mitchell,6049,2822,1279,1920,28
2026,07/02/2026,Monona,5059,2714,1053,1249,43
2026,07/02/2026,Monroe,4549,2396,857,1275,21
2026,07/02/2026,Montgomery,5319,3155,913,1213,38
2026,07/02/2026,Muscatine,22077,8325,6071,7505,176
2026,07/02/2026,O'Brien,8063,5505,929,1578,51
2026,07/02/2026,Osceola,3489,2371,342,765,11
2026,07/02/2026,Page,8213,5137,1211,1807,58
2026,07/02/2026,Palo Alto,5315,2547,1305,1432,31
2026,07/02/2026,Plymouth,15358,8874,2311,4096,77
2026,07/02/2026,Pocahontas,3900,2157,624,1086,33
2026,07/02/2026,Polk,276954,83628,108562,82370,2394
2026,07/02/2026,Pottawattamie,49544,22257,12916,13833,538
2026,07/02/2026,Poweshiek,10873,3959,2946,3915,53
2026,07/02/2026,Ringgold,2803,1834,461,493,15
2026,07/02/2026,Sac,6045,3553,791,1679,22
2026,07/02/2026,Scott,100345,33061,31248,35238,798
2026,07/02/2026,Shelby,7094,3999,1298,1760,37
2026,07/02/2026,Sioux,20750,15881,1145,3654,70
2026,07/02/2026,Story,52162,15905,17272,18546,439
2026,07/02/2026,Tama,8988,4149,2167,2626,46
2026,07/02/2026,Taylor,3235,1985,462,760,28
2026,07/02/2026,Totals,1807752,711587,527675,555309,13181
2026,07/02/2026,Union,6678,3181,1251,2212,34
2026,07/02/2026,Van Buren,3884,2303,536,1023,22
2026,07/02/2026,Wapello,15742,6111,4476,5032,123
2026,07/02/2026,Warren,35425,15017,9335,10822,251
2026,07/02/2026,Washington,12582,6158,2836,3502,86
2026,07/02/2026,Wayne,3282,2010,501,751,20
2026,07/02/2026,Webster,19004,8532,4771,5568,133
2026,07/02/2026,Winnebago,6218,2904,1237,2047,30
2026,07/02/2026,Winneshiek,12899,4812,3736,4303,48
2026,07/02/2026,Woodbury,47538,20333,12774,14066,365
2026,07/02/2026,Worth,4530,2155,992,1359,24
2026,07/02/2026,Wright,6297,3258,1236,1767,36
2026,08/03/2026,Adair,4426,2270,744,1389,23
2026,08/03/2026,Adams,2342,1189,392,752,9
2026,08/03/2026,Allamakee,8029,4319,1576,2092,42
2026,08/03/2026,Appanoose,7069,3663,1358,2004,44
2026,08/03/2026,Audubon,3462,1869,746,825,22
2026,08/03/2026,Benton,15775,6993,3208,5496,78
2026,08/03/2026,Black Hawk,67326,21043,24237,21488,558
2026,08/03/2026,Boone,17008,6712,4195,5980,121
2026,08/03/2026,Bremer,15747,5915,3572,6192,68
2026,08/03/2026,Buchanan,11905,4417,2830,4596,62
2026,08/03/2026,Buena Vista,8364,3917,2033,2370,44
2026,08/03/2026,Butler,8794,4614,1490,2644,46
2026,08/03/2026,Calhoun,5601,2983,866,1723,29
2026,08/03/2026,Carroll,12606,5991,2425,4090,100
2026,08/03/2026,Cass,7678,4383,1251,1997,47
2026,08/03/2026,Cedar,11383,4710,2805,3792,76
2026,08/03/2026,Cerro Gordo,24871,9119,7029,8546,177
2026,08/03/2026,Cherokee,6678,4111,992,1546,29
2026,08/03/2026,Chickasaw,6794,2857,1589,2321,27
2026,08/03/2026,Clarke,4682,2395,984,1261,42
2026,08/03/2026,Clay,9563,5406,1619,2457,81
2026,08/03/2026,Clayton,10335,5028,2304,2953,50
2026,08/03/2026,Clinton,26561,9671,7072,9652,166
2026,08/03/2026,Crawford,7219,3898,1458,1827,36
2026,08/03/2026,Dallas,68890,25256,19562,23535,537
2026,08/03/2026,Davis,4217,2530,813,853,21
2026,08/03/2026,Decatur,3894,2164,786,924,20
2026,08/03/2026,Delaware,10980,5018,2035,3878,49
2026,08/03/2026,Des Moines,21336,7620,6660,6883,173
2026,08/03/2026,Dickinson,12630,6893,2141,3516,80
2026,08/03/2026,Dubuque,58068,20516,20426,16676,450
2026,08/03/2026,Emmet,5282,2500,1101,1656,25
2026,08/03/2026,Fayette,10712,4847,2462,3337,66
2026,08/03/2026,Floyd,8452,3127,2006,3282,37
2026,08/03/2026,Franklin,5286,2842,940,1476,28
2026,08/03/2026,Fremont,4133,2522,675,910,26
2026,08/03/2026,Greene,5333,2589,1150,1550,44
2026,08/03/2026,Grundy,7925,4365,1290,2228,42
2026,08/03/2026,Guthrie,7111,3523,1334,2212,42
2026,08/03/2026,Hamilton,8247,4156,1695,2360,36
2026,08/03/2026,Hancock,6379,3596,1045,1696,42
2026,08/03/2026,Hardin,9184,4845,1855,2432,52
2026,08/03/2026,Harrison,8352,4709,1585,1978,80
2026,08/03/2026,Henry,10524,5066,2089,3304,65
2026,08/03/2026,Howard,5317,1807,1211,2276,23
2026,08/03/2026,Humboldt,5513,2864,819,1796,34
2026,08/03/2026,Ida,3967,2271,545,1143,8
2026,08/03/2026,Iowa,10491,4711,2184,3527,69
2026,08/03/2026,Jackson,11793,4919,3161,3665,48
2026,08/03/2026,Jasper,21470,9150,5811,6377,132
2026,08/03/2026,Jefferson,9032,3416,3183,2348,85
2026,08/03/2026,Johnson,91957,17555,44879,28862,661
2026,08/03/2026,Jones,11830,4803,2559,4418,50
2026,08/03/2026,Keokuk,5464,3006,1046,1385,27
2026,08/03/2026,Kossuth,9047,4748,1754,2498,47
2026,08/03/2026,Lee,17594,6300,5392,5779,123
2026,08/03/2026,Linn,134340,39357,48832,44943,1208
2026,08/03/2026,Louisa,5697,2614,1168,1878,37
2026,08/03/2026,Lucas,4990,2405,1196,1359,30
2026,08/03/2026,Lyon,7664,6116,567,964,17
2026,08/03/2026,Madison,10650,5451,1994,3121,84
2026,08/03/2026,Mahaska,11954,6973,1743,3159,79
2026,08/03/2026,Marion,21559,10967,4030,6430,132
2026,08/03/2026,Marshall,19319,7501,5595,6091,132
2026,08/03/2026,Mills,9286,5556,1655,1961,114
2026,08/03/2026,Mitchell,6057,2820,1280,1928,29
2026,08/03/2026,Monona,5068,2713,1055,1256,44
2026,08/03/2026,Monroe,4565,2397,859,1288,21
2026,08/03/2026,Montgomery,5329,3158,911,1222,38
2026,08/03/2026,Muscatine,22117,8317,6070,7553,177
2026,08/03/2026,O'Brien,8076,5496,934,1595,51
2026,08/03/2026,Osceola,3486,2366,342,767,11
2026,08/03/2026,Page,8240,5137,1204,1841,58
2026,08/03/2026,Palo Alto,5316,2544,1301,1440,31
2026,08/03/2026,Plymouth,15385,8882,2309,4117,77
2026,08/03/2026,Pocahontas,3903,2157,622,1092,32
2026,08/03/2026,Polk,278710,83620,109339,83338,2413
2026,08/03/2026,Pottawattamie,49734,22290,12905,13992,547
2026,08/03/2026,Poweshiek,10898,3950,2945,3949,54
2026,08/03/2026,Ringgold,2803,1836,459,493,15
2026,08/03/2026,Sac,6092,3790,797,1487,18
2026,08/03/2026,Scott,101063,33043,31585,35633,802
2026,08/03/2026,Shelby,7104,4002,1298,1765,39
2026,08/03/2026,Sioux,20827,15898,1147,3712,70
2026,08/03/2026,Story,52236,15893,17271,18635,437
2026,08/03/2026,Tama,8971,4132,2163,2630,46
2026,08/03/2026,Taylor,3241,1984,463,766,28
2026,08/03/2026,Totals,1813819,712087,528758,559741,13233
2026,08/03/2026,Union,6690,3177,1254,2225,34
2026,08/03/2026,Van Buren,3892,2302,536,1032,22
2026,08/03/2026,Wapello,15789,6352,4542,4778,117
2026,08/03/2026,Warren,35556,15038,9343,10922,253
2026,08/03/2026,Washington,12632,6167,2845,3534,86
2026,08/03/2026,Wayne,3278,2003,501,755,19
2026,08/03/2026,Webster,19030,8535,4770,5592,133
2026,08/03/2026,Winnebago,6238,2899,1234,2075,30
2026,08/03/2026,Winneshiek,12907,4813,3725,4321,48
2026,08/03/2026,Woodbury,47673,20329,12778,14205,361
2026,08/03/2026,Worth,4530,2151,992,1363,24
2026,08/03/2026,Wright,6296,3249,1230,1781,36
2026,09/01/2026,Adair,4433,2271,746,1392,24
2026,09/01/2026,Adams,2337,1187,390,751,9
2026,09/01/2026,Allamakee,8059,4317,1574,2122,46
2026,09/01/2026,Appanoose,7087,3663,1366,2015,43
2026,09/01/2026,Audubon,3468,1870,741,835,22
2026,09/01/2026,Benton,15823,6975,3211,5559,78
2026,09/01/2026,Black Hawk,67502,21002,24228,21707,565
2026,09/01/2026,Boone,17032,6715,4189,6007,121
2026,09/01/2026,Bremer,15784,5907,3562,6246,69
2026,09/01/2026,Buchanan,11903,4406,2815,4620,62
2026,09/01/2026,Buena Vista,8372,3918,2032,2377,45
2026,09/01/2026,Butler,8808,4613,1481,2668,46
2026,09/01/2026,Calhoun,5602,2978,864,1731,29
2026,09/01/2026,Carroll,12630,5995,2417,4115,103
2026,09/01/2026,Cass,7692,4389,1255,2001,47
2026,09/01/2026,Cedar,11382,4700,2794,3810,78
2026,09/01/2026,Cerro Gordo,24917,9124,7019,8595,179
2026,09/01/2026,Cherokee,6676,4108,989,1549,30
2026,09/01/2026,Chickasaw,6804,2859,1583,2335,27
2026,09/01/2026,Clarke,4688,2392,985,1269,42
2026,09/01/2026,Clay,9608,5423,1624,2478,83
2026,09/01/2026,Clayton,10372,5036,2309,2976,51
2026,09/01/2026,Clinton,26609,9684,7069,9689,167
2026,09/01/2026,Crawford,7219,3887,1464,1832,36
2026,09/01/2026,Dallas,69318,25318,19632,23828,540
2026,09/01/2026,Davis,4218,2525,812,860,21
2026,09/01/2026,Decatur,3890,2155,783,932,20
2026,09/01/2026,Delaware,10999,5013,2029,3906,51
2026,09/01/2026,Des Moines,21385,7622,6640,6953,170
2026,09/01/2026,Dickinson,12659,6907,2137,3535,80
2026,09/01/2026,Dubuque,58137,20518,20389,16778,452
2026,09/01/2026,Emmet,5285,2503,1093,1663,26
2026,09/01/2026,Fayette,10707,4834,2448,3359,66
2026,09/01/2026,Floyd,8458,3127,1992,3301,38
2026,09/01/2026,Franklin,5299,2843,936,1492,28
2026,09/01/2026,Fremont,4137,2526,673,912,26
2026,09/01/2026,Greene,5333,2579,1143,1568,43
2026,09/01/2026,Grundy,7943,4366,1294,2241,42
2026,09/01/2026,Guthrie,7125,3520,1330,2234,41
2026,09/01/2026,Hamilton,8276,4155,1689,2395,37
2026,09/01/2026,Hancock,6390,3602,1042,1704,42
2026,09/01/2026,Hardin,9206,4845,1858,2452,51
2026,09/01/2026,Harrison,8347,4703,1583,1981,80
2026,09/01/2026,Henry,10545,5068,2081,3331,65
2026,09/01/2026,Howard,5336,1807,1211,2295,23
2026,09/01/2026,Humboldt,5524,2867,820,1803,34
2026,09/01/2026,Ida,3984,2280,546,1150,8
2026,09/01/2026,Iowa,10515,4705,2179,3562,69
2026,09/01/2026,Jackson,11805,4924,3155,3678,48
2026,09/01/2026,Jasper,21493,9154,5794,6413,132
2026,09/01/2026,Jefferson,9042,3420,3169,2368,85
2026,09/01/2026,Johnson,92621,17563,45101,29299,658
2026,09/01/2026,Jones,11857,4805,2553,4449,50
2026,09/01/2026,Keokuk,5465,3007,1043,1387,28
2026,09/01/2026,Kossuth,9068,4747,1741,2532,48
2026,09/01/2026,Lee,17625,6295,5385,5824,121
2026,09/01/2026,Linn,134751,39347,48835,45365,1204
2026,09/01/2026,Louisa,5706,2617,1168,1884,37
2026,09/01/2026,Lucas,5003,2405,1199,1369,30
2026,09/01/2026,Lyon,7688,6130,570,971,17
2026,09/01/2026,Madison,10653,5434,1995,3139,85
2026,09/01/2026,Mahaska,11957,6951,1742,3185,79
2026,09/01/2026,Marion,21627,10974,4029,6492,132
2026,09/01/2026,Marshall,19338,7489,5582,6134,133
2026,09/01/2026,Mills,9351,5567,1667,2001,116
2026,09/01/2026,Mitchell,6056,2819,1271,1937,29
2026,09/01/2026,Monona,5076,2711,1052,1269,44
2026,09/01/2026,Monroe,4569,2398,859,1291,21
2026,09/01/2026,Montgomery,5330,3154,911,1227,38
2026,09/01/2026,Muscatine,22136,8287,6062,7610,177
2026,09/01/2026,O'Brien,8073,5494,930,1600,49
2026,09/01/2026,Osceola,3494,2367,340,775,12
2026,09/01/2026,Page,8274,5144,1208,1865,57
2026,09/01/2026,Palo Alto,5321,2547,1302,1441,31
2026,09/01/2026,Plymouth,15428,8891,2305,4153,79
2026,09/01/2026,Pocahontas,3910,2160,617,1101,32
2026,09/01/2026,Polk,279756,83608,109648,84084,2416
2026,09/01/2026,Pottawattamie,49913,22303,12926,14130,554
2026,09/01/2026,Poweshiek,10957,3944,2971,3988,54
2026,09/01/2026,Ringgold,2805,1838,455,497,15
2026,09/01/2026,Sac,6095,3784,795,1497,19
2026,09/01/2026,Scott,101532,33054,31722,35948,808
2026,09/01/2026,Shelby,7116,3995,1304,1778,39
2026,09/01/2026,Sioux,20885,15912,1149,3753,71
2026,09/01/2026,Story,52411,15858,17307,18808,438
2026,09/01/2026,Tama,8974,4122,2166,2641,45
2026,09/01/2026,Taylor,3241,1985,461,767,28
2026,09/01/2026,Totals,1819109,711990,529275,564581,13263
2026,09/01/2026,Union,6708,3171,1256,2246,35
2026,09/01/2026,Van Buren,3901,2299,543,1038,21
2026,09/01/2026,Wapello,15804,6338,4533,4819,114
2026,09/01/2026,Warren,35691,15062,9354,11025,250
2026,09/01/2026,Washington,12665,6165,2851,3562,87
2026,09/01/2026,Wayne,3275,2003,500,753,19
2026,09/01/2026,Webster,19044,8537,4768,5608,131
2026,09/01/2026,Winnebago,6245,2899,1223,2093,30
2026,09/01/2026,Winneshiek,12945,4798,3721,4379,47
2026,09/01/2026,Woodbury,47775,20315,12773,14332,355
2026,09/01/2026,Worth,4525,2143,992,1366,24
2026,09/01/2026,Wright,6306,3249,1225,1796,36
