Year,Date,County,Total,REP,DEM,LIB,GRE,CNV,CON,NAT,RFP,SSP,UNA
2015,3/31/2015,ATLANTIC,164054,40277,48411,75,31,8,6,1,1,0,75244
2015,3/31/2015,BERGEN,543859,108304,166989,216,139,83,14,14,5,0,268095
2015,3/31/2015,BURLINGTON,292879,67269,94012,172,67,35,15,0,4,0,131305
2015,3/31/2015,CAMDEN,324326,41886,132780,146,100,25,6,1,3,1,149378
2015,3/31/2015,CAPE MAY,66363,25899,13206,31,16,11,2,0,1,0,27197
2015,3/31/2015,CUMBERLAND,86328,14569,24036,26,20,8,5,1,2,1,47660
2015,3/31/2015,ESSEX,488085,43458,222328,156,82,16,19,6,8,2,222010
2015,3/31/2015,GLOUCESTER,196889,36998,69659,129,58,17,8,0,2,0,90018
2015,3/31/2015,HUDSON,306838,24413,155666,182,80,34,18,1,1,1,126442
2015,3/31/2015,HUNTERDON,89580,34378,17349,68,35,14,5,1,0,0,37730
2015,3/31/2015,MERCER,223370,31891,83666,104,87,15,4,1,4,2,107595
2015,3/31/2015,MIDDLESEX,477178,58939,172178,197,118,60,12,5,16,1,245651
2015,3/31/2015,MONMOUTH,415189,95823,98335,176,116,69,11,1,2,2,220654
2015,3/31/2015,MORRIS,323166,111151,68011,194,74,47,9,2,0,1,143677
2015,3/31/2015,OCEAN,374885,106385,71890,150,79,81,7,3,8,2,196280
2015,3/31/2015,PASSAIC,275722,49023,90549,78,30,37,3,1,2,2,135997
2015,3/31/2015,SALEM,42772,8934,12397,24,9,2,1,0,0,0,21405
2015,3/31/2015,SOMERSET,217537,52977,55625,145,48,33,5,0,1,0,108703
2015,3/31/2015,SUSSEX,102192,39069,16323,88,32,35,9,0,1,2,46633
2015,3/31/2015,UNION,302038,42307,125258,119,40,29,8,0,1,0,134276
2015,3/31/2015,WARREN,71512,25276,14654,50,17,16,5,0,2,0,31492
2015,3/31/2015,TOTALS,5384762,1059226,1753322,2526,1278,675,172,38,64,17,2567442
2015,4/30/2015,ATLANTIC,164035,40247,48292,77,32,8,6,0,1,0,75372
2015,4/30/2015,BERGEN,544047,108018,166820,216,137,85,14,14,5,0,268738
2015,4/30/2015,BURLINGTON,293003,67223,93924,172,66,35,15,0,4,1,131563
2015,4/30/2015,CAMDEN,324312,41841,132518,146,101,25,6,1,3,1,149670
2015,4/30/2015,CAPE MAY,66439,25875,13225,31,16,11,2,0,1,0,27278
2015,4/30/2015,CUMBERLAND,86389,14553,24006,27,20,8,5,1,2,1,47766
2015,4/30/2015,ESSEX,488157,43412,222037,158,82,16,19,6,8,2,222417
2015,4/30/2015,GLOUCESTER,196916,36973,69568,129,58,17,8,0,2,0,90161
2015,4/30/2015,HUDSON,308029,24390,155602,183,80,34,17,1,1,1,127720
2015,4/30/2015,HUNTERDON,89722,34404,17342,69,35,13,5,1,0,0,37853
2015,4/30/2015,MERCER,223527,31861,83548,105,88,15,4,1,4,2,107899
2015,4/30/2015,MIDDLESEX,477424,58921,171964,196,118,61,12,5,16,2,246129
2015,4/30/2015,MONMOUTH,415405,95776,98243,174,116,69,11,1,2,3,221010
2015,4/30/2015,MORRIS,323583,111164,67952,195,74,49,9,2,0,1,144137
2015,4/30/2015,OCEAN,375169,106299,71748,150,80,81,7,3,8,2,196791
2015,4/30/2015,PASSAIC,276899,49089,90767,82,30,37,3,1,2,2,136886
2015,4/30/2015,SALEM,42783,8914,12390,25,9,2,1,0,0,0,21442
2015,4/30/2015,SOMERSET,217766,52946,55608,146,51,33,5,0,1,0,108976
2015,4/30/2015,SUSSEX,102257,39046,16323,89,32,36,9,0,1,2,46719
2015,4/30/2015,UNION,302384,42240,125169,120,40,28,8,0,1,0,134778
2015,4/30/2015,WARREN,71588,25271,14649,52,16,17,5,0,2,0,31576
2015,4/30/2015,TOTALS,5389834,1058463,1751695,2542,1281,680,171,37,64,20,2574881
2015,6/1/2015,ATLANTIC,164193,40193,48252,77,32,8,6,0,1,0,75624
2015,6/1/2015,BERGEN,543456,107732,166314,218,138,87,14,14,5,0,268934
2015,6/1/2015,BURLINGTON,293906,67225,93923,169,66,35,15,0,4,2,132467
2015,6/1/2015,CAMDEN,324742,41831,132396,147,101,25,6,1,3,1,150231
2015,6/1/2015,CAPE MAY,66568,25851,13216,31,16,11,2,0,1,0,27440
2015,6/1/2015,CUMBERLAND,86420,14542,23989,27,20,8,5,1,2,1,47825
2015,6/1/2015,ESSEX,488324,43360,221864,157,82,16,19,6,8,2,222810
2015,6/1/2015,GLOUCESTER,196952,36918,69518,128,58,17,8,0,2,0,90303
2015,6/1/2015,HUDSON,308960,24391,155748,182,79,34,17,1,1,1,128506
2015,6/1/2015,HUNTERDON,89766,34370,17320,69,35,13,5,1,0,0,37953
2015,6/1/2015,MERCER,223600,31825,83451,105,87,15,3,1,4,2,108107
2015,6/1/2015,MIDDLESEX,478079,58851,171815,194,122,61,12,5,16,2,247001
2015,6/1/2015,MONMOUTH,415819,95694,98141,178,118,70,11,1,2,3,221601
2015,6/1/2015,MORRIS,323958,111141,67952,199,73,49,9,2,0,1,144532
2015,6/1/2015,OCEAN,375737,106257,71647,148,80,81,7,3,8,2,197504
2015,6/1/2015,PASSAIC,277120,49017,90696,82,30,37,3,1,2,2,137250
2015,6/1/2015,SALEM,42875,8902,12430,26,9,2,1,0,0,0,21505
2015,6/1/2015,SOMERSET,218016,52894,55589,147,51,33,5,0,1,0,109296
2015,6/1/2015,SUSSEX,102266,39022,16326,89,32,36,9,0,1,2,46749
2015,6/1/2015,UNION,302654,42179,125161,123,40,28,8,0,1,0,135114
2015,6/1/2015,WARREN,71638,25271,14637,53,16,17,5,0,2,0,31637
2015,6/1/2015,TOTALS,5395049,1057466,1750385,2549,1285,683,170,37,64,21,2582389
2015,6/30/2015,ATLANTIC,164334,40446,48857,76,31,8,6,0,1,0,74909
2015,6/30/2015,BERGEN,544221,108965,167271,220,138,89,14,14,5,0,267505
2015,6/30/2015,BURLINGTON,294527,67501,94208,170,65,35,15,0,4,2,132527
2015,6/30/2015,CAMDEN,325205,42106,133053,148,103,25,6,1,3,1,149759
2015,6/30/2015,CAPE MAY,66671,26014,13241,31,17,11,2,0,1,0,27354
2015,6/30/2015,CUMBERLAND,86354,14561,24049,27,19,8,5,1,2,1,47681
2015,6/30/2015,ESSEX,488868,43363,222603,159,83,16,19,6,8,2,222609
2015,6/30/2015,GLOUCESTER,196987,36959,69641,130,57,17,8,0,2,0,90173
2015,6/30/2015,HUDSON,309355,24397,155527,183,79,34,17,1,1,1,129115
2015,6/30/2015,HUNTERDON,89964,34848,17359,71,35,14,5,1,0,0,37631
2015,6/30/2015,MERCER,223915,31927,83801,105,87,15,3,1,4,2,107970
2015,6/30/2015,MIDDLESEX,478007,59257,172967,192,122,62,12,5,16,2,245372
2015,6/30/2015,MONMOUTH,416501,96190,98351,183,118,69,11,1,2,3,221573
2015,6/30/2015,MORRIS,324567,112761,68372,202,74,48,9,2,0,1,143098
2015,6/30/2015,OCEAN,376262,106384,71720,148,81,80,7,3,8,2,197829
2015,6/30/2015,PASSAIC,277201,49386,90873,81,30,37,2,1,2,2,136787
2015,6/30/2015,SALEM,42923,8969,12626,26,9,3,1,0,0,0,21289
2015,6/30/2015,SOMERSET,218463,53285,55923,150,51,33,5,0,1,0,109015
2015,6/30/2015,SUSSEX,102353,39472,16359,89,32,36,9,0,1,2,46353
2015,6/30/2015,UNION,303451,42274,126165,123,39,27,8,0,1,0,134814
2015,6/30/2015,WARREN,71608,25559,14664,53,16,17,5,0,1,0,31293
2015,6/30/2015,TOTALS,5401737,1064624,1757630,2567,1286,684,169,37,63,21,2574656
2015,8/5/2015,ATLANTIC,163906,40371,48558,76,31,8,6,0,1,0,74855
2015,8/5/2015,BERGEN,544634,108691,166889,221,136,89,14,13,5,1,268575
2015,8/5/2015,BURLINGTON,295172,67467,94159,169,64,34,15,0,4,2,133258
2015,8/5/2015,CAMDEN,325519,42048,132871,147,103,25,7,1,3,1,150313
2015,8/5/2015,CAPE MAY,66816,26002,13233,32,17,11,2,0,1,0,27518
2015,8/5/2015,CUMBERLAND,86486,14565,24023,27,18,8,5,1,2,1,47836
2015,8/5/2015,ESSEX,489464,43266,222214,156,84,16,19,6,8,3,223692
2015,8/5/2015,GLOUCESTER,197473,36959,69659,133,57,18,8,0,2,0,90637
2015,8/5/2015,HUDSON,309825,24530,156758,181,79,33,17,1,1,1,128224
2015,8/5/2015,HUNTERDON,90046,34752,17317,76,35,14,5,1,0,0,37846
2015,8/5/2015,MERCER,216927,31108,81472,97,80,15,3,2,4,2,104144
2015,8/5/2015,MIDDLESEX,478329,59144,172508,193,125,65,13,5,16,2,246258
2015,8/5/2015,MONMOUTH,416848,96027,98173,185,116,68,10,1,2,3,222263
2015,8/5/2015,MORRIS,325372,112604,68406,201,74,48,9,2,0,1,144027
2015,8/5/2015,OCEAN,377464,107843,72050,152,81,78,7,3,8,2,197240
2015,8/5/2015,PASSAIC,277070,49224,90646,82,31,38,2,1,2,2,137042
2015,8/5/2015,SALEM,42880,8956,12568,26,9,3,1,0,0,0,21317
2015,8/5/2015,SOMERSET,205771,51097,54021,143,53,34,5,0,1,0,100417
2015,8/5/2015,SUSSEX,97713,38153,15641,88,26,33,9,0,1,2,43760
2015,8/5/2015,UNION,304109,42201,126403,119,38,27,8,0,1,1,135311
2015,8/5/2015,WARREN,71812,25521,14660,54,16,18,5,0,1,0,31537
2015,8/5/2015,TOTALS,5383636,1060529,1752229,2558,1273,683,170,37,63,24,2566070
2015,9/1/2015,ATLANTIC,163713,40304,48317,77,32,8,6,0,1,0,74968
2015,9/1/2015,BERGEN,545123,108510,166657,221,136,89,14,13,5,1,269477
2015,9/1/2015,BURLINGTON,295592,67437,94169,171,64,35,15,0,4,2,133695
2015,9/1/2015,CAMDEN,325979,42054,132734,149,100,25,8,1,3,1,150904
2015,9/1/2015,CAPE MAY,66831,25935,13193,32,18,11,2,0,1,0,27639
2015,9/1/2015,CUMBERLAND,86539,14567,23989,29,17,8,5,1,2,0,47921
2015,9/1/2015,ESSEX,489651,43197,221912,157,83,16,19,6,8,3,224250
2015,9/1/2015,GLOUCESTER,197547,36957,69565,132,57,18,8,0,2,0,90808
2015,9/1/2015,HUDSON,310605,24552,156651,183,79,34,17,1,1,1,129086
2015,9/1/2015,HUNTERDON,90334,34743,17342,75,35,14,5,1,0,0,38119
2015,9/1/2015,MERCER,217330,31088,81418,97,80,16,3,2,4,2,104620
2015,9/1/2015,MIDDLESEX,478785,59127,172308,193,124,66,13,5,16,2,246931
2015,9/1/2015,MONMOUTH,417597,96068,98183,185,117,69,11,1,2,3,222958
2015,9/1/2015,MORRIS,325828,112478,68392,199,74,46,9,2,0,1,144627
2015,9/1/2015,OCEAN,378382,107975,72023,152,80,78,8,3,8,2,198053
2015,9/1/2015,PASSAIC,277039,49104,90442,82,30,38,2,1,2,2,137336
2015,9/1/2015,SALEM,42909,8949,12542,25,9,3,1,0,0,0,21380
2015,9/1/2015,SOMERSET,205978,51049,53971,143,52,34,5,0,1,0,100723
2015,9/1/2015,SUSSEX,97884,38121,15653,89,26,33,9,0,1,2,43950
2015,9/1/2015,UNION,304606,42166,126343,120,39,27,8,0,1,1,135901
2015,9/1/2015,WARREN,72032,25566,14685,54,16,18,5,0,1,0,31687
2015,9/1/2015,TOTALS,5390284,1059947,1750489,2565,1268,686,173,37,63,23,2575033
2015,9/30/2015,ATLANTIC,163597,40217,48103,78,31,8,6,0,1,0,75153
2015,9/30/2015,BERGEN,545058,108118,166160,215,135,86,14,13,5,1,270311
2015,9/30/2015,BURLINGTON,296161,67424,94180,170,65,37,15,0,4,2,134264
2015,9/30/2015,CAMDEN,326102,42040,132614,149,101,25,8,1,3,1,151160
2015,9/30/2015,CAPE MAY,66993,25932,13178,32,18,11,2,0,1,0,27819
2015,9/30/2015,CUMBERLAND,86769,14561,23956,30,17,7,5,1,2,0,48190
2015,9/30/2015,ESSEX,490493,43129,221699,162,82,16,20,6,8,3,225368
2015,9/30/2015,GLOUCESTER,197863,36990,69513,131,56,18,8,0,2,0,91145
2015,9/30/2015,HUDSON,311703,24605,156518,181,78,34,17,1,1,1,130267
2015,9/30/2015,HUNTERDON,90592,34755,17383,73,36,13,5,1,0,0,38326
2015,9/30/2015,MERCER,217755,31082,81448,96,78,16,3,2,4,3,105023
2015,9/30/2015,MIDDLESEX,479836,59148,172171,195,123,66,13,5,16,3,248096
2015,9/30/2015,MONMOUTH,418379,96060,98069,190,117,68,11,1,2,4,223857
2015,9/30/2015,MORRIS,326786,112451,68450,198,75,47,9,2,0,2,145552
2015,9/30/2015,OCEAN,378160,107612,71695,155,81,78,8,3,7,2,198519
2015,9/30/2015,PASSAIC,277466,49042,90304,81,30,38,2,1,2,2,137964
2015,9/30/2015,SALEM,43019,8943,12534,25,8,3,1,0,0,0,21505
2015,9/30/2015,SOMERSET,206540,51008,53978,141,51,34,5,0,1,0,101322
2015,9/30/2015,SUSSEX,98111,38114,15683,89,26,32,9,0,1,1,44156
2015,9/30/2015,UNION,305419,42135,126318,119,40,27,8,0,1,1,136770
2015,9/30/2015,WARREN,72189,25571,14689,55,16,18,5,0,1,0,31834
2015,9/30/2015,TOTALS,5398991,1058937,1748643,2565,1264,682,174,37,62,26,2586601
2015,10/31/2015,ATLANTIC,164676,40167,47966,80,30,8,6,0,1,0,76418
2015,10/31/2015,BERGEN,544366,107668,165613,215,133,83,14,13,5,1,270621
2015,10/31/2015,BURLINGTON,296568,67425,94122,173,64,36,15,0,4,2,134727
2015,10/31/2015,CAMDEN,326984,42036,132608,150,100,25,8,1,3,1,152052
2015,10/31/2015,CAPE MAY,67289,25934,13166,33,18,11,2,0,1,0,28124
2015,10/31/2015,CUMBERLAND,87292,14548,23958,30,17,7,5,1,2,0,48724
2015,10/31/2015,ESSEX,491578,43155,221722,159,82,16,20,6,8,3,226407
2015,10/31/2015,GLOUCESTER,198205,37009,69485,130,56,18,8,0,2,0,91497
2015,10/31/2015,HUDSON,312819,24656,156382,183,80,34,17,1,1,1,131464
2015,10/31/2015,HUNTERDON,90680,34716,17417,74,35,13,5,1,1,0,38418
2015,10/31/2015,MERCER,218453,31078,81452,99,79,17,4,2,4,3,105715
2015,10/31/2015,MIDDLESEX,481423,59273,172379,192,122,67,13,5,16,3,249353
2015,10/31/2015,MONMOUTH,419322,96062,98115,189,116,70,11,1,2,3,224753
2015,10/31/2015,MORRIS,327549,112405,68561,197,76,47,9,2,0,2,146250
2015,10/31/2015,OCEAN,378819,107557,71539,156,78,80,8,3,6,2,199390
2015,10/31/2015,PASSAIC,278931,49102,90456,81,30,37,2,1,2,2,139218
2015,10/31/2015,SALEM,43062,8943,12523,25,8,3,1,0,0,0,21559
2015,10/31/2015,SOMERSET,206947,50959,54043,142,50,34,5,0,1,0,101713
2015,10/31/2015,SUSSEX,98217,38100,15702,91,26,32,8,0,1,1,44256
2015,10/31/2015,UNION,306526,42114,126479,120,40,27,8,0,1,1,137736
2015,10/31/2015,WARREN,72279,25549,14688,54,16,18,5,0,1,0,31948
2015,10/31/2015,TOTALS,5411985,1058456,1748376,2573,1256,683,174,37,62,25,2600343
2015,11/30/2015,ATLANTIC,164970,40160,47914,80,30,8,5,0,1,0,76772
2015,11/30/2015,BERGEN,544337,107633,165519,217,134,81,14,13,5,1,270720
2015,11/30/2015,BURLINGTON,297000,67432,94148,172,62,36,15,0,4,2,135129
2015,11/30/2015,CAMDEN,327556,42070,132572,151,101,25,8,1,3,1,152624
2015,11/30/2015,CAPE MAY,67419,25926,13171,32,18,11,2,0,1,0,28258
2015,11/30/2015,CUMBERLAND,87425,14539,23936,30,17,7,5,1,2,1,48887
2015,11/30/2015,ESSEX,490887,43094,221388,159,80,16,20,6,8,3,226113
2015,11/30/2015,GLOUCESTER,197971,36975,69399,130,56,18,8,0,2,0,91383
2015,11/30/2015,HUDSON,313691,24694,156358,184,80,34,17,1,1,1,132321
2015,11/30/2015,HUNTERDON,90998,34748,17450,75,34,13,5,1,1,0,38671
2015,11/30/2015,MERCER,218907,31087,81455,99,78,18,4,2,4,2,106158
2015,11/30/2015,MIDDLESEX,481988,59326,172392,192,122,68,13,5,16,3,249851
2015,11/30/2015,MONMOUTH,419990,96058,98032,192,116,71,11,1,2,3,225504
2015,11/30/2015,MORRIS,327333,112297,68473,197,76,47,9,2,0,2,146230
2015,11/30/2015,OCEAN,378979,107565,71521,157,78,81,8,3,6,2,199558
2015,11/30/2015,PASSAIC,279374,49099,90438,82,30,37,2,1,2,2,139681
2015,11/30/2015,SALEM,43031,8937,12516,25,8,3,1,0,0,0,21541
2015,11/30/2015,SOMERSET,206775,50884,53992,144,51,34,5,0,1,0,101664
2015,11/30/2015,SUSSEX,98243,38090,15711,91,26,32,8,0,1,1,44283
2015,11/30/2015,UNION,307541,42153,126513,119,40,26,8,0,1,1,138680
2015,11/30/2015,WARREN,72148,25510,14653,55,15,18,5,0,1,0,31891
2015,11/30/2015,TOTALS,5416563,1058277,1747551,2583,1252,684,173,37,62,25,2605919
2015,12/31/2015,ATLANTIC,164989,40074,47829,79,30,8,5,0,1,0,76963
2015,12/31/2015,BERGEN,545105,107597,165371,220,132,84,14,13,5,1,271668
2015,12/31/2015,BURLINGTON,297572,67421,94058,174,62,37,15,0,4,2,135799
2015,12/31/2015,CAMDEN,327893,42074,132432,155,100,26,8,1,3,1,153093
2015,12/31/2015,CAPE MAY,67508,25921,13152,31,18,11,2,0,1,0,28372
2015,12/31/2015,CUMBERLAND,87637,14540,23923,30,17,7,5,1,2,0,49112
2015,12/31/2015,ESSEX,493220,43135,221525,163,81,16,20,6,7,4,228263
2015,12/31/2015,GLOUCESTER,198345,37015,69291,125,55,18,8,0,2,0,91831
2015,12/31/2015,HUDSON,313178,24593,155950,183,81,34,17,1,2,1,132316
2015,12/31/2015,HUNTERDON,91035,34683,17442,75,35,13,5,1,1,0,38780
2015,12/31/2015,MERCER,219205,31093,81384,100,78,18,4,2,4,2,106520
2015,12/31/2015,MIDDLESEX,482356,59323,172259,190,120,67,13,5,16,3,250360
2015,12/31/2015,MONMOUTH,420543,96074,97936,191,117,74,11,1,2,3,226134
2015,12/31/2015,MORRIS,328614,112323,68561,201,75,48,9,2,0,2,147393
2015,12/31/2015,OCEAN,379726,107682,71564,155,78,82,8,3,6,2,200146
2015,12/31/2015,PASSAIC,279689,49008,90291,82,30,36,2,1,2,2,140235
2015,12/31/2015,SALEM,43169,8957,12484,26,9,3,1,0,0,0,21689
2015,12/31/2015,SOMERSET,207946,50924,54053,148,53,34,5,0,1,0,102728
2015,12/31/2015,SUSSEX,98329,38048,15721,89,26,32,8,0,1,1,44403
2015,12/31/2015,UNION,307695,42106,126237,118,40,26,8,0,1,1,139158
2015,12/31/2015,WARREN,72368,25515,14691,54,16,18,5,0,1,0,32068
2015,12/31/2015,TOTALS,5426122,1058106,1746154,2589,1253,692,173,37,62,25,2617031
2016,1/31/2016,ATLANTIC,165038,40043,47746,80,29,9,5,0,1,0,77125
2016,1/31/2016,BERGEN,546316,107610,165334,219,135,86,13,13,5,1,272900
2016,1/31/2016,BURLINGTON,298274,67422,94133,172,62,37,15,0,4,2,136427
2016,1/31/2016,CAMDEN,328338,42139,132239,154,100,27,8,1,3,0,153667
2016,1/31/2016,CAPE MAY,67592,25907,13152,31,18,11,2,0,1,0,28470
2016,1/31/2016,CUMBERLAND,87621,14525,23862,29,17,7,5,1,2,0,49173
2016,1/31/2016,ESSEX,494832,43215,221596,163,80,17,21,6,7,5,229722
2016,1/31/2016,GLOUCESTER,199094,37118,69386,126,52,19,8,0,2,0,92383
2016,1/31/2016,HUDSON,314093,24656,155867,184,78,34,17,1,2,1,133253
2016,1/31/2016,HUNTERDON,91231,34649,17470,77,35,14,5,2,2,0,38977
2016,1/31/2016,MERCER,219533,31108,81334,99,78,20,4,2,4,2,106882
2016,1/31/2016,MIDDLESEX,483070,59407,172232,191,118,65,13,5,16,3,251020
2016,1/31/2016,MONMOUTH,421363,96192,97902,194,118,74,11,1,2,3,226866
2016,1/31/2016,MORRIS,329613,112341,68597,201,76,49,8,2,0,2,148337
2016,1/31/2016,OCEAN,380957,107802,71495,159,78,83,8,3,5,2,201322
2016,1/31/2016,PASSAIC,280438,48997,90191,83,31,36,2,1,2,2,141093
2016,1/31/2016,SALEM,43154,8961,12460,26,9,3,1,0,0,0,21694
2016,1/31/2016,SOMERSET,208261,50888,54073,147,53,36,5,0,1,0,103058
2016,1/31/2016,SUSSEX,98331,37953,15742,91,26,32,9,0,1,1,44476
2016,1/31/2016,UNION,308015,42093,126122,119,40,26,8,0,1,1,139605
2016,1/31/2016,WARREN,72673,25557,14747,54,15,18,5,0,1,0,32276
2016,1/31/2016,TOTALS,5437837,1058583,1745680,2599,1248,703,173,38,62,25,2628726
2016,3/2/2016,ATLANTIC,165576,40085,47804,79,28,7,4,0,1,0,77568
2016,3/2/2016,BERGEN,548500,107726,165671,219,137,95,13,15,5,1,274618
2016,3/2/2016,BURLINGTON,297852,67263,93866,177,60,39,16,0,3,2,136426
2016,3/2/2016,CAMDEN,329273,42213,132251,154,100,27,7,1,3,0,154517
2016,3/2/2016,CAPE MAY,67733,25867,13165,31,17,11,3,0,1,0,28638
2016,3/2/2016,CUMBERLAND,87801,14558,23813,30,17,7,5,1,2,0,49368
2016,3/2/2016,ESSEX,498216,43430,222127,165,78,18,21,6,7,5,232359
2016,3/2/2016,GLOUCESTER,196349,36823,68421,121,48,20,8,0,2,0,90906
2016,3/2/2016,HUDSON,315232,24795,155853,185,79,36,17,1,2,1,134263
2016,3/2/2016,HUNTERDON,91443,34634,17570,78,32,18,4,3,3,0,39101
2016,3/2/2016,MERCER,220449,31197,81569,103,81,31,6,4,4,5,107449
2016,3/2/2016,MIDDLESEX,485609,59691,172453,191,115,66,13,5,16,3,253056
2016,3/2/2016,MONMOUTH,422750,96743,98218,211,125,119,11,7,5,12,227299
2016,3/2/2016,MORRIS,330126,112257,68720,204,76,62,8,2,0,4,148793
2016,3/2/2016,OCEAN,382235,107866,71312,162,79,88,5,3,5,2,202713
2016,3/2/2016,PASSAIC,281214,48998,90194,85,35,41,2,3,2,3,141851
2016,3/2/2016,SALEM,43238,9031,12449,32,9,7,9,0,1,3,21697
2016,3/2/2016,SOMERSET,208592,50857,54154,147,54,37,5,1,1,1,103335
2016,3/2/2016,SUSSEX,98749,37943,15819,94,25,32,8,0,1,1,44826
2016,3/2/2016,UNION,308380,42120,126095,123,42,31,15,2,1,3,139948
2016,3/2/2016,WARREN,72912,25619,14775,53,14,22,5,0,1,0,32423
2016,3/2/2016,TOTALS,5452229,1059716,1746299,2644,1251,814,185,54,66,46,2641154
2016,3/31/2016,ATLANTIC,166067,40161,47895,79,29,8,4,1,1,0,77889
2016,3/31/2016,BERGEN,552018,108864,167100,257,153,141,17,26,7,16,275437
2016,3/31/2016,BURLINGTON,298748,67567,94205,181,70,48,31,6,3,11,136626
2016,3/31/2016,CAMDEN,330579,42652,132827,157,105,55,7,6,3,1,154766
2016,3/31/2016,CAPE MAY,67973,25931,13262,34,19,14,3,0,1,2,28707
2016,3/31/2016,CUMBERLAND,87975,14625,23848,34,16,8,5,1,2,1,49435
2016,3/31/2016,ESSEX,501807,43888,223137,167,78,30,41,9,10,14,234433
2016,3/31/2016,GLOUCESTER,197084,37165,68586,122,48,32,6,2,3,1,91119
2016,3/31/2016,HUDSON,316879,25208,156298,196,81,42,21,4,3,2,135024
2016,3/31/2016,HUNTERDON,91873,34783,17748,84,35,21,13,5,3,3,39178
2016,3/31/2016,MERCER,221632,31477,82108,107,78,48,14,8,5,13,107774
2016,3/31/2016,MIDDLESEX,486556,60257,172303,204,115,79,13,7,16,5,253557
2016,3/31/2016,MONMOUTH,424789,97861,98916,226,136,153,18,11,8,17,227443
2016,3/31/2016,MORRIS,332005,112931,69449,211,86,89,18,9,1,10,149201
2016,3/31/2016,OCEAN,383553,108326,71344,167,80,107,11,12,8,5,203493
2016,3/31/2016,PASSAIC,283232,49397,90943,99,44,100,2,19,3,21,142604
2016,3/31/2016,SALEM,43360,9129,12443,39,9,11,12,1,1,8,21707
2016,3/31/2016,SOMERSET,209934,51268,54681,152,53,45,9,5,1,5,103715
2016,3/31/2016,SUSSEX,99335,38149,16007,99,31,42,8,3,1,5,44990
2016,3/31/2016,UNION,310138,42584,126829,143,44,47,43,9,4,19,140416
2016,3/31/2016,WARREN,73276,25766,14849,52,17,23,9,4,2,0,32554
2016,3/31/2016,TOTALS,5478813,1067989,1754778,2810,1327,1143,305,148,86,159,2650068
2016,4/30/2016,ATLANTIC,167004,40354,48530,80,37,28,10,10,1,10,77944
2016,4/30/2016,BERGEN,555495,109887,169111,291,160,167,28,34,8,33,275776
2016,4/30/2016,BURLINGTON,300344,67946,95095,182,73,56,42,8,3,19,136920
2016,4/30/2016,CAMDEN,332588,43190,134002,167,109,84,17,15,6,6,154992
2016,4/30/2016,CAPE MAY,68222,26046,13447,36,20,20,5,3,1,5,28639
2016,4/30/2016,CUMBERLAND,88312,14771,24087,37,19,10,17,8,2,3,49358
2016,4/30/2016,ESSEX,504489,44405,224587,174,85,42,62,19,12,25,235078
2016,4/30/2016,GLOUCESTER,198114,37640,69125,126,55,45,6,4,3,5,91105
2016,4/30/2016,HUDSON,319595,25742,157829,209,86,55,46,13,4,6,135605
2016,4/30/2016,HUNTERDON,92302,34847,18069,86,33,23,17,5,3,5,39214
2016,4/30/2016,MERCER,222737,31718,82904,116,79,63,30,17,4,18,107788
2016,4/30/2016,MIDDLESEX,487877,61094,173211,225,120,109,39,21,19,24,253015
2016,4/30/2016,MONMOUTH,426838,98911,100071,236,149,181,37,19,14,31,227189
2016,4/30/2016,MORRIS,333955,113566,70550,217,92,108,34,15,2,16,149355
2016,4/30/2016,OCEAN,384873,109387,71768,187,90,147,28,21,9,15,203221
2016,4/30/2016,PASSAIC,285042,49813,91655,110,49,135,1,32,3,26,143218
2016,4/30/2016,SALEM,43519,9224,12522,42,9,13,15,3,1,10,21680
2016,4/30/2016,SOMERSET,211204,51573,55594,156,50,58,25,7,3,7,103731
2016,4/30/2016,SUSSEX,99842,38264,16352,99,31,58,8,5,3,6,45016
2016,4/30/2016,UNION,311781,42960,127888,153,53,60,63,14,5,30,140555
2016,4/30/2016,WARREN,73875,26022,15064,54,18,30,14,6,2,3,32662
2016,4/30/2016,TOTALS,5508008,1077360,1771461,2983,1417,1492,544,279,108,303,2652061
2016,5/31/2016,ATLANTIC,168756,40737,49312,99,45,45,22,14,4,21,78457
2016,5/31/2016,BERGEN,558867,110707,170919,312,167,200,57,43,11,41,276410
2016,5/31/2016,BURLINGTON,301877,68315,95995,186,78,67,60,13,3,21,137139
2016,5/31/2016,CAMDEN,335617,43735,135468,190,123,109,43,24,8,14,155903
2016,5/31/2016,CAPE MAY,68655,26173,13636,45,22,23,10,5,1,7,28733
2016,5/31/2016,CUMBERLAND,88869,14839,24256,44,22,15,23,10,3,9,49648
2016,5/31/2016,ESSEX,508830,44821,227284,187,95,50,75,19,13,30,236256
2016,5/31/2016,GLOUCESTER,199300,38067,69837,134,60,66,8,6,5,8,91109
2016,5/31/2016,HUDSON,325247,26423,161224,253,111,103,92,33,8,20,136980
2016,5/31/2016,HUNTERDON,93010,35046,18326,97,36,28,21,6,4,5,39441
2016,5/31/2016,MERCER,223659,31857,83601,128,82,73,35,23,3,23,107834
2016,5/31/2016,MIDDLESEX,493321,62221,176034,248,136,136,67,25,23,41,254390
2016,5/31/2016,MONMOUTH,430121,99982,101201,255,170,199,60,33,16,43,228162
2016,5/31/2016,MORRIS,336278,114158,71634,233,96,116,46,23,4,28,149940
2016,5/31/2016,OCEAN,387743,110540,72549,202,97,161,52,32,20,21,204069
2016,5/31/2016,PASSAIC,287499,50245,92976,121,54,155,1,36,4,34,143873
2016,5/31/2016,SALEM,43723,9311,12574,48,11,16,17,3,1,10,21732
2016,5/31/2016,SOMERSET,212663,51854,56388,161,56,63,32,14,3,10,104082
2016,5/31/2016,SUSSEX,100273,38332,16480,101,32,62,8,5,4,7,45242
2016,5/31/2016,UNION,313750,43343,128994,161,59,72,80,21,6,45,140969
2016,5/31/2016,WARREN,74417,26219,15239,53,19,37,19,8,2,6,32815
2016,5/31/2016,TOTALS,5552475,1086925,1793927,3258,1571,1796,828,396,146,444,2663184
2016,6/30/2016,ATLANTIC,169377,40983,49753,105,49,51,26,22,4,29,78355
2016,6/30/2016,BERGEN,559955,114801,182516,319,169,217,57,48,11,45,261772
2016,6/30/2016,BURLINGTON,303742,70011,99842,205,84,77,64,18,3,28,133410
2016,6/30/2016,CAMDEN,336894,46014,143333,204,127,131,63,31,12,27,146952
2016,6/30/2016,CAPE MAY,68957,27647,15315,50,22,24,16,5,2,10,25866
2016,6/30/2016,CUMBERLAND,89105,15632,25921,49,22,19,26,15,4,12,47405
2016,6/30/2016,ESSEX,508651,45769,235931,187,93,51,75,20,13,29,226483
2016,6/30/2016,GLOUCESTER,200716,41469,76305,152,60,76,19,9,6,16,82604
2016,6/30/2016,HUDSON,326560,26787,162447,264,123,115,105,39,13,28,136639
2016,6/30/2016,HUNTERDON,93468,37158,21005,98,38,29,20,9,4,7,35100
2016,6/30/2016,MERCER,225178,34418,94059,137,92,92,56,29,3,29,96263
2016,6/30/2016,MIDDLESEX,492938,65141,185186,238,127,132,65,25,22,38,241964
2016,6/30/2016,MONMOUTH,432430,110352,115041,266,175,211,72,37,16,50,206210
2016,6/30/2016,MORRIS,336650,117536,77103,239,101,119,51,24,5,31,141441
2016,6/30/2016,OCEAN,388421,113583,75075,212,100,177,69,40,22,27,199116
2016,6/30/2016,PASSAIC,289253,50789,94552,150,65,196,25,50,5,58,143363
2016,6/30/2016,SALEM,43890,10152,13600,51,12,16,21,3,2,12,20021
2016,6/30/2016,SOMERSET,212792,55384,63963,161,57,63,35,16,3,13,93097
2016,6/30/2016,SUSSEX,100337,40913,19119,98,33,66,8,6,4,9,40081
2016,6/30/2016,UNION,316064,44714,132918,178,77,93,104,33,14,58,137875
2016,6/30/2016,WARREN,74630,28207,16964,54,19,38,20,9,2,8,29309
2016,6/30/2016,TOTALS,5570008,1137460,1899948,3417,1645,1993,997,488,170,564,2523326
2016,8/5/2016,ATLANTIC,169940,41814,51468,112,58,61,36,30,4,30,76327
2016,8/5/2016,BERGEN,566853,120708,194987,358,181,256,73,63,16,57,250154
2016,8/5/2016,BURLINGTON,305252,73811,108477,220,99,85,89,24,3,36,122408
2016,8/5/2016,CAMDEN,338698,47985,151136,216,146,159,92,42,16,40,138866
2016,8/5/2016,CAPE MAY,69198,27730,15366,57,30,27,20,6,2,11,25949
2016,8/5/2016,CUMBERLAND,89328,16293,27291,52,25,22,36,18,6,17,45568
2016,8/5/2016,ESSEX,508324,47729,248809,192,100,62,84,27,13,32,211276
2016,8/5/2016,GLOUCESTER,202118,41936,76650,173,74,95,24,18,9,23,83116
2016,8/5/2016,HUDSON,327113,27385,166686,267,128,125,115,41,16,32,132318
2016,8/5/2016,HUNTERDON,94011,37231,21063,108,41,33,21,8,4,9,35493
2016,8/5/2016,MERCER,226622,34570,94713,152,109,112,76,35,3,39,96813
2016,8/5/2016,MIDDLESEX,497363,69140,195647,295,172,222,119,46,30,84,231608
2016,8/5/2016,MONMOUTH,435590,111695,115898,299,211,243,122,52,23,68,206979
2016,8/5/2016,MORRIS,337933,121638,82472,246,102,119,50,23,5,29,133249
2016,8/5/2016,OCEAN,390494,122890,82800,226,119,193,96,44,26,41,184059
2016,8/5/2016,PASSAIC,288878,54542,105597,156,70,190,31,49,7,58,128178
2016,8/5/2016,SALEM,44063,10196,13622,53,18,19,25,4,2,13,20111
2016,8/5/2016,SOMERSET,216263,56266,65793,191,76,85,58,27,5,24,93738
2016,8/5/2016,SUSSEX,101118,41146,19279,103,40,79,9,8,4,11,40439
2016,8/5/2016,UNION,318852,46310,139545,189,86,113,132,40,17,70,132350
2016,8/5/2016,WARREN,75346,28426,17039,67,28,46,29,13,2,11,29685
2016,8/5/2016,TOTALS,5603357,1179441,1994338,3732,1913,2346,1337,618,213,735,2418684
2016,8/31/2016,ATLANTIC,170416,42979,54474,121,63,72,44,32,5,33,72593
2016,8/31/2016,BERGEN,571314,121457,196662,405,217,310,125,76,25,85,251952
2016,8/31/2016,BURLINGTON,307050,74093,109095,249,119,94,105,28,4,43,123220
2016,8/31/2016,CAMDEN,340324,48239,151847,235,158,175,102,48,20,49,139451
2016,8/31/2016,CAPE MAY,69432,27779,15395,64,35,32,23,6,2,11,26085
2016,8/31/2016,CUMBERLAND,89949,16474,27481,61,35,36,50,24,8,21,45759
2016,8/31/2016,ESSEX,513914,48349,251669,219,120,103,126,37,15,46,213230
2016,8/31/2016,GLOUCESTER,202856,42091,76903,189,82,116,26,22,10,29,83388
2016,8/31/2016,HUDSON,329419,28912,178282,296,154,153,150,51,26,56,121339
2016,8/31/2016,HUNTERDON,94562,37323,21181,121,44,35,27,10,4,11,35806
2016,8/31/2016,MERCER,228148,34685,95426,165,124,128,90,41,3,49,97437
2016,8/31/2016,MIDDLESEX,502292,70001,197597,334,213,266,175,70,35,114,233487
2016,8/31/2016,MONMOUTH,437529,112283,116329,336,241,261,148,63,25,70,207773
2016,8/31/2016,MORRIS,340577,122003,83085,284,130,140,72,33,8,40,134782
2016,8/31/2016,OCEAN,393041,123737,83275,255,133,208,124,52,27,50,185180
2016,8/31/2016,PASSAIC,293462,55227,107320,196,110,237,76,68,15,73,130140
2016,8/31/2016,SALEM,44126,10221,13624,54,22,20,32,4,2,13,20134
2016,8/31/2016,SOMERSET,217558,56371,66260,210,87,85,68,31,5,29,94412
2016,8/31/2016,SUSSEX,101858,41304,19381,113,46,88,9,8,4,9,40896
2016,8/31/2016,UNION,319853,47386,143881,208,107,127,153,48,14,79,127850
2016,8/31/2016,WARREN,75857,28564,17115,76,31,51,35,15,4,14,29952
2016,8/31/2016,TOTALS,5643537,1189478,2026282,4191,2271,2737,1760,767,261,924,2414866
2016,10/5/2016,ATLANTIC,171624,43812,55992,138,75,83,58,42,7,42,71375
2016,10/5/2016,BERGEN,577186,122178,198176,438,238,338,144,86,28,94,255466
2016,10/5/2016,BURLINGTON,308967,74431,109606,271,130,112,112,35,5,46,124219
2016,10/5/2016,CAMDEN,342097,48490,152430,258,173,194,119,56,22,53,140302
2016,10/5/2016,CAPE MAY,69809,27881,15462,70,35,34,27,6,2,15,26277
2016,10/5/2016,CUMBERLAND,90417,16513,27618,70,36,40,58,24,9,23,46026
2016,10/5/2016,ESSEX,521314,49074,255051,269,161,178,181,58,23,74,216245
2016,10/5/2016,GLOUCESTER,204025,42346,77141,211,93,120,30,23,10,32,84019
2016,10/5/2016,HUDSON,335665,29746,181565,343,177,172,181,64,39,78,123300
2016,10/5/2016,HUNTERDON,95021,37366,21267,127,46,34,32,11,4,13,36121
2016,10/5/2016,MERCER,230005,34845,96130,175,135,147,109,46,4,54,98360
2016,10/5/2016,MIDDLESEX,505419,70339,198418,367,236,287,200,76,41,130,235325
2016,10/5/2016,MONMOUTH,439396,112788,116586,369,259,266,164,74,27,76,208787
2016,10/5/2016,MORRIS,345830,123150,84383,340,143,161,112,45,13,46,137437
2016,10/5/2016,OCEAN,395319,124470,83122,307,173,233,174,64,32,56,186688
2016,10/5/2016,PASSAIC,294883,55354,107783,215,128,258,102,76,20,82,130865
2016,10/5/2016,SALEM,44368,10289,13657,56,24,20,34,4,3,16,20265
2016,10/5/2016,SOMERSET,219158,56522,66650,224,93,89,77,36,5,34,95428
2016,10/5/2016,SUSSEX,102382,41423,19461,124,52,92,9,8,4,13,41196
2016,10/5/2016,UNION,322270,47603,144599,230,119,142,168,53,14,89,129253
2016,10/5/2016,WARREN,76311,28680,17191,82,36,52,39,18,4,14,30195
2016,10/5/2016,TOTALS,5691466,1197300,2042288,4684,2562,3052,2130,905,316,1080,2437149
2016,11/7/2016,ATLANTIC,175765,44357,56878,166,92,114,90,52,10,59,73947
2016,11/7/2016,BERGEN,590057,123563,201413,500,278,383,184,106,30,111,263489
2016,11/7/2016,BURLINGTON,314352,75120,110786,304,149,132,126,43,5,55,127632
2016,11/7/2016,CAMDEN,348103,49000,154353,287,207,235,141,70,24,71,143715
2016,11/7/2016,CAPE MAY,70888,28107,15661,75,40,43,34,8,1,17,26902
2016,11/7/2016,CUMBERLAND,91767,16689,28023,83,46,53,72,37,11,29,46724
2016,11/7/2016,ESSEX,535153,49843,259419,306,191,185,228,69,28,85,224799
2016,11/7/2016,GLOUCESTER,207506,42898,77790,233,105,144,37,32,10,37,86220
2016,11/7/2016,HUDSON,347815,30471,185409,407,227,208,234,78,47,94,130640
2016,11/7/2016,HUNTERDON,96417,37562,21530,143,50,37,35,11,4,15,37030
2016,11/7/2016,MERCER,235482,35237,97708,196,159,167,128,55,5,68,101759
2016,11/7/2016,MIDDLESEX,520319,71683,202316,451,306,337,264,92,50,151,244669
2016,11/7/2016,MONMOUTH,447716,114531,117959,443,311,308,213,92,32,96,213731
2016,11/7/2016,MORRIS,352646,124023,85671,392,166,171,135,51,16,51,141970
2016,11/7/2016,OCEAN,402458,126080,83985,354,213,261,206,73,38,78,191170
2016,11/7/2016,PASSAIC,302861,56024,109947,256,152,294,118,83,25,87,135875
2016,11/7/2016,SALEM,44836,10377,13729,62,26,26,37,6,4,17,20552
2016,11/7/2016,SOMERSET,224334,57177,67831,253,109,94,91,44,5,40,98690
2016,11/7/2016,SUSSEX,103896,41701,19653,135,59,100,9,11,4,13,42211
2016,11/7/2016,UNION,329166,48147,146615,263,146,161,201,66,17,100,133450
2016,11/7/2016,WARREN,77739,28954,17417,96,36,56,44,17,5,14,31100
2016,11/7/2016,TOTALS,5819276,1211544,2074093,5405,3068,3509,2627,1096,371,1288,2516275
2016,11/30/2016,ATLANTIC,176135,44383,56990,170,94,120,94,53,11,60,74160
2016,11/30/2016,BERGEN,590522,123567,201584,512,285,388,186,104,30,111,263755
2016,11/30/2016,BURLINGTON,315495,75454,111361,310,152,134,128,43,5,54,127854
2016,11/30/2016,CAMDEN,348638,49134,154616,298,212,240,150,78,25,79,143806
2016,11/30/2016,CAPE MAY,70980,28167,15696,77,43,43,36,8,1,15,26894
2016,11/30/2016,CUMBERLAND,91849,16717,28074,85,47,57,78,38,11,33,46709
2016,11/30/2016,ESSEX,535778,49855,259387,308,192,185,227,69,27,84,225444
2016,11/30/2016,GLOUCESTER,207336,42871,77726,233,105,144,37,32,10,36,86142
2016,11/30/2016,HUDSON,348067,30484,185445,409,229,210,236,81,47,97,130829
2016,11/30/2016,HUNTERDON,96765,37727,21588,145,50,40,36,12,4,15,37148
2016,11/30/2016,MERCER,236640,35431,98202,203,163,180,141,59,6,72,102183
2016,11/30/2016,MIDDLESEX,520327,71720,202377,451,305,337,262,92,50,151,244582
2016,11/30/2016,MONMOUTH,448339,114790,118090,456,317,314,228,99,33,97,213915
2016,11/30/2016,MORRIS,352738,124178,85848,397,168,172,135,51,16,50,141723
2016,11/30/2016,OCEAN,402435,126149,83972,370,222,269,211,78,38,84,191042
2016,11/30/2016,PASSAIC,303259,56058,110077,255,157,296,116,83,26,87,136104
2016,11/30/2016,SALEM,44845,10382,13724,62,26,26,37,6,4,17,20561
2016,11/30/2016,SOMERSET,224438,57195,67913,252,109,94,90,44,5,40,98696
2016,11/30/2016,SUSSEX,103805,41707,19643,135,59,98,9,11,4,13,42126
2016,11/30/2016,UNION,330109,48204,146828,269,149,168,208,69,18,105,134091
2016,11/30/2016,WARREN,77617,28902,17387,96,36,56,44,17,5,14,31060
2016,11/30/2016,TOTALS,5826117,1213075,2076528,5493,3120,3571,2689,1127,376,1314,2518824
2016,12/31/2016,ATLANTIC,176475,44377,57064,176,98,122,99,54,11,62,74412
2016,12/31/2016,BERGEN,590530,123573,201659,518,290,390,190,108,31,111,263660
2016,12/31/2016,BURLINGTON,316066,75514,111511,314,156,139,135,46,5,56,128190
2016,12/31/2016,CAMDEN,348989,49313,154906,308,217,244,165,84,26,82,143644
2016,12/31/2016,CAPE MAY,70401,28005,15589,79,43,45,37,9,0,16,26578
2016,12/31/2016,CUMBERLAND,92069,16829,28289,88,53,61,87,42,14,38,46568
2016,12/31/2016,ESSEX,537781,50115,260396,321,207,196,241,77,31,90,226105
2016,12/31/2016,GLOUCESTER,208250,43358,78096,246,115,163,36,34,10,42,86150
2016,12/31/2016,HUDSON,348967,30605,185702,414,237,214,250,88,52,105,131300
2016,12/31/2016,HUNTERDON,96767,37713,21585,149,52,41,36,12,5,15,37159
2016,12/31/2016,MERCER,237144,35533,98370,214,170,187,145,64,6,76,102379
2016,12/31/2016,MIDDLESEX,520880,71869,202627,451,304,335,261,92,49,152,244740
2016,12/31/2016,MONMOUTH,449922,115373,118464,478,329,334,246,104,34,100,214460
2016,12/31/2016,MORRIS,353406,124243,85995,410,179,179,139,53,17,53,142138
2016,12/31/2016,OCEAN,402101,126041,83848,372,223,274,213,79,38,86,190927
2016,12/31/2016,PASSAIC,303706,56189,110809,262,162,292,115,82,26,87,135682
2016,12/31/2016,SALEM,44932,10438,13726,66,26,29,39,6,4,16,20582
2016,12/31/2016,SOMERSET,225025,57489,68352,264,122,103,98,45,5,44,98503
2016,12/31/2016,SUSSEX,104505,41967,19808,141,64,106,9,16,5,16,42373
2016,12/31/2016,UNION,331097,48484,147429,282,165,186,239,77,19,107,134109
2016,12/31/2016,WARREN,77581,28908,17400,100,40,56,44,16,5,14,30998
2016,12/31/2016,TOTALS,5836594,1215936,2081625,5653,3252,3696,2824,1188,393,1368,2520657
2017,1/31/2017,ATLANTIC,177721,44649,57376,189,109,129,111,54,11,67,75026
2017,1/31/2017,BERGEN,591602,123841,202171,535,300,393,203,112,33,119,263895
2017,1/31/2017,BURLINGTON,306220,74288,109095,348,183,170,170,61,5,65,121835
2017,1/31/2017,CAMDEN,350412,49657,155745,332,234,266,181,94,27,87,143789
2017,1/31/2017,CAPE MAY,69316,27720,15383,81,44,49,37,10,0,19,25973
2017,1/31/2017,CUMBERLAND,92187,16893,28347,91,57,68,97,47,16,39,46532
2017,1/31/2017,ESSEX,539066,50315,261351,328,220,206,254,83,35,91,226183
2017,1/31/2017,GLOUCESTER,209014,43677,78339,268,126,184,34,36,10,44,86296
2017,1/31/2017,HUDSON,349733,30796,186122,420,250,225,263,94,53,107,131403
2017,1/31/2017,HUNTERDON,94751,37144,21204,157,55,45,37,12,5,16,36076
2017,1/31/2017,MERCER,237519,35619,98528,221,179,198,159,71,7,80,102457
2017,1/31/2017,MIDDLESEX,520120,71790,202115,457,306,336,261,92,49,151,244563
2017,1/31/2017,MONMOUTH,441221,114210,116726,487,348,351,267,115,33,107,208577
2017,1/31/2017,MORRIS,346635,122522,85073,444,197,193,173,65,19,61,137888
2017,1/31/2017,OCEAN,403275,126480,84094,389,235,288,223,85,39,96,191346
2017,1/31/2017,PASSAIC,304210,56312,111084,277,170,310,117,87,32,92,135729
2017,1/31/2017,SALEM,45102,10532,13761,69,32,38,40,9,4,20,20597
2017,1/31/2017,SOMERSET,225488,57584,68586,271,127,107,104,48,5,50,98606
2017,1/31/2017,SUSSEX,104562,41987,19829,153,68,117,9,17,5,20,42357
2017,1/31/2017,UNION,331974,48729,148180,296,179,198,259,80,22,106,133925
2017,1/31/2017,WARREN,78081,29097,17539,103,42,64,52,18,5,17,31144
2017,1/31/2017,TOTALS,5818209,1213842,2080648,5916,3461,3935,3051,1290,415,1454,2504197
2017,2/28/2017,ATLANTIC,179151,44898,57722,192,118,131,113,54,11,66,75846
2017,2/28/2017,BERGEN,593521,124285,203070,570,334,416,235,122,35,134,264320
2017,2/28/2017,BURLINGTON,305967,74227,109005,363,186,181,184,65,6,69,121681
2017,2/28/2017,CAMDEN,351051,49754,156228,357,249,278,187,102,29,93,143774
2017,2/28/2017,CAPE MAY,69311,27722,15390,83,46,51,40,9,0,20,25950
2017,2/28/2017,CUMBERLAND,92338,16919,28416,97,61,76,106,48,17,39,46559
2017,2/28/2017,ESSEX,539169,50317,261651,328,222,210,257,84,36,92,225972
2017,2/28/2017,GLOUCESTER,209390,43816,78451,278,130,198,34,40,10,51,86382
2017,2/28/2017,HUDSON,336792,30197,181704,441,283,256,323,110,60,125,123293
2017,2/28/2017,HUNTERDON,94892,37177,21253,163,57,48,37,12,5,18,36122
2017,2/28/2017,MERCER,237958,35690,98736,228,185,206,170,75,8,84,102576
2017,2/28/2017,MIDDLESEX,519237,71911,202271,458,308,334,262,94,49,153,243397
2017,2/28/2017,MONMOUTH,441790,114432,116880,507,363,367,295,125,34,113,208674
2017,2/28/2017,MORRIS,346767,122468,85193,453,210,198,183,68,20,62,137912
2017,2/28/2017,OCEAN,404579,127089,84334,409,251,314,234,96,46,106,191700
2017,2/28/2017,PASSAIC,305585,56724,111808,300,204,364,141,110,38,109,135787
2017,2/28/2017,SALEM,43680,10353,13416,72,33,38,45,9,4,19,19691
2017,2/28/2017,SOMERSET,225748,57645,68676,276,133,115,117,52,7,52,98675
2017,2/28/2017,SUSSEX,102100,41326,19391,158,87,129,24,25,6,26,40928
2017,2/28/2017,UNION,333703,49033,149221,316,188,212,278,91,24,111,134229
2017,2/28/2017,WARREN,72435,27679,16472,101,44,65,55,21,7,18,27973
2017,2/28/2017,TOTALS,5805164,1213662,2079288,6150,3692,4187,3320,1412,452,1560,2491441
2017,3/31/2017,ATLANTIC,176126,44489,56993,201,125,136,125,56,13,72,73916
2017,3/31/2017,BERGEN,586854,124028,202314,627,378,458,303,132,42,160,258412
2017,3/31/2017,BURLINGTON,306340,74317,109126,368,191,191,196,70,8,74,121799
2017,3/31/2017,CAMDEN,351281,49843,156312,374,263,306,204,111,30,105,143733
2017,3/31/2017,CAPE MAY,69356,27736,15402,84,48,55,43,11,0,22,25955
2017,3/31/2017,CUMBERLAND,92287,16925,28406,99,61,79,111,52,18,40,46496
2017,3/31/2017,ESSEX,485011,48038,244578,326,235,218,276,87,40,100,191113
2017,3/31/2017,GLOUCESTER,209848,43967,78556,288,134,208,41,45,11,55,86543
2017,3/31/2017,HUDSON,337602,30665,182831,471,305,278,369,122,62,142,122357
2017,3/31/2017,HUNTERDON,95012,37201,21306,165,59,50,39,14,5,18,36155
2017,3/31/2017,MERCER,238288,35759,98886,234,199,215,200,77,8,95,102615
2017,3/31/2017,MIDDLESEX,522151,72784,203995,537,364,399,353,121,58,173,243367
2017,3/31/2017,MONMOUTH,442200,114652,116930,544,376,379,314,140,39,123,208703
2017,3/31/2017,MORRIS,347245,122560,85353,470,218,207,198,73,20,64,138082
2017,3/31/2017,OCEAN,404261,127187,84072,432,262,337,254,106,48,114,191449
2017,3/31/2017,PASSAIC,300036,56286,110554,326,228,396,174,124,43,112,131793
2017,3/31/2017,SALEM,43682,10358,13418,73,35,39,46,11,4,20,19678
2017,3/31/2017,SOMERSET,225938,57683,68792,285,137,119,131,52,7,53,98679
2017,3/31/2017,SUSSEX,102302,41433,19440,167,101,136,36,28,6,28,40927
2017,3/31/2017,UNION,333141,48960,149164,341,205,224,307,97,28,121,133694
2017,3/31/2017,WARREN,72564,27715,16506,107,46,68,59,26,7,19,28011
2017,3/31/2017,TOTALS,5741525,1212586,2062934,6519,3970,4498,3779,1555,497,1710,2443477
2017,4/30/2017,ATLANTIC,177145,44809,57274,217,143,157,154,67,15,76,74233
2017,4/30/2017,BERGEN,587449,124155,202712,650,392,487,324,139,42,169,258379
2017,4/30/2017,BURLINGTON,306883,74587,109297,382,203,203,206,81,9,80,121835
2017,4/30/2017,CAMDEN,351944,50067,156588,383,271,325,228,117,32,124,143809
2017,4/30/2017,CAPE MAY,69457,27776,15449,84,50,56,45,12,1,23,25961
2017,4/30/2017,CUMBERLAND,89102,16673,27723,103,64,83,116,54,18,42,44226
2017,4/30/2017,ESSEX,484419,47934,244057,335,244,223,287,94,41,106,191098
2017,4/30/2017,GLOUCESTER,205040,43260,77281,289,142,209,48,48,11,59,83693
2017,4/30/2017,HUDSON,338725,30803,183500,489,329,299,410,135,67,154,122539
2017,4/30/2017,HUNTERDON,95190,37240,21336,167,63,53,40,15,5,19,36252
2017,4/30/2017,MERCER,238707,35826,99105,241,208,231,217,81,8,102,102688
2017,4/30/2017,MIDDLESEX,487909,70201,195001,573,390,454,420,140,62,205,220463
2017,4/30/2017,MONMOUTH,442324,114900,117009,557,386,396,335,140,44,128,208429
2017,4/30/2017,MORRIS,347916,122797,85576,481,233,216,204,77,22,67,138243
2017,4/30/2017,OCEAN,397639,126355,82932,475,286,394,308,124,54,141,186570
2017,4/30/2017,PASSAIC,301249,57108,110626,355,237,433,195,136,49,123,131987
2017,4/30/2017,SALEM,43767,10405,13443,75,37,43,49,12,4,20,19679
2017,4/30/2017,SOMERSET,222501,57175,68174,287,147,120,150,52,8,56,96332
2017,4/30/2017,SUSSEX,102481,41500,19482,170,103,141,42,29,6,30,40978
2017,4/30/2017,UNION,321193,47761,145195,356,214,245,324,108,34,126,126830
2017,4/30/2017,WARREN,72720,27795,16551,111,50,71,68,26,7,21,28020
2017,4/30/2017,TOTALS,5683760,1209127,2048311,6780,4192,4839,4170,1687,539,1871,2402244
2017,5/31/2017,ATLANTIC,177748,44944,57571,241,154,169,165,76,20,89,74319
2017,5/31/2017,BERGEN,586450,124223,202851,678,417,527,355,152,50,187,257010
2017,5/31/2017,BURLINGTON,307512,74735,109592,399,223,215,222,86,12,90,121938
2017,5/31/2017,CAMDEN,352693,50232,156977,401,287,350,244,125,35,145,143897
2017,5/31/2017,CAPE MAY,69643,27817,15488,91,54,60,49,13,2,24,26045
2017,5/31/2017,CUMBERLAND,89514,16844,27999,114,79,101,141,66,17,53,44100
2017,5/31/2017,ESSEX,485472,47980,244472,338,250,231,302,97,40,120,191642
2017,5/31/2017,GLOUCESTER,205450,43408,77388,290,149,214,70,52,11,63,83805
2017,5/31/2017,HUDSON,339706,31005,184060,514,345,325,454,142,76,174,122611
2017,5/31/2017,HUNTERDON,95374,37306,21395,170,66,59,43,16,5,20,36294
2017,5/31/2017,MERCER,230803,34957,96683,247,218,247,230,89,8,109,98015
2017,5/31/2017,MIDDLESEX,492210,71009,196807,610,415,486,457,151,64,228,221983
2017,5/31/2017,MONMOUTH,441553,115132,117065,578,409,418,359,154,46,138,207254
2017,5/31/2017,MORRIS,348898,123013,85933,496,242,240,223,81,23,74,138573
2017,5/31/2017,OCEAN,398513,126833,83069,505,302,422,332,133,54,147,186716
2017,5/31/2017,PASSAIC,301775,57260,110930,375,250,455,217,150,57,130,131951
2017,5/31/2017,SALEM,43830,10454,13453,80,35,48,48,12,4,21,19675
2017,5/31/2017,SOMERSET,223208,57309,68436,303,158,127,160,56,10,64,96585
2017,5/31/2017,SUSSEX,102782,41574,19549,174,105,143,46,30,7,30,41124
2017,5/31/2017,UNION,321637,47867,145447,371,224,263,351,114,36,133,126831
2017,5/31/2017,WARREN,72979,27849,16636,115,56,70,69,30,7,22,28125
2017,5/31/2017,TOTALS,5687750,1211751,2051801,7090,4438,5170,4537,1825,584,2061,2398493
2017,6/5/2017,ATLANTIC,177771,44959,57590,244,154,170,167,78,20,90,74299
2017,6/5/2017,BERGEN,586003,124112,202713,678,417,527,355,152,50,186,256813
2017,6/5/2017,BURLINGTON,307647,74782,109673,400,225,217,223,88,12,91,121936
2017,6/5/2017,CAMDEN,352820,50254,157031,404,289,355,247,127,35,147,143931
2017,6/5/2017,CAPE MAY,69699,27828,15506,92,54,60,50,14,2,26,26067
2017,6/5/2017,CUMBERLAND,89509,16843,27997,114,79,101,141,66,17,53,44098
2017,6/5/2017,ESSEX,485402,47972,244438,338,250,231,302,97,40,120,191614
2017,6/5/2017,GLOUCESTER,205404,43399,77374,290,149,214,70,52,11,63,83782
2017,6/5/2017,HUDSON,339812,31042,184102,520,346,328,460,142,76,174,122622
2017,6/5/2017,HUNTERDON,95348,37290,21390,170,66,59,43,16,5,20,36289
2017,6/5/2017,MERCER,230816,34955,96693,245,218,247,230,89,8,110,98021
2017,6/5/2017,MIDDLESEX,492126,70993,196758,610,415,486,458,151,64,228,221963
2017,6/5/2017,MONMOUTH,441671,115181,117151,579,411,419,361,154,46,141,207228
2017,6/5/2017,MORRIS,348997,123003,85995,498,242,239,225,81,23,75,138616
2017,6/5/2017,OCEAN,398624,126890,83088,506,302,422,334,133,54,148,186747
2017,6/5/2017,PASSAIC,301989,57301,111044,379,259,458,225,151,58,129,131985
2017,6/5/2017,SALEM,43826,10450,13453,80,35,48,48,12,4,21,19675
2017,6/5/2017,SOMERSET,223207,57302,68418,303,158,127,160,56,10,64,96609
2017,6/5/2017,SUSSEX,102762,41566,19545,174,105,143,46,30,7,30,41116
2017,6/5/2017,UNION,321607,47866,145434,371,224,263,351,114,36,133,126815
2017,6/5/2017,WARREN,72962,27843,16635,115,56,70,70,30,7,22,28114
2017,6/5/2017,TOTALS,5688002,1211831,2052028,7110,4454,5184,4566,1833,585,2071,2398340
2017,6/30/2017,ATLANTIC,178133,45022,58016,252,158,177,173,83,20,91,74141
2017,6/30/2017,BERGEN,587620,126131,207625,692,426,533,383,159,52,200,251419
2017,6/30/2017,BURLINGTON,308328,76041,111781,408,234,225,228,90,13,93,119215
2017,6/30/2017,CAMDEN,347630,50366,157384,407,281,367,253,134,37,146,138255
2017,6/30/2017,CAPE MAY,69730,28045,15805,93,54,62,52,13,3,27,25576
2017,6/30/2017,CUMBERLAND,89531,17079,28391,114,77,103,140,67,18,53,43489
2017,6/30/2017,ESSEX,485081,48442,249090,335,250,231,297,97,40,120,186179
2017,6/30/2017,GLOUCESTER,205990,44164,78710,297,157,224,78,54,12,70,82224
2017,6/30/2017,HUDSON,340591,31421,187415,523,348,333,469,142,78,186,119676
2017,6/30/2017,HUNTERDON,95848,38040,22180,174,67,58,43,16,5,19,35246
2017,6/30/2017,MERCER,231453,35407,98905,262,225,260,249,95,10,117,95923
2017,6/30/2017,MIDDLESEX,491665,71718,200804,601,402,480,462,153,65,227,216753
2017,6/30/2017,MONMOUTH,442057,117173,120311,585,419,428,368,160,46,142,202425
2017,6/30/2017,MORRIS,349132,124876,88733,497,242,236,225,81,23,77,134142
2017,6/30/2017,OCEAN,399027,128669,84127,502,302,418,346,132,56,155,184320
2017,6/30/2017,PASSAIC,302416,59059,113296,382,253,463,235,154,59,136,128379
2017,6/30/2017,SALEM,43903,10612,13664,82,39,53,48,12,4,21,19368
2017,6/30/2017,SOMERSET,223337,58310,70316,298,160,128,159,57,9,64,93836
2017,6/30/2017,SUSSEX,102537,42011,20082,174,105,141,46,30,7,30,39911
2017,6/30/2017,UNION,322926,48355,147101,377,240,278,370,123,38,140,125904
2017,6/30/2017,WARREN,72893,28175,16989,115,57,70,70,29,7,23,27358
2017,6/30/2017,TOTALS,5689828,1229116,2090725,7170,4496,5268,4694,1881,602,2137,2343739
2017,7/31/2017,ATLANTIC,178116,45026,58084,261,161,180,178,86,23,94,74023
2017,7/31/2017,BERGEN,589132,126338,208268,719,446,556,416,169,54,212,251954
2017,7/31/2017,BURLINGTON,309157,76192,112323,409,237,234,251,88,14,97,119312
2017,7/31/2017,CAMDEN,348651,50702,159273,430,300,394,276,145,42,163,136926
2017,7/31/2017,CAPE MAY,69824,28047,15818,94,58,65,56,15,3,30,25638
2017,7/31/2017,CUMBERLAND,89791,17146,28552,125,81,114,155,73,21,55,43469
2017,7/31/2017,ESSEX,487015,48623,250363,346,270,248,333,107,47,123,186555
2017,7/31/2017,GLOUCESTER,206500,44278,78862,314,161,232,92,58,12,75,82416
2017,7/31/2017,HUDSON,341555,31702,189832,548,362,353,510,153,80,193,117822
2017,7/31/2017,HUNTERDON,95871,37949,22203,178,77,57,46,19,6,20,35316
2017,7/31/2017,MERCER,232025,35473,99248,269,232,275,254,99,9,119,96047
2017,7/31/2017,MIDDLESEX,493508,72397,202641,637,429,508,526,176,69,253,215872
2017,7/31/2017,MONMOUTH,443250,117626,120583,597,435,457,382,175,52,159,202784
2017,7/31/2017,MORRIS,350018,124943,88995,516,257,247,238,87,27,77,134631
2017,7/31/2017,OCEAN,399355,130492,85139,519,318,430,367,137,58,165,181730
2017,7/31/2017,PASSAIC,302722,59091,113383,392,256,489,237,157,64,139,128514
2017,7/31/2017,SALEM,43987,10628,13674,84,42,56,46,14,4,23,19416
2017,7/31/2017,SOMERSET,224086,58439,70579,320,168,147,172,61,8,68,94124
2017,7/31/2017,SUSSEX,102938,42107,20195,190,114,159,51,33,7,35,40047
2017,7/31/2017,UNION,323464,48775,149784,393,246,289,386,130,42,149,123270
2017,7/31/2017,WARREN,73041,28187,17025,123,58,76,72,32,8,24,27436
2017,7/31/2017,TOTALS,5704006,1234161,2104824,7464,4708,5566,5044,2014,650,2273,2337302
2017,8/31/2017,ATLANTIC,178008,45588,59284,260,162,183,185,87,23,98,72138
2017,8/31/2017,BERGEN,590658,126554,208980,735,468,585,432,183,58,221,252442
2017,8/31/2017,BURLINGTON,308702,76012,112182,423,240,251,259,94,15,98,119128
2017,8/31/2017,CAMDEN,349398,50811,159640,451,317,420,295,143,44,177,137100
2017,8/31/2017,CAPE MAY,69949,28074,15839,97,58,65,62,16,3,32,25703
2017,8/31/2017,CUMBERLAND,89760,17209,28564,135,84,120,164,83,23,63,43315
2017,8/31/2017,ESSEX,488804,48787,251269,372,283,263,349,122,52,134,187173
2017,8/31/2017,GLOUCESTER,206989,44430,79019,333,171,242,103,58,14,83,82536
2017,8/31/2017,HUDSON,343348,31860,190146,573,375,378,546,162,87,202,119019
2017,8/31/2017,HUNTERDON,96031,37944,22230,181,83,61,46,22,8,22,35434
2017,8/31/2017,MERCER,232501,35571,99584,283,244,290,271,104,9,122,96023
2017,8/31/2017,MIDDLESEX,494670,72563,203108,676,455,544,578,187,69,282,216208
2017,8/31/2017,MONMOUTH,443965,117906,120832,621,458,469,396,185,51,165,202882
2017,8/31/2017,MORRIS,351291,125075,89460,525,259,267,250,93,29,83,135250
2017,8/31/2017,OCEAN,401690,131212,85468,559,345,447,405,154,64,184,182852
2017,8/31/2017,PASSAIC,303888,59329,113943,410,274,528,274,165,70,160,128735
2017,8/31/2017,SALEM,44101,10659,13704,85,42,61,46,13,3,24,19464
2017,8/31/2017,SOMERSET,224662,58511,70832,326,179,160,182,63,9,71,94329
2017,8/31/2017,SUSSEX,103536,42258,20359,197,125,167,58,40,7,43,40282
2017,8/31/2017,UNION,324500,48902,150248,416,253,319,421,142,48,162,123589
2017,8/31/2017,WARREN,73693,28331,17183,136,67,83,77,33,8,26,27749
2017,8/31/2017,TOTALS,5720144,1237586,2111874,7794,4942,5903,5399,2149,694,2452,2341351
2017,9/30/2017,ATLANTIC,179311,45763,59588,278,180,205,209,91,26,111,72860
2017,9/30/2017,BERGEN,591998,126599,209242,756,483,609,455,193,61,231,253369
2017,9/30/2017,BURLINGTON,309341,76123,112391,440,262,266,271,100,14,108,119366
2017,9/30/2017,CAMDEN,349932,50873,159784,467,330,437,307,149,44,186,137355
2017,9/30/2017,CAPE MAY,70097,28122,15853,105,63,70,66,16,3,33,25766
2017,9/30/2017,CUMBERLAND,89536,17180,28540,137,84,119,164,82,22,64,43144
2017,9/30/2017,ESSEX,489846,48829,251480,378,294,278,367,126,53,141,187900
2017,9/30/2017,GLOUCESTER,207363,44482,79142,343,177,249,115,65,17,87,82686
2017,9/30/2017,HUDSON,345823,31987,190579,595,390,398,576,171,90,212,120825
2017,9/30/2017,HUNTERDON,96279,37969,22288,184,85,69,46,22,8,22,35586
2017,9/30/2017,MERCER,232881,35556,99777,290,256,295,280,112,11,129,96175
2017,9/30/2017,MIDDLESEX,496243,72825,203546,707,477,571,611,202,73,292,216939
2017,9/30/2017,MONMOUTH,444715,118124,121027,640,472,487,419,194,51,175,203126
2017,9/30/2017,MORRIS,351910,125036,89687,541,275,278,265,93,30,82,135623
2017,9/30/2017,OCEAN,401987,131318,85444,592,364,459,420,155,66,193,182976
2017,9/30/2017,PASSAIC,304466,59360,114181,419,279,551,277,173,72,167,128987
2017,9/30/2017,SALEM,44209,10691,13718,86,43,69,48,15,3,23,19513
2017,9/30/2017,SOMERSET,225134,58480,70994,334,179,165,189,66,11,77,94639
2017,9/30/2017,SUSSEX,103522,42179,20393,207,126,166,59,44,6,43,40299
2017,9/30/2017,UNION,325277,48993,150434,429,260,335,439,148,52,174,124013
2017,9/30/2017,WARREN,73881,28355,17256,138,71,84,80,36,8,27,27826
2017,9/30/2017,TOTALS,5733751,1238844,2115344,8066,5150,6160,5663,2253,721,2577,2348973
2017,11/7/2017,ATLANTIC,180123,45837,59751,290,189,222,216,95,29,120,73374
2017,11/7/2017,BERGEN,593454,126571,209553,778,498,631,482,199,65,236,254441
2017,11/7/2017,BURLINGTON,311045,76340,112790,450,272,284,290,110,16,115,120378
2017,11/7/2017,CAMDEN,351076,51061,160195,499,337,467,343,162,48,200,137764
2017,11/7/2017,CAPE MAY,70302,28169,15906,107,64,73,69,15,3,35,25861
2017,11/7/2017,CUMBERLAND,89673,17283,28621,151,89,128,178,84,25,72,43042
2017,11/7/2017,ESSEX,491941,48812,251926,388,305,286,369,131,54,143,189527
2017,11/7/2017,GLOUCESTER,207986,44613,79309,346,190,258,135,69,18,97,82951
2017,11/7/2017,HUDSON,348366,32170,191129,613,406,416,604,179,98,223,122528
2017,11/7/2017,HUNTERDON,96517,37984,22347,185,88,72,47,22,9,22,35741
2017,11/7/2017,MERCER,233860,35580,100091,304,265,312,290,113,11,135,96759
2017,11/7/2017,MIDDLESEX,498080,73001,204080,718,492,586,625,214,79,305,217980
2017,11/7/2017,MONMOUTH,446135,118379,121252,667,495,521,451,211,53,193,203913
2017,11/7/2017,MORRIS,353176,125095,90069,564,281,294,284,99,32,88,136370
2017,11/7/2017,OCEAN,402504,131458,85406,607,385,492,441,163,66,202,183284
2017,11/7/2017,PASSAIC,305974,59518,114684,441,304,580,305,176,76,187,129703
2017,11/7/2017,SALEM,44236,10709,13702,85,43,68,51,17,3,26,19532
2017,11/7/2017,SOMERSET,226095,58576,71260,349,183,173,198,74,11,80,95191
2017,11/7/2017,SUSSEX,103855,42254,20464,219,136,173,64,47,6,48,40444
2017,11/7/2017,UNION,326320,49011,150643,444,265,344,448,152,55,176,124782
2017,11/7/2017,WARREN,74144,28452,17307,144,72,87,82,38,7,28,27927
2017,11/7/2017,TOTALS,5754862,1240873,2120485,8349,5359,6467,5972,2370,764,2731,2361492
2017,11/1/2017,ATLANTIC,180140,45849,59750,288,189,222,217,96,29,119,73381
2017,11/1/2017,BERGEN,593652,126638,209625,776,497,628,481,199,65,237,254506
2017,11/1/2017,BURLINGTON,310723,76283,112699,448,269,278,283,106,16,112,120229
2017,11/1/2017,CAMDEN,350689,50990,160005,485,337,459,338,157,48,196,137674
2017,11/1/2017,CAPE MAY,70312,28176,15903,107,64,72,69,15,3,35,25868
2017,11/1/2017,CUMBERLAND,89681,17285,28625,151,89,128,178,84,25,72,43044
2017,11/1/2017,ESSEX,491981,48826,251946,388,305,286,369,131,54,143,189533
2017,11/1/2017,GLOUCESTER,208014,44626,79320,346,188,258,134,69,18,97,82958
2017,11/1/2017,HUDSON,348211,32159,191059,609,402,415,599,179,96,219,122474
2017,11/1/2017,HUNTERDON,96525,37994,22345,185,88,72,47,22,9,22,35741
2017,11/1/2017,MERCER,233856,35584,100089,301,264,311,287,112,11,134,96763
2017,11/1/2017,MIDDLESEX,498145,73009,204101,718,492,586,625,214,79,305,218016
2017,11/1/2017,MONMOUTH,445857,118302,121173,660,488,510,448,209,52,190,203825
2017,11/1/2017,MORRIS,353223,125141,90083,564,281,291,284,98,32,88,136361
2017,11/1/2017,OCEAN,402549,131454,85434,605,383,489,436,164,66,202,183316
2017,11/1/2017,PASSAIC,305825,59512,114628,438,302,579,301,175,76,186,129628
2017,11/1/2017,SALEM,44261,10717,13710,85,43,69,51,17,3,26,19540
2017,11/1/2017,SOMERSET,226078,58589,71267,348,183,173,198,74,11,80,95155
2017,11/1/2017,SUSSEX,103861,42256,20465,219,136,173,64,47,6,48,40447
2017,11/1/2017,UNION,326347,49016,150649,444,265,344,448,152,55,176,124798
2017,11/1/2017,WARREN,74155,28454,17313,144,72,87,82,38,7,28,27930
2017,11/1/2017,TOTALS,5754085,1240860,2120189,8309,5337,6430,5939,2358,761,2715,2361187
2017,11/30/2017,ATLANTIC,180223,45865,59804,291,194,226,225,97,31,126,73364
2017,11/30/2017,BERGEN,593850,126613,209707,785,502,635,488,201,65,236,254618
2017,11/30/2017,BURLINGTON,311592,76451,113023,450,279,292,296,111,16,119,120555
2017,11/30/2017,CAMDEN,351621,51174,160492,508,337,476,355,162,50,205,137862
2017,11/30/2017,CAPE MAY,70413,28214,15927,107,65,75,70,15,3,38,25899
2017,11/30/2017,CUMBERLAND,89442,17229,28533,150,89,128,178,84,25,72,42954
2017,11/30/2017,ESSEX,491636,48784,251777,388,306,287,369,131,54,142,189398
2017,11/30/2017,GLOUCESTER,207641,44560,79199,344,189,258,135,69,18,98,82771
2017,11/30/2017,HUDSON,349159,32275,191479,617,410,425,624,184,99,230,122816
2017,11/30/2017,HUNTERDON,96954,38063,22470,189,88,77,49,23,9,22,35964
2017,11/30/2017,MERCER,234311,35643,100334,309,267,322,310,118,14,139,96855
2017,11/30/2017,MIDDLESEX,497749,72957,203995,719,493,585,623,214,79,306,217778
2017,11/30/2017,MONMOUTH,446899,118646,121490,681,503,534,464,216,56,198,204111
2017,11/30/2017,MORRIS,352911,125006,90023,563,282,294,282,98,32,88,136243
2017,11/30/2017,OCEAN,402959,131588,85469,623,390,513,463,167,68,209,183469
2017,11/30/2017,PASSAIC,306451,59595,114945,455,308,592,313,185,75,191,129792
2017,11/30/2017,SALEM,44400,10761,13748,88,45,75,50,19,3,29,19582
2017,11/30/2017,SOMERSET,225836,58472,71171,349,182,172,196,74,11,79,95130
2017,11/30/2017,SUSSEX,103726,42215,20446,219,136,173,64,47,6,48,40372
2017,11/30/2017,UNION,327500,49151,151164,455,274,364,471,155,57,189,125220
2017,11/30/2017,WARREN,74022,28412,17276,144,71,87,82,38,7,28,27877
2017,11/30/2017,TOTALS,5759295,1241674,2122472,8434,5410,6590,6107,2408,778,2792,2362630
2018,1/16/2018,ATLANTIC,180715,45947,59959,304,207,239,240,106,33,128,73552
2018,1/16/2018,BERGEN,593651,126408,209710,793,511,648,504,204,69,240,254564
2018,1/16/2018,BURLINGTON,312358,76543,113422,465,285,310,302,118,20,132,120761
2018,1/16/2018,CAMDEN,351955,51257,160662,534,348,493,387,170,52,214,137838
2018,1/16/2018,CAPE MAY,70454,28192,15962,109,67,80,75,15,3,39,25912
2018,1/16/2018,CUMBERLAND,89416,17184,28511,146,88,128,179,84,24,72,43000
2018,1/16/2018,ESSEX,492218,48735,251935,392,310,290,370,131,53,143,189859
2018,1/16/2018,GLOUCESTER,208204,44729,79371,359,197,263,150,70,22,103,82940
2018,1/16/2018,HUDSON,349799,32416,191757,635,429,441,649,194,101,235,122942
2018,1/16/2018,HUNTERDON,97147,38045,22570,192,92,79,51,24,9,24,36061
2018,1/16/2018,MERCER,235033,35701,100669,323,275,346,329,127,14,144,97105
2018,1/16/2018,MIDDLESEX,498652,73228,204596,744,516,619,668,235,82,321,217643
2018,1/16/2018,MONMOUTH,448206,119083,121962,717,521,559,501,234,60,206,204363
2018,1/16/2018,MORRIS,354923,125358,90740,586,307,318,322,113,33,100,137046
2018,1/16/2018,OCEAN,403250,131633,85498,642,397,524,479,174,69,216,183618
2018,1/16/2018,PASSAIC,306777,59591,115058,460,315,610,329,191,77,193,129953
2018,1/16/2018,SALEM,44463,10773,13764,90,44,79,53,21,3,30,19606
2018,1/16/2018,SOMERSET,227243,58661,71792,376,189,193,221,79,12,85,95635
2018,1/16/2018,SUSSEX,104169,42329,20577,226,149,184,75,58,6,51,40514
2018,1/16/2018,UNION,328526,49316,151715,473,294,381,495,175,66,201,125410
2018,1/16/2018,WARREN,74250,28457,17316,156,73,100,84,39,8,28,27989
2018,1/16/2018,TOTALS,5771409,1243586,2127546,8722,5614,6884,6463,2562,816,2905,2366311
2018,1/31/2018,ATLANTIC,180778,45898,59965,303,212,245,241,110,35,134,73635
2018,1/31/2018,BERGEN,594721,126520,210154,811,520,666,522,206,73,240,255009
2018,1/31/2018,BURLINGTON,312584,76566,113517,479,288,320,303,118,20,134,120839
2018,1/31/2018,CAMDEN,352037,51223,160657,544,356,499,407,178,54,214,137905
2018,1/31/2018,CAPE MAY,70420,28157,15957,108,68,79,80,16,3,39,25913
2018,1/31/2018,CUMBERLAND,89528,17255,28631,149,92,131,183,93,27,75,42892
2018,1/31/2018,ESSEX,493093,48766,252250,397,318,303,380,135,58,147,190339
2018,1/31/2018,GLOUCESTER,208523,44825,79457,366,204,266,157,75,21,108,83044
2018,1/31/2018,HUDSON,350160,32451,191940,646,434,454,661,199,103,243,123029
2018,1/31/2018,HUNTERDON,97129,37987,22583,194,92,80,52,24,9,25,36083
2018,1/31/2018,MERCER,235579,35783,100925,335,280,354,340,135,14,145,97268
2018,1/31/2018,MIDDLESEX,499366,73360,204898,752,520,632,686,242,84,325,217867
2018,1/31/2018,MONMOUTH,448259,119129,121986,726,519,571,507,233,61,212,204315
2018,1/31/2018,MORRIS,355196,125363,90844,594,310,322,326,119,33,103,137182
2018,1/31/2018,OCEAN,403745,131816,85618,647,413,540,498,177,68,223,183745
2018,1/31/2018,PASSAIC,307636,59791,115474,475,326,652,351,205,77,207,130078
2018,1/31/2018,SALEM,44352,10762,13733,90,43,80,53,22,3,30,19536
2018,1/31/2018,SOMERSET,227409,58666,71873,378,190,195,223,80,12,88,95704
2018,1/31/2018,SUSSEX,104296,42314,20630,237,155,189,77,61,6,55,40572
2018,1/31/2018,UNION,329143,49433,151980,487,305,398,506,183,68,210,125573
2018,1/31/2018,WARREN,74452,28496,17378,156,76,102,87,40,8,29,28080
2018,1/31/2018,TOTALS,5778406,1244561,2130450,8874,5721,7078,6640,2651,837,2986,2368608
2018,2/28/2018,ATLANTIC,180871,45919,59951,312,223,250,247,116,34,140,73679
2018,2/28/2018,BERGEN,597692,127098,211609,856,549,716,569,224,86,261,255724
2018,2/28/2018,BURLINGTON,312945,76648,113650,484,291,330,312,122,20,133,120955
2018,2/28/2018,CAMDEN,351929,51231,160594,561,368,516,423,179,57,223,137777
2018,2/28/2018,CAPE MAY,70478,28155,15981,112,71,79,86,16,3,39,25936
2018,2/28/2018,CUMBERLAND,90033,17403,28845,153,100,143,201,100,27,85,42976
2018,2/28/2018,ESSEX,495611,49009,253395,424,335,333,406,152,63,168,191326
2018,2/28/2018,GLOUCESTER,209023,44985,79615,373,215,267,166,81,21,112,83188
2018,2/28/2018,HUDSON,351280,32650,192388,669,459,487,710,210,111,262,123334
2018,2/28/2018,HUNTERDON,97208,37976,22612,197,92,84,52,23,8,24,36140
2018,2/28/2018,MERCER,236029,35816,101090,341,289,368,349,139,14,154,97469
2018,2/28/2018,MIDDLESEX,501611,73757,205837,796,545,659,754,262,88,341,218572
2018,2/28/2018,MONMOUTH,448413,119162,122059,746,529,588,519,241,62,227,204280
2018,2/28/2018,MORRIS,355533,125358,91021,612,320,339,335,121,35,105,137287
2018,2/28/2018,OCEAN,404232,131982,85619,672,428,565,527,183,72,233,183951
2018,2/28/2018,PASSAIC,307261,59657,115271,485,327,652,356,206,76,208,130023
2018,2/28/2018,SALEM,44379,10775,13738,92,44,82,57,24,3,34,19530
2018,2/28/2018,SOMERSET,227604,58660,72040,388,195,200,224,81,12,87,95717
2018,2/28/2018,SUSSEX,104619,42372,20740,243,162,196,83,65,7,56,40695
2018,2/28/2018,UNION,329263,49430,151992,495,313,416,525,192,69,215,125616
2018,2/28/2018,WARREN,74798,28610,17481,162,81,101,92,46,8,32,28185
2018,2/28/2018,TOTALS,5790812,1246653,2135528,9173,5936,7371,6993,2783,876,3139,2372360
2018,3/31/2018,ATLANTIC,181140,45982,60032,317,230,257,258,121,38,144,73761
2018,3/31/2018,BERGEN,598377,127060,212040,873,561,737,583,233,89,274,255927
2018,3/31/2018,BURLINGTON,313136,76712,113772,499,300,349,323,129,20,136,120896
2018,3/31/2018,CAMDEN,352070,51231,160605,575,376,532,439,183,57,226,137846
2018,3/31/2018,CAPE MAY,70586,28161,16022,114,74,81,89,17,3,39,25986
2018,3/31/2018,CUMBERLAND,90143,17447,28885,155,101,150,208,101,30,87,42979
2018,3/31/2018,ESSEX,497510,49197,254198,442,349,354,440,159,67,184,192120
2018,3/31/2018,GLOUCESTER,209376,45029,79753,381,228,275,177,85,21,116,83311
2018,3/31/2018,HUDSON,352019,32767,192546,667,471,492,731,207,111,266,123761
2018,3/31/2018,HUNTERDON,97349,37932,22701,198,94,84,54,23,9,26,36228
2018,3/31/2018,MERCER,236548,35833,101345,346,295,382,359,151,14,161,97662
2018,3/31/2018,MIDDLESEX,501980,73845,205907,801,554,674,782,274,89,347,218707
2018,3/31/2018,MONMOUTH,449013,119312,122241,762,540,607,532,251,68,232,204468
2018,3/31/2018,MORRIS,355854,125341,91196,624,322,349,345,124,37,111,137405
2018,3/31/2018,OCEAN,403911,131831,85430,684,448,587,547,189,76,240,183879
2018,3/31/2018,PASSAIC,309097,60000,115959,514,350,710,386,225,75,226,130652
2018,3/31/2018,SALEM,44442,10801,13745,94,45,85,59,23,3,34,19553
2018,3/31/2018,SOMERSET,228065,58727,72205,399,201,206,231,89,12,89,95906
2018,3/31/2018,SUSSEX,104842,42405,20808,250,168,201,86,62,8,56,40798
2018,3/31/2018,UNION,329756,49472,152288,505,322,437,547,193,70,218,125704
2018,3/31/2018,WARREN,74937,28655,17523,167,84,103,94,46,8,33,28224
2018,3/31/2018,TOTALS,5800151,1247740,2139201,9367,6113,7652,7270,2885,905,3245,2375773
2018,4/30/2018,ATLANTIC,181304,46034,60087,327,234,260,266,124,38,148,73786
2018,4/30/2018,BERGEN,599336,127046,212595,888,573,749,605,240,90,281,256269
2018,4/30/2018,BURLINGTON,313163,76570,113831,514,310,361,332,133,21,143,120948
2018,4/30/2018,CAMDEN,352601,51328,160760,590,390,557,462,197,59,240,138018
2018,4/30/2018,CAPE MAY,70746,28199,16069,119,78,82,90,18,3,41,26047
2018,4/30/2018,CUMBERLAND,90145,17464,28936,162,105,154,221,107,29,91,42876
2018,4/30/2018,ESSEX,499504,49240,254850,451,355,365,459,166,67,188,193363
2018,4/30/2018,GLOUCESTER,209703,45073,79900,397,230,281,196,89,21,120,83396
2018,4/30/2018,HUDSON,353855,32978,193212,690,481,508,757,217,114,281,124617
2018,4/30/2018,HUNTERDON,97553,37926,22766,196,96,88,57,28,8,28,36360
2018,4/30/2018,MERCER,237348,35912,101652,360,297,389,378,161,14,168,98017
2018,4/30/2018,MIDDLESEX,503349,74076,206546,818,574,694,822,290,95,357,219077
2018,4/30/2018,MONMOUTH,450350,119722,122705,787,548,637,554,262,72,247,204816
2018,4/30/2018,MORRIS,356885,125519,91554,636,331,363,356,129,38,119,137840
2018,4/30/2018,OCEAN,404203,131904,85382,702,458,598,571,197,78,250,184063
2018,4/30/2018,PASSAIC,309723,59994,115982,532,355,719,393,231,79,239,131199
2018,4/30/2018,SALEM,44522,10833,13773,94,49,86,64,25,3,33,19562
2018,4/30/2018,SOMERSET,228613,58765,72357,407,209,212,240,94,13,90,96226
2018,4/30/2018,SUSSEX,105018,42440,20830,256,173,210,92,62,8,58,40889
2018,4/30/2018,UNION,330404,49490,152666,510,332,452,573,201,72,224,125884
2018,4/30/2018,WARREN,75170,28717,17591,173,88,109,97,46,8,36,28305
2018,4/30/2018,TOTALS,5813495,1249230,2144044,9609,6266,7874,7585,3017,930,3382,2381558
2018,5/31/2018,ATLANTIC,181974,46051,60232,335,245,269,285,128,40,154,74234
2018,5/31/2018,BERGEN,600425,127215,213009,906,594,771,633,245,93,288,256671
2018,5/31/2018,BURLINGTON,313780,76722,114001,524,320,369,343,138,25,147,121191
2018,5/31/2018,CAMDEN,353067,51338,160897,603,399,577,477,201,62,244,138269
2018,5/31/2018,CAPE MAY,70897,28255,16095,124,79,87,93,17,4,45,26098
2018,5/31/2018,CUMBERLAND,90270,17484,29013,168,105,160,228,109,34,100,42869
2018,5/31/2018,ESSEX,501083,49334,255447,456,360,371,470,167,69,190,194219
2018,5/31/2018,GLOUCESTER,210149,45187,80023,403,233,293,204,92,23,121,83570
2018,5/31/2018,HUDSON,354765,33094,193644,699,492,526,787,222,115,279,124907
2018,5/31/2018,HUNTERDON,97694,37945,22829,198,97,89,59,29,8,28,36412
2018,5/31/2018,MERCER,238135,35961,101918,370,302,399,385,162,14,173,98451
2018,5/31/2018,MIDDLESEX,504483,74259,206865,824,570,703,823,288,94,354,219703
2018,5/31/2018,MONMOUTH,451413,119965,122871,805,562,652,571,269,74,254,205390
2018,5/31/2018,MORRIS,357972,125684,91949,647,340,373,358,131,37,124,138329
2018,5/31/2018,OCEAN,404918,132075,85373,720,473,616,586,202,75,256,184542
2018,5/31/2018,PASSAIC,310754,60181,116426,553,368,747,407,237,79,245,131511
2018,5/31/2018,SALEM,44637,10860,13802,94,51,83,65,25,3,34,19620
2018,5/31/2018,SOMERSET,229493,58856,72632,419,216,218,249,98,14,94,96697
2018,5/31/2018,SUSSEX,105224,42475,20885,258,173,213,95,63,8,58,40996
2018,5/31/2018,UNION,331238,49562,153014,522,338,463,578,212,73,229,126247
2018,5/31/2018,WARREN,75390,28761,17640,176,90,112,97,47,8,42,28417
2018,5/31/2018,TOTALS,5827761,1251264,2148565,9804,6407,8091,7793,3082,952,3459,2388343
2018,6/4/2018,ATLANTIC,181997,46069,60248,336,245,270,285,127,40,154,74223
2018,6/4/2018,BERGEN,600345,127197,212976,905,594,771,633,245,93,288,256643
2018,6/4/2018,BURLINGTON,313715,76709,113971,525,320,369,344,137,25,147,121168
2018,6/4/2018,CAMDEN,353134,51345,160913,604,403,581,480,201,62,246,138299
2018,6/4/2018,CAPE MAY,70893,28252,16093,124,79,87,93,17,4,45,26099
2018,6/4/2018,CUMBERLAND,90250,17481,29010,168,105,160,228,109,34,100,42855
2018,6/4/2018,ESSEX,501048,49332,255434,456,360,371,470,167,69,190,194199
2018,6/4/2018,GLOUCESTER,210123,45179,80016,403,233,293,204,92,23,121,83559
2018,6/4/2018,HUDSON,355014,33121,193732,702,492,528,787,222,116,279,125035
2018,6/4/2018,HUNTERDON,97681,37936,22821,198,97,89,59,29,8,28,36416
2018,6/4/2018,MERCER,238165,35972,101924,371,302,399,386,161,14,173,98463
2018,6/4/2018,MIDDLESEX,504589,74272,206894,825,571,704,824,289,94,354,219762
2018,6/4/2018,MONMOUTH,451342,119935,122833,805,562,651,571,269,74,254,205388
2018,6/4/2018,MORRIS,357960,125651,91957,647,340,373,357,131,37,125,138342
2018,6/4/2018,OCEAN,404859,132052,85354,721,472,616,587,202,74,256,184525
2018,6/4/2018,PASSAIC,310770,60170,116418,553,368,747,407,237,79,245,131546
2018,6/4/2018,SALEM,44618,10854,13794,94,51,83,65,25,3,34,19615
2018,6/4/2018,SOMERSET,229494,58851,72627,419,216,218,249,98,14,94,96708
2018,6/4/2018,SUSSEX,105269,42486,20894,258,173,214,95,63,8,58,41020
2018,6/4/2018,UNION,331209,49560,153000,522,338,463,577,212,73,229,126235
2018,6/4/2018,WARREN,75372,28753,17632,176,90,112,97,47,8,42,28415
2018,6/4/2018,TOTALS,5827847,1251177,2148541,9812,6411,8099,7798,3080,952,3462,2388515
2018,6/30/2018,ATLANTIC,182252,46207,60763,342,254,279,299,129,42,159,73778
2018,6/30/2018,BERGEN,601608,129416,217481,920,599,778,647,248,99,290,251130
2018,6/30/2018,BURLINGTON,314255,77724,115711,537,309,380,346,141,24,151,118932
2018,6/30/2018,CAMDEN,353274,51819,162365,604,415,586,495,214,63,251,136462
2018,6/30/2018,CAPE MAY,71030,28559,16440,128,78,88,93,18,4,51,25571
2018,6/30/2018,CUMBERLAND,90163,17630,29289,168,105,160,228,109,34,100,42340
2018,6/30/2018,ESSEX,501171,49706,257525,460,367,376,474,169,74,196,191824
2018,6/30/2018,GLOUCESTER,210424,45862,81298,410,232,298,215,94,24,126,81865
2018,6/30/2018,HUDSON,355630,33562,196495,708,496,538,807,224,114,288,122398
2018,6/30/2018,HUNTERDON,98069,38532,23551,204,101,93,59,29,6,28,35466
2018,6/30/2018,MERCER,238999,36497,103509,382,308,413,401,166,17,183,97123
2018,6/30/2018,MIDDLESEX,504910,75452,209285,834,576,705,826,296,94,352,216490
2018,6/30/2018,MONMOUTH,452327,122337,125207,815,572,653,588,280,76,263,201536
2018,6/30/2018,MORRIS,357656,127571,93890,646,340,370,357,131,37,125,134189
2018,6/30/2018,OCEAN,404400,133365,86208,721,473,617,587,201,73,256,181899
2018,6/30/2018,PASSAIC,311875,60533,117163,568,369,767,427,256,81,255,131456
2018,6/30/2018,SALEM,44672,11030,13937,94,53,88,66,26,3,36,19339
2018,6/30/2018,SOMERSET,229158,59558,74078,416,215,216,247,96,14,91,94227
2018,6/30/2018,SUSSEX,105456,43173,21293,265,172,217,97,64,8,60,40107
2018,6/30/2018,UNION,332557,50249,155689,539,343,473,614,222,76,238,124114
2018,6/30/2018,WARREN,75253,28995,17830,175,88,110,95,47,8,42,27863
2018,6/30/2018,TOTALS,5835139,1267777,2179007,9936,6465,8205,7968,3160,971,3541,2348109
2018,7/31/2018,ATLANTIC,182221,46630,61243,345,255,278,302,132,44,160,72832
2018,7/31/2018,BERGEN,604552,129750,218704,960,616,802,680,262,100,296,252382
2018,7/31/2018,BURLINGTON,314803,77794,115964,549,315,393,359,142,24,156,119107
2018,7/31/2018,CAMDEN,354065,52134,163371,623,420,610,514,231,65,257,135840
2018,7/31/2018,CAPE MAY,71098,28569,16420,127,80,93,95,18,4,51,25641
2018,7/31/2018,CUMBERLAND,90439,17729,29386,173,108,173,235,112,36,107,42380
2018,7/31/2018,ESSEX,501638,49948,258601,465,372,382,497,175,74,198,190926
2018,7/31/2018,GLOUCESTER,211103,46072,81457,423,236,311,227,97,23,122,82135
2018,7/31/2018,HUDSON,356585,33735,197199,725,514,564,828,242,117,299,122362
2018,7/31/2018,HUNTERDON,98157,38474,23564,209,103,98,59,31,7,28,35584
2018,7/31/2018,MERCER,239718,36515,103752,389,323,423,419,174,18,194,97511
2018,7/31/2018,MIDDLESEX,504406,75347,208977,852,595,730,865,312,100,361,216267
2018,7/31/2018,MONMOUTH,452758,122458,125239,830,575,668,611,284,75,263,201755
2018,7/31/2018,MORRIS,359512,128004,94786,649,357,386,380,132,39,133,134646
2018,7/31/2018,OCEAN,405359,134438,86549,756,484,630,608,205,75,263,181351
2018,7/31/2018,PASSAIC,311697,61022,117940,576,370,768,438,260,83,260,129980
2018,7/31/2018,SALEM,44727,11070,13928,97,53,95,68,26,3,37,19350
2018,7/31/2018,SOMERSET,229767,59570,74295,426,220,225,255,101,14,95,94566
2018,7/31/2018,SUSSEX,105890,43307,21410,276,179,222,106,67,10,62,40251
2018,7/31/2018,UNION,333826,50694,157277,542,349,477,638,234,80,243,123292
2018,7/31/2018,WARREN,75535,29046,17866,182,95,119,104,50,9,44,28020
2018,7/31/2018,TOTALS,5847856,1272306,2187928,10174,6619,8447,8288,3287,1000,3629,2346178
2018,9/4/2018,ATLANTIC,183047,47098,61814,350,258,294,312,133,50,163,72575
2018,9/4/2018,BERGEN,605661,129889,219133,992,631,820,705,281,106,308,252796
2018,9/4/2018,BURLINGTON,315271,77802,116100,563,322,409,377,147,22,172,119357
2018,9/4/2018,CAMDEN,355069,52249,163771,640,429,624,542,243,66,267,136238
2018,9/4/2018,CAPE MAY,71216,28564,16495,130,82,97,95,19,7,52,25675
2018,9/4/2018,CUMBERLAND,90546,17779,29458,178,108,178,257,113,36,110,42329
2018,9/4/2018,ESSEX,503545,50029,259262,472,371,401,515,182,76,208,192029
2018,9/4/2018,GLOUCESTER,211747,46240,81590,431,241,318,240,101,28,129,82429
2018,9/4/2018,HUDSON,357662,33925,197539,750,530,588,854,261,127,312,122776
2018,9/4/2018,HUNTERDON,98403,38494,23652,214,105,101,60,30,7,28,35712
2018,9/4/2018,MERCER,240363,36551,104059,404,327,436,431,181,19,206,97749
2018,9/4/2018,MIDDLESEX,507605,75942,210375,912,621,777,940,346,111,401,217180
2018,9/4/2018,MONMOUTH,453690,122756,125492,859,597,689,633,301,82,264,202017
2018,9/4/2018,MORRIS,361019,128221,95270,671,365,396,398,138,41,141,135378
2018,9/4/2018,OCEAN,407159,135275,86874,791,493,651,630,225,77,274,181869
2018,9/4/2018,PASSAIC,312851,61231,118401,595,387,801,457,278,81,266,130354
2018,9/4/2018,SALEM,44840,11110,13944,98,53,97,70,27,3,38,19400
2018,9/4/2018,SOMERSET,231056,59734,74809,443,231,240,274,107,16,102,95100
2018,9/4/2018,SUSSEX,105998,43260,21412,282,186,222,110,67,10,63,40386
2018,9/4/2018,UNION,334564,50756,157507,563,363,490,656,239,83,246,123661
2018,9/4/2018,WARREN,75971,29176,17974,194,97,122,112,49,11,47,28189
2018,9/4/2018,TOTALS,5867283,1276081,2194931,10532,6797,8751,8668,3468,1059,3797,2353199
2018,9/30/2018,ATLANTIC,183453,47131,61913,359,268,301,311,135,49,168,72818
2018,9/30/2018,BERGEN,607335,129935,219582,1009,637,835,732,286,108,314,253897
2018,9/30/2018,BURLINGTON,316414,77938,116473,578,340,431,397,154,23,176,119904
2018,9/30/2018,CAMDEN,355376,52279,163852,650,436,642,557,250,67,275,136368
2018,9/30/2018,CAPE MAY,71363,28616,16506,131,82,100,97,20,7,53,25751
2018,9/30/2018,CUMBERLAND,90410,17758,29379,177,108,183,255,115,34,111,42290
2018,9/30/2018,ESSEX,505907,50263,260275,479,384,411,539,194,78,214,193070
2018,9/30/2018,GLOUCESTER,212318,46380,81722,436,245,320,248,103,33,134,82697
2018,9/30/2018,HUDSON,359060,34119,197978,764,537,605,864,272,132,318,123471
2018,9/30/2018,HUNTERDON,98565,38506,23692,218,110,101,62,30,6,28,35812
2018,9/30/2018,MERCER,241034,36610,104377,420,338,446,451,184,20,217,97971
2018,9/30/2018,MIDDLESEX,509123,76158,210802,937,623,793,970,355,113,414,217958
2018,9/30/2018,MONMOUTH,454154,122847,125517,868,602,695,650,308,82,270,202315
2018,9/30/2018,MORRIS,361729,128096,95597,680,378,393,412,141,42,145,135845
2018,9/30/2018,OCEAN,408337,135631,86976,813,507,673,648,240,81,285,182483
2018,9/30/2018,PASSAIC,313169,61260,118535,604,392,818,473,278,87,280,130442
2018,9/30/2018,SALEM,44890,11138,13960,99,53,100,68,26,3,38,19405
2018,9/30/2018,SOMERSET,231720,59775,75049,452,232,242,281,104,17,105,95463
2018,9/30/2018,SUSSEX,106246,43301,21434,291,189,222,123,65,10,64,40547
2018,9/30/2018,UNION,335428,50836,157669,572,370,494,668,238,84,256,124241
2018,9/30/2018,WARREN,76192,29214,18034,197,99,125,117,49,12,47,28298
2018,9/30/2018,TOTALS,5882223,1277791,2199322,10734,6930,8930,8923,3547,1088,3912,2361046
2018,11/1/2018,ATLANTIC,184879,47320,62194,366,273,306,323,133,49,172,73743
2018,11/1/2018,BERGEN,611784,130218,220654,1024,648,827,740,288,109,318,256958
2018,11/1/2018,BURLINGTON,318980,78313,117223,587,345,432,406,158,23,177,121316
2018,11/1/2018,CAMDEN,357691,52474,164605,666,446,651,568,256,66,279,137680
2018,11/1/2018,CAPE MAY,71865,28758,16571,135,83,102,97,20,6,53,26040
2018,11/1/2018,CUMBERLAND,90908,17888,29502,185,110,190,272,125,33,120,42483
2018,11/1/2018,ESSEX,511967,50497,262113,500,389,413,548,197,79,220,197011
2018,11/1/2018,GLOUCESTER,213801,46719,82073,450,249,327,259,106,34,134,83450
2018,11/1/2018,HUDSON,365923,34469,200500,788,546,629,893,274,134,324,127366
2018,11/1/2018,HUNTERDON,99166,38540,23867,224,114,101,64,30,6,29,36191
2018,11/1/2018,MERCER,243349,36771,105154,427,336,453,462,189,22,222,99313
2018,11/1/2018,MIDDLESEX,515418,76712,212430,969,641,819,1008,364,113,425,221937
2018,11/1/2018,MONMOUTH,457719,123532,126234,894,603,715,668,313,85,280,204395
2018,11/1/2018,MORRIS,364824,128351,96443,694,381,398,422,140,42,147,137806
2018,11/1/2018,OCEAN,410920,136329,87296,828,522,691,655,247,84,285,183983
2018,11/1/2018,PASSAIC,316246,61463,119334,615,401,835,491,283,84,297,132443
2018,11/1/2018,SALEM,45061,11198,13946,100,53,105,69,26,3,42,19519
2018,11/1/2018,SOMERSET,233583,59952,75577,464,234,255,289,106,17,107,96582
2018,11/1/2018,SUSSEX,106772,43413,21565,300,188,224,123,70,9,66,40814
2018,11/1/2018,UNION,337969,50973,158330,588,372,502,674,244,85,254,125947
2018,11/1/2018,WARREN,76749,29327,18148,200,95,126,121,48,13,49,28622
2018,11/1/2018,TOTALS,5935574,1283217,2213759,11004,7029,9101,9152,3617,1096,4000,2393599
2018,11/5/2018,ATLANTIC,184835,47303,62171,366,271,307,325,133,49,173,73737
2018,11/5/2018,BERGEN,611676,130195,220598,1023,647,828,740,289,109,317,256930
2018,11/5/2018,BURLINGTON,319151,78349,117258,592,345,435,406,161,23,179,121403
2018,11/5/2018,CAMDEN,358116,52566,164739,671,454,652,578,254,66,282,137854
2018,11/5/2018,CAPE MAY,71942,28784,16589,136,85,104,99,20,7,53,26065
2018,11/5/2018,CUMBERLAND,90900,17888,29495,185,110,190,272,125,33,120,42482
2018,11/5/2018,ESSEX,512119,50502,262201,501,389,413,548,197,79,220,197069
2018,11/5/2018,GLOUCESTER,213840,46726,82074,450,250,327,263,106,35,136,83473
2018,11/5/2018,HUDSON,366250,34513,200660,791,549,632,898,276,134,327,127470
2018,11/5/2018,HUNTERDON,99155,38538,23860,224,114,101,64,30,6,29,36189
2018,11/5/2018,MERCER,243716,36830,105321,438,344,455,472,195,22,228,99411
2018,11/5/2018,MIDDLESEX,515374,76700,212414,968,642,819,1008,365,113,425,221920
2018,11/5/2018,MONMOUTH,458265,123688,126414,907,607,726,678,320,87,282,204556
2018,11/5/2018,MORRIS,364860,128360,96453,693,381,398,421,139,42,147,137826
2018,11/5/2018,OCEAN,410830,136294,87265,827,520,690,655,247,84,285,183963
2018,11/5/2018,PASSAIC,316356,61488,119364,616,404,835,492,284,84,298,132491
2018,11/5/2018,SALEM,45052,11195,13941,100,53,105,70,26,3,42,19517
2018,11/5/2018,SOMERSET,233574,59948,75577,464,234,255,289,106,17,107,96577
2018,11/5/2018,SUSSEX,106759,43406,21565,300,188,224,123,70,9,66,40808
2018,11/5/2018,UNION,337929,50967,158309,588,372,502,674,244,85,254,125934
2018,11/5/2018,WARREN,76733,29323,18145,200,95,126,121,47,13,49,28614
2018,11/5/2018,TOTALS,5937432,1283563,2214413,11040,7054,9124,9196,3634,1100,4019,2394289
2018,11/30/2018,ATLANTIC,185101,47355,62247,377,278,315,347,139,52,179,73812
2018,11/30/2018,BERGEN,611299,130091,220482,1023,648,831,739,288,109,317,256771
2018,11/30/2018,BURLINGTON,320540,78690,117857,619,355,452,425,174,24,191,121753
2018,11/30/2018,CAMDEN,359563,52860,165446,701,482,678,618,268,71,292,138147
2018,11/30/2018,CAPE MAY,72098,28853,16637,139,87,107,101,19,7,54,26094
2018,11/30/2018,CUMBERLAND,90876,17877,29496,184,108,190,272,125,33,120,42471
2018,11/30/2018,ESSEX,511903,50457,262064,501,389,412,549,196,79,220,197036
2018,11/30/2018,GLOUCESTER,213561,46706,81976,452,251,326,268,107,36,136,83303
2018,11/30/2018,HUDSON,366598,34512,200831,795,551,637,905,279,135,336,127617
2018,11/30/2018,HUNTERDON,99176,38579,23906,226,114,100,64,30,6,29,36122
2018,11/30/2018,MERCER,243626,36793,105288,436,344,458,471,195,22,229,99390
2018,11/30/2018,MIDDLESEX,514975,76717,212341,967,640,818,1006,364,113,423,221586
2018,11/30/2018,MONMOUTH,459986,124205,126984,925,625,757,712,326,92,298,205062
2018,11/30/2018,MORRIS,364941,128455,96628,695,381,401,421,139,42,147,137632
2018,11/30/2018,OCEAN,410805,136292,87167,829,519,703,657,249,85,286,184018
2018,11/30/2018,PASSAIC,316602,61555,119614,620,405,832,491,285,84,297,132419
2018,11/30/2018,SALEM,45311,11295,14012,101,56,118,73,29,4,46,19577
2018,11/30/2018,SOMERSET,233655,60032,75830,465,235,254,289,106,17,107,96320
2018,11/30/2018,SUSSEX,106568,43358,21534,298,187,224,123,70,9,66,40699
2018,11/30/2018,UNION,338758,51015,158467,589,372,503,682,248,85,258,126539
2018,11/30/2018,WARREN,76738,29337,18151,200,95,126,121,47,13,48,28600
2018,11/30/2018,TOTALS,5942680,1285034,2216958,11142,7122,9242,9334,3683,1118,4079,2394968
2018,12/31/2018,ATLANTIC,185764,47576,62483,394,286,331,365,147,58,193,73931
2018,12/31/2018,BERGEN,611910,130142,220855,1031,660,833,744,293,114,322,256916
2018,12/31/2018,BURLINGTON,321411,78886,118155,635,366,471,456,178,26,201,122037
2018,12/31/2018,CAMDEN,360579,53055,165832,725,493,699,640,277,75,312,138471
2018,12/31/2018,CAPE MAY,71525,28711,16535,146,89,113,104,20,7,55,25745
2018,12/31/2018,CUMBERLAND,90758,17870,29498,184,108,190,272,125,33,119,42359
2018,12/31/2018,ESSEX,512436,50376,262004,505,395,417,553,200,79,223,197684
2018,12/31/2018,GLOUCESTER,213892,46911,82087,461,258,339,281,113,38,134,83270
2018,12/31/2018,HUDSON,366583,34569,200727,801,556,651,928,282,139,345,127585
2018,12/31/2018,HUNTERDON,99556,38657,23992,229,122,106,67,33,6,32,36312
2018,12/31/2018,MERCER,245631,37058,106272,456,366,506,511,215,23,249,99975
2018,12/31/2018,MIDDLESEX,515794,76932,212811,986,650,851,1002,371,112,425,221654
2018,12/31/2018,MONMOUTH,461336,124683,127375,962,646,781,737,342,97,315,205398
2018,12/31/2018,MORRIS,364893,128269,96583,704,383,403,423,141,42,148,137797
2018,12/31/2018,OCEAN,411482,136602,87301,840,526,718,688,259,88,295,184165
2018,12/31/2018,PASSAIC,317153,61619,120097,624,407,830,496,289,85,300,132406
2018,12/31/2018,SALEM,45486,11337,14061,104,61,121,77,28,4,49,19644
2018,12/31/2018,SOMERSET,234335,60068,76056,474,247,270,300,109,18,111,96682
2018,12/31/2018,SUSSEX,106912,43435,21652,311,199,228,131,73,9,67,40807
2018,12/31/2018,UNION,339916,51266,159079,626,391,534,733,262,89,273,126663
2018,12/31/2018,WARREN,76737,29347,18153,204,95,125,125,46,12,50,28580
2018,12/31/2018,TOTALS,5954089,1287369,2221608,11402,7304,9517,9633,3803,1154,4218,2398081
2019,2/4/2019,ATLANTIC,186156,47702,62558,397,290,337,385,157,60,205,74065
2019,2/4/2019,BERGEN,612249,130186,221112,1042,681,850,778,295,114,324,256867
2019,2/4/2019,BURLINGTON,321376,78883,118189,647,375,482,467,186,27,207,121913
2019,2/4/2019,CAMDEN,361954,53332,166547,763,518,733,685,292,80,332,138672
2019,2/4/2019,CAPE MAY,70596,28405,16392,150,93,122,108,24,8,59,25235
2019,2/4/2019,CUMBERLAND,91016,17971,29602,203,116,204,298,133,38,130,42321
2019,2/4/2019,ESSEX,513299,50434,262569,515,402,435,575,211,80,242,197836
2019,2/4/2019,GLOUCESTER,215718,47542,82697,496,289,392,305,128,42,149,83678
2019,2/4/2019,HUDSON,367643,34761,201335,846,592,685,969,305,140,362,127648
2019,2/4/2019,HUNTERDON,100055,38839,24062,248,133,115,83,38,7,35,36495
2019,2/4/2019,MERCER,246597,37146,106745,482,381,537,547,226,26,268,100239
2019,2/4/2019,MIDDLESEX,519461,77773,214775,1055,707,939,1083,408,120,456,222145
2019,2/4/2019,MONMOUTH,460841,124694,127234,989,675,821,769,366,101,325,204867
2019,2/4/2019,MORRIS,368503,129068,97772,773,428,454,488,172,51,175,139122
2019,2/4/2019,OCEAN,415317,138205,88168,921,590,775,790,299,96,332,185141
2019,2/4/2019,PASSAIC,319580,62057,121507,674,451,892,581,329,96,334,132659
2019,2/4/2019,SALEM,45599,11395,14079,110,63,130,82,28,4,48,19660
2019,2/4/2019,SOMERSET,236195,60400,76927,519,275,315,353,126,25,129,97126
2019,2/4/2019,SUSSEX,107591,43679,21771,337,222,249,153,87,11,80,41002
2019,2/4/2019,UNION,339568,51233,159187,628,394,535,732,266,91,276,126226
2019,2/4/2019,WARREN,76945,29414,18239,206,97,129,135,47,14,48,28616
2019,2/4/2019,TOTALS,5976259,1293119,2231467,12001,7772,10131,10366,4123,1231,4516,2401533
2019,2/28/2019,ATLANTIC,186208,47815,62717,403,300,349,404,159,62,211,73788
2019,2/28/2019,BERGEN,616720,130956,222775,1104,733,903,867,331,130,358,258563
2019,2/28/2019,BURLINGTON,314766,77917,116531,666,396,511,485,200,32,215,117813
2019,2/28/2019,CAMDEN,362843,53501,167102,786,537,764,708,309,85,343,138708
2019,2/28/2019,CAPE MAY,70724,28463,16405,155,93,127,115,27,8,60,25271
2019,2/28/2019,CUMBERLAND,91271,18064,29790,214,121,217,312,144,40,141,42228
2019,2/28/2019,ESSEX,515582,50639,264441,528,415,463,612,229,88,264,197903
2019,2/28/2019,GLOUCESTER,216116,47665,82818,513,292,400,316,134,46,161,83771
2019,2/28/2019,HUDSON,367780,34860,201562,870,606,702,992,316,145,371,127356
2019,2/28/2019,HUNTERDON,97904,38192,23685,241,133,118,91,38,7,36,35363
2019,2/28/2019,MERCER,246651,37155,106809,489,397,542,562,234,26,275,100162
2019,2/28/2019,MIDDLESEX,522466,78448,216010,1123,764,1058,1199,474,137,510,222743
2019,2/28/2019,MONMOUTH,451724,123355,125316,1015,700,842,798,380,106,331,198881
2019,2/28/2019,MORRIS,358509,126293,95962,779,436,470,515,179,56,179,133640
2019,2/28/2019,OCEAN,415350,138193,87988,939,607,804,811,312,94,341,185261
2019,2/28/2019,PASSAIC,320526,62217,122023,715,473,932,655,352,106,360,132693
2019,2/28/2019,SALEM,45685,11436,14090,113,64,135,80,29,4,54,19680
2019,2/28/2019,SOMERSET,236304,60416,76973,525,284,322,364,124,26,137,97133
2019,2/28/2019,SUSSEX,107937,43774,21836,346,227,258,182,96,13,85,41120
2019,2/28/2019,UNION,340254,51371,159583,640,412,563,754,277,91,293,126270
2019,2/28/2019,WARREN,77477,29558,18333,213,98,130,146,55,14,50,28880
2019,2/28/2019,TOTALS,5962797,1290288,2232749,12377,8088,10610,10968,4399,1316,4775,2387227
2019,3/31/2019,ATLANTIC,187416,48099,63012,435,331,383,448,169,65,232,74242
2019,3/31/2019,BERGEN,621779,132191,225360,1187,811,1002,973,375,139,403,259338
2019,3/31/2019,BURLINGTON,315205,77958,116788,688,415,537,503,218,36,241,117821
2019,3/31/2019,CAMDEN,364153,53702,167840,812,561,798,749,322,89,359,138921
2019,3/31/2019,CAPE MAY,70862,28504,16430,155,97,134,121,28,8,61,25324
2019,3/31/2019,CUMBERLAND,88144,17690,29169,212,121,219,310,148,41,145,40089
2019,3/31/2019,ESSEX,517751,50807,265408,558,431,488,648,253,90,289,198779
2019,3/31/2019,GLOUCESTER,211196,46985,81423,527,305,436,339,150,50,181,80800
2019,3/31/2019,HUDSON,370056,35194,202552,913,642,786,1033,345,139,405,128046
2019,3/31/2019,HUNTERDON,98112,38225,23724,253,135,120,99,40,6,39,35471
2019,3/31/2019,MERCER,248034,37391,107494,535,412,568,622,248,33,311,100420
2019,3/31/2019,MIDDLESEX,523693,78600,216482,1147,805,1107,1258,488,145,540,223121
2019,3/31/2019,MONMOUTH,452853,123814,125543,1062,720,867,835,411,107,353,199141
2019,3/31/2019,MORRIS,359655,126511,96374,798,465,495,541,186,59,183,134043
2019,3/31/2019,OCEAN,415680,138388,87944,969,637,839,855,328,96,364,185260
2019,3/31/2019,PASSAIC,321384,62254,122533,753,494,977,702,373,117,388,132793
2019,3/31/2019,SALEM,45849,11500,14133,113,68,150,77,29,5,57,19717
2019,3/31/2019,SOMERSET,237024,60490,77255,543,305,342,386,134,29,144,97396
2019,3/31/2019,SUSSEX,108284,43912,21894,357,231,272,190,105,16,88,41219
2019,3/31/2019,UNION,342538,51654,160752,699,448,633,858,314,98,341,126741
2019,3/31/2019,WARREN,78157,29735,18518,223,104,139,150,56,16,54,29162
2019,3/31/2019,TOTALS,5977825,1293604,2240628,12939,8538,11292,11697,4720,1384,5178,2387844
2019,4/30/2019,ATLANTIC,187731,48116,63245,448,343,388,473,178,67,240,74233
2019,4/30/2019,BERGEN,623210,132374,225974,1225,842,1027,1019,398,149,423,259779
2019,4/30/2019,BURLINGTON,316577,78120,117343,722,429,568,546,234,40,266,118309
2019,4/30/2019,CAMDEN,365310,53909,168316,833,587,844,800,346,96,366,139213
2019,4/30/2019,CAPE MAY,70998,28546,16451,159,98,136,129,30,8,60,25381
2019,4/30/2019,CUMBERLAND,89497,18042,29798,239,140,254,382,175,51,168,40248
2019,4/30/2019,ESSEX,522443,51630,268077,630,499,600,786,327,111,337,199446
2019,4/30/2019,GLOUCESTER,211888,47181,81617,539,310,458,347,155,55,189,81037
2019,4/30/2019,HUDSON,373899,35706,204247,985,692,932,1102,378,150,443,129264
2019,4/30/2019,HUNTERDON,98373,38287,23757,257,139,122,101,41,5,42,35622
2019,4/30/2019,MERCER,248181,37460,107545,550,429,602,641,261,37,322,100334
2019,4/30/2019,MIDDLESEX,524383,78797,216833,1164,829,1130,1304,512,149,553,223112
2019,4/30/2019,MONMOUTH,454055,124183,125894,1087,744,895,868,433,107,366,199478
2019,4/30/2019,MORRIS,360505,126673,96623,826,478,521,567,197,61,192,134367
2019,4/30/2019,OCEAN,409219,137424,86767,998,658,880,897,347,102,381,180765
2019,4/30/2019,PASSAIC,321331,62366,122540,788,505,1014,736,383,122,405,132472
2019,4/30/2019,SALEM,45964,11553,14146,117,69,167,77,29,4,61,19741
2019,4/30/2019,SOMERSET,237943,60604,77542,552,319,359,402,146,33,156,97830
2019,4/30/2019,SUSSEX,105501,43021,21497,363,238,281,200,113,19,91,39678
2019,4/30/2019,UNION,344507,51907,161574,723,474,674,897,344,106,364,127444
2019,4/30/2019,WARREN,78344,29773,18591,228,108,146,161,59,16,56,29206
2019,4/30/2019,TOTALS,5989859,1295672,2248377,13433,8930,11998,12435,5086,1488,5481,2386959
2019,5/31/2019,ATLANTIC,188300,48173,63456,464,345,403,488,185,67,247,74472
2019,5/31/2019,BERGEN,623393,132406,226153,1262,870,1059,1059,411,151,443,259579
2019,5/31/2019,BURLINGTON,317552,78276,117747,740,442,581,566,245,43,271,118641
2019,5/31/2019,CAMDEN,365666,53921,168429,843,606,879,857,365,107,392,139267
2019,5/31/2019,CAPE MAY,71247,28595,16518,170,100,143,135,34,8,64,25480
2019,5/31/2019,CUMBERLAND,89587,18066,29851,243,142,259,399,181,50,174,40222
2019,5/31/2019,ESSEX,525816,51906,269426,661,526,638,828,351,117,354,201009
2019,5/31/2019,GLOUCESTER,212619,47390,81815,551,327,472,354,159,58,192,81301
2019,5/31/2019,HUDSON,375819,35982,204923,1015,722,975,1135,394,161,469,130043
2019,5/31/2019,HUNTERDON,98458,38301,23777,260,141,123,101,41,5,40,35669
2019,5/31/2019,MERCER,248583,37479,107690,560,440,632,664,265,40,333,100480
2019,5/31/2019,MIDDLESEX,527319,79242,217960,1217,869,1201,1379,540,161,583,224167
2019,5/31/2019,MONMOUTH,455492,124580,126216,1117,766,941,914,450,116,377,200015
2019,5/31/2019,MORRIS,361776,126919,97014,851,490,543,595,206,62,202,134894
2019,5/31/2019,OCEAN,409982,137763,86785,1024,674,896,941,353,104,402,181040
2019,5/31/2019,PASSAIC,321233,62522,122612,813,521,1066,756,394,126,417,132006
2019,5/31/2019,SALEM,46149,11629,14173,120,70,176,75,31,4,61,19810
2019,5/31/2019,SOMERSET,238937,60738,77911,567,329,375,419,150,36,169,98243
2019,5/31/2019,SUSSEX,105834,43095,21555,372,240,287,209,115,20,93,39848
2019,5/31/2019,UNION,345064,51978,161759,741,488,694,925,358,110,380,127631
2019,5/31/2019,WARREN,78564,29829,18641,230,112,147,167,64,16,57,29301
2019,5/31/2019,TOTALS,6007390,1298790,2254411,13821,9220,12490,12966,5292,1562,5720,2393118
2019,6/4/2019,ATLANTIC,188289,48171,63454,464,345,403,488,185,67,247,74465
2019,6/4/2019,BERGEN,623294,132390,226108,1263,870,1059,1060,411,151,443,259539
2019,6/4/2019,BURLINGTON,317676,78329,117814,742,442,582,571,245,43,272,118636
2019,6/4/2019,CAMDEN,365735,53936,168439,843,608,881,860,367,106,396,139299
2019,6/4/2019,CAPE MAY,71256,28597,16519,170,100,144,134,34,8,64,25486
2019,6/4/2019,CUMBERLAND,89586,18065,29851,243,142,259,399,181,50,174,40222
2019,6/4/2019,ESSEX,525889,51915,269461,662,526,638,830,351,117,355,201034
2019,6/4/2019,GLOUCESTER,212628,47399,81812,553,327,472,354,159,58,192,81302
2019,6/4/2019,HUDSON,376010,36016,204993,1018,723,981,1136,399,161,471,130112
2019,6/4/2019,HUNTERDON,98471,38303,23774,260,141,123,101,41,5,40,35683
2019,6/4/2019,MERCER,248575,37486,107694,560,439,632,662,268,40,334,100460
2019,6/4/2019,MIDDLESEX,527560,79265,218051,1217,870,1204,1383,541,161,585,224283
2019,6/4/2019,MONMOUTH,455562,124597,126227,1120,769,944,917,450,116,378,200044
2019,6/4/2019,MORRIS,361747,126890,97014,852,490,542,595,206,62,203,134893
2019,6/4/2019,OCEAN,409958,137741,86771,1023,675,897,945,353,106,403,181044
2019,6/4/2019,PASSAIC,321199,62510,122603,813,521,1065,755,393,126,417,131996
2019,6/4/2019,SALEM,46148,11629,14173,120,70,176,75,31,4,61,19809
2019,6/4/2019,SOMERSET,238978,60746,77927,569,329,375,420,150,36,170,98256
2019,6/4/2019,SUSSEX,105847,43098,21558,372,240,288,209,115,20,93,39854
2019,6/4/2019,UNION,345035,51973,161749,740,488,694,925,358,110,380,127618
2019,6/4/2019,WARREN,78562,29828,18641,230,112,147,167,64,16,57,29300
2019,6/4/2019,TOTALS,6008005,1298884,2254633,13834,9227,12506,12986,5302,1563,5735,2393335
2019,6/30/2019,ATLANTIC,188150,48440,64100,461,342,399,486,184,65,245,73428
2019,6/30/2019,BERGEN,626795,134589,229898,1326,916,1099,1119,432,154,456,256806
2019,6/30/2019,BURLINGTON,318478,79176,119109,757,445,592,571,256,43,278,117251
2019,6/30/2019,CAMDEN,366201,54433,170386,851,620,903,898,376,109,407,137218
2019,6/30/2019,CAPE MAY,71514,28864,16781,174,100,147,137,39,9,67,25196
2019,6/30/2019,CUMBERLAND,89424,18294,30101,245,143,258,399,181,49,175,39579
2019,6/30/2019,ESSEX,527596,52412,271524,684,535,659,881,364,122,369,200046
2019,6/30/2019,GLOUCESTER,212829,47740,82393,554,329,483,367,160,59,192,80552
2019,6/30/2019,HUDSON,377069,36353,207028,1036,732,1025,1167,412,167,493,128656
2019,6/30/2019,HUNTERDON,98727,38764,24064,263,139,129,107,43,5,44,35169
2019,6/30/2019,MERCER,249731,38490,108619,574,456,652,697,274,45,351,99573
2019,6/30/2019,MIDDLESEX,527253,80506,222407,1205,872,1191,1387,532,164,583,218406
2019,6/30/2019,MONMOUTH,456964,126862,127656,1158,798,970,939,459,121,389,197612
2019,6/30/2019,MORRIS,361393,128243,97951,853,488,546,595,206,62,201,132248
2019,6/30/2019,OCEAN,409632,140722,87604,1026,679,892,949,354,109,407,176890
2019,6/30/2019,PASSAIC,321037,62703,123012,816,520,1075,755,394,125,424,131213
2019,6/30/2019,SALEM,46362,11763,14343,129,71,187,73,33,4,64,19695
2019,6/30/2019,SOMERSET,239450,62212,79130,581,329,375,431,152,37,170,96033
2019,6/30/2019,SUSSEX,106301,44256,21947,377,246,295,222,118,21,102,38717
2019,6/30/2019,UNION,346257,52439,163856,771,500,730,963,375,125,403,126095
2019,6/30/2019,WARREN,78681,30199,18936,235,114,153,172,65,18,57,28732
2019,6/30/2019,TOTALS,6019844,1317460,2280845,14076,9374,12760,13315,5409,1613,5877,2359115
2019,7/31/2019,ATLANTIC,188206,48603,64206,472,351,403,501,186,69,252,73163
2019,7/31/2019,BERGEN,628902,134876,230769,1363,953,1138,1178,443,154,474,257554
2019,7/31/2019,BURLINGTON,319664,79418,119576,767,459,604,595,262,46,289,117648
2019,7/31/2019,CAMDEN,367365,54577,170894,870,631,940,944,395,112,422,137580
2019,7/31/2019,CAPE MAY,71599,28884,16800,176,99,151,150,43,9,68,25219
2019,7/31/2019,CUMBERLAND,89930,18422,30238,259,159,272,434,183,49,189,39725
2019,7/31/2019,ESSEX,529363,52683,272544,713,555,697,953,381,133,379,200325
2019,7/31/2019,GLOUCESTER,213465,47888,82590,572,340,510,388,163,58,206,80750
2019,7/31/2019,HUDSON,377882,36467,207552,1055,751,1064,1181,429,169,511,128703
2019,7/31/2019,HUNTERDON,99263,38841,24235,267,148,135,110,44,5,49,35429
2019,7/31/2019,MERCER,250658,38569,109079,593,471,694,711,281,44,358,99858
2019,7/31/2019,MIDDLESEX,530202,81037,223650,1260,912,1263,1490,569,179,614,219228
2019,7/31/2019,MONMOUTH,458249,127235,127958,1181,814,1001,975,471,130,406,198078
2019,7/31/2019,MORRIS,364162,128697,98872,907,518,594,633,232,63,215,133431
2019,7/31/2019,OCEAN,411134,141452,87802,1053,707,931,1009,379,114,425,177262
2019,7/31/2019,PASSAIC,322092,63257,123702,825,547,1144,772,413,125,446,130861
2019,7/31/2019,SALEM,46508,11802,14372,133,75,194,73,36,4,66,19753
2019,7/31/2019,SOMERSET,240597,62540,79682,603,341,394,460,159,41,181,96196
2019,7/31/2019,SUSSEX,106621,44343,22055,387,257,302,226,123,21,103,38804
2019,7/31/2019,UNION,347517,52691,165392,788,516,760,985,397,125,415,125448
2019,7/31/2019,WARREN,79068,30304,19040,244,123,164,185,66,19,64,28859
2019,7/31/2019,TOTALS,6042447,1322586,2291008,14488,9727,13355,13953,5655,1669,6132,2363874
2019,8/31/2019,ATLANTIC,189821,48989,64700,508,395,448,557,219,83,275,73647
2019,8/31/2019,BERGEN,631654,135407,231983,1416,976,1170,1227,466,160,487,258361
2019,8/31/2019,BURLINGTON,320905,79564,120087,793,477,631,633,283,52,306,118079
2019,8/31/2019,CAMDEN,368561,54818,171390,895,652,966,965,408,114,443,137910
2019,8/31/2019,CAPE MAY,71830,28926,16878,175,98,150,154,48,9,71,25321
2019,8/31/2019,CUMBERLAND,90350,18520,30406,273,165,286,466,199,51,203,39781
2019,8/31/2019,ESSEX,529813,52727,272959,737,581,737,1005,395,136,399,200137
2019,8/31/2019,GLOUCESTER,214775,48263,82983,595,361,544,408,168,59,212,81182
2019,8/31/2019,HUDSON,379235,36736,208201,1081,770,1122,1226,451,176,533,128939
2019,8/31/2019,HUNTERDON,99579,38824,24362,281,148,139,119,44,5,49,35608
2019,8/31/2019,MERCER,251713,38686,109560,615,486,724,736,292,49,371,100194
2019,8/31/2019,MIDDLESEX,533354,81588,224947,1321,954,1324,1581,603,188,655,220193
2019,8/31/2019,MONMOUTH,459758,127740,128407,1225,829,1041,1007,481,130,417,198481
2019,8/31/2019,MORRIS,366087,128990,99630,937,540,605,660,241,62,224,134198
2019,8/31/2019,OCEAN,414348,142580,88387,1111,751,991,1064,419,119,463,178463
2019,8/31/2019,PASSAIC,322922,63362,124147,848,563,1195,795,425,130,459,130998
2019,8/31/2019,SALEM,46631,11901,14502,134,80,203,74,37,5,74,19621
2019,8/31/2019,SOMERSET,240719,62453,79817,620,342,395,465,162,42,179,96244
2019,8/31/2019,SUSSEX,106793,44337,22130,392,262,306,233,124,22,104,38883
2019,8/31/2019,UNION,348762,52858,165913,822,530,799,1026,408,127,427,125852
2019,8/31/2019,WARREN,79464,30427,19131,249,129,178,195,69,19,63,29004
2019,8/31/2019,TOTALS,6067074,1327696,2300520,15028,10089,13954,14596,5942,1738,6414,2371096
2019,9/30/2019,ATLANTIC,190429,49063,64870,522,402,464,583,223,82,281,73939
2019,9/30/2019,BERGEN,633645,135627,232543,1445,1007,1205,1259,487,163,496,259413
2019,9/30/2019,BURLINGTON,320816,79455,120069,810,485,639,647,288,54,313,118056
2019,9/30/2019,CAMDEN,369456,55007,171686,925,672,988,982,430,115,461,138190
2019,9/30/2019,CAPE MAY,71893,28946,16893,178,98,155,154,47,9,72,25341
2019,9/30/2019,CUMBERLAND,90640,18603,30546,287,168,295,479,203,51,210,39798
2019,9/30/2019,ESSEX,532317,53013,274385,762,600,793,1053,413,151,428,200719
2019,9/30/2019,GLOUCESTER,215418,48469,83141,610,373,559,420,179,60,215,81392
2019,9/30/2019,HUDSON,381166,37008,208999,1116,802,1172,1272,464,184,564,129585
2019,9/30/2019,HUNTERDON,99876,38861,24498,283,151,142,124,45,5,48,35719
2019,9/30/2019,MERCER,252570,38762,109953,634,494,737,741,299,49,370,100531
2019,9/30/2019,MIDDLESEX,535456,81936,225695,1355,978,1365,1626,611,191,681,221018
2019,9/30/2019,MONMOUTH,461043,128121,128776,1236,848,1065,1028,494,129,416,198930
2019,9/30/2019,MORRIS,367195,129175,100049,957,551,631,680,247,63,237,134605
2019,9/30/2019,OCEAN,414989,142847,88434,1145,762,1022,1102,424,125,478,178650
2019,9/30/2019,PASSAIC,324370,63652,124807,871,582,1264,841,443,133,484,131293
2019,9/30/2019,SALEM,46752,11946,14537,140,80,213,73,42,6,78,19637
2019,9/30/2019,SOMERSET,242175,62664,80342,639,352,423,485,170,42,186,96872
2019,9/30/2019,SUSSEX,107249,44443,22239,398,271,320,249,129,22,110,39068
2019,9/30/2019,UNION,349706,52991,166271,850,554,835,1065,433,130,444,126133
2019,9/30/2019,WARREN,79798,30513,19204,255,131,181,206,74,19,64,29151
2019,9/30/2019,TOTALS,6086959,1331102,2307937,15418,10361,14468,15069,6145,1783,6636,2378040
2019,11/3/2019,ATLANTIC,191770,49266,65014,544,400,474,598,229,85,286,74874
2019,11/3/2019,BERGEN,635018,135598,232751,1468,1027,1223,1284,500,163,490,260514
2019,11/3/2019,BURLINGTON,323141,79842,120667,839,496,667,670,301,56,319,119284
2019,11/3/2019,CAMDEN,370966,55184,172084,950,686,1011,1030,437,122,476,138986
2019,11/3/2019,CAPE MAY,72231,28992,16942,182,102,159,157,49,9,76,25563
2019,11/3/2019,CUMBERLAND,90739,18597,30572,288,173,302,494,206,53,214,39840
2019,11/3/2019,ESSEX,536580,53400,276280,794,622,856,1152,441,155,465,202415
2019,11/3/2019,GLOUCESTER,216124,48654,83309,632,384,571,439,182,64,223,81666
2019,11/3/2019,HUDSON,385289,37499,210576,1185,844,1220,1331,498,195,584,131357
2019,11/3/2019,HUNTERDON,100050,38871,24540,283,149,140,126,46,4,48,35843
2019,11/3/2019,MERCER,253551,38826,110338,641,509,759,772,312,51,390,100953
2019,11/3/2019,MIDDLESEX,538797,82410,226640,1381,999,1402,1684,631,197,705,222748
2019,11/3/2019,MONMOUTH,462387,128465,129102,1265,865,1078,1060,514,131,424,199483
2019,11/3/2019,MORRIS,368868,129392,100596,967,567,651,695,259,64,251,135426
2019,11/3/2019,OCEAN,416144,143179,88536,1175,780,1049,1130,442,125,489,179239
2019,11/3/2019,PASSAIC,312875,62467,122014,882,592,1296,859,465,136,489,123675
2019,11/3/2019,SALEM,46957,12007,14565,145,78,227,71,41,6,76,19741
2019,11/3/2019,SOMERSET,243182,62780,80708,662,358,428,494,176,42,199,97335
2019,11/3/2019,SUSSEX,107494,44490,22303,417,275,325,261,133,24,114,39152
2019,11/3/2019,UNION,350570,53032,166501,859,563,870,1085,444,132,453,126631
2019,11/3/2019,WARREN,80306,30670,19354,257,137,187,211,73,19,69,29329
2019,11/3/2019,TOTALS,6103039,1333621,2313392,15816,10606,14895,15603,6379,1833,6840,2384054
2019,11/4/2019,ATLANTIC,191802,49271,65041,544,401,474,598,229,85,286,74873
2019,11/4/2019,BERGEN,634895,135561,232699,1468,1027,1223,1284,500,163,490,260480
2019,11/4/2019,BURLINGTON,323134,79832,120661,842,494,668,670,303,56,320,119288
2019,11/4/2019,CAMDEN,371051,55200,172105,953,685,1011,1031,440,123,479,139024
2019,11/4/2019,CAPE MAY,72235,28998,16938,182,102,158,157,49,9,76,25566
2019,11/4/2019,CUMBERLAND,90737,18597,30572,288,173,302,494,206,53,214,39838
2019,11/4/2019,ESSEX,536657,53411,276325,794,625,858,1153,442,154,467,202428
2019,11/4/2019,GLOUCESTER,216080,48644,83290,632,384,571,439,182,64,223,81651
2019,11/4/2019,HUDSON,385443,37519,210625,1190,844,1221,1332,499,195,586,131432
2019,11/4/2019,HUNTERDON,100025,38865,24529,283,149,140,126,46,4,48,35835
2019,11/4/2019,MERCER,253526,38815,110327,642,508,761,772,314,50,391,100946
2019,11/4/2019,MIDDLESEX,538774,82407,226629,1381,998,1402,1685,631,197,705,222739
2019,11/4/2019,MONMOUTH,462462,128501,129125,1268,869,1079,1061,514,131,426,199488
2019,11/4/2019,MORRIS,368913,129388,100617,967,571,652,696,261,65,252,135444
2019,11/4/2019,OCEAN,416100,143166,88525,1175,780,1050,1130,442,125,488,179219
2019,11/4/2019,PASSAIC,312963,62488,122052,883,595,1301,859,467,136,490,123692
2019,11/4/2019,SALEM,46954,12007,14565,145,78,227,71,41,6,76,19738
2019,11/4/2019,SOMERSET,243176,62769,80711,662,358,428,494,176,42,199,97337
2019,11/4/2019,SUSSEX,107489,44493,22300,417,274,326,259,133,24,114,39149
2019,11/4/2019,UNION,350552,53031,166494,859,563,870,1085,444,132,453,126621
2019,11/4/2019,WARREN,80294,30668,19349,257,137,187,211,73,19,69,29324
2019,11/4/2019,TOTALS,6103262,1333631,2313479,15832,10615,14909,15607,6392,1833,6852,2384112
2019,11/30/2019,ATLANTIC,191607,49202,64986,540,401,474,597,229,85,287,74806
2019,11/30/2019,BERGEN,634450,135455,232530,1467,1026,1226,1284,499,163,490,260310
2019,11/30/2019,BURLINGTON,324421,80013,121194,857,505,678,683,306,56,321,119808
2019,11/30/2019,CAMDEN,371829,55355,172391,965,693,1031,1065,451,126,493,139259
2019,11/30/2019,CAPE MAY,72397,29069,16976,186,103,162,161,51,9,78,25602
2019,11/30/2019,CUMBERLAND,90690,18585,30559,288,173,302,494,206,53,214,39816
2019,11/30/2019,ESSEX,536872,53457,276434,798,636,869,1173,445,158,472,202430
2019,11/30/2019,GLOUCESTER,216122,48675,83289,638,389,577,444,181,64,226,81639
2019,11/30/2019,HUDSON,386789,37651,211180,1197,853,1246,1346,504,199,596,132017
2019,11/30/2019,HUNTERDON,100170,38887,24594,284,148,140,129,47,4,48,35889
2019,11/30/2019,MERCER,253984,38891,110526,653,520,768,779,324,52,397,101074
2019,11/30/2019,MIDDLESEX,538943,82420,226698,1390,1003,1411,1692,633,196,708,222792
2019,11/30/2019,MONMOUTH,463266,128782,129275,1281,883,1090,1072,521,135,433,199794
2019,11/30/2019,MORRIS,368701,129343,100607,969,568,651,695,262,65,252,135289
2019,11/30/2019,OCEAN,416210,143233,88559,1178,783,1059,1141,447,126,492,179192
2019,11/30/2019,PASSAIC,313573,62566,122367,892,604,1323,866,474,137,499,123845
2019,11/30/2019,SALEM,47030,12037,14572,147,78,229,71,44,6,78,19768
2019,11/30/2019,SOMERSET,243479,62787,80872,666,359,430,492,182,41,200,97450
2019,11/30/2019,SUSSEX,107299,44409,22251,419,275,328,260,133,24,113,39087
2019,11/30/2019,UNION,351180,53086,166657,864,562,885,1093,446,134,455,126998
2019,11/30/2019,WARREN,80237,30647,19336,260,138,186,211,73,19,68,29299
2019,11/30/2019,TOTALS,6109249,1334550,2315853,15939,10700,15065,15748,6458,1852,6920,2386164
2019,12/31/2019,ATLANTIC,191261,49183,64881,540,401,472,595,229,83,285,74592
2019,12/31/2019,BERGEN,636028,135617,233030,1495,1030,1237,1320,503,163,501,261132
2019,12/31/2019,BURLINGTON,325041,80180,121401,875,518,688,696,312,57,329,119985
2019,12/31/2019,CAMDEN,372914,55558,172797,986,709,1050,1084,455,129,502,139644
2019,12/31/2019,CAPE MAY,72372,29041,17000,190,106,158,167,52,9,75,25574
2019,12/31/2019,CUMBERLAND,90995,18704,30682,302,175,318,517,214,55,216,39812
2019,12/31/2019,ESSEX,538946,53764,277749,837,660,922,1218,481,161,487,202667
2019,12/31/2019,GLOUCESTER,217421,49081,83673,655,396,584,457,191,69,241,82074
2019,12/31/2019,HUDSON,387634,37777,211582,1208,867,1267,1369,506,206,610,132242
2019,12/31/2019,HUNTERDON,100468,38917,24686,283,148,140,129,51,4,51,36059
2019,12/31/2019,MERCER,245096,37786,107867,653,516,782,796,332,55,408,95901
2019,12/31/2019,MIDDLESEX,538505,82384,226588,1396,1003,1418,1697,636,198,714,222471
2019,12/31/2019,MONMOUTH,464430,129165,129561,1307,905,1112,1098,536,134,439,200173
2019,12/31/2019,MORRIS,370951,129745,101463,1004,598,681,718,276,64,269,136133
2019,12/31/2019,OCEAN,417742,143831,88825,1216,804,1086,1177,459,126,498,179720
2019,12/31/2019,PASSAIC,313925,62598,122513,909,611,1356,883,483,141,514,123917
2019,12/31/2019,SALEM,47234,12125,14573,155,80,244,69,45,6,80,19857
2019,12/31/2019,SOMERSET,243774,62717,81081,677,362,437,492,182,41,204,97581
2019,12/31/2019,SUSSEX,107490,44459,22310,426,277,328,262,136,25,112,39155
2019,12/31/2019,UNION,352023,53250,167062,884,568,923,1109,457,138,463,127169
2019,12/31/2019,WARREN,80380,30691,19364,268,146,189,211,75,18,69,29349
2019,12/31/2019,TOTALS,6114630,1336573,2318688,16266,10880,15392,16064,6611,1882,7067,2385207
2020,2/1/2020,ATLANTIC,192048,49386,65049,547,407,479,593,232,86,289,74980
2020,2/1/2020,BERGEN,635955,135549,233031,1494,1025,1242,1323,502,163,502,261124
2020,2/1/2020,BURLINGTON,325282,80243,121503,882,525,690,696,313,58,330,120042
2020,2/1/2020,CAMDEN,373454,55650,173008,987,717,1053,1090,456,130,503,139860
2020,2/1/2020,CAPE MAY,72574,29146,17013,189,107,163,172,55,9,77,25643
2020,2/1/2020,CUMBERLAND,91010,18723,30673,301,175,322,520,216,55,217,39808
2020,2/1/2020,ESSEX,540666,53881,278362,830,675,944,1226,495,159,502,203592
2020,2/1/2020,GLOUCESTER,217461,49118,83636,657,395,583,457,191,69,240,82115
2020,2/1/2020,HUDSON,387605,37781,211517,1211,869,1273,1370,512,204,613,132255
2020,2/1/2020,HUNTERDON,100682,38941,24782,286,144,143,131,51,4,50,36150
2020,2/1/2020,MERCER,244858,37710,107757,651,515,781,795,331,55,408,95855
2020,2/1/2020,MIDDLESEX,538736,82397,226512,1392,998,1415,1692,636,197,714,222783
2020,2/1/2020,MONMOUTH,466210,129769,130075,1324,920,1137,1127,549,135,452,200722
2020,2/1/2020,MORRIS,370610,129487,101415,1001,593,679,713,276,64,269,136113
2020,2/1/2020,OCEAN,417563,143664,88748,1210,806,1082,1176,458,126,498,179795
2020,2/1/2020,PASSAIC,314351,62625,122565,909,613,1352,888,481,142,516,124260
2020,2/1/2020,SALEM,47352,12166,14592,155,82,243,69,46,6,81,19912
2020,2/1/2020,SOMERSET,243707,62624,81090,677,362,438,490,182,40,204,97600
2020,2/1/2020,SUSSEX,107371,44464,22317,424,280,327,261,136,25,112,39025
2020,2/1/2020,UNION,352541,53252,167222,901,574,939,1118,465,140,466,127464
2020,2/1/2020,WARREN,80481,30709,19398,268,148,191,210,74,19,65,29399
2020,2/1/2020,TOTALS,6120517,1337285,2320265,16296,10930,15476,16117,6657,1886,7108,2388497
2020,3/1/2020,ATLANTIC,193399,49809,65463,567,428,515,636,243,92,304,75342
2020,3/1/2020,BERGEN,642733,136920,236159,1575,1101,1356,1436,550,169,535,262932
2020,3/1/2020,BURLINGTON,327185,80637,122123,904,543,715,722,322,64,344,120811
2020,3/1/2020,CAMDEN,375675,56093,173893,1012,750,1094,1141,483,132,525,140552
2020,3/1/2020,CAPE MAY,72607,29187,17047,189,107,169,175,56,9,77,25591
2020,3/1/2020,CUMBERLAND,90832,18736,30513,302,174,321,518,215,54,216,39783
2020,3/1/2020,ESSEX,543650,54240,280194,867,696,1008,1285,525,168,538,204129
2020,3/1/2020,GLOUCESTER,218386,49562,83776,671,399,602,484,198,70,255,82369
2020,3/1/2020,HUDSON,388993,38077,212074,1249,886,1291,1415,529,207,644,132621
2020,3/1/2020,HUNTERDON,101015,38947,24988,284,144,142,132,51,4,50,36273
2020,3/1/2020,MERCER,246784,37940,108691,690,533,827,840,347,60,424,96432
2020,3/1/2020,MIDDLESEX,538209,82323,226198,1397,989,1418,1696,638,194,722,222634
2020,3/1/2020,MONMOUTH,467025,129972,130371,1346,919,1139,1160,552,135,459,200972
2020,3/1/2020,MORRIS,370306,129077,101633,1001,602,677,718,280,66,271,135981
2020,3/1/2020,OCEAN,418308,144013,88896,1218,813,1088,1192,463,127,507,179991
2020,3/1/2020,PASSAIC,314868,62654,122780,925,619,1376,918,483,144,524,124445
2020,3/1/2020,SALEM,47584,12265,14618,164,84,250,74,47,6,83,19993
2020,3/1/2020,SOMERSET,243822,62396,81117,719,384,462,526,191,44,213,97770
2020,3/1/2020,SUSSEX,108459,44765,22578,449,299,343,287,144,27,118,39449
2020,3/1/2020,UNION,355396,53702,168513,941,595,979,1171,491,147,501,128356
2020,3/1/2020,WARREN,81273,30893,19626,288,149,199,207,78,20,70,29743
2020,3/1/2020,TOTALS,6146509,1342208,2331251,16758,11214,15971,16733,6886,1939,7380,2396169
2020,4/1/2020,ATLANTIC,193699,49845,65598,573,430,530,654,247,94,309,75419
2020,4/1/2020,BERGEN,644050,137024,236935,1581,1100,1371,1460,559,172,539,263309
2020,4/1/2020,BURLINGTON,328312,80792,122788,907,557,729,736,333,69,352,121049
2020,4/1/2020,CAMDEN,376211,56181,174199,1026,748,1105,1162,496,132,533,140629
2020,4/1/2020,CAPE MAY,72699,29239,17091,192,105,171,177,56,10,78,25580
2020,4/1/2020,CUMBERLAND,91104,18860,30597,309,181,328,529,216,55,227,39802
2020,4/1/2020,ESSEX,544330,54337,280702,883,703,1030,1327,524,173,551,204100
2020,4/1/2020,GLOUCESTER,219487,49893,84103,689,411,608,504,195,74,264,82746
2020,4/1/2020,HUDSON,390298,38271,212684,1262,882,1306,1427,535,210,656,133065
2020,4/1/2020,HUNTERDON,101155,38921,25125,284,143,147,132,50,5,54,36294
2020,4/1/2020,MERCER,247536,38047,109116,703,545,834,855,360,63,435,96578
2020,4/1/2020,MIDDLESEX,538278,82369,226134,1400,989,1417,1703,637,194,718,222717
2020,4/1/2020,MONMOUTH,467670,130110,130734,1350,924,1141,1169,554,136,464,201088
2020,4/1/2020,MORRIS,372137,129291,102578,1015,617,700,739,285,71,284,136557
2020,4/1/2020,OCEAN,420676,145083,89521,1249,838,1110,1238,478,131,520,180508
2020,4/1/2020,PASSAIC,317345,63192,123916,997,649,1414,1000,517,152,555,124953
2020,4/1/2020,SALEM,47648,12285,14623,165,87,249,77,47,6,86,20023
2020,4/1/2020,SOMERSET,246206,62759,82230,726,389,461,527,187,47,217,98663
2020,4/1/2020,SUSSEX,109109,44939,22844,461,300,348,292,145,27,117,39636
2020,4/1/2020,UNION,356887,53796,169223,968,614,1003,1203,503,147,521,128909
2020,4/1/2020,WARREN,81487,30903,19737,289,147,201,210,78,19,71,29832
2020,4/1/2020,TOTALS,6166324,1346137,2340478,17029,11359,16203,17121,7002,1987,7551,2401457
2020,5/1/2020,ATLANTIC,193792,49870,65623,577,431,530,651,245,94,308,75463
2020,5/1/2020,BERGEN,644242,137005,237010,1588,1101,1362,1447,555,170,534,263470
2020,5/1/2020,BURLINGTON,328442,80774,122809,908,556,731,735,332,69,352,121176
2020,5/1/2020,CAMDEN,376003,56124,174058,1023,750,1102,1155,495,132,534,140630
2020,5/1/2020,CAPE MAY,72801,29274,17134,196,107,168,178,55,9,78,25602
2020,5/1/2020,CUMBERLAND,91637,19050,30790,318,186,346,546,222,60,235,39884
2020,5/1/2020,ESSEX,544600,54357,280742,885,701,1022,1332,523,173,550,204315
2020,5/1/2020,GLOUCESTER,219483,49921,84050,692,403,608,500,194,73,264,82778
2020,5/1/2020,HUDSON,390199,38273,212582,1263,880,1311,1428,536,210,657,133059
2020,5/1/2020,HUNTERDON,101225,38883,25195,285,142,147,133,50,5,54,36331
2020,5/1/2020,MERCER,247472,38025,109118,702,542,833,854,360,63,434,96541
2020,5/1/2020,MIDDLESEX,543092,83589,228189,1470,1035,1466,1807,664,202,758,223912
2020,5/1/2020,MONMOUTH,467503,130018,130661,1349,923,1143,1166,554,138,461,201090
2020,5/1/2020,MORRIS,372819,129303,102960,1021,619,715,740,289,72,289,136811
2020,5/1/2020,OCEAN,421324,145318,89664,1261,849,1123,1237,482,134,521,180735
2020,5/1/2020,PASSAIC,317393,63149,123934,996,647,1407,1002,516,153,552,125037
2020,5/1/2020,SALEM,47667,12307,14621,166,87,249,76,46,6,87,20022
2020,5/1/2020,SOMERSET,246524,62704,82378,726,392,455,529,185,48,215,98892
2020,5/1/2020,SUSSEX,109272,44997,22902,460,299,345,292,144,27,117,39689
2020,5/1/2020,UNION,357241,53759,169259,973,614,1003,1198,500,147,527,129261
2020,5/1/2020,WARREN,81595,30940,19777,293,147,200,210,78,19,71,29860
2020,5/1/2020,TOTALS,6174326,1347640,2343456,17152,11411,16266,17216,7025,2004,7598,2404558
2020,6/1/2020,ATLANTIC,193818,49852,65580,580,431,526,649,243,94,304,75559
2020,6/1/2020,BERGEN,643863,136800,236861,1585,1096,1346,1438,557,168,532,263480
2020,6/1/2020,BURLINGTON,328812,80812,122888,914,550,727,735,334,70,357,121425
2020,6/1/2020,CAMDEN,376014,56118,174006,1033,740,1098,1151,492,131,529,140716
2020,6/1/2020,CAPE MAY,72889,29306,17139,197,108,168,178,55,8,79,25651
2020,6/1/2020,CUMBERLAND,91782,19155,30810,322,187,351,541,221,58,234,39903
2020,6/1/2020,ESSEX,544235,54250,280530,884,698,1017,1324,522,173,548,204289
2020,6/1/2020,GLOUCESTER,219589,49959,84074,692,401,607,496,195,74,260,82831
2020,6/1/2020,HUDSON,390477,38324,212580,1263,874,1305,1426,536,207,653,133309
2020,6/1/2020,HUNTERDON,101278,38876,25170,288,142,151,134,52,5,55,36405
2020,6/1/2020,MERCER,247507,37990,109106,711,540,831,851,359,62,430,96627
2020,6/1/2020,MIDDLESEX,545377,84052,228909,1508,1056,1484,1835,670,205,766,224892
2020,6/1/2020,MONMOUTH,467629,130028,130446,1358,916,1137,1158,551,132,455,201448
2020,6/1/2020,MORRIS,372948,129123,103087,1030,616,709,738,289,71,287,136998
2020,6/1/2020,OCEAN,421314,145415,89540,1257,846,1118,1237,484,133,519,180765
2020,6/1/2020,PASSAIC,317120,63065,123747,999,642,1398,1004,515,152,552,125046
2020,6/1/2020,SALEM,47704,12351,14599,167,87,248,78,45,6,88,20035
2020,6/1/2020,SOMERSET,246341,62568,82307,732,394,455,525,182,48,214,98916
2020,6/1/2020,SUSSEX,109216,44932,22879,459,298,345,291,142,27,116,39727
2020,6/1/2020,UNION,357591,53732,169262,973,610,1008,1186,497,144,521,129658
2020,6/1/2020,WARREN,81637,30938,19795,292,147,200,209,78,19,69,29890
2020,6/1/2020,TOTALS,6177141,1347646,2343315,17244,11379,16229,17184,7019,1987,7568,2407570
2020,7/1/2020,ATLANTIC,194771,51600,69918,571,430,516,637,239,93,303,70464
2020,7/1/2020,BERGEN,645445,139767,246562,1589,1089,1334,1430,552,167,534,252421
2020,7/1/2020,BURLINGTON,329605,82839,127991,930,551,730,733,333,68,355,115075
2020,7/1/2020,CAMDEN,376904,57623,178914,1031,739,1092,1145,490,128,527,135215
2020,7/1/2020,CAPE MAY,72968,29335,17117,198,110,167,178,54,8,80,25721
2020,7/1/2020,CUMBERLAND,91985,19516,31398,320,187,345,535,218,57,230,39179
2020,7/1/2020,ESSEX,545224,54243,280844,887,703,1019,1322,521,172,548,204965
2020,7/1/2020,GLOUCESTER,220046,51994,87560,696,402,605,495,196,74,260,77764
2020,7/1/2020,HUDSON,392637,39281,218560,1262,867,1292,1423,528,203,652,128569
2020,7/1/2020,HUNTERDON,101456,40088,27315,289,143,151,132,51,5,56,33226
2020,7/1/2020,MERCER,248483,38273,110591,711,542,821,849,360,62,424,95850
2020,7/1/2020,MIDDLESEX,546561,84044,229000,1508,1050,1478,1834,669,206,763,226009
2020,7/1/2020,MONMOUTH,469162,132935,135747,1374,913,1130,1149,541,133,450,194790
2020,7/1/2020,MORRIS,374011,129288,104243,1034,616,699,733,288,70,285,136755
2020,7/1/2020,OCEAN,422390,152622,97311,1259,842,1113,1231,482,133,518,166879
2020,7/1/2020,PASSAIC,317560,63043,123882,999,643,1391,1002,515,152,552,125381
2020,7/1/2020,SALEM,47806,12612,14647,171,86,249,76,47,6,86,19826
2020,7/1/2020,SOMERSET,247098,62810,83468,737,392,452,516,184,48,215,98276
2020,7/1/2020,SUSSEX,109484,46196,24603,460,296,349,291,144,28,117,37000
2020,7/1/2020,UNION,358557,53996,170894,971,604,1004,1179,493,144,517,128755
2020,7/1/2020,WARREN,81837,31973,21126,301,151,197,206,78,19,69,27717
2020,7/1/2020,TOTALS,6193990,1374078,2401691,17298,11356,16134,17096,6983,1976,7541,2339837
2020,7/6/2020,ATLANTIC,194839,51649,69951,572,431,518,637,240,92,303,70446
2020,7/6/2020,BERGEN,645390,140137,247873,1586,1088,1334,1429,552,167,534,250690
2020,7/6/2020,BURLINGTON,329642,83705,130179,932,552,730,733,333,68,354,112056
2020,7/6/2020,CAMDEN,376866,57634,178953,1030,738,1092,1144,489,128,527,135131
2020,7/6/2020,CAPE MAY,72944,29324,17113,198,110,167,178,54,8,80,25712
2020,7/6/2020,CUMBERLAND,91976,19871,31880,320,186,344,535,218,57,230,38335
2020,7/6/2020,ESSEX,545248,54257,280832,890,703,1019,1322,522,172,548,204983
2020,7/6/2020,GLOUCESTER,219936,52197,87903,696,403,605,494,195,74,260,77109
2020,7/6/2020,HUDSON,393023,39303,218737,1263,864,1286,1418,529,203,650,128770
2020,7/6/2020,HUNTERDON,101446,40174,27466,289,143,151,132,51,5,56,32979
2020,7/6/2020,MERCER,248865,38328,110759,714,542,821,848,360,61,424,96008
2020,7/6/2020,MIDDLESEX,546552,84042,229036,1507,1050,1478,1835,669,206,763,225966
2020,7/6/2020,MONMOUTH,469142,133745,137315,1374,912,1131,1149,540,133,451,192392
2020,7/6/2020,MORRIS,373949,129364,104461,1033,616,699,733,288,70,284,136401
2020,7/6/2020,OCEAN,422471,152670,97374,1259,843,1112,1231,482,133,518,166849
2020,7/6/2020,PASSAIC,317690,63064,123896,998,643,1390,1002,515,152,552,125478
2020,7/6/2020,SALEM,47800,12643,14722,171,86,249,76,47,6,86,19714
2020,7/6/2020,SOMERSET,247059,62806,83455,736,392,452,516,184,48,215,98255
2020,7/6/2020,SUSSEX,109474,46193,24605,459,296,348,291,144,28,117,36993
2020,7/6/2020,UNION,358520,53983,170885,970,604,1004,1178,492,144,517,128743
2020,7/6/2020,WARREN,81829,31975,21154,301,151,197,206,78,19,69,27679
2020,7/6/2020,TOTALS,6194661,1377064,2408549,17298,11353,16127,17087,6982,1974,7538,2330689
2020,8/1/2020,ATLANTIC,195965,52513,71142,581,441,527,653,242,91,309,69466
2020,8/1/2020,BERGEN,649369,142159,253191,1605,1102,1346,1450,561,168,540,247247
2020,8/1/2020,BURLINGTON,331767,84173,130899,951,558,727,738,333,68,356,112964
2020,8/1/2020,CAMDEN,376429,57545,178834,1032,737,1089,1143,487,128,526,134908
2020,8/1/2020,CAPE MAY,72873,30203,18240,197,109,166,178,54,8,80,23638
2020,8/1/2020,CUMBERLAND,91725,20249,32667,319,186,343,534,218,57,229,36923
2020,8/1/2020,ESSEX,547263,54396,281782,894,698,1025,1320,531,177,562,205878
2020,8/1/2020,GLOUCESTER,219937,52376,87924,687,398,605,492,194,73,258,76930
2020,8/1/2020,HUDSON,393976,39977,222292,1264,873,1305,1430,534,203,651,125447
2020,8/1/2020,HUNTERDON,102354,40557,27823,279,141,150,133,52,6,57,33156
2020,8/1/2020,MERCER,249564,38411,111016,729,545,832,855,366,63,430,96317
2020,8/1/2020,MIDDLESEX,545795,84258,229982,1503,1047,1476,1834,668,206,763,224058
2020,8/1/2020,MONMOUTH,471952,134490,137942,1388,925,1149,1169,547,131,458,193753
2020,8/1/2020,MORRIS,375296,131355,109150,1045,611,692,723,284,70,281,131085
2020,8/1/2020,OCEAN,424062,153365,97733,1280,854,1117,1245,484,133,525,167326
2020,8/1/2020,PASSAIC,318029,64389,128114,1000,642,1386,1004,511,150,551,120282
2020,8/1/2020,SALEM,48110,13063,15330,171,85,251,81,52,6,86,18985
2020,8/1/2020,SOMERSET,246772,63914,87096,736,390,452,516,183,47,215,93223
2020,8/1/2020,SUSSEX,109843,46235,24637,464,295,349,291,143,28,118,37283
2020,8/1/2020,UNION,359672,55222,176730,959,595,986,1161,482,140,513,122884
2020,8/1/2020,WARREN,81863,32004,21116,303,152,195,206,77,19,70,27721
2020,8/1/2020,TOTALS,6212616,1390854,2443640,17387,11384,16168,17156,7003,1972,7578,2299474
2020,9/1/2020,ATLANTIC,196923,52720,71339,582,439,531,662,251,91,314,69994
2020,9/1/2020,BERGEN,653918,142721,254534,1628,1100,1350,1460,570,164,557,249834
2020,9/1/2020,BURLINGTON,334453,85520,133445,971,568,731,747,338,71,366,111696
2020,9/1/2020,CAMDEN,377729,58514,181289,1045,746,1099,1152,487,129,533,132735
2020,9/1/2020,CAPE MAY,73478,30515,18413,201,109,171,182,55,7,81,23744
2020,9/1/2020,CUMBERLAND,92242,20562,33185,323,186,339,540,217,56,235,36599
2020,9/1/2020,ESSEX,548316,54838,285539,903,701,1020,1332,527,181,563,202712
2020,9/1/2020,GLOUCESTER,221820,53130,88299,695,408,608,503,191,75,250,77661
2020,9/1/2020,HUDSON,395059,40051,222532,1278,866,1312,1457,536,213,654,126160
2020,9/1/2020,HUNTERDON,102762,40507,27912,291,140,154,133,53,7,58,33507
2020,9/1/2020,MERCER,249363,38334,111048,717,544,826,847,365,62,430,96190
2020,9/1/2020,MIDDLESEX,553093,88006,240851,1545,1057,1495,1861,684,214,786,216594
2020,9/1/2020,MONMOUTH,474226,135193,138692,1415,928,1160,1182,543,130,467,194516
2020,9/1/2020,MORRIS,377733,131667,109908,1072,627,695,740,287,71,286,132380
2020,9/1/2020,OCEAN,426371,154339,97982,1289,858,1118,1252,487,128,527,168391
2020,9/1/2020,PASSAIC,318339,65052,129349,998,647,1376,1007,512,150,545,118703
2020,9/1/2020,SALEM,48322,13163,15280,173,87,249,90,53,7,89,19131
2020,9/1/2020,SOMERSET,248302,63972,87523,742,388,457,512,181,46,212,94269
2020,9/1/2020,SUSSEX,111032,46920,25308,476,293,354,295,149,29,120,37088
2020,9/1/2020,UNION,360061,55215,176584,961,598,990,1172,477,141,507,123416
2020,9/1/2020,WARREN,82343,32085,21188,308,155,196,208,77,18,68,28040
2020,9/1/2020,TOTALS,6245885,1403024,2470200,17613,11445,16231,17334,7040,1990,7648,2293360
2020,10/1/2020,ATLANTIC,199742,53420,71794,607,433,524,633,248,96,321,71666
2020,10/1/2020,BERGEN,668663,144480,257085,1641,1077,1329,1407,535,164,538,260407
2020,10/1/2020,BURLINGTON,337457,86172,134050,990,578,749,745,329,72,370,113402
2020,10/1/2020,CAMDEN,388269,60293,184459,1097,747,1099,1143,469,129,536,138297
2020,10/1/2020,CAPE MAY,75228,31215,18709,213,109,178,193,62,11,84,24454
2020,10/1/2020,CUMBERLAND,93613,20971,33281,340,197,355,557,234,59,240,37379
2020,10/1/2020,ESSEX,562798,55905,291728,943,702,1011,1306,523,179,582,209919
2020,10/1/2020,GLOUCESTER,227536,54627,89229,741,419,603,492,186,77,253,80909
2020,10/1/2020,HUDSON,403500,40969,224688,1332,869,1297,1444,526,209,661,131505
2020,10/1/2020,HUNTERDON,104620,40837,28288,310,141,156,132,53,7,60,34636
2020,10/1/2020,MERCER,256137,39148,113652,749,551,838,851,376,67,436,99469
2020,10/1/2020,MIDDLESEX,554285,88114,240828,1541,1061,1485,1833,682,218,785,217738
2020,10/1/2020,MONMOUTH,482595,137292,139874,1479,926,1160,1139,520,128,456,199621
2020,10/1/2020,MORRIS,385586,132825,111790,1126,619,699,737,287,68,294,137141
2020,10/1/2020,OCEAN,437364,159241,99920,1345,879,1153,1232,465,124,530,172475
2020,10/1/2020,PASSAIC,322880,66063,129900,999,642,1349,1026,500,150,550,121701
2020,10/1/2020,SALEM,48734,13310,15297,185,91,248,92,53,8,86,19364
2020,10/1/2020,SOMERSET,254742,64725,89162,775,395,461,482,182,47,217,98296
2020,10/1/2020,SUSSEX,112855,47366,25607,488,294,359,292,147,30,116,38156
2020,10/1/2020,UNION,365854,55901,178162,971,607,997,1183,473,146,516,126898
2020,10/1/2020,WARREN,83728,32445,21473,327,159,203,219,78,20,68,28736
2020,10/1/2020,TOTALS,6366186,1425319,2498976,18199,11496,16253,17138,6928,2009,7699,2362169
2020,11/1/2020,ATLANTIC,205137,54399,72778,635,426,543,618,253,93,320,75072
2020,11/1/2020,BERGEN,678883,145797,258830,1680,1073,1329,1387,518,157,537,267575
2020,11/1/2020,BURLINGTON,347292,87922,136396,1041,583,763,741,322,66,377,119081
2020,11/1/2020,CAMDEN,393732,61131,185677,1133,732,1098,1120,467,128,539,141707
2020,11/1/2020,CAPE MAY,76848,31741,18935,225,103,177,193,58,13,81,25322
2020,11/1/2020,CUMBERLAND,95723,21423,33772,341,194,355,550,230,61,236,38561
2020,11/1/2020,ESSEX,570655,56499,294203,973,693,1001,1281,512,181,578,214734
2020,11/1/2020,GLOUCESTER,231113,55467,89642,764,425,612,492,183,73,264,83191
2020,11/1/2020,HUDSON,413228,41782,227048,1361,876,1291,1397,511,198,648,138116
2020,11/1/2020,HUNTERDON,105808,41055,28485,320,143,158,137,52,7,60,35391
2020,11/1/2020,MERCER,262083,40153,116910,766,545,839,834,369,73,431,101163
2020,11/1/2020,MIDDLESEX,563543,89366,242418,1553,1051,1503,1806,678,215,787,224166
2020,11/1/2020,MONMOUTH,490447,139249,140803,1544,916,1153,1105,498,128,461,204590
2020,11/1/2020,MORRIS,391178,133472,112762,1137,613,716,703,281,66,295,141133
2020,11/1/2020,OCEAN,445529,161811,100820,1363,875,1167,1218,454,123,522,177176
2020,11/1/2020,PASSAIC,329512,67067,131102,1024,636,1320,999,482,145,549,126188
2020,11/1/2020,SALEM,49629,13536,15442,202,95,238,92,54,9,84,19877
2020,11/1/2020,SOMERSET,259009,65266,90037,788,390,467,466,183,46,210,101156
2020,11/1/2020,SUSSEX,115268,47907,25957,513,288,365,276,144,30,115,39673
2020,11/1/2020,UNION,374532,56891,180268,996,606,987,1143,462,146,500,132533
2020,11/1/2020,WARREN,86447,33140,21879,347,164,210,222,76,18,73,30318
2020,11/1/2020,TOTALS,6485596,1445074,2524164,18706,11427,16292,16780,6787,1976,7667,2436723
2020,11/2/2020,ATLANTIC,205161,54398,72772,635,426,543,619,253,93,321,75101
2020,11/2/2020,BERGEN,678826,145805,258794,1678,1072,1328,1386,515,157,536,267555
2020,11/2/2020,BURLINGTON,347311,87934,136381,1039,583,763,740,321,66,377,119107
2020,11/2/2020,CAMDEN,394192,61164,185839,1134,733,1098,1114,466,128,538,141978
2020,11/2/2020,CAPE MAY,76839,31740,18930,225,103,175,193,58,13,81,25321
2020,11/2/2020,CUMBERLAND,95718,21424,33770,341,194,355,550,230,61,236,38557
2020,11/2/2020,ESSEX,570645,56504,294191,973,692,1001,1281,512,180,578,214733
2020,11/2/2020,GLOUCESTER,231088,55460,89628,764,425,612,492,183,73,264,83187
2020,11/2/2020,HUDSON,413208,41780,227028,1361,876,1291,1397,511,198,648,138118
2020,11/2/2020,HUNTERDON,105809,41056,28485,320,143,158,137,52,7,60,35391
2020,11/2/2020,MERCER,262174,40184,117005,768,546,839,831,368,73,432,101128
2020,11/2/2020,MIDDLESEX,563990,89442,242566,1556,1051,1501,1806,678,215,790,224385
2020,11/2/2020,MONMOUTH,490346,139223,140759,1544,916,1153,1105,498,128,461,204559
2020,11/2/2020,MORRIS,391173,133470,112759,1137,613,716,703,281,66,295,141133
2020,11/2/2020,OCEAN,445535,161808,100823,1363,875,1167,1218,454,123,522,177182
2020,11/2/2020,PASSAIC,329502,67070,131089,1026,636,1324,997,481,145,549,126185
2020,11/2/2020,SALEM,49612,13531,15436,202,95,238,92,54,9,84,19871
2020,11/2/2020,SOMERSET,258975,65262,90014,788,390,467,466,183,46,210,101149
2020,11/2/2020,SUSSEX,115265,47907,25955,513,288,365,276,144,30,115,39672
2020,11/2/2020,UNION,374486,56886,180242,995,605,987,1143,462,146,500,132520
2020,11/2/2020,WARREN,86444,33140,21879,347,164,210,222,76,18,73,30315
2020,11/2/2020,TOTALS,6486299,1445188,2524345,18709,11426,16291,16768,6780,1975,7670,2437147
2020,12/1/2020,ATLANTIC,205413,54484,72780,642,427,542,614,252,95,323,75254
2020,12/1/2020,BERGEN,682247,146444,259635,1689,1082,1346,1396,518,159,540,269438
2020,12/1/2020,BURLINGTON,347718,88067,136487,1047,584,765,741,320,67,371,119269
2020,12/1/2020,CAMDEN,396192,61918,186749,1142,743,1100,1119,467,128,544,142282
2020,12/1/2020,CAPE MAY,76854,31777,18920,228,103,177,198,60,14,85,25292
2020,12/1/2020,CUMBERLAND,95758,21433,33774,341,194,355,550,230,61,235,38585
2020,12/1/2020,ESSEX,573269,56814,295201,987,694,1013,1276,517,180,580,216007
2020,12/1/2020,GLOUCESTER,230896,55442,89578,763,424,613,491,182,73,264,83066
2020,12/1/2020,HUDSON,413362,41795,226955,1360,873,1289,1393,509,196,642,138350
2020,12/1/2020,HUNTERDON,105597,41084,28475,316,141,152,135,51,7,60,35176
2020,12/1/2020,MERCER,262494,40252,117659,771,544,836,839,368,75,433,100717
2020,12/1/2020,MIDDLESEX,564999,89647,242738,1558,1047,1500,1808,678,213,794,225016
2020,12/1/2020,MONMOUTH,492165,139862,141193,1565,916,1165,1110,502,126,458,205268
2020,12/1/2020,MORRIS,391424,134340,113328,1141,609,703,695,270,65,290,139983
2020,12/1/2020,OCEAN,446052,162048,100774,1373,879,1165,1215,449,122,519,177508
2020,12/1/2020,PASSAIC,329282,67089,130962,1026,634,1316,991,478,146,547,126093
2020,12/1/2020,SALEM,49590,13531,15440,202,95,238,92,54,9,84,19845
2020,12/1/2020,SOMERSET,259567,65596,90424,794,390,467,463,185,45,206,100997
2020,12/1/2020,SUSSEX,115259,48127,25986,512,285,360,267,135,30,112,39445
2020,12/1/2020,UNION,375412,57082,180456,1007,607,990,1143,463,145,505,133014
2020,12/1/2020,WARREN,86285,33305,22061,347,163,210,221,76,18,73,29811
2020,12/1/2020,TOTALS,6499835,1450137,2529575,18811,11434,16302,16757,6764,1974,7665,2440416
2021,1/1/2021,ATLANTIC,205157,54429,72686,642,430,542,622,255,95,325,75131
2021,1/1/2021,BERGEN,683732,146868,260395,1721,1093,1349,1403,518,156,536,269693
2021,1/1/2021,BURLINGTON,348583,88800,137241,1062,575,758,736,317,66,373,118655
2021,1/1/2021,CAMDEN,398198,63143,188735,1169,756,1097,1123,459,125,551,141040
2021,1/1/2021,CAPE MAY,77330,32083,19056,231,107,182,195,62,15,88,25311
2021,1/1/2021,CUMBERLAND,96109,21539,33876,355,198,358,546,230,61,236,38710
2021,1/1/2021,ESSEX,574883,57192,296458,1006,689,1015,1281,520,180,591,215951
2021,1/1/2021,GLOUCESTER,230600,55642,89533,768,422,608,491,177,73,263,82623
2021,1/1/2021,HUDSON,413816,41952,226727,1359,869,1286,1385,506,195,636,138901
2021,1/1/2021,HUNTERDON,106088,41278,28589,321,142,151,136,54,7,57,35353
2021,1/1/2021,MERCER,262968,40911,119603,784,555,841,841,371,77,438,98547
2021,1/1/2021,MIDDLESEX,565175,90293,242746,1569,1034,1493,1779,664,203,785,224609
2021,1/1/2021,MONMOUTH,492511,140080,141388,1578,924,1175,1114,500,125,454,205173
2021,1/1/2021,MORRIS,392471,134408,113629,1168,613,701,700,273,65,291,140623
2021,1/1/2021,OCEAN,448175,163150,101026,1402,884,1177,1221,446,121,519,178229
2021,1/1/2021,PASSAIC,328516,67208,130996,1023,635,1303,987,473,146,543,125202
2021,1/1/2021,SALEM,49598,13682,15489,205,95,236,92,55,9,83,19652
2021,1/1/2021,SOMERSET,259871,65731,90804,792,384,466,459,185,44,207,100799
2021,1/1/2021,SUSSEX,116018,48371,26091,517,285,363,263,134,30,112,39852
2021,1/1/2021,UNION,376706,57340,180744,1022,622,999,1141,458,146,500,133734
2021,1/1/2021,WARREN,86784,33455,22110,354,166,216,219,78,19,74,30093
2021,1/1/2021,TOTALS,6513289,1457555,2537922,19048,11478,16316,16734,6735,1958,7662,2437881
2021,2/1/2021,ATLANTIC,205998,54789,73024,655,436,541,632,257,97,325,75242
2021,2/1/2021,BERGEN,684075,147831,261565,1746,1096,1329,1381,507,156,537,267927
2021,2/1/2021,BURLINGTON,349797,88675,137817,1087,582,776,734,323,67,379,119357
2021,2/1/2021,CAMDEN,397955,62972,188574,1178,756,1106,1135,466,129,549,141090
2021,2/1/2021,CAPE MAY,77349,32040,19062,238,112,184,202,64,16,91,25340
2021,2/1/2021,CUMBERLAND,96210,21676,33951,359,200,357,553,236,63,239,38576
2021,2/1/2021,ESSEX,575316,57795,299237,1024,689,1014,1268,513,181,579,213016
2021,2/1/2021,GLOUCESTER,230362,55813,89507,777,420,602,488,177,71,264,82243
2021,2/1/2021,HUDSON,414052,42027,226809,1389,886,1301,1402,511,197,640,138890
2021,2/1/2021,HUNTERDON,106084,41043,28622,325,143,151,137,54,6,55,35548
2021,2/1/2021,MERCER,263044,40775,119722,803,560,850,852,373,77,445,98587
2021,2/1/2021,MIDDLESEX,570109,91522,243792,1596,1035,1488,1734,651,200,780,227311
2021,2/1/2021,MONMOUTH,491424,139454,141180,1602,922,1173,1122,501,124,454,204892
2021,2/1/2021,MORRIS,394249,134338,114248,1185,624,702,692,268,63,293,141836
2021,2/1/2021,OCEAN,450029,163694,101447,1423,880,1193,1242,450,124,525,179051
2021,2/1/2021,PASSAIC,329536,67830,131699,1027,633,1293,970,464,144,539,124937
2021,2/1/2021,SALEM,49938,13844,15588,214,96,233,95,55,9,87,19717
2021,2/1/2021,SOMERSET,260194,65501,91068,814,381,468,460,187,47,209,101059
2021,2/1/2021,SUSSEX,116562,48464,26245,537,286,372,270,132,31,110,40115
2021,2/1/2021,UNION,351561,54449,171642,978,581,962,1084,432,138,469,120826
2021,2/1/2021,WARREN,86984,33378,22163,358,170,221,224,79,18,76,30297
2021,2/1/2021,TOTALS,6500828,1457910,2536962,19315,11488,16316,16677,6700,1958,7645,2425857
2021,3/1/2021,ATLANTIC,206221,55066,73414,661,442,537,630,261,98,321,74791
2021,3/1/2021,BERGEN,684154,147976,261882,1762,1109,1336,1397,510,160,529,267493
2021,3/1/2021,BURLINGTON,349962,88391,137936,1102,592,779,736,321,66,386,119653
2021,3/1/2021,CAMDEN,396428,62568,187839,1185,760,1106,1129,471,129,545,140696
2021,3/1/2021,CAPE MAY,73982,30948,18358,225,111,177,200,65,16,82,23800
2021,3/1/2021,CUMBERLAND,96132,21867,34139,349,198,354,543,233,62,238,38149
2021,3/1/2021,ESSEX,574706,58146,299835,1031,697,1014,1271,511,181,583,211437
2021,3/1/2021,GLOUCESTER,230290,55970,89531,781,418,598,492,179,70,262,81989
2021,3/1/2021,HUDSON,414110,42073,226882,1418,891,1308,1419,510,193,646,138770
2021,3/1/2021,HUNTERDON,106129,40904,28676,330,143,152,139,55,6,59,35665
2021,3/1/2021,MERCER,263074,40678,119747,808,562,863,859,375,76,444,98662
2021,3/1/2021,MIDDLESEX,573304,92079,244735,1627,1033,1483,1750,656,199,782,228960
2021,3/1/2021,MONMOUTH,490938,140628,143183,1600,926,1178,1125,502,124,449,201223
2021,3/1/2021,MORRIS,394871,133915,114636,1202,627,712,699,269,64,294,142453
2021,3/1/2021,OCEAN,451155,163601,101624,1434,888,1215,1251,449,126,527,180040
2021,3/1/2021,PASSAIC,329336,67846,131777,1033,634,1285,973,467,143,537,124641
2021,3/1/2021,SALEM,49955,13855,15586,217,96,236,96,57,10,89,19713
2021,3/1/2021,SOMERSET,260353,65246,91227,831,387,468,463,188,48,208,101287
2021,3/1/2021,SUSSEX,116592,48314,26290,543,286,375,268,132,32,113,40239
2021,3/1/2021,UNION,353646,54824,172836,984,590,966,1107,437,141,477,121284
2021,3/1/2021,WARREN,87284,33423,22258,357,170,225,225,81,18,78,30449
2021,3/1/2021,TOTALS,6502622,1458318,2542391,19480,11560,16367,16772,6729,1962,7649,2421394
2021,4/1/2021,ATLANTIC,206348,55206,73617,673,447,539,627,258,95,318,74568
2021,4/1/2021,BERGEN,683545,147730,261770,1776,1110,1349,1402,513,161,536,267198
2021,4/1/2021,BURLINGTON,350605,88367,138090,1116,597,794,755,326,65,390,120105
2021,4/1/2021,CAMDEN,396483,62495,187915,1187,770,1098,1124,473,129,553,140739
2021,4/1/2021,CAPE MAY,74105,30971,18387,229,111,179,202,66,17,83,23860
2021,4/1/2021,CUMBERLAND,96199,21873,34170,357,204,356,552,238,62,241,38146
2021,4/1/2021,ESSEX,574066,57988,299614,1036,696,1012,1282,521,180,592,211145
2021,4/1/2021,GLOUCESTER,231244,56017,89615,809,419,602,507,188,71,262,82754
2021,4/1/2021,HUDSON,414735,42334,227184,1433,897,1311,1427,511,192,645,138801
2021,4/1/2021,HUNTERDON,106223,40852,28709,338,141,153,138,57,6,57,35772
2021,4/1/2021,MERCER,263093,40579,119758,821,560,862,867,379,77,445,98745
2021,4/1/2021,MIDDLESEX,579462,93459,247480,1673,1069,1510,1736,638,197,784,230916
2021,4/1/2021,MONMOUTH,491283,140682,143270,1633,932,1184,1137,506,124,453,201362
2021,4/1/2021,MORRIS,395134,133637,114857,1215,626,715,695,276,63,291,142759
2021,4/1/2021,OCEAN,451855,163527,101566,1459,897,1223,1258,452,125,528,180820
2021,4/1/2021,PASSAIC,332548,68485,133285,1079,654,1307,1040,484,149,559,125506
2021,4/1/2021,SALEM,48287,13602,15141,220,93,233,98,58,10,86,18746
2021,4/1/2021,SOMERSET,260259,65015,91243,838,386,471,461,192,49,209,101395
2021,4/1/2021,SUSSEX,116565,48181,26295,550,290,377,271,132,32,114,40323
2021,4/1/2021,UNION,359411,55861,175768,1000,616,977,1133,442,141,485,122988
2021,4/1/2021,WARREN,87519,33476,22343,361,177,228,225,79,18,77,30535
2021,4/1/2021,TOTALS,6518969,1460337,2550077,19803,11692,16480,16937,6789,1963,7708,2427183
2021,5/1/2021,ATLANTIC,206534,55212,73646,695,450,544,637,254,96,317,74683
2021,5/1/2021,BERGEN,685172,147963,262459,1812,1129,1361,1431,518,166,544,267789
2021,5/1/2021,BURLINGTON,351026,88460,138166,1129,596,803,748,328,67,398,120331
2021,5/1/2021,CAMDEN,397115,62662,188125,1210,779,1103,1133,476,133,557,140937
2021,5/1/2021,CAPE MAY,74259,31026,18394,235,113,175,202,70,17,86,23941
2021,5/1/2021,CUMBERLAND,96807,22015,34268,366,212,367,555,240,61,248,38475
2021,5/1/2021,ESSEX,573647,57995,299309,1047,702,1010,1289,520,180,594,211001
2021,5/1/2021,GLOUCESTER,229961,56008,89240,819,415,602,515,191,68,265,81838
2021,5/1/2021,HUDSON,413561,42636,226806,1434,880,1300,1422,505,187,642,137749
2021,5/1/2021,HUNTERDON,106489,40922,28732,341,142,156,139,58,6,58,35935
2021,5/1/2021,MERCER,263912,40655,120139,828,572,860,878,381,78,460,99061
2021,5/1/2021,MIDDLESEX,580778,93647,248213,1706,1075,1516,1748,649,198,783,231243
2021,5/1/2021,MONMOUTH,492141,141101,143402,1671,935,1186,1143,506,126,454,201617
2021,5/1/2021,MORRIS,395776,133667,115141,1243,626,725,690,279,60,294,143051
2021,5/1/2021,OCEAN,454566,164229,101711,1484,896,1227,1257,459,121,531,182651
2021,5/1/2021,PASSAIC,333174,68559,133558,1096,665,1312,1043,494,151,565,125731
2021,5/1/2021,SALEM,47386,13483,14888,222,92,224,101,57,10,88,18221
2021,5/1/2021,SOMERSET,260782,65010,91496,848,388,471,466,192,49,207,101655
2021,5/1/2021,SUSSEX,116813,48215,26390,555,293,373,269,130,31,115,40442
2021,5/1/2021,UNION,360234,56381,176503,995,612,972,1135,447,139,480,122570
2021,5/1/2021,WARREN,87767,33553,22397,365,178,229,229,80,18,81,30637
2021,5/1/2021,TOTALS,6527900,1463399,2552983,20101,11750,16516,17030,6834,1962,7767,2429558
2021,5/18/2021,ATLANTIC,206799,55309,73733,700,447,543,638,254,93,320,74762
2021,5/18/2021,BERGEN,685474,147883,262568,1821,1127,1357,1426,518,167,544,268063
2021,5/18/2021,BURLINGTON,351318,88488,138267,1148,605,810,744,327,67,399,120463
2021,5/18/2021,CAMDEN,397387,62703,188167,1225,783,1102,1130,473,131,551,141122
2021,5/18/2021,CAPE MAY,74275,31056,18353,238,113,176,203,68,17,86,23965
2021,5/18/2021,CUMBERLAND,96917,22067,34302,367,212,369,555,241,60,249,38495
2021,5/18/2021,ESSEX,573190,57973,299019,1054,709,1011,1284,519,181,595,210845
2021,5/18/2021,GLOUCESTER,229522,56006,89011,824,417,601,512,189,68,264,81630
2021,5/18/2021,HUDSON,414629,43024,227528,1449,892,1295,1417,502,185,643,137694
2021,5/18/2021,HUNTERDON,106582,40897,28780,344,142,157,140,59,6,58,35999
2021,5/18/2021,MERCER,264087,40650,120110,835,566,861,873,379,77,463,99273
2021,5/18/2021,MIDDLESEX,581110,93651,248219,1716,1073,1523,1747,649,199,785,231548
2021,5/18/2021,MONMOUTH,492151,141119,143298,1685,934,1184,1139,509,125,454,201704
2021,5/18/2021,MORRIS,395888,133566,115222,1249,630,721,688,278,60,295,143179
2021,5/18/2021,OCEAN,456228,164692,101676,1504,904,1229,1256,454,121,530,183862
2021,5/18/2021,PASSAIC,333427,68516,133612,1107,663,1309,1041,494,151,563,125971
2021,5/18/2021,SALEM,47382,13500,14861,226,92,223,101,57,10,87,18225
2021,5/18/2021,SOMERSET,260982,64950,91574,858,389,475,464,192,48,206,101826
2021,5/18/2021,SUSSEX,116836,48185,26413,556,293,372,269,130,31,115,40472
2021,5/18/2021,UNION,360787,56428,176596,998,623,973,1126,448,139,477,122979
2021,5/18/2021,WARREN,87867,33558,22405,362,180,230,230,81,18,82,30721
2021,5/18/2021,TOTALS,6532838,1464221,2553714,20266,11794,16521,16983,6821,1954,7766,2432798
2021,6/1/2021,ATLANTIC,206862,55294,73731,699,447,543,638,256,94,319,74841
2021,6/1/2021,BERGEN,685129,147780,262411,1819,1129,1354,1423,516,166,541,267990
2021,6/1/2021,BURLINGTON,351323,88487,138272,1149,606,813,744,326,67,398,120461
2021,6/1/2021,CAMDEN,397509,62706,188189,1232,783,1101,1130,472,131,553,141212
2021,6/1/2021,CAPE MAY,74297,31052,18351,241,113,176,203,68,17,86,23990
2021,6/1/2021,CUMBERLAND,96918,22065,34289,367,212,370,554,241,61,250,38509
2021,6/1/2021,ESSEX,572686,57929,298795,1054,709,1011,1284,520,181,595,210608
2021,6/1/2021,GLOUCESTER,229409,56027,88930,831,418,601,514,186,68,263,81571
2021,6/1/2021,HUDSON,416177,43403,228431,1453,890,1279,1413,503,185,646,137974
2021,6/1/2021,HUNTERDON,106625,40896,28787,343,142,157,140,59,6,58,36037
2021,6/1/2021,MERCER,264183,40610,120138,835,563,859,870,380,77,465,99386
2021,6/1/2021,MIDDLESEX,581681,93705,248402,1716,1073,1525,1748,650,198,786,231878
2021,6/1/2021,MONMOUTH,492179,141127,143306,1691,929,1177,1138,507,125,456,201723
2021,6/1/2021,MORRIS,396129,133596,115316,1265,629,725,684,277,58,299,143280
2021,6/1/2021,OCEAN,455845,164679,101547,1508,904,1231,1251,451,121,529,183624
2021,6/1/2021,PASSAIC,333693,68514,133659,1113,662,1308,1036,492,150,567,126192
2021,6/1/2021,SALEM,47396,13517,14850,227,93,222,102,57,10,87,18231
2021,6/1/2021,SOMERSET,261193,64977,91645,860,388,474,463,193,49,206,101938
2021,6/1/2021,SUSSEX,116788,48165,26406,556,294,372,270,130,31,115,40449
2021,6/1/2021,UNION,360555,56405,176448,998,622,971,1126,446,139,477,122923
2021,6/1/2021,WARREN,87815,33515,22390,366,180,231,229,81,18,81,30724
2021,6/1/2021,TOTALS,6534392,1464449,2554293,20323,11786,16500,16960,6811,1952,7777,2433541
2021,7/1/2021,ATLANTIC,206783,55583,74199,700,445,544,632,256,95,317,74012
2021,7/1/2021,BERGEN,684603,149597,264241,1818,1126,1352,1420,515,164,539,263831
2021,7/1/2021,BURLINGTON,351983,89023,139047,1167,611,806,740,326,68,397,119798
2021,7/1/2021,CAMDEN,398018,64326,189930,1249,776,1095,1121,472,131,552,138366
2021,7/1/2021,CAPE MAY,74399,31762,18524,245,111,170,197,67,16,84,23223
2021,7/1/2021,CUMBERLAND,96987,22400,34485,368,213,370,554,241,61,247,38048
2021,7/1/2021,ESSEX,573411,58032,299690,1062,705,999,1280,517,182,595,210349
2021,7/1/2021,GLOUCESTER,229134,57265,89156,839,418,599,512,186,67,265,79827
2021,7/1/2021,HUDSON,415311,44101,230396,1449,887,1259,1399,500,183,637,134500
2021,7/1/2021,HUNTERDON,106659,41990,29120,338,144,153,139,58,6,58,34653
2021,7/1/2021,MERCER,264263,41427,120757,838,558,849,862,379,76,464,98053
2021,7/1/2021,MIDDLESEX,582585,96130,251637,1724,1077,1528,1752,650,197,794,227096
2021,7/1/2021,MONMOUTH,491689,145454,144416,1685,926,1174,1134,506,125,457,195812
2021,7/1/2021,MORRIS,396431,136709,117086,1281,630,717,681,276,55,296,138700
2021,7/1/2021,OCEAN,457004,166360,102257,1545,910,1230,1246,450,121,528,182357
2021,7/1/2021,PASSAIC,333522,68789,133876,1105,657,1292,1030,491,145,564,125573
2021,7/1/2021,SALEM,47468,13898,14916,225,95,219,104,55,9,86,17861
2021,7/1/2021,SOMERSET,261582,66318,92564,871,395,475,461,194,47,208,100049
2021,7/1/2021,SUSSEX,116654,48769,26506,554,295,372,270,130,31,115,39612
2021,7/1/2021,UNION,360226,57743,178340,1003,623,965,1122,442,139,478,119371
2021,7/1/2021,WARREN,87975,34212,22634,365,181,230,230,80,18,82,29943
2021,7/1/2021,TOTALS,6536687,1489888,2573777,20431,11783,16398,16886,6791,1936,7763,2391034
2021,8/1/2021,ATLANTIC,207732,57069,74696,705,450,531,618,250,93,313,73007
2021,8/1/2021,BERGEN,687379,150965,265552,1862,1133,1349,1401,510,162,555,263890
2021,8/1/2021,BURLINGTON,352603,90718,139707,1192,612,808,737,322,69,396,118042
2021,8/1/2021,CAMDEN,398786,64524,190149,1247,768,1073,1098,471,130,550,138776
2021,8/1/2021,CAPE MAY,74360,31755,18494,246,112,170,197,68,16,85,23217
2021,8/1/2021,CUMBERLAND,96731,22635,34467,366,212,370,551,241,61,247,37581
2021,8/1/2021,ESSEX,572661,58778,300359,1064,706,986,1261,513,181,600,208213
2021,8/1/2021,GLOUCESTER,228617,57188,88916,850,413,593,505,184,66,265,79637
2021,8/1/2021,HUDSON,413541,44364,229985,1448,880,1245,1379,494,182,627,132937
2021,8/1/2021,HUNTERDON,106850,41922,29161,356,148,151,137,58,6,60,34851
2021,8/1/2021,MERCER,264533,41658,121343,849,554,843,858,378,76,464,97510
2021,8/1/2021,MIDDLESEX,582807,96779,251851,1751,1082,1522,1710,642,192,799,226479
2021,8/1/2021,MONMOUTH,493572,146502,144536,1706,899,1143,1104,486,121,451,196624
2021,8/1/2021,MORRIS,397415,136606,117420,1307,639,716,672,275,57,306,139417
2021,8/1/2021,OCEAN,457547,166716,102238,1564,903,1222,1241,450,121,527,182565
2021,8/1/2021,PASSAIC,333210,69822,134144,1114,650,1287,1026,489,144,563,123971
2021,8/1/2021,SALEM,47578,13936,14911,230,97,215,103,57,8,84,17937
2021,8/1/2021,SOMERSET,261935,66642,92907,873,396,471,460,195,45,212,99734
2021,8/1/2021,SUSSEX,116807,49001,26666,570,292,376,266,130,30,117,39359
2021,8/1/2021,UNION,361775,57942,178736,1016,631,944,1094,437,141,472,120362
2021,8/1/2021,WARREN,88166,34317,22689,381,181,232,227,80,17,83,29959
2021,8/1/2021,TOTALS,6544605,1499839,2578927,20697,11758,16247,16645,6730,1918,7776,2384068
2021,9/1/2021,ATLANTIC,208167,57104,74729,715,451,532,615,245,92,311,73373
2021,9/1/2021,BERGEN,687717,150933,265521,1881,1128,1335,1384,505,162,557,264311
2021,9/1/2021,BURLINGTON,353052,90762,139779,1196,600,789,723,317,69,400,118417
2021,9/1/2021,CAMDEN,399298,64564,190162,1270,768,1071,1089,473,132,554,139215
2021,9/1/2021,CAPE MAY,74411,31779,18485,250,111,169,197,66,16,84,23254
2021,9/1/2021,CUMBERLAND,96919,22699,34403,363,211,368,550,233,61,247,37784
2021,9/1/2021,ESSEX,571653,58643,299723,1066,723,982,1255,508,181,598,207974
2021,9/1/2021,GLOUCESTER,228754,57288,88778,861,414,592,501,182,65,265,79808
2021,9/1/2021,HUDSON,414531,44425,230080,1478,872,1235,1359,484,179,626,133793
2021,9/1/2021,HUNTERDON,106864,41833,29180,360,146,151,139,58,7,60,34930
2021,9/1/2021,MERCER,265354,41739,121635,861,552,838,850,370,75,465,97969
2021,9/1/2021,MIDDLESEX,583359,96863,251913,1778,1086,1511,1685,630,191,796,226906
2021,9/1/2021,MONMOUTH,493565,146524,144403,1718,901,1146,1097,477,119,455,196725
2021,9/1/2021,MORRIS,397190,136259,117360,1325,633,714,661,272,53,308,139605
2021,9/1/2021,OCEAN,457230,170607,102451,1605,908,1230,1232,446,119,526,178106
2021,9/1/2021,PASSAIC,332946,69670,133873,1121,645,1282,1021,486,143,561,124144
2021,9/1/2021,SALEM,47590,13969,14883,232,98,212,105,56,8,85,17942
2021,9/1/2021,SOMERSET,262030,66505,92904,878,394,476,455,195,46,212,99965
2021,9/1/2021,SUSSEX,117563,49207,26822,597,292,377,264,128,30,114,39732
2021,9/1/2021,UNION,361968,57921,178544,1023,631,932,1077,434,140,470,120796
2021,9/1/2021,WARREN,88449,34432,22789,394,180,237,223,78,17,84,30015
2021,9/1/2021,TOTALS,6548610,1503726,2578417,20972,11744,16179,16482,6643,1905,7778,2384764
2021,10/1/2021,ATLANTIC,209135,57223,74565,718,448,529,608,241,91,308,74404
2021,10/1/2021,BERGEN,688213,150811,265251,1915,1112,1336,1382,500,160,560,265186
2021,10/1/2021,BURLINGTON,353613,90754,139745,1225,603,786,723,316,69,400,118992
2021,10/1/2021,CAMDEN,399135,64502,189905,1285,778,1061,1080,470,130,556,139368
2021,10/1/2021,CAPE MAY,74585,31859,18498,258,111,171,198,66,15,84,23325
2021,10/1/2021,CUMBERLAND,97440,22814,34401,367,212,364,534,228,62,241,38217
2021,10/1/2021,ESSEX,571960,58618,299613,1075,722,985,1245,503,180,597,208422
2021,10/1/2021,GLOUCESTER,230545,57779,89073,897,410,585,500,186,63,276,80776
2021,10/1/2021,HUDSON,418233,44736,230912,1504,881,1232,1345,482,179,635,136327
2021,10/1/2021,HUNTERDON,107101,41836,29256,371,147,151,138,58,7,60,35077
2021,10/1/2021,MERCER,265703,41701,121653,861,552,837,845,374,76,461,98343
2021,10/1/2021,MIDDLESEX,584060,97038,251634,1764,1087,1486,1667,621,191,788,227784
2021,10/1/2021,MONMOUTH,493589,146616,144110,1730,898,1139,1081,475,117,457,196966
2021,10/1/2021,MORRIS,397571,136127,117323,1337,634,715,658,271,53,308,140145
2021,10/1/2021,OCEAN,458230,171085,102005,1630,895,1216,1226,442,117,529,179085
2021,10/1/2021,PASSAIC,333460,69681,133802,1128,648,1266,1007,483,142,556,124747
2021,10/1/2021,SALEM,47627,13995,14865,237,97,212,105,55,8,85,17968
2021,10/1/2021,SOMERSET,262410,66455,92921,892,395,476,449,192,46,217,100367
2021,10/1/2021,SUSSEX,117681,49184,26800,611,294,378,264,127,30,115,39878
2021,10/1/2021,UNION,362501,57878,178449,1025,632,928,1069,428,142,472,121478
2021,10/1/2021,WARREN,88776,34573,22917,414,180,238,222,77,16,84,30055
2021,10/1/2021,TOTALS,6561568,1505265,2577698,21244,11736,16091,16346,6595,1894,7789,2396910
2021,11/1/2021,ATLANTIC,209619,57246,74478,727,449,530,609,242,92,311,74935
2021,11/1/2021,BERGEN,688839,150738,264830,1933,1107,1319,1368,492,161,566,266325
2021,11/1/2021,BURLINGTON,354749,90916,139858,1252,598,791,723,319,70,403,119819
2021,11/1/2021,CAMDEN,399582,64559,189723,1305,775,1063,1069,468,131,556,139933
2021,11/1/2021,CAPE MAY,74936,31972,18525,263,112,173,199,66,15,84,23527
2021,11/1/2021,CUMBERLAND,97522,22837,34356,375,213,361,527,227,62,240,38324
2021,11/1/2021,ESSEX,572383,58527,299345,1081,723,986,1240,495,176,596,209214
2021,11/1/2021,GLOUCESTER,230662,57876,88840,910,417,590,500,185,63,284,80997
2021,11/1/2021,HUDSON,420157,44927,231095,1519,880,1219,1324,472,178,629,137914
2021,11/1/2021,HUNTERDON,107204,41790,29236,373,149,153,138,56,8,61,35240
2021,11/1/2021,MERCER,266219,41646,121646,861,553,831,838,372,75,463,98934
2021,11/1/2021,MIDDLESEX,585856,97154,251463,1772,1082,1494,1654,620,187,796,229634
2021,11/1/2021,MONMOUTH,495210,146933,144131,1746,905,1150,1071,478,115,455,198226
2021,11/1/2021,MORRIS,398841,136216,117579,1349,635,714,646,266,53,307,141076
2021,11/1/2021,OCEAN,459135,171211,101816,1648,892,1232,1223,438,114,532,180029
2021,11/1/2021,PASSAIC,334286,69714,133845,1138,644,1265,1005,481,141,555,125498
2021,11/1/2021,SALEM,47725,14033,14846,238,99,211,104,53,8,86,18047
2021,11/1/2021,SOMERSET,263377,66457,93081,901,396,478,445,190,45,216,101168
2021,11/1/2021,SUSSEX,117779,49197,26770,617,293,380,267,125,30,116,39984
2021,11/1/2021,UNION,362957,57892,178320,1024,630,924,1060,427,139,470,122071
2021,11/1/2021,WARREN,88866,34609,22959,418,183,240,223,77,16,84,30057
2021,11/1/2021,TOTALS,6575904,1506450,2576742,21450,11735,16104,16233,6549,1879,7810,2410952
2021,11/1/2021,ATLANTIC,209619,57246,74478,727,449,530,609,242,92,311,74935
2021,11/1/2021,BERGEN,688839,150738,264830,1933,1107,1319,1368,492,161,566,266325
2021,11/1/2021,BURLINGTON,354749,90916,139858,1252,598,791,723,319,70,403,119819
2021,11/1/2021,CAMDEN,399582,64559,189723,1305,775,1063,1069,468,131,556,139933
2021,11/1/2021,CAPE MAY,74936,31972,18525,263,112,173,199,66,15,84,23527
2021,11/1/2021,CUMBERLAND,97522,22837,34356,375,213,361,527,227,62,240,38324
2021,11/1/2021,ESSEX,572383,58527,299345,1081,723,986,1240,495,176,596,209214
2021,11/1/2021,GLOUCESTER,230662,57876,88840,910,417,590,500,185,63,284,80997
2021,11/1/2021,HUDSON,420157,44927,231095,1519,880,1219,1324,472,178,629,137914
2021,11/1/2021,HUNTERDON,107204,41790,29236,373,149,153,138,56,8,61,35240
2021,11/1/2021,MERCER,266219,41646,121646,861,553,831,838,372,75,463,98934
2021,11/1/2021,MIDDLESEX,585856,97154,251463,1772,1082,1494,1654,620,187,796,229634
2021,11/1/2021,MONMOUTH,495210,146933,144131,1746,905,1150,1071,478,115,455,198226
2021,11/1/2021,MORRIS,398841,136216,117579,1349,635,714,646,266,53,307,141076
2021,11/1/2021,OCEAN,459135,171211,101816,1648,892,1232,1223,438,114,532,180029
2021,11/1/2021,PASSAIC,334286,69714,133845,1138,644,1265,1005,481,141,555,125498
2021,11/1/2021,SALEM,47725,14033,14846,238,99,211,104,53,8,86,18047
2021,11/1/2021,SOMERSET,263377,66457,93081,901,396,478,445,190,45,216,101168
2021,11/1/2021,SUSSEX,117779,49197,26770,617,293,380,267,125,30,116,39984
2021,11/1/2021,UNION,362957,57892,178320,1024,630,924,1060,427,139,470,122071
2021,11/1/2021,WARREN,88866,34609,22959,418,183,240,223,77,16,84,30057
2021,11/1/2021,TOTALS,6575904,1506450,2576742,21450,11735,16104,16233,6549,1879,7810,2410952
2021,12/1/2021,ATLANTIC,209667,57263,74377,731,447,528,606,243,93,309,75070
2021,12/1/2021,BERGEN,690008,150956,265029,1945,1109,1320,1360,489,162,571,267067
2021,12/1/2021,BURLINGTON,355435,91106,140000,1271,600,790,723,321,70,403,120151
2021,12/1/2021,CAMDEN,400611,64796,189976,1321,770,1058,1066,464,130,556,140474
2021,12/1/2021,CAPE MAY,75043,32013,18533,266,113,172,200,67,15,84,23580
2021,12/1/2021,CUMBERLAND,97422,22806,34325,373,212,360,527,226,62,240,38291
2021,12/1/2021,ESSEX,574055,58705,299798,1092,733,985,1235,497,178,603,210229
2021,12/1/2021,GLOUCESTER,230301,57857,88646,908,416,585,496,183,63,283,80864
2021,12/1/2021,HUDSON,421230,45050,231171,1528,876,1220,1316,471,178,627,138793
2021,12/1/2021,HUNTERDON,107871,42013,29415,389,149,154,138,57,8,63,35485
2021,12/1/2021,MERCER,266975,41677,121799,875,553,829,832,371,74,454,99511
2021,12/1/2021,MIDDLESEX,584649,96950,250896,1768,1076,1490,1646,619,187,793,229224
2021,12/1/2021,MONMOUTH,496012,147358,144092,1778,905,1160,1066,478,114,456,198605
2021,12/1/2021,MORRIS,399530,136345,117741,1350,634,711,640,266,54,313,141476
2021,12/1/2021,OCEAN,459036,171274,101659,1651,892,1233,1218,434,114,534,180027
2021,12/1/2021,PASSAIC,333813,69631,133607,1139,644,1262,1005,480,141,556,125348
2021,12/1/2021,SALEM,47730,14065,14831,239,99,210,104,53,8,86,18035
2021,12/1/2021,SOMERSET,264125,66557,93259,913,397,480,447,189,44,217,101622
2021,12/1/2021,SUSSEX,118033,49261,26829,617,295,383,260,126,30,115,40117
2021,12/1/2021,UNION,363002,57874,178191,1026,631,926,1057,426,138,473,122260
2021,12/1/2021,WARREN,88990,34655,22972,422,185,240,221,77,16,86,30116
2021,12/1/2021,TOTALS,6583538,1508212,2577146,21602,11736,16096,16163,6537,1879,7822,2416345
2022,1/1/2022,ATLANTIC,209795,57368,74363,734,446,530,608,246,92,310,75098
2022,1/1/2022,BERGEN,692728,151499,265476,1970,1105,1317,1356,481,161,574,268789
2022,1/1/2022,BURLINGTON,356304,91322,140080,1292,602,787,720,322,70,403,120706
2022,1/1/2022,CAMDEN,400751,64883,189829,1319,771,1067,1060,465,131,558,140668
2022,1/1/2022,CAPE MAY,75037,31972,18520,272,112,172,200,65,15,85,23624
2022,1/1/2022,CUMBERLAND,97316,22810,34279,372,211,360,526,226,62,240,38230
2022,1/1/2022,ESSEX,574755,58735,299752,1094,734,989,1228,495,178,602,210948
2022,1/1/2022,GLOUCESTER,230214,57891,88554,906,415,583,496,180,62,284,80843
2022,1/1/2022,HUDSON,420598,45037,230647,1529,873,1210,1302,467,174,630,138729
2022,1/1/2022,HUNTERDON,108007,42059,29451,391,149,153,140,57,8,64,35535
2022,1/1/2022,MERCER,267227,41658,121807,878,551,828,828,365,73,452,99787
2022,1/1/2022,MIDDLESEX,583765,96855,250284,1754,1074,1482,1631,611,188,794,229092
2022,1/1/2022,MONMOUTH,497075,147769,144085,1809,905,1171,1059,472,110,455,199240
2022,1/1/2022,MORRIS,399821,136205,117720,1366,635,708,639,265,54,323,141906
2022,1/1/2022,OCEAN,459600,171441,101696,1665,893,1240,1215,435,115,533,180367
2022,1/1/2022,PASSAIC,333199,69569,133316,1135,639,1257,999,478,141,551,125114
2022,1/1/2022,SALEM,48025,14201,14840,245,101,207,102,53,9,83,18184
2022,1/1/2022,SOMERSET,264388,66591,93348,920,398,479,444,191,43,220,101754
2022,1/1/2022,SUSSEX,118551,49430,26848,630,297,379,259,127,30,116,40435
2022,1/1/2022,UNION,364504,58092,178441,1041,625,928,1048,420,137,470,123302
2022,1/1/2022,WARREN,89244,34778,23066,430,185,243,221,76,16,87,30142
2022,1/1/2022,TOTALS,6590904,1510165,2576402,21752,11721,16090,16081,6497,1869,7834,2422493
2022,2/1/2022,ATLANTIC,210513,57675,74500,753,448,538,604,245,92,309,75349
2022,2/1/2022,BERGEN,692729,151548,265214,1983,1107,1319,1341,476,158,571,269012
2022,2/1/2022,BURLINGTON,356537,91315,140044,1299,604,781,715,316,72,401,120990
2022,2/1/2022,CAMDEN,400806,64969,189711,1330,775,1058,1059,459,127,553,140765
2022,2/1/2022,CAPE MAY,75099,32020,18517,272,112,169,200,65,15,86,23643
2022,2/1/2022,CUMBERLAND,97634,22874,34169,379,212,355,522,223,58,238,38604
2022,2/1/2022,ESSEX,575296,58809,299708,1111,737,983,1220,495,177,599,211457
2022,2/1/2022,GLOUCESTER,231390,58349,88634,944,416,589,490,181,63,284,81440
2022,2/1/2022,HUDSON,421486,45143,230578,1530,870,1207,1282,466,172,628,139610
2022,2/1/2022,HUNTERDON,107800,41918,29453,399,149,152,140,55,8,65,35461
2022,2/1/2022,MERCER,267586,41654,121870,887,556,817,822,363,74,450,100093
2022,2/1/2022,MIDDLESEX,586063,97458,250428,1784,1074,1486,1605,607,184,788,230649
2022,2/1/2022,MONMOUTH,497043,147833,143946,1822,907,1163,1054,467,110,456,199285
2022,2/1/2022,MORRIS,400065,136065,117785,1378,634,709,637,263,55,324,142215
2022,2/1/2022,OCEAN,459496,171420,101430,1682,881,1236,1202,433,112,528,180572
2022,2/1/2022,PASSAIC,334396,69796,133402,1150,644,1254,989,483,139,550,125989
2022,2/1/2022,SALEM,47993,14228,14778,249,102,210,101,53,9,82,18181
2022,2/1/2022,SOMERSET,264245,66463,93213,933,399,485,437,189,43,219,101864
2022,2/1/2022,SUSSEX,118726,49411,26864,648,301,377,254,127,30,120,40594
2022,2/1/2022,UNION,364638,58136,178205,1038,623,920,1035,422,137,477,123645
2022,2/1/2022,WARREN,89685,34983,23199,442,187,246,224,79,16,90,30219
2022,2/1/2022,TOTALS,6599226,1512067,2575648,22013,11738,16054,15933,6467,1851,7818,2429637
2022,3/1/2022,ATLANTIC,210994,57814,74495,764,447,536,599,243,89,309,75698
2022,3/1/2022,BERGEN,692906,151505,264886,2003,1112,1314,1326,474,158,566,269562
2022,3/1/2022,BURLINGTON,356560,91213,139838,1326,603,781,708,317,72,401,121301
2022,3/1/2022,CAMDEN,399769,64871,188745,1335,774,1064,1044,457,121,554,140804
2022,3/1/2022,CAPE MAY,75152,32036,18523,273,114,166,196,66,15,85,23678
2022,3/1/2022,CUMBERLAND,97862,22928,34144,386,208,356,513,219,59,236,38813
2022,3/1/2022,ESSEX,575548,58724,299281,1120,737,976,1214,495,177,595,212229
2022,3/1/2022,GLOUCESTER,232005,58554,88615,966,409,581,489,180,62,290,81859
2022,3/1/2022,HUDSON,421822,45228,230361,1544,871,1197,1273,464,173,629,140082
2022,3/1/2022,HUNTERDON,107897,41963,29536,405,151,153,141,54,8,64,35422
2022,3/1/2022,MERCER,267837,41673,121783,893,555,803,822,357,74,453,100424
2022,3/1/2022,MIDDLESEX,586187,97441,249995,1803,1070,1483,1596,603,178,795,231223
2022,3/1/2022,MONMOUTH,497029,147916,143700,1836,914,1159,1048,467,108,454,199427
2022,3/1/2022,MORRIS,400339,135995,117768,1387,636,704,632,261,56,325,142575
2022,3/1/2022,OCEAN,460234,171701,101152,1723,882,1244,1180,429,109,522,181292
2022,3/1/2022,PASSAIC,334895,69884,133273,1157,646,1230,973,478,135,549,126570
2022,3/1/2022,SALEM,47954,14223,14735,253,102,212,102,51,9,82,18185
2022,3/1/2022,SOMERSET,264317,66390,93107,939,404,485,428,187,45,225,102107
2022,3/1/2022,SUSSEX,118806,49414,26865,658,301,377,254,126,30,121,40660
2022,3/1/2022,UNION,365193,58248,178090,1044,621,922,1018,417,136,479,124218
2022,3/1/2022,WARREN,89819,35075,23262,452,188,248,225,79,16,88,30186
2022,3/1/2022,TOTALS,6603125,1512796,2572154,22267,11745,15991,15781,6424,1830,7822,2436315
2022,4/1/2022,ATLANTIC,200906,56127,71546,767,432,531,589,240,90,308,70276
2022,4/1/2022,BERGEN,666166,147130,256484,1990,1089,1289,1300,467,156,570,255691
2022,4/1/2022,BURLINGTON,350973,90280,137754,1341,603,767,689,308,75,404,118752
2022,4/1/2022,CAMDEN,390438,63958,185177,1352,776,1046,1027,450,116,544,135992
2022,4/1/2022,CAPE MAY,75258,32089,18510,278,113,169,193,66,14,88,23738
2022,4/1/2022,CUMBERLAND,96142,22723,33652,385,207,356,500,212,58,233,37816
2022,4/1/2022,ESSEX,564332,57937,294205,1120,732,965,1209,493,177,605,206889
2022,4/1/2022,GLOUCESTER,227971,58120,87072,993,400,572,484,173,61,294,79802
2022,4/1/2022,HUDSON,395926,43059,218842,1524,858,1188,1242,457,171,614,127971
2022,4/1/2022,HUNTERDON,105734,41456,29065,409,151,151,140,54,8,63,34237
2022,4/1/2022,MERCER,258825,40535,118266,889,550,793,807,346,73,443,96123
2022,4/1/2022,MIDDLESEX,561819,94818,241203,1806,1050,1458,1554,599,176,781,218374
2022,4/1/2022,MONMOUTH,488748,146470,141423,1850,890,1150,1017,462,102,452,194932
2022,4/1/2022,MORRIS,393309,133929,116014,1392,636,702,629,252,55,328,139372
2022,4/1/2022,OCEAN,455016,170803,99767,1742,882,1230,1156,421,109,516,178390
2022,4/1/2022,PASSAIC,326968,68788,130498,1149,645,1194,956,467,133,544,122594
2022,4/1/2022,SALEM,47956,14250,14681,256,103,210,103,51,9,84,18209
2022,4/1/2022,SOMERSET,249670,63162,89137,935,402,479,427,183,45,222,94678
2022,4/1/2022,SUSSEX,116070,48497,26331,655,296,373,249,120,29,119,39401
2022,4/1/2022,UNION,364590,58066,176891,1062,615,907,1010,415,133,483,125008
2022,4/1/2022,WARREN,85319,33808,22377,464,191,238,221,78,14,90,27838
2022,4/1/2022,TOTALS,6422136,1486005,2508895,22359,11621,15768,15502,6314,1804,7785,2346083
2022,5/1/2022,ATLANTIC,201157,56272,71413,778,436,528,586,239,90,307,70508
2022,5/1/2022,BERGEN,667035,147297,256431,1999,1088,1290,1288,461,153,574,256454
2022,5/1/2022,BURLINGTON,351595,90438,137782,1357,606,770,688,306,75,398,119175
2022,5/1/2022,CAMDEN,391208,64057,185224,1367,777,1048,1023,450,116,539,136607
2022,5/1/2022,CAPE MAY,75409,32179,18517,280,115,169,192,66,14,87,23790
2022,5/1/2022,CUMBERLAND,96240,22766,33605,383,208,355,499,211,58,235,37920
2022,5/1/2022,ESSEX,564380,57871,293909,1118,728,963,1208,493,178,601,207311
2022,5/1/2022,GLOUCESTER,228375,58357,86947,1008,401,566,483,175,60,291,80087
2022,5/1/2022,HUDSON,397416,43300,219089,1533,856,1178,1229,452,170,607,129002
2022,5/1/2022,HUNTERDON,105885,41596,29077,410,151,153,139,54,8,64,34233
2022,5/1/2022,MERCER,259247,40544,118269,895,553,783,801,343,73,443,96543
2022,5/1/2022,MIDDLESEX,561863,94932,240843,1814,1045,1454,1550,597,173,779,218676
2022,5/1/2022,MONMOUTH,489301,146722,141362,1865,879,1147,1008,456,101,449,195312
2022,5/1/2022,MORRIS,393804,133951,116075,1408,637,702,628,251,54,327,139771
2022,5/1/2022,OCEAN,455721,171144,99629,1771,891,1251,1141,415,108,513,178858
2022,5/1/2022,PASSAIC,327506,68843,130419,1144,636,1176,949,465,132,541,123201
2022,5/1/2022,SALEM,48041,14307,14666,258,105,211,104,51,9,85,18245
2022,5/1/2022,SOMERSET,250117,63220,89136,934,413,481,421,183,45,225,95059
2022,5/1/2022,SUSSEX,116253,48538,26351,665,293,374,247,118,28,120,39519
2022,5/1/2022,UNION,366681,58198,176834,1079,611,894,997,419,134,486,127029
2022,5/1/2022,WARREN,85468,33892,22423,470,193,236,222,80,14,90,27848
2022,5/1/2022,TOTALS,6432702,1488424,2508001,22536,11622,15729,15403,6285,1793,7761,2355148
2022,6/1/2022,ATLANTIC,201510,56338,71370,786,436,530,576,236,90,309,70839
2022,6/1/2022,BERGEN,668249,147443,256594,2016,1092,1293,1279,456,151,577,257348
2022,6/1/2022,BURLINGTON,352407,90576,137930,1365,611,773,687,304,76,400,119685
2022,6/1/2022,CAMDEN,390562,63906,184894,1365,775,1045,1022,448,115,539,136453
2022,6/1/2022,CAPE MAY,75606,32282,18529,286,114,167,191,65,14,87,23871
2022,6/1/2022,CUMBERLAND,96417,22836,33602,389,208,353,501,212,58,234,38024
2022,6/1/2022,ESSEX,564948,57831,294061,1115,728,962,1208,494,178,600,207771
2022,6/1/2022,GLOUCESTER,228717,58488,86998,1014,405,565,478,176,60,291,80242
2022,6/1/2022,HUDSON,398181,43381,219041,1543,856,1169,1227,446,170,610,129738
2022,6/1/2022,HUNTERDON,105988,41650,29127,411,150,152,137,55,8,63,34235
2022,6/1/2022,MERCER,259773,40561,118371,903,553,778,793,344,71,446,96953
2022,6/1/2022,MIDDLESEX,563378,95196,240929,1821,1044,1451,1537,598,173,781,219848
2022,6/1/2022,MONMOUTH,489971,146983,141284,1884,880,1149,1003,453,100,445,195790
2022,6/1/2022,MORRIS,394653,134019,116333,1424,639,702,622,253,52,330,140279
2022,6/1/2022,OCEAN,456655,171665,99503,1787,898,1257,1134,414,107,516,179374
2022,6/1/2022,PASSAIC,328038,68848,130432,1147,643,1174,944,464,131,537,123718
2022,6/1/2022,SALEM,48089,14322,14644,257,106,209,105,50,9,85,18302
2022,6/1/2022,SOMERSET,250869,63234,89268,942,413,484,418,185,45,230,95650
2022,6/1/2022,SUSSEX,116236,48491,26342,664,293,377,248,118,28,120,39555
2022,6/1/2022,UNION,369431,58223,176672,1082,612,896,994,414,132,483,129923
2022,6/1/2022,WARREN,85719,33988,22532,475,195,236,221,78,14,89,27891
2022,6/1/2022,TOTALS,6445397,1490261,2508456,22676,11651,15722,15325,6263,1782,7772,2365489
2022,6/7/2022,ATLANTIC,201572,56381,71389,789,434,529,576,237,90,308,70839
2022,6/7/2022,BERGEN,668635,147528,256753,2019,1086,1292,1278,456,150,579,257494
2022,6/7/2022,BURLINGTON,352739,90674,138034,1369,613,774,685,304,77,402,119807
2022,6/7/2022,CAMDEN,390367,63872,184819,1365,775,1045,1022,448,115,539,136367
2022,6/7/2022,CAPE MAY,75648,32320,18536,287,114,169,191,65,14,88,23864
2022,6/7/2022,CUMBERLAND,96457,22858,33615,391,207,353,501,212,58,234,38028
2022,6/7/2022,ESSEX,564580,57782,293953,1113,728,961,1208,494,178,600,207563
2022,6/7/2022,GLOUCESTER,228659,58491,86994,1013,405,565,478,175,60,291,80187
2022,6/7/2022,HUDSON,398440,43429,219168,1545,856,1164,1222,443,170,608,129835
2022,6/7/2022,HUNTERDON,105946,41646,29123,411,150,152,137,56,8,63,34200
2022,6/7/2022,MERCER,260097,40611,118499,904,552,779,793,347,71,449,97092
2022,6/7/2022,MIDDLESEX,563478,95243,241005,1828,1046,1455,1536,597,173,782,219813
2022,6/7/2022,MONMOUTH,490127,147187,141348,1884,884,1147,1004,451,100,445,195677
2022,6/7/2022,MORRIS,394975,134111,116490,1422,639,699,622,255,52,332,140353
2022,6/7/2022,OCEAN,456988,171942,99550,1792,894,1263,1134,414,108,518,179373
2022,6/7/2022,PASSAIC,328238,68882,130438,1152,649,1170,941,465,131,534,123876
2022,6/7/2022,SALEM,48085,14329,14642,257,106,209,105,50,9,85,18293
2022,6/7/2022,SOMERSET,251092,63288,89370,942,417,481,417,185,45,229,95718
2022,6/7/2022,SUSSEX,116186,48493,26340,664,293,377,248,118,28,120,39505
2022,6/7/2022,UNION,369286,58221,176682,1082,612,895,993,414,132,483,129772
2022,6/7/2022,WARREN,85788,34040,22576,481,195,239,221,78,14,89,27855
2022,6/7/2022,TOTALS,6447383,1491328,2509324,22710,11655,15718,15312,6264,1783,7778,2365511
2022,7/1/2022,ATLANTIC,201578,57206,71728,794,432,526,576,233,90,306,69687
2022,7/1/2022,BERGEN,669271,150922,259512,2023,1090,1285,1273,458,146,579,251983
2022,7/1/2022,BURLINGTON,353475,92302,139741,1383,612,773,681,306,77,399,117201
2022,7/1/2022,CAMDEN,390858,64846,186570,1380,772,1040,1018,451,115,543,134123
2022,7/1/2022,CAPE MAY,75756,32848,18702,290,116,167,191,64,14,88,23276
2022,7/1/2022,CUMBERLAND,96395,23249,33862,389,207,352,499,212,58,233,37334
2022,7/1/2022,ESSEX,565972,58445,295579,1129,731,955,1199,496,177,609,206652
2022,7/1/2022,GLOUCESTER,228166,59495,87496,1018,403,558,474,172,60,289,78201
2022,7/1/2022,HUDSON,399099,43792,220135,1557,850,1157,1216,445,167,603,129177
2022,7/1/2022,HUNTERDON,106284,42535,29596,407,149,149,136,55,8,63,33186
2022,7/1/2022,MERCER,260343,41361,119732,904,549,769,788,343,71,454,95372
2022,7/1/2022,MIDDLESEX,563115,97206,243382,1826,1048,1451,1534,598,172,783,215115
2022,7/1/2022,MONMOUTH,490725,151313,142855,1874,877,1123,993,448,100,444,190698
2022,7/1/2022,MORRIS,395618,136640,118162,1432,635,697,620,253,52,331,136796
2022,7/1/2022,OCEAN,456481,176613,100405,1792,891,1255,1133,413,108,518,173353
2022,7/1/2022,PASSAIC,328247,69862,131361,1150,643,1150,940,462,129,527,122023
2022,7/1/2022,SALEM,48162,14584,14754,259,108,210,105,49,8,85,18000
2022,7/1/2022,SOMERSET,251478,64628,90590,948,411,475,415,188,44,228,93551
2022,7/1/2022,SUSSEX,116023,49112,26535,670,293,373,245,117,27,120,38531
2022,7/1/2022,UNION,370501,59493,178834,1095,613,897,991,411,130,487,127550
2022,7/1/2022,WARREN,85930,34685,22802,485,195,240,221,78,14,91,27119
2022,7/1/2022,TOTALS,6453477,1521137,2532333,22805,11625,15602,15248,6252,1767,7780,2318928
2022,8/1/2022,ATLANTIC,202259,57406,71748,812,427,528,575,233,88,308,70134
2022,8/1/2022,BERGEN,670521,151037,259533,2037,1092,1283,1268,458,141,572,253100
2022,8/1/2022,BURLINGTON,354271,92458,139849,1381,614,761,673,302,76,403,117754
2022,8/1/2022,CAMDEN,391209,64852,186427,1395,780,1033,1010,448,111,543,134610
2022,8/1/2022,CAPE MAY,75830,32830,18711,289,117,166,194,62,16,89,23356
2022,8/1/2022,CUMBERLAND,96194,23247,33702,396,206,346,490,212,58,232,37305
2022,8/1/2022,ESSEX,566632,58475,295478,1138,730,960,1184,489,177,608,207393
2022,8/1/2022,GLOUCESTER,228270,59628,87306,1027,399,550,469,171,60,286,78374
2022,8/1/2022,HUDSON,399695,44017,220988,1563,853,1155,1213,448,168,604,128686
2022,8/1/2022,HUNTERDON,106293,42438,29626,405,150,150,134,54,8,64,33264
2022,8/1/2022,MERCER,260814,41361,119741,908,551,765,779,343,72,452,95842
2022,8/1/2022,MIDDLESEX,564510,97514,243213,1824,1034,1428,1512,595,168,785,216437
2022,8/1/2022,MONMOUTH,491805,151748,142704,1893,873,1114,985,442,99,444,191503
2022,8/1/2022,MORRIS,396138,136475,118294,1451,641,681,610,253,52,334,137347
2022,8/1/2022,OCEAN,458585,177768,100475,1817,884,1240,1119,407,106,517,174252
2022,8/1/2022,PASSAIC,328703,69991,131226,1151,639,1143,938,462,128,525,122500
2022,8/1/2022,SALEM,48443,14660,14796,264,109,209,102,49,8,86,18160
2022,8/1/2022,SOMERSET,251839,64517,90573,961,414,469,410,186,44,234,94031
2022,8/1/2022,SUSSEX,116736,49206,26595,688,294,371,236,113,27,120,39086
2022,8/1/2022,UNION,371054,59505,178684,1100,604,884,973,405,128,479,128292
2022,8/1/2022,WARREN,86083,34745,22854,489,196,239,223,82,12,96,27147
2022,8/1/2022,TOTALS,6465884,1523878,2532523,22989,11607,15475,15097,6214,1747,7781,2328573
2022,9/1/2022,ATLANTIC,202483,57472,71642,812,429,520,567,226,86,308,70421
2022,9/1/2022,BERGEN,671691,150987,259620,2046,1105,1278,1262,458,142,575,254218
2022,9/1/2022,BURLINGTON,354700,92380,139825,1393,618,754,670,297,78,410,118275
2022,9/1/2022,CAMDEN,393434,65261,186845,1423,789,1041,1013,444,111,553,135954
2022,9/1/2022,CAPE MAY,75966,32897,18711,296,118,166,190,63,16,88,23421
2022,9/1/2022,CUMBERLAND,96776,23420,33688,398,209,345,486,207,58,230,37735
2022,9/1/2022,ESSEX,567096,58466,295426,1153,737,953,1178,486,176,610,207911
2022,9/1/2022,GLOUCESTER,228747,59709,87237,1040,399,551,470,170,58,286,78827
2022,9/1/2022,HUDSON,399940,44018,220684,1579,854,1157,1196,445,169,603,129235
2022,9/1/2022,HUNTERDON,106539,42499,29716,408,149,150,140,53,8,65,33351
2022,9/1/2022,MERCER,261581,41397,119844,919,551,755,775,341,71,454,96474
2022,9/1/2022,MIDDLESEX,565160,97625,243045,1826,1038,1421,1502,587,169,789,217158
2022,9/1/2022,MONMOUTH,492043,151694,142535,1924,868,1111,975,446,98,439,191953
2022,9/1/2022,MORRIS,396614,136315,118378,1453,646,681,602,255,52,331,137901
2022,9/1/2022,OCEAN,458700,177692,100127,1833,876,1227,1109,401,106,517,174812
2022,9/1/2022,PASSAIC,329197,70008,131138,1157,643,1133,931,453,127,524,123083
2022,9/1/2022,SALEM,48458,14674,14783,263,108,205,102,49,8,85,18181
2022,9/1/2022,SOMERSET,252372,64433,90652,965,416,465,412,191,43,226,94569
2022,9/1/2022,SUSSEX,116986,49251,26628,697,294,367,232,111,27,125,39254
2022,9/1/2022,UNION,371793,59506,178676,1108,608,885,967,400,126,479,129038
2022,9/1/2022,WARREN,85362,34481,22648,505,198,242,224,80,12,95,26877
2022,9/1/2022,TOTALS,6475638,1524185,2531848,23198,11653,15407,15003,6163,1741,7792,2338648
2022,10/1/2022,ATLANTIC,203046,57585,71598,826,432,525,567,225,84,308,70896
2022,10/1/2022,BERGEN,673436,150979,259729,2072,1099,1285,1252,452,142,589,255837
2022,10/1/2022,BURLINGTON,355936,92589,139998,1414,627,757,666,294,79,415,119097
2022,10/1/2022,CAMDEN,393164,65146,186295,1448,789,1035,1006,443,109,549,136344
2022,10/1/2022,CAPE MAY,76108,32925,18729,298,116,166,189,64,15,87,23519
2022,10/1/2022,CUMBERLAND,96982,23476,33648,401,206,349,482,206,58,234,37922
2022,10/1/2022,ESSEX,567710,58394,295270,1163,742,952,1168,484,173,618,208746
2022,10/1/2022,GLOUCESTER,229274,59854,87141,1073,403,553,466,171,55,286,79272
2022,10/1/2022,HUDSON,399740,43935,220008,1588,851,1146,1188,441,173,607,129803
2022,10/1/2022,HUNTERDON,106872,42527,29843,411,147,152,141,53,8,64,33526
2022,10/1/2022,MERCER,262403,41421,120040,928,559,751,766,343,71,454,97070
2022,10/1/2022,MIDDLESEX,566063,97715,242796,1833,1038,1423,1492,583,169,787,218227
2022,10/1/2022,MONMOUTH,492962,151784,142522,1930,868,1117,972,444,93,435,192797
2022,10/1/2022,MORRIS,397789,136308,118600,1458,650,687,596,251,52,338,138849
2022,10/1/2022,OCEAN,459671,177870,99916,1833,875,1231,1097,399,103,515,175832
2022,10/1/2022,PASSAIC,329737,70052,131075,1158,643,1132,928,446,126,524,123653
2022,10/1/2022,SALEM,48520,14699,14755,265,107,206,102,49,8,85,18244
2022,10/1/2022,SOMERSET,253270,64423,90793,973,411,461,411,191,43,231,95333
2022,10/1/2022,SUSSEX,117235,49265,26645,695,292,370,232,111,27,121,39477
2022,10/1/2022,UNION,372927,59577,178726,1107,612,882,965,394,127,475,130062
2022,10/1/2022,WARREN,85421,34489,22644,510,200,242,220,80,13,96,26927
2022,10/1/2022,TOTALS,6488266,1525013,2530771,23384,11667,15422,14906,6124,1728,7818,2351433
2022,11/1/2022,ATLANTIC,203666,57708,71551,825,432,521,563,223,81,307,71455
2022,11/1/2022,BERGEN,674922,150825,259255,2087,1094,1292,1234,455,139,594,257947
2022,11/1/2022,BURLINGTON,356902,92644,140093,1421,625,757,661,294,79,419,119909
2022,11/1/2022,CAMDEN,394301,65255,186460,1460,789,1045,998,439,110,551,137194
2022,11/1/2022,CAPE MAY,76296,32957,18713,304,117,169,186,64,15,86,23685
2022,11/1/2022,CUMBERLAND,97055,23521,33531,408,206,349,486,203,58,235,38058
2022,11/1/2022,ESSEX,567899,58598,296357,1170,745,941,1161,484,173,615,207655
2022,11/1/2022,GLOUCESTER,229348,59810,86940,1083,402,554,466,172,54,284,79583
2022,11/1/2022,HUDSON,400914,44036,219967,1579,855,1136,1186,435,171,610,130939
2022,11/1/2022,HUNTERDON,106959,42547,29877,407,148,148,137,52,8,64,33571
2022,11/1/2022,MERCER,263508,41403,120183,926,562,751,759,345,71,455,98053
2022,11/1/2022,MIDDLESEX,568660,97861,242992,1836,1044,1424,1484,581,168,793,220477
2022,11/1/2022,MONMOUTH,494263,152072,142459,1939,872,1105,961,442,92,442,193879
2022,11/1/2022,MORRIS,399150,136338,118844,1462,647,684,582,249,53,341,139950
2022,11/1/2022,OCEAN,461500,178070,99912,1830,871,1242,1089,395,102,517,177472
2022,11/1/2022,PASSAIC,330574,70135,131001,1162,646,1117,927,443,126,519,124498
2022,11/1/2022,SALEM,48659,14724,14728,263,107,206,102,49,8,88,18384
2022,11/1/2022,SOMERSET,254521,64440,90992,989,411,461,404,187,42,230,96365
2022,11/1/2022,SUSSEX,117420,49261,26594,696,293,373,228,110,27,121,39717
2022,11/1/2022,UNION,373543,59496,178510,1117,606,881,956,392,127,474,130984
2022,11/1/2022,WARREN,85691,34525,22703,514,198,248,223,80,14,95,27091
2022,11/1/2022,TOTALS,6505751,1526226,2531662,23478,11670,15404,14793,6094,1718,7840,2366866
2022,11/8/2022,ATLANTIC,203822,57744,71538,827,431,521,561,224,81,307,71588
2022,11/8/2022,BERGEN,675409,150881,259271,2091,1096,1294,1230,456,138,593,258359
2022,11/8/2022,BURLINGTON,356985,92649,140106,1426,626,753,659,294,79,420,119973
2022,11/8/2022,CAMDEN,394518,65298,186513,1466,790,1039,998,439,110,554,137311
2022,11/8/2022,CAPE MAY,76320,32951,18709,304,116,170,187,64,15,86,23718
2022,11/8/2022,CUMBERLAND,97107,23529,33528,406,206,347,485,202,58,236,38110
2022,11/8/2022,ESSEX,567437,58532,296087,1169,744,941,1160,484,172,617,207531
2022,11/8/2022,GLOUCESTER,229155,59759,86851,1083,401,554,465,172,54,283,79533
2022,11/8/2022,HUDSON,401274,44071,220026,1571,857,1139,1186,435,170,613,131206
2022,11/8/2022,HUNTERDON,106925,42531,29864,406,148,148,137,52,8,65,33566
2022,11/8/2022,MERCER,263843,41413,120291,930,562,753,757,341,71,456,98269
2022,11/8/2022,MIDDLESEX,568915,97865,242899,1842,1046,1424,1482,579,168,794,220816
2022,11/8/2022,MONMOUTH,494534,152131,142442,1952,872,1105,955,439,91,441,194106
2022,11/8/2022,MORRIS,399453,136343,118897,1465,647,690,582,248,54,342,140185
2022,11/8/2022,OCEAN,461811,178192,99914,1839,868,1243,1086,395,102,518,177654
2022,11/8/2022,PASSAIC,330833,70166,131026,1163,647,1121,925,443,126,521,124695
2022,11/8/2022,SALEM,48664,14724,14721,263,107,205,101,49,8,88,18398
2022,11/8/2022,SOMERSET,254717,64453,91033,988,409,463,403,187,42,229,96510
2022,11/8/2022,SUSSEX,117341,49228,26559,697,292,373,228,111,27,121,39705
2022,11/8/2022,UNION,373315,59442,178411,1117,604,881,956,392,127,474,130911
2022,11/8/2022,WARREN,85768,34544,22731,517,198,249,222,80,14,95,27118
2022,11/8/2022,TOTALS,6508146,1526446,2531417,23522,11667,15413,14765,6086,1715,7853,2369262
2022,12/1/2022,ATLANTIC,203565,57668,71430,825,432,521,560,224,81,307,71517
2022,12/1/2022,BERGEN,675741,151098,259352,2098,1095,1296,1228,456,138,589,258391
2022,12/1/2022,BURLINGTON,356947,92661,140052,1424,627,753,662,294,79,420,119975
2022,12/1/2022,CAMDEN,395117,65443,186756,1468,789,1042,995,441,110,556,137517
2022,12/1/2022,CAPE MAY,76458,33015,18746,310,116,172,186,64,15,85,23749
2022,12/1/2022,CUMBERLAND,97070,23521,33510,406,207,347,485,202,58,236,38098
2022,12/1/2022,ESSEX,568745,58693,296679,1177,742,946,1161,484,173,619,208071
2022,12/1/2022,GLOUCESTER,229070,59778,86816,1090,404,553,461,171,53,281,79463
2022,12/1/2022,HUDSON,402755,44233,220403,1578,863,1141,1185,437,171,616,132128
2022,12/1/2022,HUNTERDON,107355,42675,30006,414,149,150,137,55,8,65,33696
2022,12/1/2022,MERCER,264407,41473,120445,935,563,751,754,339,72,456,98619
2022,12/1/2022,MIDDLESEX,568668,97840,242796,1840,1045,1422,1479,577,168,793,220708
2022,12/1/2022,MONMOUTH,494691,152221,142449,1944,874,1105,955,438,92,442,194171
2022,12/1/2022,MORRIS,400417,136574,119180,1480,646,689,580,248,55,345,140620
2022,12/1/2022,OCEAN,462169,178385,99889,1839,867,1237,1085,391,102,516,177858
2022,12/1/2022,PASSAIC,330780,70215,130962,1166,648,1121,922,442,126,522,124656
2022,12/1/2022,SALEM,48770,14765,14738,265,106,204,101,49,8,87,18447
2022,12/1/2022,SOMERSET,254584,64410,90977,986,409,462,399,187,42,229,96483
2022,12/1/2022,SUSSEX,117741,49338,26639,700,291,373,226,111,27,122,39914
2022,12/1/2022,UNION,373028,59368,178243,1116,604,879,954,391,127,474,130872
2022,12/1/2022,WARREN,85983,34627,22776,519,198,249,221,82,14,94,27203
2022,12/1/2022,TOTALS,6514061,1528001,2532844,23580,11675,15413,14736,6083,1719,7854,2372156
2023,1/1/2023,ATLANTIC,203333,57646,71349,828,433,521,557,224,81,307,71387
2023,1/1/2023,BERGEN,677337,151386,259603,2119,1094,1307,1211,463,139,600,259415
2023,1/1/2023,BURLINGTON,358585,92955,140555,1443,639,760,648,292,77,423,120793
2023,1/1/2023,CAMDEN,395720,65542,186834,1485,789,1034,992,443,107,552,137942
2023,1/1/2023,CAPE MAY,76254,32891,18701,315,115,169,187,64,14,85,23713
2023,1/1/2023,CUMBERLAND,97039,23521,33474,405,207,346,483,202,58,237,38106
2023,1/1/2023,ESSEX,570698,58904,297484,1192,742,952,1155,478,172,622,208997
2023,1/1/2023,GLOUCESTER,229356,59921,86820,1100,401,558,458,172,53,282,79591
2023,1/1/2023,HUDSON,402995,44262,220192,1585,859,1136,1179,434,167,619,132562
2023,1/1/2023,HUNTERDON,107361,42690,30010,415,148,149,135,56,8,65,33685
2023,1/1/2023,MERCER,264317,41413,120375,935,562,751,748,338,71,455,98669
2023,1/1/2023,MIDDLESEX,570572,98149,243182,1851,1052,1415,1471,569,167,794,221922
2023,1/1/2023,MONMOUTH,496190,152697,142700,1964,874,1104,951,442,91,442,194925
2023,1/1/2023,MORRIS,400660,136500,119242,1492,643,681,570,247,55,345,140885
2023,1/1/2023,OCEAN,462198,178322,99610,1849,855,1225,1077,387,101,516,178256
2023,1/1/2023,PASSAIC,331262,70383,130962,1174,653,1119,914,439,123,522,124973
2023,1/1/2023,SALEM,48956,14839,14768,265,108,207,100,49,8,87,18525
2023,1/1/2023,SOMERSET,253834,64222,90691,982,408,458,398,186,42,228,96219
2023,1/1/2023,SUSSEX,118189,49453,26730,702,290,374,227,113,28,126,40146
2023,1/1/2023,UNION,375076,59800,178840,1139,602,875,947,400,125,478,131870
2023,1/1/2023,WARREN,86075,34689,22783,528,201,251,222,83,14,94,27210
2023,1/1/2023,TOTALS,6526007,1530185,2534905,23768,11675,15392,14630,6081,1701,7879,2379791
2023,2/1/2023,ATLANTIC,203121,57570,71160,828,434,518,554,226,82,311,71438
2023,2/1/2023,BERGEN,677244,151258,259351,2128,1089,1304,1202,462,139,602,259709
2023,2/1/2023,BURLINGTON,358930,92944,140566,1461,636,754,644,289,77,420,121139
2023,2/1/2023,CAMDEN,395989,65478,186667,1500,787,1035,982,444,110,551,138435
2023,2/1/2023,CAPE MAY,76010,32748,18662,319,115,168,184,65,14,86,23649
2023,2/1/2023,CUMBERLAND,97509,23660,33480,414,208,347,485,197,56,234,38428
2023,2/1/2023,ESSEX,570558,58889,297247,1202,745,945,1149,478,174,620,209109
2023,2/1/2023,GLOUCESTER,229495,60043,86737,1109,405,550,448,166,52,285,79700
2023,2/1/2023,HUDSON,403202,44321,219928,1587,856,1129,1169,431,165,618,132998
2023,2/1/2023,HUNTERDON,107412,42668,30053,415,147,151,136,55,8,65,33714
2023,2/1/2023,MERCER,264748,41403,120372,938,565,739,745,337,67,451,99131
2023,2/1/2023,MIDDLESEX,571973,98448,243286,1868,1054,1419,1461,564,168,803,222902
2023,2/1/2023,MONMOUTH,496337,152652,142485,1988,874,1106,937,438,90,439,195328
2023,2/1/2023,MORRIS,400904,136399,119284,1492,643,672,560,246,54,345,141209
2023,2/1/2023,OCEAN,464153,179335,99764,1844,858,1235,1067,383,97,513,179057
2023,2/1/2023,PASSAIC,331842,70503,130903,1172,649,1117,906,438,122,519,125513
2023,2/1/2023,SALEM,48980,14860,14725,270,105,209,99,48,8,86,18570
2023,2/1/2023,SOMERSET,254038,64158,90767,985,406,457,395,186,41,229,96414
2023,2/1/2023,SUSSEX,118399,49492,26761,712,292,372,224,110,28,126,40282
2023,2/1/2023,UNION,374688,59719,178521,1142,596,872,939,396,125,474,131904
2023,2/1/2023,WARREN,86431,34846,22870,531,205,253,220,84,15,94,27313
2023,2/1/2023,TOTALS,6531963,1531394,2533589,23905,11669,15352,14506,6043,1692,7871,2385942
2023,3/1/2023,ATLANTIC,203494,57674,71149,836,433,516,555,226,82,312,71711
2023,3/1/2023,BERGEN,677213,151173,258912,2139,1095,1310,1197,459,135,603,260190
2023,3/1/2023,BURLINGTON,359249,92905,140539,1469,632,754,645,291,76,419,121519
2023,3/1/2023,CAMDEN,396047,65454,186428,1512,792,1029,971,445,111,549,138756
2023,3/1/2023,CAPE MAY,75770,32647,18586,317,114,169,181,65,13,85,23593
2023,3/1/2023,CUMBERLAND,97574,23694,33425,421,198,347,483,195,54,237,38520
2023,3/1/2023,ESSEX,569973,59018,297057,1223,745,947,1140,480,174,626,208563
2023,3/1/2023,GLOUCESTER,230041,60214,86769,1119,407,557,448,163,53,285,80026
2023,3/1/2023,HUDSON,403478,44402,219632,1587,847,1121,1159,428,164,620,133518
2023,3/1/2023,HUNTERDON,107417,42683,30059,417,148,150,136,57,8,64,33695
2023,3/1/2023,MERCER,264799,41341,120247,940,560,732,742,331,67,451,99388
2023,3/1/2023,MIDDLESEX,571446,98353,242850,1866,1052,1419,1454,563,167,798,222924
2023,3/1/2023,MONMOUTH,496411,152650,142356,2003,868,1104,928,434,90,438,195540
2023,3/1/2023,MORRIS,388474,134137,117422,1466,625,650,534,230,52,333,133025
2023,3/1/2023,OCEAN,465277,179609,99744,1849,862,1223,1060,381,96,505,179948
2023,3/1/2023,PASSAIC,331702,70438,130688,1172,645,1113,899,432,121,517,125677
2023,3/1/2023,SALEM,49063,14899,14729,275,106,205,99,49,8,86,18607
2023,3/1/2023,SOMERSET,255884,64345,91305,1004,411,452,390,184,41,228,97524
2023,3/1/2023,SUSSEX,118188,49320,26666,714,293,372,222,108,28,127,40338
2023,3/1/2023,UNION,376713,60043,178847,1148,604,870,934,390,127,475,133275
2023,3/1/2023,WARREN,87230,35148,23103,540,210,251,219,82,15,93,27569
2023,3/1/2023,TOTALS,6525443,1530147,2530513,24017,11647,15291,14396,5993,1682,7851,2383906
2023,4/1/2023,ATLANTIC,204340,57827,71135,848,430,518,556,225,81,311,72409
2023,4/1/2023,BERGEN,677732,151570,259209,2161,1093,1308,1189,461,132,602,260007
2023,4/1/2023,BURLINGTON,359396,93065,140718,1477,628,749,637,289,77,415,121341
2023,4/1/2023,CAMDEN,396832,65670,186698,1529,793,1024,960,443,110,553,139052
2023,4/1/2023,CAPE MAY,75510,32584,18524,315,114,166,179,66,13,84,23465
2023,4/1/2023,CUMBERLAND,97666,23786,33474,425,196,346,482,193,53,237,38474
2023,4/1/2023,ESSEX,570054,59217,297153,1234,743,955,1134,474,173,634,208337
2023,4/1/2023,GLOUCESTER,230404,60563,86878,1130,413,556,444,161,51,285,79923
2023,4/1/2023,HUDSON,402465,44497,219234,1578,847,1116,1154,424,162,616,132837
2023,4/1/2023,HUNTERDON,107605,42817,30234,418,148,147,137,57,8,63,33576
2023,4/1/2023,MERCER,264953,41560,120613,936,556,727,729,327,65,448,98992
2023,4/1/2023,MIDDLESEX,573384,98854,243433,1879,1055,1414,1449,562,166,798,223774
2023,4/1/2023,MONMOUTH,496434,152769,142232,2017,867,1110,917,432,88,436,195566
2023,4/1/2023,MORRIS,388810,134289,117716,1484,621,644,528,228,52,333,132915
2023,4/1/2023,OCEAN,465316,180245,99840,1874,854,1225,1056,379,93,502,179248
2023,4/1/2023,PASSAIC,332070,70477,130494,1176,635,1093,894,424,120,508,126249
2023,4/1/2023,SALEM,49117,14934,14747,276,105,198,99,49,7,86,18616
2023,4/1/2023,SOMERSET,256418,64423,91477,1008,413,453,386,181,42,232,97803
2023,4/1/2023,SUSSEX,118386,49428,26725,721,287,372,220,111,25,127,40370
2023,4/1/2023,UNION,377025,60348,179265,1168,608,879,928,388,125,484,132832
2023,4/1/2023,WARREN,87388,35318,23236,548,209,250,218,82,15,95,27417
2023,4/1/2023,TOTALS,6531305,1534241,2533035,24202,11615,15250,14296,5956,1658,7849,2383203
2023,5/1/2023,ATLANTIC,204464,57972,71171,851,430,522,550,224,78,309,72357
2023,5/1/2023,BERGEN,678120,151919,259151,2165,1094,1301,1176,456,132,607,260119
2023,5/1/2023,BURLINGTON,359645,93131,140798,1485,635,748,634,285,76,412,121441
2023,5/1/2023,CAMDEN,397059,66018,187160,1535,788,1027,956,443,109,552,138471
2023,5/1/2023,CAPE MAY,75474,32598,18544,319,114,166,176,65,13,84,23395
2023,5/1/2023,CUMBERLAND,97676,23834,33442,427,199,349,476,193,53,238,38465
2023,5/1/2023,ESSEX,570558,59363,297418,1239,748,960,1131,477,169,638,208415
2023,5/1/2023,GLOUCESTER,230692,60713,86848,1132,410,554,442,162,51,287,80093
2023,5/1/2023,HUDSON,404358,44732,219553,1593,858,1115,1142,421,163,613,134168
2023,5/1/2023,HUNTERDON,107707,42827,30296,421,150,146,137,58,10,63,33599
2023,5/1/2023,MERCER,265250,41582,120716,946,550,722,723,327,65,447,99172
2023,5/1/2023,MIDDLESEX,573889,99293,243942,1892,1053,1416,1445,556,166,811,223315
2023,5/1/2023,MONMOUTH,496656,152896,142253,2039,861,1107,908,426,87,443,195636
2023,5/1/2023,MORRIS,389169,134402,117926,1479,617,642,525,222,53,334,132969
2023,5/1/2023,OCEAN,465425,180484,99638,1890,846,1233,1050,373,92,502,179317
2023,5/1/2023,PASSAIC,332217,70710,130676,1175,638,1089,885,422,120,506,125996
2023,5/1/2023,SALEM,49225,14977,14784,278,105,193,98,48,7,87,18648
2023,5/1/2023,SOMERSET,256711,64506,91566,998,412,451,382,178,41,232,97945
2023,5/1/2023,SUSSEX,118479,49409,26776,721,289,372,220,112,26,127,40427
2023,5/1/2023,UNION,377539,60519,179299,1175,609,885,922,388,124,483,133135
2023,5/1/2023,WARREN,87473,35361,23312,552,210,247,219,83,16,96,27377
2023,5/1/2023,TOTALS,6537786,1537246,2535269,24312,11616,15245,14197,5919,1651,7871,2384460
2023,6/1/2023,ATLANTIC,204905,58068,71130,858,426,521,547,223,77,306,72749
2023,6/1/2023,BERGEN,678826,151964,258973,2180,1103,1297,1168,453,129,604,260955
2023,6/1/2023,BURLINGTON,360277,93275,140905,1494,641,748,626,282,76,413,121817
2023,6/1/2023,CAMDEN,397897,66071,187188,1542,786,1024,959,442,106,549,139230
2023,6/1/2023,CAPE MAY,75581,32626,18508,326,115,168,175,65,14,83,23501
2023,6/1/2023,CUMBERLAND,97741,23858,33427,427,199,344,470,193,52,237,38534
2023,6/1/2023,ESSEX,571558,59486,297593,1248,742,955,1124,471,168,642,209129
2023,6/1/2023,GLOUCESTER,230671,60746,86680,1136,410,557,441,158,51,286,80206
2023,6/1/2023,HUDSON,405325,44844,219641,1594,860,1108,1134,419,162,613,134950
2023,6/1/2023,HUNTERDON,107831,42806,30292,418,153,148,137,58,10,66,33743
2023,6/1/2023,MERCER,265779,41625,120784,949,545,715,716,330,64,449,99602
2023,6/1/2023,MIDDLESEX,575002,99561,243956,1884,1043,1410,1434,553,163,811,224187
2023,6/1/2023,MONMOUTH,497265,153126,142170,2046,863,1106,897,424,87,447,196099
2023,6/1/2023,MORRIS,389790,134365,118119,1479,614,638,522,221,55,339,133438
2023,6/1/2023,OCEAN,466625,181039,99599,1906,846,1236,1035,368,92,496,180008
2023,6/1/2023,PASSAIC,332728,70851,130626,1174,642,1084,885,418,119,504,126425
2023,6/1/2023,SALEM,49251,14988,14777,281,104,193,98,48,7,87,18668
2023,6/1/2023,SOMERSET,257536,64545,91656,1008,410,449,380,180,41,234,98633
2023,6/1/2023,SUSSEX,118521,49409,26748,717,289,371,219,112,26,126,40504
2023,6/1/2023,UNION,377656,60457,179017,1178,608,882,918,385,125,481,133605
2023,6/1/2023,WARREN,87644,35414,23361,564,212,249,215,81,17,96,27435
2023,6/1/2023,TOTALS,6548409,1539124,2535150,24409,11611,15203,14100,5884,1641,7869,2393418
2023,6/6/2023,ATLANTIC,205015,58134,71237,862,427,521,547,221,77,306,72683
2023,6/6/2023,BERGEN,678973,152072,258959,2177,1105,1296,1162,453,128,605,261016
2023,6/6/2023,BURLINGTON,360450,93312,140948,1503,642,747,626,282,76,412,121902
2023,6/6/2023,CAMDEN,398034,66072,187180,1546,785,1021,961,442,106,551,139370
2023,6/6/2023,CAPE MAY,75607,32651,18505,325,116,167,175,65,14,83,23506
2023,6/6/2023,CUMBERLAND,97743,23865,33423,427,199,344,470,193,52,238,38532
2023,6/6/2023,ESSEX,571781,59530,297694,1245,742,956,1123,472,167,640,209212
2023,6/6/2023,GLOUCESTER,230537,60748,86639,1136,410,557,441,158,51,286,80111
2023,6/6/2023,HUDSON,405499,44902,220032,1595,858,1106,1132,417,162,612,134683
2023,6/6/2023,HUNTERDON,107897,42852,30326,421,153,147,137,58,10,66,33727
2023,6/6/2023,MERCER,265950,41678,120915,947,545,714,716,330,64,450,99591
2023,6/6/2023,MIDDLESEX,575226,99640,244448,1880,1044,1412,1433,553,163,810,223843
2023,6/6/2023,MONMOUTH,497218,153190,142179,2052,858,1105,897,424,88,446,195979
2023,6/6/2023,MORRIS,390133,134567,118235,1487,616,641,520,221,55,341,133450
2023,6/6/2023,OCEAN,466751,181175,99603,1909,843,1235,1034,369,92,494,179997
2023,6/6/2023,PASSAIC,332799,70917,130614,1175,642,1081,888,419,118,503,126442
2023,6/6/2023,SALEM,49272,15010,14783,281,105,193,98,48,7,86,18661
2023,6/6/2023,SOMERSET,257588,64592,91678,1007,409,449,379,180,41,236,98617
2023,6/6/2023,SUSSEX,118458,49419,26740,716,289,371,219,112,26,126,40440
2023,6/6/2023,UNION,377481,60500,178941,1182,607,879,912,386,124,481,133469
2023,6/6/2023,WARREN,87689,35444,23395,565,212,251,216,81,17,96,27412
2023,6/6/2023,TOTALS,6550101,1540270,2536474,24438,11607,15193,14086,5884,1638,7868,2392643
2023,7/1/2023,ATLANTIC,204829,58550,71557,860,424,519,544,222,77,305,71771
2023,7/1/2023,BERGEN,679824,153711,259925,2174,1098,1286,1150,448,130,593,259309
2023,7/1/2023,BURLINGTON,361024,93771,141404,1519,640,738,626,277,76,415,121558
2023,7/1/2023,CAMDEN,398593,66456,187656,1553,781,1021,960,440,104,552,139070
2023,7/1/2023,CAPE MAY,75672,32797,18541,327,116,168,174,65,13,82,23389
2023,7/1/2023,CUMBERLAND,97899,24063,33487,429,197,344,463,191,52,235,38438
2023,7/1/2023,ESSEX,572689,59847,298565,1238,737,951,1112,472,165,642,208960
2023,7/1/2023,GLOUCESTER,230675,61548,86870,1138,410,556,436,158,52,287,79220
2023,7/1/2023,HUDSON,406116,45364,222786,1581,845,1093,1105,411,160,604,132167
2023,7/1/2023,HUNTERDON,108012,43173,30438,422,151,147,135,56,10,66,33414
2023,7/1/2023,MERCER,266225,41942,121172,943,548,717,709,332,62,457,99343
2023,7/1/2023,MIDDLESEX,575465,100505,246010,1873,1040,1400,1426,549,163,812,221687
2023,7/1/2023,MONMOUTH,497996,154423,142647,2052,863,1095,889,421,86,455,195065
2023,7/1/2023,MORRIS,390760,136380,118777,1501,619,640,518,224,55,342,131704
2023,7/1/2023,OCEAN,467667,183739,99789,1904,843,1229,1022,367,91,491,178192
2023,7/1/2023,PASSAIC,332984,71557,130883,1167,641,1071,885,418,120,502,125740
2023,7/1/2023,SALEM,49371,15247,14857,282,106,194,98,49,7,86,18445
2023,7/1/2023,SOMERSET,257995,65316,92011,1007,412,448,377,177,42,241,97964
2023,7/1/2023,SUSSEX,118628,50074,26840,723,290,372,219,110,25,124,39851
2023,7/1/2023,UNION,377940,61030,179885,1181,606,873,906,384,124,478,132473
2023,7/1/2023,WARREN,87848,35521,23417,564,214,250,211,80,17,100,27474
2023,7/1/2023,TOTALS,6558212,1555014,2547517,24438,11581,15112,13965,5851,1631,7869,2375234
2023,8/1/2023,ATLANTIC,204706,58472,71465,857,424,517,544,220,77,304,71826
2023,8/1/2023,BERGEN,680704,153797,259852,2195,1102,1281,1148,453,131,591,260154
2023,8/1/2023,BURLINGTON,361396,93830,141425,1515,642,735,623,276,76,413,121861
2023,8/1/2023,CAMDEN,399029,66490,187434,1563,786,1012,957,439,103,551,139694
2023,8/1/2023,CAPE MAY,75693,32793,18520,326,116,166,171,63,13,82,23443
2023,8/1/2023,CUMBERLAND,97702,23967,33286,429,197,341,456,191,51,240,38544
2023,8/1/2023,ESSEX,573286,59911,298499,1240,738,948,1104,472,168,644,209562
2023,8/1/2023,GLOUCESTER,231479,61765,86923,1148,412,562,438,159,52,288,79732
2023,8/1/2023,HUDSON,406667,45393,222341,1595,842,1094,1094,410,158,605,133135
2023,8/1/2023,HUNTERDON,108037,43145,30454,418,149,147,134,57,10,65,33458
2023,8/1/2023,MERCER,266538,41926,121145,947,547,720,701,329,62,460,99701
2023,8/1/2023,MIDDLESEX,576354,100610,245741,1880,1039,1396,1430,549,162,813,222734
2023,8/1/2023,MONMOUTH,498557,154549,142567,2059,865,1101,882,415,84,455,195580
2023,8/1/2023,MORRIS,391355,136409,118801,1511,614,640,512,222,54,343,132249
2023,8/1/2023,OCEAN,468405,183997,99665,1923,843,1229,1016,367,92,489,178784
2023,8/1/2023,PASSAIC,333012,71585,130633,1168,643,1070,885,416,121,500,125991
2023,8/1/2023,SALEM,49429,15249,14865,283,106,195,97,49,7,86,18492
2023,8/1/2023,SOMERSET,258277,65209,92008,1011,414,450,375,176,43,244,98347
2023,8/1/2023,SUSSEX,118873,50102,26770,731,282,375,217,105,23,129,40139
2023,8/1/2023,UNION,379597,61280,180179,1186,599,868,904,379,123,474,133605
2023,8/1/2023,WARREN,88023,35600,23450,566,217,250,211,80,18,102,27529
2023,8/1/2023,TOTALS,6567119,1556079,2546023,24551,11577,15097,13899,5827,1628,7878,2384560
2023,9/1/2023,ATLANTIC,200493,57573,69775,842,403,511,517,212,74,292,70294
2023,9/1/2023,BERGEN,669414,151733,255430,2151,1070,1261,1104,439,121,586,255519
2023,9/1/2023,BURLINGTON,357772,93002,139868,1520,634,736,625,273,71,408,120635
2023,9/1/2023,CAMDEN,383176,64667,181489,1548,765,979,925,427,102,534,131740
2023,9/1/2023,CAPE MAY,75758,32829,18479,325,117,167,171,64,13,83,23510
2023,9/1/2023,CUMBERLAND,94923,23474,32339,423,190,325,438,181,50,232,37271
2023,9/1/2023,ESSEX,570990,59626,296955,1244,747,944,1106,466,167,643,209092
2023,9/1/2023,GLOUCESTER,225862,60911,85215,1130,397,534,418,157,49,287,76764
2023,9/1/2023,HUDSON,403467,45109,220135,1594,844,1079,1089,407,158,593,132459
2023,9/1/2023,HUNTERDON,105330,42196,29837,415,146,145,129,56,10,63,32333
2023,9/1/2023,MERCER,259467,40978,118045,927,520,695,666,322,63,458,96793
2023,9/1/2023,MIDDLESEX,572975,100057,243675,1871,1024,1378,1411,543,159,810,222047
2023,9/1/2023,MONMOUTH,492307,153139,140562,2050,851,1066,867,394,80,439,192859
2023,9/1/2023,MORRIS,383969,133995,116664,1497,603,634,505,219,52,335,129465
2023,9/1/2023,OCEAN,465188,183206,98690,1930,838,1227,1000,356,90,476,177375
2023,9/1/2023,PASSAIC,327016,70709,128303,1129,628,1041,856,401,117,484,123348
2023,9/1/2023,SALEM,48263,15045,14477,274,101,187,94,45,7,84,17949
2023,9/1/2023,SOMERSET,252980,63816,90302,1009,402,439,364,165,42,237,96204
2023,9/1/2023,SUSSEX,117109,49413,26400,711,277,362,210,103,21,126,39486
2023,9/1/2023,UNION,377235,60923,178421,1185,592,861,893,374,121,480,133385
2023,9/1/2023,WARREN,85751,34850,22897,569,208,250,202,80,18,102,26575
2023,9/1/2023,TOTALS,6469445,1537251,2507958,24344,11357,14821,13590,5684,1585,7752,2345103
2023,10/1/2023,ATLANTIC,201049,57680,69724,851,404,509,514,213,74,292,70788
2023,10/1/2023,BERGEN,670515,151840,255218,2158,1067,1257,1096,440,120,591,256728
2023,10/1/2023,BURLINGTON,358521,93113,139875,1535,634,740,618,274,72,414,121246
2023,10/1/2023,CAMDEN,383700,64750,181395,1567,767,978,922,427,104,533,132257
2023,10/1/2023,CAPE MAY,75841,32852,18489,327,117,170,171,63,13,85,23554
2023,10/1/2023,CUMBERLAND,95215,23529,32318,426,191,323,435,180,50,233,37530
2023,10/1/2023,ESSEX,571711,59756,296902,1248,754,943,1100,466,165,643,209734
2023,10/1/2023,GLOUCESTER,223369,60657,84661,1127,388,525,413,148,47,281,75122
2023,10/1/2023,HUDSON,403893,45221,219730,1604,841,1072,1075,408,154,594,133194
2023,10/1/2023,HUNTERDON,105515,42219,29925,416,144,145,131,56,10,66,32403
2023,10/1/2023,MERCER,260002,40973,118108,929,519,693,660,322,63,454,97281
2023,10/1/2023,MIDDLESEX,574218,100333,243419,1879,1022,1373,1411,543,158,809,223271
2023,10/1/2023,MONMOUTH,492906,153288,140387,2057,854,1065,863,391,80,438,193483
2023,10/1/2023,MORRIS,384914,134180,116708,1501,608,632,508,221,52,335,130169
2023,10/1/2023,OCEAN,465240,183101,98485,1934,833,1232,994,352,90,473,177746
2023,10/1/2023,PASSAIC,327043,70743,127997,1129,630,1034,848,401,115,488,123658
2023,10/1/2023,SALEM,48359,15078,14470,276,100,185,95,44,8,85,18018
2023,10/1/2023,SOMERSET,253647,63839,90395,1010,405,435,362,166,43,235,96757
2023,10/1/2023,SUSSEX,117300,49461,26380,714,276,360,206,100,22,126,39655
2023,10/1/2023,UNION,377831,60978,178297,1192,590,858,882,372,120,480,134062
2023,10/1/2023,WARREN,85960,34948,22927,566,210,252,203,82,18,104,26650
2023,10/1/2023,TOTALS,6476749,1538539,2505810,24446,11354,14781,13507,5669,1578,7759,2353306
2023,11/1/2023,ATLANTIC,201623,57756,69681,856,405,511,510,209,74,291,71330
2023,11/1/2023,BERGEN,672248,152073,254919,2177,1062,1251,1082,442,120,592,258530
2023,11/1/2023,BURLINGTON,359325,93208,139782,1543,640,736,612,275,73,412,122044
2023,11/1/2023,CAMDEN,384858,64893,181523,1585,765,978,921,432,106,539,133116
2023,11/1/2023,CAPE MAY,75988,32899,18475,327,117,174,169,61,13,84,23669
2023,11/1/2023,CUMBERLAND,95386,23596,32260,427,193,324,431,181,50,232,37692
2023,11/1/2023,ESSEX,572980,59946,296756,1250,764,945,1102,468,168,644,210937
2023,11/1/2023,GLOUCESTER,222736,60599,84464,1123,389,516,408,146,48,278,74765
2023,11/1/2023,HUDSON,405007,45392,219486,1604,848,1074,1060,407,149,596,134391
2023,11/1/2023,HUNTERDON,105730,42306,29975,414,145,146,130,56,10,67,32481
2023,11/1/2023,MERCER,260851,40999,118114,940,521,689,652,317,61,454,98104
2023,11/1/2023,MIDDLESEX,575920,100521,243165,1891,1027,1373,1397,539,157,809,225041
2023,11/1/2023,MONMOUTH,494590,153591,140392,2075,854,1066,859,389,80,432,194852
2023,11/1/2023,MORRIS,385846,134247,116807,1504,611,624,500,222,52,332,130947
2023,11/1/2023,OCEAN,466491,183510,98372,1956,833,1237,990,348,92,474,178679
2023,11/1/2023,PASSAIC,328185,71002,127837,1132,622,1028,847,392,115,478,124732
2023,11/1/2023,SALEM,48534,15115,14470,285,99,186,96,46,9,85,18143
2023,11/1/2023,SOMERSET,254595,63924,90506,1017,410,433,360,164,43,231,97507
2023,11/1/2023,SUSSEX,117526,49503,26369,713,278,363,203,101,22,127,39847
2023,11/1/2023,UNION,377886,61027,177915,1188,584,848,880,374,117,475,134478
2023,11/1/2023,WARREN,86229,35051,23026,572,213,252,202,83,18,105,26707
2023,11/1/2023,TOTALS,6492534,1541158,2504294,24579,11380,14754,13411,5652,1577,7737,2367992
2023,11/7/2023,ATLANTIC,201711,57795,69659,859,406,511,510,209,74,292,71396
2023,11/7/2023,BERGEN,672452,152162,254779,2180,1062,1246,1080,440,120,592,258791
2023,11/7/2023,BURLINGTON,359710,93281,139869,1555,642,736,614,273,75,414,122251
2023,11/7/2023,CAMDEN,384978,64900,181503,1586,765,977,921,432,106,539,133249
2023,11/7/2023,CAPE MAY,76037,32912,18474,326,115,174,169,61,12,84,23710
2023,11/7/2023,CUMBERLAND,95423,23615,32249,428,195,326,431,181,50,233,37715
2023,11/7/2023,ESSEX,573233,59951,296780,1252,766,948,1103,467,167,646,211153
2023,11/7/2023,GLOUCESTER,222595,60554,84412,1121,389,516,408,146,48,278,74723
2023,11/7/2023,HUDSON,405333,45430,219487,1607,848,1071,1061,408,148,599,134674
2023,11/7/2023,HUNTERDON,105747,42306,29984,415,145,145,130,56,10,67,32489
2023,11/7/2023,MERCER,260975,41010,118095,939,520,687,652,313,61,452,98246
2023,11/7/2023,MIDDLESEX,576180,100562,243075,1891,1026,1371,1394,537,157,809,225358
2023,11/7/2023,MONMOUTH,494782,153673,140321,2079,854,1064,856,389,80,431,195035
2023,11/7/2023,MORRIS,386144,134299,116829,1509,610,625,499,222,52,333,131166
2023,11/7/2023,OCEAN,466706,183581,98363,1956,834,1237,989,348,92,472,178834
2023,11/7/2023,PASSAIC,328362,71028,127780,1129,616,1028,848,390,114,481,124948
2023,11/7/2023,SALEM,48568,15127,14468,286,99,185,97,47,9,85,18165
2023,11/7/2023,SOMERSET,254609,63936,90479,1016,411,433,360,165,43,232,97534
2023,11/7/2023,SUSSEX,117478,49485,26344,715,278,363,203,100,22,127,39841
2023,11/7/2023,UNION,377676,61003,177777,1188,583,849,878,374,117,476,134431
2023,11/7/2023,WARREN,86289,35061,23049,575,214,253,201,83,18,106,26729
2023,11/7/2023,TOTALS,6494988,1541671,2503776,24612,11378,14745,13404,5641,1575,7748,2370438
2023,12/1/2023,ATLANTIC,201585,57767,69622,859,404,511,510,209,74,291,71338
2023,12/1/2023,BERGEN,673223,152347,254624,2176,1064,1245,1080,440,118,596,259533
2023,12/1/2023,BURLINGTON,360414,93481,139960,1563,644,730,611,273,75,415,122662
2023,12/1/2023,CAMDEN,385470,65004,181567,1593,759,982,921,429,106,539,133570
2023,12/1/2023,CAPE MAY,76100,32893,18476,330,113,175,166,60,13,82,23792
2023,12/1/2023,CUMBERLAND,95476,23625,32226,425,196,325,431,182,50,233,37783
2023,12/1/2023,ESSEX,574329,60127,296879,1265,772,951,1102,465,165,654,211949
2023,12/1/2023,GLOUCESTER,222535,60538,84322,1123,390,517,405,145,47,277,74771
2023,12/1/2023,HUDSON,406058,45577,219429,1605,851,1071,1058,413,145,599,135310
2023,12/1/2023,HUNTERDON,106074,42437,30109,418,146,147,130,56,10,68,32553
2023,12/1/2023,MERCER,261332,41036,118016,947,520,692,652,311,59,450,98649
2023,12/1/2023,MIDDLESEX,576200,100645,242713,1888,1025,1372,1390,535,157,809,225666
2023,12/1/2023,MONMOUTH,494549,153607,140266,2079,852,1062,856,389,80,431,194927
2023,12/1/2023,MORRIS,386903,134378,116847,1510,610,628,497,221,52,338,131822
2023,12/1/2023,OCEAN,466778,183649,98341,1956,832,1237,987,348,92,469,178867
2023,12/1/2023,PASSAIC,328152,71008,127639,1132,613,1025,845,392,114,481,124903
2023,12/1/2023,SALEM,48703,15170,14484,284,99,186,97,47,9,85,18242
2023,12/1/2023,SOMERSET,254644,63924,90447,1011,414,433,359,165,44,234,97613
2023,12/1/2023,SUSSEX,117760,49583,26393,717,278,364,203,102,22,128,39970
2023,12/1/2023,UNION,377975,61076,177756,1189,584,852,875,374,117,477,134675
2023,12/1/2023,WARREN,86396,35122,23056,581,214,251,202,83,19,105,26763
2023,12/1/2023,TOTALS,6500656,1542994,2503172,24651,11380,14756,13377,5639,1568,7761,2375358
2024,1/1/2024,ATLANTIC,201024,57617,69405,854,403,508,508,208,75,290,71156
2024,1/1/2024,BERGEN,674333,152700,254248,2182,1062,1237,1080,434,118,595,260677
2024,1/1/2024,BURLINGTON,360908,93559,139969,1567,642,735,608,274,74,414,123066
2024,1/1/2024,CAMDEN,386129,65100,181337,1599,762,981,916,425,107,546,134356
2024,1/1/2024,CAPE MAY,75290,32621,18248,329,111,169,159,57,13,81,23502
2024,1/1/2024,CUMBERLAND,95777,23699,32157,423,195,327,427,182,49,234,38084
2024,1/1/2024,ESSEX,574857,60260,296730,1276,772,955,1098,472,165,651,212478
2024,1/1/2024,GLOUCESTER,223450,60843,84403,1129,394,517,402,151,47,280,75284
2024,1/1/2024,HUDSON,406604,45739,219007,1600,854,1067,1050,413,141,599,136134
2024,1/1/2024,HUNTERDON,106070,42448,30119,417,147,148,130,57,10,68,32526
2024,1/1/2024,MERCER,261502,41013,117858,954,522,693,652,315,59,446,98990
2024,1/1/2024,MIDDLESEX,576929,100800,242117,1904,1026,1365,1374,528,155,812,226848
2024,1/1/2024,MONMOUTH,496173,154205,140172,2097,851,1046,848,384,80,430,196060
2024,1/1/2024,MORRIS,387053,134328,116678,1526,611,631,498,223,52,331,132175
2024,1/1/2024,OCEAN,468183,184288,98281,1969,831,1243,988,337,94,473,179679
2024,1/1/2024,PASSAIC,328340,71052,127494,1134,613,1023,842,394,116,483,125189
2024,1/1/2024,SALEM,48694,15162,14470,288,99,183,95,47,9,87,18254
2024,1/1/2024,SOMERSET,255267,63982,90428,1011,418,436,362,164,43,234,98189
2024,1/1/2024,SUSSEX,118095,49694,26377,719,275,366,198,101,22,130,40213
2024,1/1/2024,UNION,379944,61493,177808,1193,594,853,867,368,116,485,136167
2024,1/1/2024,WARREN,86547,35194,23106,578,213,250,202,84,20,106,26794
2024,1/1/2024,TOTALS,6511169,1545797,2500412,24749,11395,14733,13304,5618,1565,7775,2385821
2024,2/1/2024,ATLANTIC,201815,57856,69292,865,407,512,500,207,76,294,71806
2024,2/1/2024,BERGEN,674337,152932,253382,2180,1066,1238,1076,432,121,596,261314
2024,2/1/2024,BURLINGTON,361616,93709,139877,1572,646,731,607,281,76,416,123701
2024,2/1/2024,CAMDEN,386815,65356,181109,1616,765,986,918,422,106,545,134992
2024,2/1/2024,CAPE MAY,75305,32643,18231,327,111,169,158,58,13,81,23514
2024,2/1/2024,CUMBERLAND,95928,23774,32047,422,197,328,425,181,49,232,38273
2024,2/1/2024,ESSEX,575687,60510,296440,1291,773,959,1100,472,165,646,213331
2024,2/1/2024,GLOUCESTER,224369,61080,84420,1145,392,523,399,148,46,285,75931
2024,2/1/2024,HUDSON,407185,45978,218491,1601,854,1066,1041,410,139,603,137002
2024,2/1/2024,HUNTERDON,106271,42491,30158,419,149,149,130,58,12,67,32638
2024,2/1/2024,MERCER,262157,41112,117792,953,529,692,648,317,59,453,99602
2024,2/1/2024,MIDDLESEX,577549,101057,241109,1915,1033,1358,1364,520,154,816,228223
2024,2/1/2024,MONMOUTH,496732,154458,139868,2108,856,1048,850,379,79,422,196664
2024,2/1/2024,MORRIS,387943,134500,116612,1530,609,630,496,215,51,334,132966
2024,2/1/2024,OCEAN,469804,184611,98102,1980,830,1239,979,340,93,473,181157
2024,2/1/2024,PASSAIC,329689,71495,127392,1151,617,1024,840,394,117,490,126169
2024,2/1/2024,SALEM,48829,15210,14469,293,99,185,94,48,9,87,18335
2024,2/1/2024,SOMERSET,255787,64028,90394,1011,423,438,365,165,45,239,98679
2024,2/1/2024,SUSSEX,118374,49785,26335,720,271,361,193,103,22,133,40451
2024,2/1/2024,UNION,381836,61834,177877,1208,599,850,860,367,115,488,137638
2024,2/1/2024,WARREN,86704,35309,23121,580,217,253,201,87,20,106,26810
2024,2/1/2024,TOTALS,6524732,1549728,2496518,24887,11443,14739,13244,5604,1567,7806,2399196
2024,3/1/2024,ATLANTIC,202605,58058,69141,878,403,515,506,207,76,292,72529
2024,3/1/2024,BERGEN,674238,153018,252716,2178,1061,1235,1064,426,121,597,261822
2024,3/1/2024,BURLINGTON,362186,93764,139854,1578,648,731,611,279,77,413,124231
2024,3/1/2024,CAMDEN,387458,65470,180907,1624,763,976,914,420,106,548,135730
2024,3/1/2024,CAPE MAY,75386,32681,18207,327,110,169,155,62,13,81,23581
2024,3/1/2024,CUMBERLAND,96038,23806,32004,426,198,325,422,178,48,234,38397
2024,3/1/2024,ESSEX,576092,60603,295958,1302,768,962,1092,470,167,647,214123
2024,3/1/2024,GLOUCESTER,223632,61039,84006,1145,396,519,395,147,47,283,75655
2024,3/1/2024,HUDSON,407948,46221,218173,1613,852,1065,1028,411,139,609,137837
2024,3/1/2024,HUNTERDON,106381,42575,30200,400,139,145,123,55,12,67,32665
2024,3/1/2024,MERCER,262670,41169,117705,961,533,694,645,318,59,451,100135
2024,3/1/2024,MIDDLESEX,578159,101224,240691,1927,1028,1354,1355,518,154,818,229090
2024,3/1/2024,MONMOUTH,497216,154642,139580,2114,846,1047,840,378,80,427,197262
2024,3/1/2024,MORRIS,388496,134607,116586,1539,602,633,490,215,49,333,133442
2024,3/1/2024,OCEAN,470327,184811,97815,1995,827,1248,971,338,91,477,181754
2024,3/1/2024,PASSAIC,330282,71716,127319,1160,616,1020,836,392,115,496,126612
2024,3/1/2024,SALEM,48931,15258,14487,295,99,185,93,50,9,86,18369
2024,3/1/2024,SOMERSET,256027,64083,90417,1011,423,441,363,165,46,238,98840
2024,3/1/2024,SUSSEX,118607,49833,26323,725,274,362,193,104,22,135,40636
2024,3/1/2024,UNION,382565,62066,177624,1216,600,852,859,366,116,487,138379
2024,3/1/2024,WARREN,86871,35407,23153,582,220,256,202,86,20,106,26839
2024,3/1/2024,TOTALS,6532115,1552051,2492866,24996,11406,14734,13157,5585,1567,7825,2407928
2024,4/1/2024,ATLANTIC,202977,58148,69027,884,404,509,504,206,75,293,72927
2024,4/1/2024,BERGEN,674788,153538,252498,2187,1058,1225,1068,423,119,590,262082
2024,4/1/2024,BURLINGTON,362648,93757,139851,1580,648,723,607,278,78,411,124715
2024,4/1/2024,CAMDEN,388392,65603,180836,1635,764,975,910,422,106,544,136597
2024,4/1/2024,CAPE MAY,75494,32724,18197,326,110,168,157,62,13,80,23657
2024,4/1/2024,CUMBERLAND,96165,23867,31945,424,198,321,421,178,48,232,38531
2024,4/1/2024,ESSEX,576661,60726,295937,1310,768,963,1087,473,168,648,214581
2024,4/1/2024,GLOUCESTER,222425,61186,83683,1152,400,514,387,146,47,285,74625
2024,4/1/2024,HUDSON,408735,46533,218171,1615,852,1066,1020,413,139,614,138312
2024,4/1/2024,HUNTERDON,106578,42705,30381,395,138,139,120,53,12,67,32568
2024,4/1/2024,MERCER,263155,41230,117748,966,534,691,643,315,58,450,100520
2024,4/1/2024,MIDDLESEX,578139,101602,240255,1936,1034,1357,1348,517,152,824,229114
2024,4/1/2024,MONMOUTH,497129,154821,139507,2112,841,1039,838,379,80,426,197086
2024,4/1/2024,MORRIS,389211,134955,116994,1542,602,631,488,215,52,335,133397
2024,4/1/2024,OCEAN,470902,185285,97933,1996,831,1247,964,339,91,481,181735
2024,4/1/2024,PASSAIC,331098,71811,127510,1157,616,1019,828,389,116,497,127155
2024,4/1/2024,SALEM,49039,15284,14494,297,99,187,94,50,9,87,18438
2024,4/1/2024,SOMERSET,256664,64160,90593,1009,422,441,361,165,46,246,99221
2024,4/1/2024,SUSSEX,118868,49958,26419,720,279,359,192,102,22,136,40681
2024,4/1/2024,UNION,383205,62434,177436,1214,601,847,852,365,112,488,138856
2024,4/1/2024,WARREN,87116,35496,23183,584,218,256,204,84,21,106,26964
2024,4/1/2024,TOTALS,6539389,1555823,2492598,25041,11417,14677,13093,5574,1564,7840,2411762
2024,5/1/2024,ATLANTIC,203172,58216,68991,891,405,512,501,205,76,294,73081
2024,5/1/2024,BERGEN,675524,153635,252979,2177,1068,1221,1063,430,120,594,262237
2024,5/1/2024,BURLINGTON,363393,94043,140325,1575,650,726,602,278,77,407,124710
2024,5/1/2024,CAMDEN,389457,66157,181419,1639,765,972,901,420,107,546,136531
2024,5/1/2024,CAPE MAY,75584,32735,18190,326,110,166,156,63,13,79,23746
2024,5/1/2024,CUMBERLAND,96257,23900,31930,428,200,320,420,178,48,232,38601
2024,5/1/2024,ESSEX,577411,60891,295828,1315,773,963,1082,477,171,649,215262
2024,5/1/2024,GLOUCESTER,222191,61142,83416,1167,399,513,392,145,48,285,74684
2024,5/1/2024,HUDSON,409448,46694,217690,1621,849,1064,1011,409,140,613,139357
2024,5/1/2024,HUNTERDON,106814,42817,30469,394,132,134,122,49,12,68,32617
2024,5/1/2024,MERCER,263815,41431,117925,970,537,685,643,319,59,447,100799
2024,5/1/2024,MIDDLESEX,578739,101955,240293,1947,1046,1354,1336,522,151,820,229315
2024,5/1/2024,MONMOUTH,497445,155079,139304,2114,845,1045,839,378,80,426,197335
2024,5/1/2024,MORRIS,390103,135189,117242,1553,612,628,487,215,51,341,133785
2024,5/1/2024,OCEAN,471569,185658,97936,2001,830,1237,958,339,92,483,182035
2024,5/1/2024,PASSAIC,332171,71997,127789,1161,613,1017,827,388,114,496,127769
2024,5/1/2024,SALEM,49092,15297,14479,294,100,183,95,49,9,86,18500
2024,5/1/2024,SOMERSET,256929,64191,90623,1014,424,445,358,167,46,244,99417
2024,5/1/2024,SUSSEX,119093,50015,26481,728,281,359,192,102,22,138,40775
2024,5/1/2024,UNION,384028,62665,177433,1214,601,846,852,368,111,488,139450
2024,5/1/2024,WARREN,87333,35620,23271,589,220,259,204,85,22,109,26954
2024,5/1/2024,TOTALS,6549568,1559327,2494013,25118,11460,14649,13041,5586,1569,7845,2416960
2024,6/1/2024,ATLANTIC,203491,58396,69019,899,408,509,500,206,77,292,73185
2024,6/1/2024,BERGEN,676808,154150,253162,2180,1070,1220,1059,430,118,590,262829
2024,6/1/2024,BURLINGTON,363754,94211,140401,1576,647,726,600,279,77,404,124833
2024,6/1/2024,CAMDEN,389989,66555,181905,1650,768,971,901,420,106,547,136166
2024,6/1/2024,CAPE MAY,75694,32848,18260,324,115,166,154,62,12,75,23678
2024,6/1/2024,CUMBERLAND,96275,23918,31912,426,203,318,420,177,47,232,38622
2024,6/1/2024,ESSEX,578902,61201,296003,1332,777,966,1074,478,167,659,216245
2024,6/1/2024,GLOUCESTER,222153,61167,83306,1164,394,509,392,145,48,290,74738
2024,6/1/2024,HUDSON,410585,46935,217667,1629,852,1065,1012,411,139,611,140264
2024,6/1/2024,HUNTERDON,107014,42904,30524,393,132,135,117,49,12,68,32680
2024,6/1/2024,MERCER,264331,41507,117982,972,541,682,637,317,59,450,101184
2024,6/1/2024,MIDDLESEX,580773,102336,240762,1940,1054,1346,1331,522,148,816,230518
2024,6/1/2024,MONMOUTH,498037,155544,139143,2125,852,1042,837,375,75,424,197620
2024,6/1/2024,MORRIS,390596,135410,117553,1550,615,627,487,216,52,340,133746
2024,6/1/2024,OCEAN,472519,186114,97876,2002,830,1235,953,339,92,484,182594
2024,6/1/2024,PASSAIC,333128,72319,128302,1170,610,1021,824,388,113,499,127882
2024,6/1/2024,SALEM,49183,15325,14471,292,102,186,93,51,9,88,18566
2024,6/1/2024,SOMERSET,257525,64377,90768,1010,428,448,355,169,44,244,99682
2024,6/1/2024,SUSSEX,119160,50054,26507,728,280,360,192,102,23,139,40775
2024,6/1/2024,UNION,384240,62744,177185,1221,596,850,846,366,110,493,139829
2024,6/1/2024,WARREN,87537,35756,23346,591,224,257,205,87,22,111,26938
2024,6/1/2024,TOTALS,6561694,1563771,2496054,25174,11498,14639,12989,5589,1550,7856,2422574
2024,6/4/2024,ATLANTIC,203529,58440,69039,898,409,506,500,206,77,291,73163
2024,6/4/2024,BERGEN,676741,154230,253404,2181,1069,1220,1059,430,119,591,262438
2024,6/4/2024,BURLINGTON,363986,94310,140499,1574,647,727,600,279,78,406,124866
2024,6/4/2024,CAMDEN,390052,66587,181960,1650,769,971,901,420,106,547,136141
2024,6/4/2024,CAPE MAY,75702,32869,18259,323,115,166,153,62,12,75,23668
2024,6/4/2024,CUMBERLAND,96271,23935,31909,425,203,318,420,177,47,232,38605
2024,6/4/2024,ESSEX,579099,61288,296146,1336,779,966,1072,476,167,660,216209
2024,6/4/2024,GLOUCESTER,222136,61182,83317,1164,394,509,392,145,48,290,74695
2024,6/4/2024,HUDSON,410646,47022,217867,1629,851,1066,1012,410,139,612,140038
2024,6/4/2024,HUNTERDON,107017,42929,30538,393,132,135,117,49,12,68,32644
2024,6/4/2024,MERCER,264362,41532,118086,972,541,682,637,317,59,450,101086
2024,6/4/2024,MIDDLESEX,580885,102437,241075,1940,1054,1346,1328,523,148,818,230216
2024,6/4/2024,MONMOUTH,498024,155681,139181,2125,853,1043,836,375,75,425,197430
2024,6/4/2024,MORRIS,390749,135518,117665,1551,615,625,486,216,52,340,133681
2024,6/4/2024,OCEAN,472581,186195,97904,2000,832,1236,952,339,92,484,182547
2024,6/4/2024,PASSAIC,333257,72395,128683,1175,610,1022,824,388,113,499,127548
2024,6/4/2024,SALEM,49178,15330,14476,292,102,186,93,51,9,88,18551
2024,6/4/2024,SOMERSET,257534,64431,90842,1009,428,448,355,169,44,244,99564
2024,6/4/2024,SUSSEX,119149,50069,26514,728,280,360,192,102,23,139,40742
2024,6/4/2024,UNION,384299,62800,177229,1219,597,848,848,366,110,493,139789
2024,6/4/2024,WARREN,87538,35784,23358,590,224,256,205,87,22,111,26901
2024,6/4/2024,TOTALS,6562735,1564964,2497951,25174,11504,14636,12982,5587,1552,7863,2420522
2024,7/1/2024,ATLANTIC,203492,59067,69440,897,409,504,498,207,76,291,72103
2024,7/1/2024,BERGEN,678030,157555,256657,2183,1060,1203,1048,426,117,582,257199
2024,7/1/2024,BURLINGTON,364319,95840,141926,1559,647,723,598,275,77,403,122271
2024,7/1/2024,CAMDEN,390954,67450,182504,1648,770,968,893,422,106,554,135639
2024,7/1/2024,CAPE MAY,75858,33438,18424,327,116,163,152,62,12,75,23089
2024,7/1/2024,CUMBERLAND,96360,24202,32020,424,204,317,420,177,48,229,38319
2024,7/1/2024,ESSEX,580070,62423,298531,1341,789,959,1070,477,167,661,213652
2024,7/1/2024,GLOUCESTER,222797,62272,83731,1162,393,502,391,148,48,289,73861
2024,7/1/2024,HUDSON,411730,48177,220296,1640,848,1057,1005,413,139,608,137547
2024,7/1/2024,HUNTERDON,107339,43407,30787,395,132,133,117,48,12,67,32241
2024,7/1/2024,MERCER,264807,42149,119144,973,538,677,645,314,57,450,99860
2024,7/1/2024,MIDDLESEX,581515,104492,243823,1936,1055,1338,1324,522,149,821,226055
2024,7/1/2024,MONMOUTH,499160,159094,140424,2105,838,1019,824,370,75,424,193987
2024,7/1/2024,MORRIS,392026,136783,118343,1542,610,620,480,214,51,342,133041
2024,7/1/2024,OCEAN,474028,188964,98631,2001,828,1233,947,345,94,484,180501
2024,7/1/2024,PASSAIC,333798,74079,131439,1169,597,1004,819,387,110,492,123702
2024,7/1/2024,SALEM,49256,15587,14531,294,103,186,94,50,9,89,18313
2024,7/1/2024,SOMERSET,258068,65457,91793,1005,430,438,357,168,43,247,98130
2024,7/1/2024,SUSSEX,118979,50015,26374,734,279,352,187,103,22,140,40773
2024,7/1/2024,UNION,385726,64213,178429,1218,591,852,847,362,108,488,138618
2024,7/1/2024,WARREN,87828,36277,23521,592,225,258,200,88,21,113,26533
2024,7/1/2024,TOTALS,6576140,1590941,2520768,25145,11462,14506,12916,5578,1541,7849,2385434
2024,8/1/2024,ATLANTIC,204584,59434,69467,901,406,503,484,212,76,289,72812
2024,8/1/2024,BERGEN,680266,158018,256453,2189,1075,1192,1048,425,118,582,259166
2024,8/1/2024,BURLINGTON,365990,96236,142025,1564,646,706,599,274,76,397,123467
2024,8/1/2024,CAMDEN,390604,67553,181950,1646,775,967,884,425,106,545,135753
2024,8/1/2024,CAPE MAY,75905,33474,18405,323,119,158,150,62,12,76,23126
2024,8/1/2024,CUMBERLAND,96835,24418,31948,429,206,309,423,170,47,221,38664
2024,8/1/2024,ESSEX,582450,62901,299596,1351,777,947,1060,478,166,654,214520
2024,8/1/2024,GLOUCESTER,224085,62693,83880,1146,387,500,386,148,45,295,74605
2024,8/1/2024,HUDSON,413846,48633,220635,1633,850,1035,996,410,138,604,138912
2024,8/1/2024,HUNTERDON,107602,43479,30819,394,134,135,114,47,12,68,32400
2024,8/1/2024,MERCER,265940,42305,119229,982,543,676,637,316,57,451,100744
2024,8/1/2024,MIDDLESEX,582514,104845,243222,1939,1053,1334,1318,523,148,814,227318
2024,8/1/2024,MONMOUTH,500959,159799,140433,2099,846,1016,809,373,75,420,195089
2024,8/1/2024,MORRIS,393489,137006,118475,1535,618,619,471,211,49,343,134162
2024,8/1/2024,OCEAN,475630,189720,98575,1981,827,1223,938,345,93,480,181448
2024,8/1/2024,PASSAIC,334895,74470,131487,1177,607,1001,813,389,107,486,124358
2024,8/1/2024,SALEM,49416,15648,14534,290,105,182,96,50,9,88,18414
2024,8/1/2024,SOMERSET,259316,65612,92067,1009,429,437,357,164,43,242,98956
2024,8/1/2024,SUSSEX,120061,51131,26746,751,273,349,182,100,23,138,40368
2024,8/1/2024,UNION,386067,64303,178251,1222,589,851,836,363,108,487,139057
2024,8/1/2024,WARREN,88234,36428,23611,590,224,259,198,90,21,114,26699
2024,8/1/2024,TOTALS,6598688,1598106,2521808,25151,11489,14399,12799,5575,1529,7794,2400038
2024,9/1/2024,ATLANTIC,205125,59625,69476,904,408,497,485,211,76,294,73149
2024,9/1/2024,BERGEN,682849,158638,256668,2200,1085,1182,1039,420,117,583,260917
2024,9/1/2024,BURLINGTON,367721,96538,142477,1552,647,711,598,273,74,399,124452
2024,9/1/2024,CAMDEN,391295,67674,181907,1646,769,964,882,425,107,544,136377
2024,9/1/2024,CAPE MAY,76164,33562,18466,318,115,157,147,62,11,76,23250
2024,9/1/2024,CUMBERLAND,97195,24573,31919,436,206,314,417,169,46,218,38897
2024,9/1/2024,ESSEX,584557,63181,300066,1367,781,942,1051,481,166,648,215874
2024,9/1/2024,GLOUCESTER,222891,62675,83463,1141,380,490,382,149,43,294,73874
2024,9/1/2024,HUDSON,414523,48812,220188,1630,856,1028,983,417,136,613,139860
2024,9/1/2024,HUNTERDON,108117,43601,30975,396,133,139,114,45,12,62,32640
2024,9/1/2024,MERCER,266897,42356,119482,983,547,672,637,318,57,451,101394
2024,9/1/2024,MIDDLESEX,586143,105510,243612,1950,1068,1348,1304,518,145,827,229861
2024,9/1/2024,MONMOUTH,502729,160350,140670,2106,845,1010,797,371,74,418,196088
2024,9/1/2024,MORRIS,395240,137348,118759,1539,624,612,465,211,48,344,135290
2024,9/1/2024,OCEAN,477389,190514,98662,1978,821,1219,930,343,92,479,182351
2024,9/1/2024,PASSAIC,335710,74812,131552,1185,613,999,812,390,107,486,124754
2024,9/1/2024,SALEM,49623,15725,14560,291,105,180,96,48,9,89,18520
2024,9/1/2024,SOMERSET,259899,65580,92110,1009,433,428,351,162,42,241,99543
2024,9/1/2024,SUSSEX,120475,51214,26814,747,280,350,182,100,24,137,40627
2024,9/1/2024,UNION,388817,64740,178862,1220,583,856,826,365,106,476,140783
2024,9/1/2024,WARREN,88574,36522,23696,600,224,259,200,90,21,110,26852
2024,9/1/2024,TOTALS,6621933,1603550,2524384,25198,11523,14357,12698,5568,1513,7789,2415353
2024,10/1/2024,ATLANTIC,206088,59935,69523,893,400,496,478,207,73,295,73788
2024,10/1/2024,BERGEN,687031,159561,256896,2200,1099,1188,1019,413,115,585,263955
2024,10/1/2024,BURLINGTON,369570,96780,142895,1556,646,715,590,271,72,397,125648
2024,10/1/2024,CAMDEN,393341,68075,182300,1645,763,966,876,432,106,541,137637
2024,10/1/2024,CAPE MAY,76481,33673,18472,319,114,159,146,62,11,76,23449
2024,10/1/2024,CUMBERLAND,97652,24729,31943,432,203,316,406,168,45,218,39192
2024,10/1/2024,ESSEX,588348,63653,301046,1381,787,947,1048,480,167,655,218184
2024,10/1/2024,GLOUCESTER,224344,63146,83595,1142,385,485,375,147,43,296,74730
2024,10/1/2024,HUDSON,418295,49350,220915,1621,869,1033,968,415,132,606,142386
2024,10/1/2024,HUNTERDON,108737,43710,31105,402,132,143,113,45,13,64,33010
2024,10/1/2024,MERCER,268133,42504,119704,972,537,665,632,318,57,455,102289
2024,10/1/2024,MIDDLESEX,588393,105942,243108,1931,1074,1342,1286,511,141,833,232225
2024,10/1/2024,MONMOUTH,505482,161153,141032,2116,842,1002,791,363,71,412,197700
2024,10/1/2024,MORRIS,397598,137799,119136,1544,618,612,458,209,48,342,136832
2024,10/1/2024,OCEAN,479805,191387,98705,1973,807,1206,914,348,91,479,183895
2024,10/1/2024,PASSAIC,337682,75350,131802,1201,613,1002,803,388,109,487,125927
2024,10/1/2024,SALEM,49957,15849,14633,289,104,181,95,47,9,88,18662
2024,10/1/2024,SOMERSET,261432,65694,92292,1006,438,424,349,157,41,244,100787
2024,10/1/2024,SUSSEX,121124,51451,26881,750,279,347,184,96,24,137,40975
2024,10/1/2024,UNION,391202,65188,179143,1216,588,861,813,368,108,472,142445
2024,10/1/2024,WARREN,89268,36759,23791,605,222,258,200,90,21,111,27211
2024,10/1/2024,TOTALS,6659963,1611688,2528917,25194,11520,14348,12544,5535,1497,7793,2440927
2024,11/1/2024,ATLANTIC,208032,60503,69644,887,396,508,470,204,72,296,75052
2024,11/1/2024,BERGEN,694306,161318,257038,2178,1137,1192,993,403,111,571,269365
2024,11/1/2024,BURLINGTON,372599,97496,143271,1550,651,729,579,273,73,389,127588
2024,11/1/2024,CAMDEN,396833,68902,182651,1648,773,972,883,425,107,544,139928
2024,11/1/2024,CAPE MAY,77071,33928,18499,316,115,164,144,57,10,76,23762
2024,11/1/2024,CUMBERLAND,98113,24886,31923,426,198,319,405,165,44,215,39532
2024,11/1/2024,ESSEX,595319,64787,302623,1390,823,966,1038,481,166,653,222392
2024,11/1/2024,GLOUCESTER,226139,63728,83696,1145,386,494,370,149,42,294,75835
2024,11/1/2024,HUDSON,426295,50756,222219,1619,908,1042,954,412,132,616,147637
2024,11/1/2024,HUNTERDON,109578,43957,31202,414,136,142,112,44,13,67,33491
2024,11/1/2024,MERCER,271465,42960,120323,968,555,662,628,314,56,452,104547
2024,11/1/2024,MIDDLESEX,593509,106989,243127,1929,1092,1346,1272,510,141,824,236279
2024,11/1/2024,MONMOUTH,510615,163064,141342,2101,841,1015,777,355,71,410,200639
2024,11/1/2024,MORRIS,401037,138728,119391,1542,625,619,452,208,47,334,139091
2024,11/1/2024,OCEAN,484435,193514,98765,1956,800,1216,901,342,91,478,186372
2024,11/1/2024,PASSAIC,342085,76560,132094,1200,645,1008,802,382,107,487,128800
2024,11/1/2024,SALEM,50380,15960,14694,287,102,183,96,45,9,89,18915
2024,11/1/2024,SOMERSET,263603,66056,92433,992,447,437,342,157,43,240,102456
2024,11/1/2024,SUSSEX,121813,51710,26884,742,278,345,178,96,23,134,41423
2024,11/1/2024,UNION,394033,65729,179248,1214,584,852,797,359,107,469,144674
2024,11/1/2024,WARREN,90098,37102,23865,590,224,264,197,89,23,111,27633
2024,11/1/2024,TOTALS,6727358,1628633,2534932,25094,11716,14475,12390,5470,1488,7749,2485411
2024,11/5/2024,ATLANTIC,208224,60558,69648,886,393,505,468,204,72,295,75195
2024,11/5/2024,BERGEN,694145,161324,256911,2175,1138,1193,990,402,111,571,269330
2024,11/5/2024,BURLINGTON,372786,97554,143277,1553,652,728,578,271,73,389,127711
2024,11/5/2024,CAMDEN,396984,68947,182680,1648,774,971,882,425,107,544,140006
2024,11/5/2024,CAPE MAY,77117,33951,18501,317,115,163,143,57,10,76,23784
2024,11/5/2024,CUMBERLAND,98099,24884,31910,426,198,319,405,165,44,215,39533
2024,11/5/2024,ESSEX,595845,64875,302750,1390,824,965,1039,480,165,652,222705
2024,11/5/2024,GLOUCESTER,226186,63732,83702,1146,387,494,370,149,42,294,75870
2024,11/5/2024,HUDSON,426585,50819,222270,1617,911,1040,954,411,131,616,147816
2024,11/5/2024,HUNTERDON,109602,43960,31204,414,134,143,112,44,13,67,33511
2024,11/5/2024,MERCER,271762,43016,120393,970,557,661,628,314,56,453,104714
2024,11/5/2024,MIDDLESEX,593608,107011,243127,1928,1091,1346,1272,510,141,823,236359
2024,11/5/2024,MONMOUTH,510816,163141,141355,2100,842,1011,776,354,71,409,200757
2024,11/5/2024,MORRIS,401235,138802,119395,1542,627,620,450,208,47,335,139209
2024,11/5/2024,OCEAN,484459,193521,98768,1956,800,1216,902,342,91,479,186384
2024,11/5/2024,PASSAIC,342510,76702,132106,1198,653,1005,801,380,107,485,129073
2024,11/5/2024,SALEM,50416,15961,14694,286,102,181,97,45,9,89,18952
2024,11/5/2024,SOMERSET,263616,66064,92430,992,448,437,341,157,43,240,102464
2024,11/5/2024,SUSSEX,121866,51727,26897,743,279,345,178,97,23,135,41442
2024,11/5/2024,UNION,394004,65725,179237,1214,584,851,797,359,107,469,144661
2024,11/5/2024,WARREN,90104,37101,23868,590,224,264,197,89,23,111,27637
2024,11/5/2024,TOTALS,6729969,1629375,2535123,25091,11733,14458,12380,5463,1486,7747,2487113
2024,12/1/2024,ATLANTIC,208058,60506,69603,886,390,505,468,204,72,294,75130
2024,12/1/2024,BERGEN,694450,161535,256870,2165,1148,1193,985,400,110,572,269472
2024,12/1/2024,BURLINGTON,373049,97828,143491,1547,654,730,577,271,73,386,127492
2024,12/1/2024,CAMDEN,398227,69497,183077,1652,778,974,882,423,107,540,140297
2024,12/1/2024,CAPE MAY,77415,34113,18540,314,116,163,142,57,10,76,23884
2024,12/1/2024,CUMBERLAND,98150,24907,31916,424,197,319,403,165,44,215,39560
2024,12/1/2024,ESSEX,598865,65444,303628,1394,838,981,1039,477,169,657,224238
2024,12/1/2024,GLOUCESTER,226952,63966,83814,1149,392,498,368,152,42,295,76276
2024,12/1/2024,HUDSON,428647,51351,222458,1619,922,1042,952,412,130,619,149142
2024,12/1/2024,HUNTERDON,110132,44212,31308,411,139,147,110,45,13,68,33679
2024,12/1/2024,MERCER,272745,43225,120618,971,559,657,624,313,56,452,105270
2024,12/1/2024,MIDDLESEX,593362,107029,242939,1929,1091,1345,1270,509,140,819,236291
2024,12/1/2024,MONMOUTH,510161,162953,141164,2091,840,1009,773,353,71,408,200499
2024,12/1/2024,MORRIS,403381,139733,119708,1535,655,625,449,213,48,335,140080
2024,12/1/2024,OCEAN,487347,194844,99102,1961,798,1208,900,341,91,475,187627
2024,12/1/2024,PASSAIC,342678,76910,131969,1199,677,1008,798,379,106,486,129146
2024,12/1/2024,SALEM,50465,16020,14716,288,102,180,96,44,9,89,18921
2024,12/1/2024,SOMERSET,263939,66192,92536,986,454,431,339,157,42,241,102561
2024,12/1/2024,SUSSEX,121609,51632,26829,736,278,344,178,96,23,134,41359
2024,12/1/2024,UNION,393345,65817,179002,1207,582,849,791,355,106,467,144169
2024,12/1/2024,WARREN,90262,37158,23905,591,226,265,196,90,23,109,27699
2024,12/1/2024,TOTALS,6743239,1634872,2537193,25055,11836,14473,12340,5456,1485,7737,2492792
2025,1/1/2025,ATLANTIC,207921,60556,69492,870,389,499,467,203,71,295,75079
2025,1/1/2025,BERGEN,696442,162148,256970,2173,1151,1196,985,403,108,578,270730
2025,1/1/2025,BURLINGTON,373937,98118,143503,1553,656,730,568,268,73,387,128081
2025,1/1/2025,CAMDEN,400424,70368,183759,1657,797,972,876,424,105,534,140932
2025,1/1/2025,CAPE MAY,75823,33597,18110,312,109,163,138,56,10,74,23254
2025,1/1/2025,CUMBERLAND,98512,25019,31921,430,198,319,402,164,42,215,39802
2025,1/1/2025,ESSEX,599441,65929,304139,1386,844,979,1037,476,170,655,223826
2025,1/1/2025,GLOUCESTER,227606,64385,83808,1136,396,498,367,151,41,290,76534
2025,1/1/2025,HUDSON,430540,51927,222272,1625,935,1039,956,415,129,618,150624
2025,1/1/2025,HUNTERDON,110053,44214,31274,414,138,147,109,45,13,68,33631
2025,1/1/2025,MERCER,272777,43286,120603,969,557,655,621,311,56,449,105270
2025,1/1/2025,MIDDLESEX,593207,107322,242795,1920,1108,1338,1265,506,140,811,236002
2025,1/1/2025,MONMOUTH,512421,164050,141305,2105,851,1009,764,349,70,410,201508
2025,1/1/2025,MORRIS,403545,139843,119561,1537,657,622,449,217,48,337,140274
2025,1/1/2025,OCEAN,488074,195272,98824,1963,802,1204,892,338,92,473,188214
2025,1/1/2025,PASSAIC,342993,77540,132031,1199,713,1002,794,373,104,483,128754
2025,1/1/2025,SALEM,50579,16086,14712,290,101,182,95,43,9,89,18972
2025,1/1/2025,SOMERSET,264740,66443,92555,981,462,428,336,155,42,233,103105
2025,1/1/2025,SUSSEX,122162,51821,26916,735,279,344,179,96,23,131,41638
2025,1/1/2025,UNION,393657,66190,179359,1198,586,844,785,354,106,467,143768
2025,1/1/2025,WARREN,90913,37467,24022,588,221,260,199,88,22,108,27938
2025,1/1/2025,TOTALS,6755767,1641581,2537931,25041,11950,14430,12284,5435,1474,7705,2497936
2025,2/1/2025,ATLANTIC,208531,60894,69479,870,393,497,461,201,69,294,75373
2025,2/1/2025,BERGEN,700257,163684,256521,2191,1179,1196,984,408,108,577,273409
2025,2/1/2025,BURLINGTON,376394,98922,143735,1565,665,722,563,269,74,387,129492
2025,2/1/2025,CAMDEN,400556,70737,183502,1655,802,970,872,426,104,536,140952
2025,2/1/2025,CAPE MAY,75761,33559,18068,313,109,161,138,58,10,74,23271
2025,2/1/2025,CUMBERLAND,98867,25289,31911,428,192,319,386,166,42,208,39926
2025,2/1/2025,ESSEX,599337,66364,304073,1402,842,977,1028,471,171,657,223352
2025,2/1/2025,GLOUCESTER,229436,65149,83898,1137,403,489,360,155,38,284,77523
2025,2/1/2025,HUDSON,429616,52060,221234,1610,934,1029,946,412,127,618,150646
2025,2/1/2025,HUNTERDON,109899,44193,31192,415,137,148,109,45,14,67,33579
2025,2/1/2025,MERCER,273090,43421,120284,971,566,646,617,310,54,442,105779
2025,2/1/2025,MIDDLESEX,596085,109119,242529,1903,1190,1329,1244,503,139,801,237328
2025,2/1/2025,MONMOUTH,513956,164752,141221,2106,859,1013,761,345,70,398,202431
2025,2/1/2025,MORRIS,403503,139844,119323,1538,657,623,444,213,49,334,140478
2025,2/1/2025,OCEAN,487547,195991,98650,1954,804,1186,884,334,92,464,187188
2025,2/1/2025,PASSAIC,343293,78048,131964,1196,740,992,789,368,103,479,128614
2025,2/1/2025,SALEM,50948,16268,14715,294,102,178,95,43,9,91,19153
2025,2/1/2025,SOMERSET,265287,66563,92517,986,473,424,332,154,42,235,103561
2025,2/1/2025,SUSSEX,122987,52235,26955,738,276,340,178,97,23,128,42017
2025,2/1/2025,UNION,398612,67407,179681,1202,606,839,771,354,103,453,147196
2025,2/1/2025,WARREN,91008,37562,24046,599,220,259,203,92,22,108,27897
2025,2/1/2025,TOTALS,6774970,1652061,2535498,25073,12149,14337,12165,5424,1463,7635,2509165
2025,3/1/2025,ATLANTIC,202736,60055,67453,841,376,479,436,194,66,280,72556
2025,3/1/2025,BERGEN,675267,159344,247018,2117,1128,1134,920,375,101,552,262578
2025,3/1/2025,BURLINGTON,364941,96320,139467,1511,633,686,533,254,70,374,125093
2025,3/1/2025,CAMDEN,385564,68825,177256,1613,762,929,811,402,98,510,134358
2025,3/1/2025,CAPE MAY,75115,33365,17899,312,107,159,135,58,10,74,22996
2025,3/1/2025,CUMBERLAND,94944,24594,30741,419,188,306,362,158,37,193,37946
2025,3/1/2025,ESSEX,560994,63357,285661,1332,805,912,958,442,159,635,206733
2025,3/1/2025,GLOUCESTER,226000,64567,82686,1117,397,468,349,151,33,275,75957
2025,3/1/2025,HUDSON,422039,51733,217060,1589,922,1000,918,398,123,607,147689
2025,3/1/2025,HUNTERDON,106034,42940,30131,401,129,140,101,40,14,61,32077
2025,3/1/2025,MERCER,264482,42285,116437,951,546,624,608,301,50,432,102248
2025,3/1/2025,MIDDLESEX,578809,107415,233937,1862,1181,1296,1190,485,131,768,230544
2025,3/1/2025,MONMOUTH,499579,161461,137045,2023,829,973,715,326,67,381,195759
2025,3/1/2025,MORRIS,384321,134126,113656,1478,614,602,415,206,47,316,132861
2025,3/1/2025,OCEAN,472608,191734,95235,1896,766,1135,836,312,89,435,180170
2025,3/1/2025,PASSAIC,336928,77768,129376,1191,737,949,747,348,96,462,125254
2025,3/1/2025,SALEM,49300,15873,14234,287,101,172,92,42,8,84,18407
2025,3/1/2025,SOMERSET,255085,64258,88976,938,454,397,310,144,40,227,99341
2025,3/1/2025,SUSSEX,119876,51262,26270,714,261,328,170,91,23,122,40635
2025,3/1/2025,UNION,386728,65940,174240,1169,580,812,732,330,95,429,142401
2025,3/1/2025,WARREN,88967,36918,23546,591,217,255,201,90,20,105,27024
2025,3/1/2025,TOTALS,6550317,1614140,2448324,24352,11733,13756,11539,5147,1377,7322,2412627
2025,4/1/2025,ATLANTIC,202464,59989,67194,832,374,479,433,196,66,283,72618
2025,4/1/2025,BERGEN,675472,159444,246648,2134,1120,1126,920,379,104,548,263049
2025,4/1/2025,BURLINGTON,365307,96369,139457,1506,632,690,530,255,70,373,125425
2025,4/1/2025,CAMDEN,385742,69078,177499,1609,767,918,811,406,98,504,134052
2025,4/1/2025,CAPE MAY,76115,33688,18141,304,108,157,138,59,10,72,23438
2025,4/1/2025,CUMBERLAND,95230,24739,30757,418,188,295,363,156,38,199,38077
2025,4/1/2025,ESSEX,563224,63564,285628,1344,810,919,956,441,161,637,208764
2025,4/1/2025,GLOUCESTER,226241,64849,82797,1119,393,467,347,151,33,275,75810
2025,4/1/2025,HUDSON,423698,52453,217266,1590,930,995,916,399,121,608,148420
2025,4/1/2025,HUNTERDON,106152,43061,30277,405,127,139,100,41,15,61,31926
2025,4/1/2025,MERCER,264758,42352,116287,961,543,614,605,302,51,433,102610
2025,4/1/2025,MIDDLESEX,579871,108290,234296,1858,1189,1291,1176,479,131,765,230396
2025,4/1/2025,MONMOUTH,499839,161835,137032,2019,826,975,711,325,68,380,195668
2025,4/1/2025,MORRIS,384456,134369,113681,1482,617,593,418,209,46,313,132728
2025,4/1/2025,OCEAN,473018,192344,95480,1889,764,1132,833,312,86,438,179740
2025,4/1/2025,PASSAIC,336805,77919,129240,1190,739,950,749,347,96,463,125112
2025,4/1/2025,SALEM,49307,15891,14192,288,102,171,92,43,8,81,18439
2025,4/1/2025,SOMERSET,255573,64365,88923,947,458,397,311,146,41,230,99755
2025,4/1/2025,SUSSEX,120054,51411,26371,710,262,318,167,86,23,126,40580
2025,4/1/2025,UNION,387113,66288,174225,1174,585,807,734,332,93,428,142447
2025,4/1/2025,WARREN,89110,37054,23630,592,220,253,201,90,20,107,26943
2025,4/1/2025,TOTALS,6559549,1619352,2449021,24371,11754,13686,11511,5154,1379,7324,2415997
2025,5/1/2025,ATLANTIC,202704,60047,67123,831,377,472,436,195,68,280,72875
2025,5/1/2025,BERGEN,675381,159470,246837,2138,1120,1128,912,380,104,546,262746
2025,5/1/2025,BURLINGTON,365606,96419,139338,1495,638,686,522,259,71,376,125802
2025,5/1/2025,CAMDEN,386679,69295,177676,1601,773,913,811,405,97,497,134611
2025,5/1/2025,CAPE MAY,76164,33664,18139,304,110,157,139,61,10,72,23508
2025,5/1/2025,CUMBERLAND,95770,24930,30855,426,189,293,355,156,38,193,38335
2025,5/1/2025,ESSEX,563454,63611,285634,1349,813,922,953,443,162,637,208930
2025,5/1/2025,GLOUCESTER,226599,65029,82770,1116,392,466,348,154,33,274,76017
2025,5/1/2025,HUDSON,424216,52685,217359,1589,938,979,911,399,120,605,148631
2025,5/1/2025,HUNTERDON,106334,43111,30391,403,127,139,102,41,15,62,31943
2025,5/1/2025,MERCER,264786,42439,116284,972,546,610,603,305,51,428,102548
2025,5/1/2025,MIDDLESEX,580548,108699,234057,1853,1196,1298,1169,483,131,767,230895
2025,5/1/2025,MONMOUTH,500265,161998,136938,2020,820,964,709,327,70,381,196038
2025,5/1/2025,MORRIS,384967,134536,113846,1477,614,589,413,208,46,310,132928
2025,5/1/2025,OCEAN,473404,192399,95905,1882,764,1130,834,307,84,433,179666
2025,5/1/2025,PASSAIC,336966,78109,129530,1200,739,946,750,346,97,463,124786
2025,5/1/2025,SALEM,49409,15933,14167,291,105,172,94,42,8,82,18515
2025,5/1/2025,SOMERSET,255488,64304,88630,953,459,396,311,146,41,225,100023
2025,5/1/2025,SUSSEX,120170,51475,26390,709,259,317,167,85,23,126,40619
2025,5/1/2025,UNION,387118,66365,173937,1179,587,803,729,332,92,429,142665
2025,5/1/2025,WARREN,89257,37151,23720,600,217,252,204,88,20,109,26896
2025,5/1/2025,TOTALS,6565285,1621669,2449526,24388,11783,13632,11472,5162,1381,7295,2418977
2025,6/1/2025,ATLANTIC,202958,60064,67154,830,371,476,436,197,69,278,73083
2025,6/1/2025,BERGEN,676145,159810,247312,2143,1115,1128,906,375,103,543,262710
2025,6/1/2025,BURLINGTON,366045,96481,139358,1498,636,685,517,260,71,372,126167
2025,6/1/2025,CAMDEN,387285,69476,178111,1603,778,917,811,406,97,503,134583
2025,6/1/2025,CAPE MAY,76221,33666,18156,304,108,157,138,61,10,74,23547
2025,6/1/2025,CUMBERLAND,95833,24939,30855,426,186,289,355,156,37,193,38397
2025,6/1/2025,ESSEX,563906,63677,285700,1338,816,926,957,451,162,634,209245
2025,6/1/2025,GLOUCESTER,226914,65114,82796,1116,394,462,348,156,33,274,76221
2025,6/1/2025,HUDSON,425268,52847,217500,1586,939,971,910,397,120,601,149397
2025,6/1/2025,HUNTERDON,106408,43184,30429,400,126,141,100,41,15,62,31910
2025,6/1/2025,MERCER,265275,42516,116382,974,552,610,602,305,52,433,102849
2025,6/1/2025,MIDDLESEX,580847,108812,233795,1849,1200,1288,1170,484,131,767,231351
2025,6/1/2025,MONMOUTH,500692,162249,136944,2013,814,958,700,323,69,380,196242
2025,6/1/2025,MORRIS,385284,134821,114084,1474,611,585,416,207,46,307,132733
2025,6/1/2025,OCEAN,474417,192773,96060,1877,766,1133,836,310,84,433,180145
2025,6/1/2025,PASSAIC,337606,78323,129801,1202,742,939,749,346,97,465,124942
2025,6/1/2025,SALEM,49450,15981,14201,292,104,170,94,44,9,82,18473
2025,6/1/2025,SOMERSET,256690,64482,88897,955,463,392,313,146,41,224,100777
2025,6/1/2025,SUSSEX,120304,51524,26419,711,262,317,167,84,23,125,40672
2025,6/1/2025,UNION,387755,66483,174001,1183,577,805,727,335,93,427,143124
2025,6/1/2025,WARREN,89389,37215,23797,603,219,252,203,88,19,112,26881
2025,6/1/2025,TOTALS,6574692,1624437,2451752,24377,11779,13601,11455,5172,1381,7289,2423449
2025,6/10/2025,ATLANTIC,202965,60213,67458,833,373,473,434,196,69,281,72635
2025,6/10/2025,BERGEN,675715,160006,247899,2142,1115,1127,906,375,103,542,261500
2025,6/10/2025,BURLINGTON,365991,96670,139790,1498,636,685,517,260,70,373,125492
2025,6/10/2025,CAMDEN,387210,69534,178248,1604,777,916,812,406,97,504,134312
2025,6/10/2025,CAPE MAY,76228,33694,18225,304,108,155,138,60,10,74,23460
2025,6/10/2025,CUMBERLAND,95816,25006,30923,426,186,289,355,156,37,193,38245
2025,6/10/2025,ESSEX,564025,63847,286519,1337,812,928,958,449,161,635,208379
2025,6/10/2025,GLOUCESTER,226778,65234,83081,1116,394,462,348,156,33,274,75680
2025,6/10/2025,HUDSON,425641,53204,219375,1587,939,969,913,396,120,600,147538
2025,6/10/2025,HUNTERDON,106415,43285,30553,400,127,141,100,41,15,62,31691
2025,6/10/2025,MERCER,265528,42788,116961,975,551,607,599,308,52,431,102256
2025,6/10/2025,MIDDLESEX,581218,109299,234786,1846,1201,1284,1168,485,131,766,230252
2025,6/10/2025,MONMOUTH,500759,163032,137643,2008,811,959,697,323,68,376,194842
2025,6/10/2025,MORRIS,385323,135200,114699,1475,611,586,417,207,46,307,131775
2025,6/10/2025,OCEAN,474291,193493,96976,1881,766,1130,834,310,84,432,178385
2025,6/10/2025,PASSAIC,337691,78560,130390,1200,744,941,748,346,97,467,124198
2025,6/10/2025,SALEM,49484,16016,14251,292,105,169,94,44,9,83,18421
2025,6/10/2025,SOMERSET,256790,64763,89275,958,466,392,313,145,41,224,100213
2025,6/10/2025,SUSSEX,120259,51598,26552,711,262,317,167,84,23,125,40420
2025,6/10/2025,UNION,387903,66717,174528,1183,578,804,727,335,92,427,142512
2025,6/10/2025,WARREN,89375,37345,23909,602,219,250,203,88,19,111,26629
2025,6/10/2025,TOTALS,6575405,1629504,2462041,24378,11781,13584,11448,5170,1377,7287,2408835
2025,7/1/2025,ATLANTIC,203094,61280,69429,829,373,472,436,196,69,279,69731
2025,7/1/2025,BERGEN,675099,163091,254969,2139,1115,1126,905,375,102,542,250735
2025,7/1/2025,BURLINGTON,366616,98275,142981,1475,629,673,515,261,67,369,121371
2025,7/1/2025,CAMDEN,387317,70743,181485,1579,757,905,802,402,97,496,130051
2025,7/1/2025,CAPE MAY,76424,34136,18673,306,107,156,139,58,10,75,22764
2025,7/1/2025,CUMBERLAND,95738,25416,31643,425,186,289,354,156,37,193,37039
2025,7/1/2025,ESSEX,565380,65504,295273,1317,786,908,948,445,162,632,199405
2025,7/1/2025,GLOUCESTER,226789,66564,85224,1110,392,452,342,153,33,268,72251
2025,7/1/2025,HUDSON,426560,54490,225779,1590,931,967,909,392,123,611,140768
2025,7/1/2025,HUNTERDON,106645,44017,31347,393,127,136,100,41,15,61,30408
2025,7/1/2025,MERCER,265520,43682,119321,961,543,600,589,303,52,419,99050
2025,7/1/2025,MIDDLESEX,582054,112015,241255,1835,1203,1271,1169,481,129,760,221936
2025,7/1/2025,MONMOUTH,500990,167547,142519,1968,793,937,678,318,68,359,185803
2025,7/1/2025,MORRIS,385542,137464,118221,1474,608,589,408,205,44,303,126226
2025,7/1/2025,OCEAN,475678,200004,104287,1865,763,1101,821,305,85,422,166025
2025,7/1/2025,PASSAIC,337634,79940,133901,1173,725,932,741,343,97,456,119326
2025,7/1/2025,SALEM,49503,16322,14537,291,105,167,95,44,9,85,17848
2025,7/1/2025,SOMERSET,256605,66282,92071,948,462,387,312,145,41,218,95739
2025,7/1/2025,SUSSEX,120315,52320,27463,708,262,314,167,82,23,124,38852
2025,7/1/2025,UNION,387555,68299,179399,1152,562,792,722,330,91,410,135798
2025,7/1/2025,WARREN,89558,37885,24376,603,221,250,203,86,19,111,25804
2025,7/1/2025,TOTALS,6580616,1665276,2534153,24141,11650,13424,11355,5121,1373,7193,2306930
2025,8/1/2025,ATLANTIC,203221,61315,69305,819,375,454,433,197,68,269,69986
2025,8/1/2025,BERGEN,677495,163525,255030,2104,1094,1093,882,379,99,530,252759
2025,8/1/2025,BURLINGTON,367168,98229,142984,1473,625,663,511,260,69,364,121990
2025,8/1/2025,CAMDEN,388317,70929,181385,1582,757,894,788,407,95,502,130978
2025,8/1/2025,CAPE MAY,76405,34128,18641,307,106,155,139,60,10,76,22783
2025,8/1/2025,CUMBERLAND,96311,25511,31643,419,182,289,351,157,37,191,37531
2025,8/1/2025,ESSEX,565206,65461,294853,1310,778,905,939,447,161,613,199739
2025,8/1/2025,GLOUCESTER,227789,66856,85343,1120,393,447,341,158,34,261,72836
2025,8/1/2025,HUDSON,425613,54408,225057,1566,916,956,899,394,123,611,140683
2025,8/1/2025,HUNTERDON,106603,43944,31296,390,129,136,99,42,15,61,30491
2025,8/1/2025,MERCER,265981,43700,119262,960,545,595,587,304,52,419,99557
2025,8/1/2025,MIDDLESEX,582543,112097,240885,1817,1190,1245,1153,478,127,742,222809
2025,8/1/2025,MONMOUTH,502370,167961,142401,1961,790,927,674,314,68,356,186918
2025,8/1/2025,MORRIS,386639,137550,118212,1475,617,587,409,209,44,300,127236
2025,8/1/2025,OCEAN,476312,200046,103819,1858,767,1094,821,305,85,421,167096
2025,8/1/2025,PASSAIC,337347,79930,133667,1162,718,921,737,343,92,449,119328
2025,8/1/2025,SALEM,49592,16355,14535,290,105,166,94,44,9,83,17911
2025,8/1/2025,SOMERSET,257495,66362,92216,934,455,382,308,138,41,212,96447
2025,8/1/2025,SUSSEX,120642,52401,27408,710,262,313,164,78,23,124,39159
2025,8/1/2025,UNION,388834,68350,179402,1161,566,788,723,331,91,411,137011
2025,8/1/2025,WARREN,89707,37869,24408,608,218,245,203,85,20,113,25938
2025,8/1/2025,TOTALS,6591590,1666927,2531752,24026,11588,13255,11255,5130,1363,7108,2319186
2025,9/1/2025,ATLANTIC,203380,61317,69201,811,382,454,427,196,68,268,70256
2025,9/1/2025,BERGEN,677176,163428,254380,2104,1094,1085,877,382,96,529,253201
2025,9/1/2025,BURLINGTON,367834,98365,142983,1473,625,656,512,260,70,373,122517
2025,9/1/2025,CAMDEN,388787,70963,181313,1587,753,888,790,412,96,503,131482
2025,9/1/2025,CAPE MAY,76431,34155,18608,308,106,157,142,60,10,76,22809
2025,9/1/2025,CUMBERLAND,96500,25548,31619,418,183,291,351,156,37,192,37705
2025,9/1/2025,ESSEX,565310,65451,294495,1307,783,910,938,447,158,611,200210
2025,9/1/2025,GLOUCESTER,228356,67005,85394,1119,391,449,341,160,33,263,73201
2025,9/1/2025,HUDSON,426356,54501,225100,1556,906,939,893,387,121,595,141358
2025,9/1/2025,HUNTERDON,106764,43976,31339,388,127,137,99,42,15,62,30579
2025,9/1/2025,MERCER,266606,43728,119285,961,541,592,584,301,52,416,100146
2025,9/1/2025,MIDDLESEX,582024,111971,240099,1812,1180,1247,1149,480,127,737,223222
2025,9/1/2025,MONMOUTH,502877,168074,142245,1979,792,918,681,315,66,357,187450
2025,9/1/2025,MORRIS,387218,137524,118258,1480,613,579,409,209,44,300,127802
2025,9/1/2025,OCEAN,476665,200111,103605,1850,767,1084,823,308,84,425,167608
2025,9/1/2025,PASSAIC,338369,80288,133929,1164,726,913,741,343,93,457,119715
2025,9/1/2025,SALEM,49642,16375,14514,294,105,167,94,42,9,81,17961
2025,9/1/2025,SOMERSET,257964,66359,92142,934,456,385,306,136,41,216,96989
2025,9/1/2025,SUSSEX,120885,52430,27406,709,263,316,164,78,22,127,39370
2025,9/1/2025,UNION,389543,68401,179319,1170,570,785,722,325,91,412,137748
2025,9/1/2025,WARREN,89899,37942,24474,615,223,244,204,85,20,114,25978
2025,9/1/2025,TOTALS,6598586,1667912,2529708,24039,11586,13196,11247,5124,1353,7114,2327307
2025,10/1/2025,ATLANTIC,203981,61430,69129,820,383,449,429,195,67,268,70811
2025,10/1/2025,BERGEN,677478,163434,253404,2098,1082,1088,866,386,98,536,254486
2025,10/1/2025,BURLINGTON,368698,98481,142962,1472,618,660,513,264,70,372,123286
2025,10/1/2025,CAMDEN,389244,71023,181154,1582,748,891,781,418,98,495,132054
2025,10/1/2025,CAPE MAY,76556,34207,18593,312,106,156,139,60,11,76,22896
2025,10/1/2025,CUMBERLAND,96645,25617,31541,413,181,294,353,155,36,192,37863
2025,10/1/2025,ESSEX,566085,65501,293925,1322,787,909,940,452,158,612,201479
2025,10/1/2025,GLOUCESTER,228801,67162,85221,1117,392,457,342,163,32,262,73653
2025,10/1/2025,HUDSON,427425,54577,224909,1557,907,939,893,385,121,591,142546
2025,10/1/2025,HUNTERDON,107042,44051,31377,391,127,137,99,42,15,62,30741
2025,10/1/2025,MERCER,266925,43737,119176,952,535,590,584,300,52,417,100582
2025,10/1/2025,MIDDLESEX,582846,112140,239294,1807,1177,1247,1152,474,127,728,224700
2025,10/1/2025,MONMOUTH,503764,168426,141921,1989,787,921,678,314,67,364,188297
2025,10/1/2025,MORRIS,388191,137596,118192,1471,610,579,404,210,45,299,128785
2025,10/1/2025,OCEAN,477562,200431,103374,1845,769,1084,827,308,86,423,168415
2025,10/1/2025,PASSAIC,338772,80508,133814,1163,729,915,740,340,94,460,120009
2025,10/1/2025,SALEM,49861,16474,14517,297,102,167,92,41,9,80,18082
2025,10/1/2025,SOMERSET,258485,66432,91971,932,463,388,311,135,41,220,97592
2025,10/1/2025,SUSSEX,121025,52412,27356,709,265,317,163,79,22,127,39575
2025,10/1/2025,UNION,390356,68610,179006,1173,573,789,717,327,90,417,138654
2025,10/1/2025,WARREN,90153,38048,24510,616,223,250,205,87,20,117,26077
2025,10/1/2025,TOTALS,6609895,1670297,2525346,24038,11564,13227,11228,5135,1359,7118,2340583
2025,11/1/2025,ATLANTIC,204672,61551,69257,826,379,446,425,195,65,266,71262
2025,11/1/2025,BERGEN,678644,163493,252899,2095,1077,1092,865,387,101,539,256096
2025,11/1/2025,BURLINGTON,370291,98779,143198,1465,621,664,512,265,70,379,124338
2025,11/1/2025,CAMDEN,390364,71128,181190,1573,748,891,782,417,97,490,133048
2025,11/1/2025,CAPE MAY,76730,34259,18578,314,108,157,140,59,11,76,23028
2025,11/1/2025,CUMBERLAND,96570,25542,31478,416,179,294,352,159,36,194,37920
2025,11/1/2025,ESSEX,568308,65657,294180,1324,791,906,945,445,158,623,203279
2025,11/1/2025,GLOUCESTER,229173,67216,85185,1119,392,455,337,164,34,261,74010
2025,11/1/2025,HUDSON,430474,54816,225482,1568,895,945,884,383,119,603,144779
2025,11/1/2025,HUNTERDON,107160,44043,31402,388,125,141,100,40,15,61,30845
2025,11/1/2025,MERCER,268565,43896,119457,954,540,593,583,300,50,415,101777
2025,11/1/2025,MIDDLESEX,584956,112332,239363,1813,1183,1250,1144,473,125,727,226546
2025,11/1/2025,MONMOUTH,505394,168823,141986,1988,786,923,686,318,70,368,189446
2025,11/1/2025,MORRIS,389321,137795,118206,1457,603,574,404,211,45,297,129729
2025,11/1/2025,OCEAN,478960,200896,103349,1854,768,1086,824,314,85,429,169355
2025,11/1/2025,PASSAIC,340052,80751,134133,1163,732,924,747,343,95,460,120704
2025,11/1/2025,SALEM,50040,16534,14513,293,103,168,92,41,9,80,18207
2025,11/1/2025,SOMERSET,259495,66486,92126,932,462,388,312,138,41,221,98389
2025,11/1/2025,SUSSEX,121197,52418,27363,716,264,318,164,78,22,126,39728
2025,11/1/2025,UNION,391487,68834,178951,1168,572,785,714,330,91,414,139628
2025,11/1/2025,WARREN,90407,38148,24565,614,223,254,205,85,20,119,26174
2025,11/1/2025,TOTALS,6632260,1673397,2526861,24040,11551,13254,11217,5145,1359,7148,2358288
2025,11/4/2025,ATLANTIC,204692,61550,69252,825,378,446,426,195,65,265,71290
2025,11/4/2025,BERGEN,678589,163498,252845,2095,1077,1092,863,387,101,539,256092
2025,11/4/2025,BURLINGTON,370331,98798,143206,1465,621,663,511,265,70,379,124353
2025,11/4/2025,CAMDEN,390390,71126,181202,1572,748,892,779,417,97,490,133067
2025,11/4/2025,CAPE MAY,76742,34267,18574,314,108,157,140,59,11,76,23036
2025,11/4/2025,CUMBERLAND,96564,25540,31478,416,179,294,352,159,36,194,37916
2025,11/4/2025,ESSEX,568474,65667,294246,1324,792,906,943,448,159,626,203363
2025,11/4/2025,GLOUCESTER,229150,67210,85175,1119,392,455,337,164,34,261,74003
2025,11/4/2025,HUDSON,430694,54850,225512,1570,893,945,885,383,120,604,144932
2025,11/4/2025,HUNTERDON,107150,44046,31399,389,125,141,100,40,15,61,30834
2025,11/4/2025,MERCER,268600,43898,119466,954,541,593,583,300,50,414,101801
2025,11/4/2025,MIDDLESEX,584954,112332,239354,1813,1183,1250,1144,472,125,727,226554
2025,11/4/2025,MONMOUTH,505429,168834,141994,1989,786,923,686,318,70,368,189461
2025,11/4/2025,MORRIS,389320,137796,118196,1458,602,574,404,211,45,296,129738
2025,11/4/2025,OCEAN,478999,200907,103344,1854,768,1088,824,315,86,429,169384
2025,11/4/2025,PASSAIC,340090,80753,134146,1163,732,924,747,342,95,460,120728
2025,11/4/2025,SALEM,50038,16534,14509,292,103,166,92,40,9,80,18213
2025,11/4/2025,SOMERSET,259498,66487,92125,932,462,388,312,138,41,221,98392
2025,11/4/2025,SUSSEX,121193,52414,27362,716,264,318,164,78,22,126,39729
2025,11/4/2025,UNION,391430,68818,178923,1168,571,785,714,330,91,414,139616
2025,11/4/2025,WARREN,90401,38143,24564,614,223,254,205,85,20,119,26174
2025,11/4/2025,TOTALS,6632728,1673468,2526872,24042,11548,13254,11211,5146,1362,7149,2358676
2025,12/1/2025,ATLANTIC,204784,61552,69258,826,378,445,424,195,65,264,71377
2025,12/1/2025,BERGEN,679551,163673,252976,2096,1078,1096,859,386,101,538,256748
2025,12/1/2025,BURLINGTON,370959,98847,143407,1466,623,670,516,267,69,384,124710
2025,12/1/2025,CAMDEN,390787,71180,181314,1579,748,892,778,415,95,490,133296
2025,12/1/2025,CAPE MAY,76922,34349,18595,315,106,157,138,58,11,76,23117
2025,12/1/2025,CUMBERLAND,96636,25546,31466,415,180,294,355,161,36,193,37990
2025,12/1/2025,ESSEX,570260,65800,295049,1328,802,906,934,452,157,630,204202
2025,12/1/2025,GLOUCESTER,229228,67239,85168,1120,393,454,340,165,33,261,74055
2025,12/1/2025,HUDSON,432254,54969,226058,1571,897,945,883,382,119,609,145821
2025,12/1/2025,HUNTERDON,107408,44104,31506,395,122,143,99,40,15,63,30921
2025,12/1/2025,MERCER,268552,43876,119417,949,541,590,581,299,48,415,101836
2025,12/1/2025,MIDDLESEX,584930,112326,239329,1804,1175,1250,1144,469,125,726,226582
2025,12/1/2025,MONMOUTH,504733,168653,141781,1980,785,917,681,317,70,367,189182
2025,12/1/2025,MORRIS,390591,137919,118478,1463,604,570,410,211,45,299,130592
2025,12/1/2025,OCEAN,480177,201461,103482,1855,767,1089,826,315,86,432,169864
2025,12/1/2025,PASSAIC,339855,80703,134028,1162,728,926,746,341,95,460,120666
2025,12/1/2025,SALEM,50207,16593,14539,290,102,165,92,40,10,77,18299
2025,12/1/2025,SOMERSET,259355,66416,92126,928,463,389,312,136,41,222,98322
2025,12/1/2025,SUSSEX,120989,52324,27293,715,261,317,164,78,22,125,39690
2025,12/1/2025,UNION,393190,69038,179458,1170,566,784,711,336,91,416,140620
2025,12/1/2025,WARREN,90614,38231,24625,614,225,254,203,85,20,122,26235
2025,12/1/2025,TOTALS,6641982,1674799,2529353,24041,11544,13253,11196,5148,1354,7169,2364125
2026,1/1/2026,ATLANTIC,204429,61413,69189,820,373,440,425,194,64,263,71248
2026,1/1/2026,BERGEN,680774,163924,253054,2090,1073,1096,861,386,99,541,257650
2026,1/1/2026,BURLINGTON,371753,98974,143516,1473,624,666,521,273,71,384,125251
2026,1/1/2026,CAMDEN,391699,71318,181786,1579,750,885,772,412,95,504,133598
2026,1/1/2026,CAPE MAY,76869,34317,18546,317,107,158,138,60,10,75,23141
2026,1/1/2026,CUMBERLAND,97021,25611,31547,421,177,288,354,161,36,192,38234
2026,1/1/2026,ESSEX,570430,65738,295123,1320,810,906,932,455,155,637,204354
2026,1/1/2026,GLOUCESTER,230115,67485,85400,1121,389,457,342,163,33,262,74463
2026,1/1/2026,HUDSON,432253,55004,225865,1577,895,949,884,380,119,614,145966
2026,1/1/2026,HUNTERDON,107333,44061,31507,391,122,143,98,40,15,61,30895
2026,1/1/2026,MERCER,267888,43739,119144,939,538,588,580,298,48,411,101603
2026,1/1/2026,MIDDLESEX,587342,112590,239774,1812,1167,1249,1145,464,125,737,228279
2026,1/1/2026,MONMOUTH,507065,169242,142168,1975,785,919,684,319,71,374,190528
2026,1/1/2026,MORRIS,390830,137716,118512,1466,601,566,413,210,44,300,131002
2026,1/1/2026,OCEAN,481531,201904,103529,1858,764,1092,823,314,88,435,170724
2026,1/1/2026,PASSAIC,341290,81082,134700,1174,729,928,754,345,95,470,121013
2026,1/1/2026,SALEM,50258,16623,14520,289,103,163,91,40,10,76,18343
2026,1/1/2026,SOMERSET,260377,66389,92327,918,454,393,311,139,41,220,99185
2026,1/1/2026,SUSSEX,121184,52386,27334,713,260,319,165,78,22,128,39779
2026,1/1/2026,UNION,393345,68997,179429,1160,572,787,713,336,89,414,140848
2026,1/1/2026,WARREN,90833,38302,24704,619,221,257,201,87,19,124,26299
2026,1/1/2026,TOTALS,6654619,1676815,2531674,24032,11514,13249,11207,5154,1349,7222,2372403
2026,2/1/2026,ATLANTIC,205107,61555,69235,819,375,444,427,193,60,271,71728
2026,2/1/2026,BERGEN,680579,163742,252548,2084,1072,1093,864,386,101,543,258146
2026,2/1/2026,BURLINGTON,372129,98949,143552,1477,622,670,518,272,72,391,125606
2026,2/1/2026,CAMDEN,391733,71232,181583,1578,750,882,774,410,95,503,133926
2026,2/1/2026,CAPE MAY,76866,34288,18535,318,107,157,137,61,9,74,23180
2026,2/1/2026,CUMBERLAND,96717,25561,31475,420,175,285,354,161,36,192,38058
2026,2/1/2026,ESSEX,570899,65730,295199,1319,804,901,931,457,155,638,204765
2026,2/1/2026,GLOUCESTER,230839,67599,85496,1122,388,450,339,161,32,259,74993
2026,2/1/2026,HUDSON,432789,55081,225704,1585,889,940,888,384,117,614,146587
2026,2/1/2026,HUNTERDON,107551,44153,31589,389,121,141,99,40,15,63,30941
2026,2/1/2026,MERCER,268093,43727,119133,937,541,588,578,299,48,415,101827
2026,2/1/2026,MIDDLESEX,587092,112459,239132,1802,1150,1253,1138,473,124,733,228828
2026,2/1/2026,MONMOUTH,507456,169205,142119,1972,779,920,682,319,73,380,191007
2026,2/1/2026,MORRIS,391427,137623,118798,1466,600,567,412,214,46,302,131399
2026,2/1/2026,OCEAN,482133,202173,103546,1858,762,1091,822,315,88,440,171038
2026,2/1/2026,PASSAIC,341507,81129,134698,1173,731,930,754,348,95,473,121176
2026,2/1/2026,SALEM,50295,16630,14508,290,105,164,90,40,10,74,18384
2026,2/1/2026,SOMERSET,260598,66282,92334,912,456,394,310,138,41,222,99509
2026,2/1/2026,SUSSEX,121591,52508,27362,719,256,321,169,81,21,129,40025
2026,2/1/2026,UNION,393809,69008,179341,1161,571,787,717,339,88,415,141382
2026,2/1/2026,WARREN,90987,38397,24745,625,221,256,202,90,19,123,26309
2026,2/1/2026,TOTALS,6660197,1677031,2530632,24026,11475,13234,11205,5181,1345,7254,2378814
2026,3/1/2026,ATLANTIC,205242,61522,69172,822,375,442,424,191,61,270,71963
2026,3/1/2026,BERGEN,680630,163517,252087,2087,1071,1100,863,382,103,545,258875
2026,3/1/2026,BURLINGTON,372363,98865,143539,1469,623,676,520,273,72,392,125934
2026,3/1/2026,CAMDEN,391841,71157,181393,1583,750,876,774,413,96,502,134297
2026,3/1/2026,CAPE MAY,76852,34244,18551,314,103,157,136,60,9,73,23205
2026,3/1/2026,CUMBERLAND,97114,25602,31510,430,178,284,355,162,34,193,38366
2026,3/1/2026,ESSEX,571364,65885,296596,1320,797,901,927,455,154,636,203693
2026,3/1/2026,GLOUCESTER,231177,67583,85542,1123,386,448,342,164,32,262,75295
2026,3/1/2026,HUDSON,432960,55107,225320,1589,889,935,882,385,117,616,147120
2026,3/1/2026,HUNTERDON,107638,44183,31627,390,121,141,99,40,15,63,30959
2026,3/1/2026,MERCER,269110,43757,119447,939,539,588,574,297,49,423,102497
2026,3/1/2026,MIDDLESEX,587529,112256,238685,1798,1149,1246,1136,471,124,733,229931
2026,3/1/2026,MONMOUTH,507652,169163,142013,1972,777,921,687,320,73,382,191344
2026,3/1/2026,MORRIS,391854,137813,120506,1468,601,559,413,213,47,305,129929
2026,3/1/2026,OCEAN,481576,201894,103181,1850,765,1085,825,309,88,442,171137
2026,3/1/2026,PASSAIC,341718,81257,134953,1176,731,923,758,352,97,473,120998
2026,3/1/2026,SALEM,50367,16669,14530,293,105,165,90,43,10,74,18388
2026,3/1/2026,SOMERSET,260634,66189,92288,908,456,396,312,136,42,220,99687
2026,3/1/2026,SUSSEX,121834,52518,27439,718,257,322,175,79,21,132,40173
2026,3/1/2026,UNION,394227,68988,179287,1160,568,788,722,336,89,416,141873
2026,3/1/2026,WARREN,91141,38441,24805,626,221,257,203,91,18,124,26355
2026,3/1/2026,TOTALS,6664823,1676610,2532471,24035,11462,13210,11217,5172,1351,7276,2382019
2026,4/1/2026,ATLANTIC,205360,61477,69102,829,377,444,420,192,61,270,72188
2026,4/1/2026,BERGEN,681213,163587,252612,2075,1075,1105,861,379,102,550,258867
2026,4/1/2026,BURLINGTON,372456,98722,143408,1472,631,679,517,275,71,393,126288
2026,4/1/2026,CAMDEN,392105,71175,181231,1584,747,877,773,416,94,505,134703
2026,4/1/2026,CAPE MAY,76843,34178,18577,318,106,152,136,60,9,70,23237
2026,4/1/2026,CUMBERLAND,97236,25639,31575,431,180,283,354,162,34,190,38388
2026,4/1/2026,ESSEX,572373,65866,296736,1332,786,902,943,457,153,644,204554
2026,4/1/2026,GLOUCESTER,231560,67634,85631,1130,385,451,347,167,34,268,75513
2026,4/1/2026,HUDSON,433022,55015,224865,1581,889,928,882,386,120,620,147736
2026,4/1/2026,HUNTERDON,107722,44242,31782,389,120,142,98,41,15,64,30829
2026,4/1/2026,MERCER,270450,43774,119708,943,543,586,575,298,48,433,103542
2026,4/1/2026,MIDDLESEX,588380,112250,238406,1797,1147,1248,1125,471,124,725,231087
2026,4/1/2026,MONMOUTH,507805,169219,142122,1979,777,927,686,317,72,387,191319
2026,4/1/2026,MORRIS,392243,137615,120441,1465,597,553,410,215,48,308,130591
2026,4/1/2026,OCEAN,481671,202028,103117,1850,765,1088,829,308,88,445,171153
2026,4/1/2026,PASSAIC,341846,81294,134842,1182,732,920,761,356,97,475,121187
2026,4/1/2026,SALEM,50304,16664,14484,294,104,162,88,43,9,76,18380
2026,4/1/2026,SOMERSET,260830,66100,92253,914,453,402,318,139,40,220,99991
2026,4/1/2026,SUSSEX,121909,52533,27492,725,260,316,176,77,21,134,40175
2026,4/1/2026,UNION,394512,69101,179504,1160,561,795,724,335,88,417,141827
2026,4/1/2026,WARREN,91297,38534,24912,626,222,256,207,91,18,127,26304
2026,4/1/2026,TOTALS,6671137,1676647,2532800,24076,11457,13216,11230,5185,1346,7321,2387859
2026,5/1/2026,ATLANTIC,205384,61515,69221,833,374,446,419,194,60,269,72053
2026,5/1/2026,BERGEN,681758,163541,252662,2085,1070,1100,863,382,102,556,259397
2026,5/1/2026,BURLINGTON,372986,98878,143937,1468,634,684,520,275,69,396,126125
2026,5/1/2026,CAMDEN,392734,71404,182241,1580,746,877,772,414,95,503,134102
2026,5/1/2026,CAPE MAY,76891,34140,18599,316,108,151,138,60,9,72,23298
2026,5/1/2026,CUMBERLAND,97400,25679,31635,431,183,284,355,165,34,190,38444
2026,5/1/2026,ESSEX,572887,65820,296668,1330,790,906,948,458,152,646,205169
2026,5/1/2026,GLOUCESTER,231851,67699,85807,1131,384,448,347,167,34,262,75572
2026,5/1/2026,HUDSON,433221,54867,224503,1571,885,924,878,388,119,623,148463
2026,5/1/2026,HUNTERDON,107773,44198,31820,393,121,141,97,41,15,64,30883
2026,5/1/2026,MERCER,271027,43700,119839,946,543,583,570,299,49,429,104069
2026,5/1/2026,MIDDLESEX,590382,112265,239056,1796,1145,1249,1129,469,123,728,232422
2026,5/1/2026,MONMOUTH,508171,169225,142037,1988,777,926,687,312,72,386,191761
2026,5/1/2026,MORRIS,392777,137732,120704,1463,599,556,407,216,47,308,130745
2026,5/1/2026,OCEAN,481995,202149,103063,1842,761,1092,837,306,88,444,171413
2026,5/1/2026,PASSAIC,342530,81324,135018,1189,728,918,769,354,99,476,121655
2026,5/1/2026,SALEM,50359,16662,14487,296,103,162,87,42,9,76,18435
2026,5/1/2026,SOMERSET,261306,66056,92320,916,447,405,316,139,39,224,100444
2026,5/1/2026,SUSSEX,121985,52519,27506,726,260,318,173,78,21,133,40251
2026,5/1/2026,UNION,394935,69048,179593,1171,560,792,723,335,89,425,142199
2026,5/1/2026,WARREN,91497,38620,25000,627,224,255,208,96,18,130,26319
2026,5/1/2026,TOTALS,6679849,1677041,2535716,24098,11442,13217,11243,5190,1343,7340,2393219
2026,6/1/2026,ATLANTIC,205628,61621,69345,829,374,444,415,197,60,270,72073
2026,6/1/2026,BERGEN,681746,163436,252735,2097,1072,1102,868,381,100,559,259396
2026,6/1/2026,BURLINGTON,373487,98985,144458,1473,634,681,520,275,68,396,125997
2026,6/1/2026,CAMDEN,393043,71582,182783,1581,746,875,778,413,96,506,133683
2026,6/1/2026,CAPE MAY,76928,34122,18671,317,109,152,136,60,9,74,23278
2026,6/1/2026,CUMBERLAND,97350,25639,31670,432,183,283,354,167,34,188,38400
2026,6/1/2026,ESSEX,573602,65875,297225,1327,800,906,946,458,152,651,205262
2026,6/1/2026,GLOUCESTER,231858,67716,85817,1131,388,448,348,167,34,263,75546
2026,6/1/2026,HUDSON,434278,54998,225141,1580,886,920,881,389,118,631,148734
2026,6/1/2026,HUNTERDON,107877,44238,31973,392,120,140,98,41,15,63,30797
2026,6/1/2026,MERCER,271475,43769,120589,943,540,588,570,299,50,435,103692
2026,6/1/2026,MIDDLESEX,592094,112241,240617,1789,1138,1249,1136,473,121,733,232597
2026,6/1/2026,MONMOUTH,508653,169401,142288,1988,775,926,695,310,71,391,191808
2026,6/1/2026,MORRIS,393141,137944,121178,1459,597,549,406,213,48,313,130434
2026,6/1/2026,OCEAN,482549,202316,103197,1845,760,1089,840,307,88,449,171658
2026,6/1/2026,PASSAIC,343350,81507,135448,1193,732,922,776,355,99,482,121836
2026,6/1/2026,SALEM,50399,16672,14495,295,103,160,85,43,10,77,18459
2026,6/1/2026,SOMERSET,261705,66055,92873,921,448,406,316,140,38,226,100282
2026,6/1/2026,SUSSEX,121965,52523,27598,728,260,319,173,78,21,132,40133
2026,6/1/2026,UNION,395597,69127,180148,1181,559,790,725,337,90,434,142206
2026,6/1/2026,WARREN,91638,38702,25106,631,224,255,209,98,19,127,26267
2026,6/1/2026,TOTALS,6688363,1678469,2543355,24132,11448,13204,11275,5201,1341,7400,2392538
2026,6/2/2026,ATLANTIC,205608,61600,69326,828,374,446,414,198,60,270,72092
2026,6/2/2026,BERGEN,681646,163408,252696,2097,1072,1102,868,381,100,559,259363
2026,6/2/2026,BURLINGTON,373473,98983,144453,1472,635,682,520,275,68,398,125987
2026,6/2/2026,CAMDEN,393058,71583,182797,1581,746,875,778,413,96,506,133683
2026,6/2/2026,CAPE MAY,76920,34119,18670,317,109,152,136,60,9,74,23274
2026,6/2/2026,CUMBERLAND,97349,25639,31669,432,183,283,354,167,34,188,38400
2026,6/2/2026,ESSEX,573678,65886,297246,1328,799,905,947,458,152,654,205303
2026,6/2/2026,GLOUCESTER,231846,67711,85813,1131,388,448,348,167,34,263,75543
2026,6/2/2026,HUDSON,434331,54988,225143,1580,886,920,879,390,118,633,148794
2026,6/2/2026,HUNTERDON,107851,44227,31961,392,120,140,98,41,15,63,30794
2026,6/2/2026,MERCER,271503,43773,120598,943,540,588,570,299,50,435,103707
2026,6/2/2026,MIDDLESEX,592115,112240,240630,1789,1136,1249,1137,473,121,733,232607
2026,6/2/2026,MONMOUTH,508652,169421,142319,1988,775,926,695,310,71,391,191756
2026,6/2/2026,MORRIS,393127,137940,121177,1459,597,549,406,213,48,313,130425
2026,6/2/2026,OCEAN,482549,202316,103197,1845,760,1089,840,307,88,449,171658
2026,6/2/2026,PASSAIC,343399,81521,135469,1192,732,922,776,355,99,481,121852
2026,6/2/2026,SALEM,50384,16672,14481,295,103,159,85,43,10,77,18459
2026,6/2/2026,SOMERSET,261710,66054,92875,921,448,406,316,140,38,226,100286
2026,6/2/2026,SUSSEX,121960,52520,27598,728,260,319,173,78,21,132,40131
2026,6/2/2026,UNION,395576,69120,180127,1181,560,789,724,337,90,434,142214
2026,6/2/2026,WARREN,91632,38701,25104,631,224,255,209,98,19,127,26264
2026,6/2/2026,TOTALS,6688367,1678422,2543349,24130,11447,13204,11273,5203,1341,7406,2392592
2026,7/1/2026,ATLANTIC,205606,61936,70058,828,372,444,412,193,59,265,71039
2026,7/1/2026,BERGEN,682962,164463,255142,2098,1069,1101,868,386,98,562,257175
2026,7/1/2026,BURLINGTON,374369,99448,145821,1480,631,674,519,272,68,397,125059
2026,7/1/2026,CAMDEN,394005,71699,183752,1572,736,864,780,418,95,521,133568
2026,7/1/2026,CAPE MAY,76969,34225,18921,316,107,153,134,59,9,73,22972
2026,7/1/2026,CUMBERLAND,97509,25827,32058,434,185,286,355,164,33,186,37981
2026,7/1/2026,ESSEX,574418,65882,297423,1333,789,897,936,458,152,652,205896
2026,7/1/2026,GLOUCESTER,231839,68088,86366,1126,383,442,349,164,34,264,74623
2026,7/1/2026,HUDSON,434662,55241,227271,1586,893,918,886,393,118,641,146715
2026,7/1/2026,HUNTERDON,108078,44475,32297,393,121,139,97,41,15,63,30437
2026,7/1/2026,MERCER,271490,43877,122603,940,537,585,561,298,49,432,101608
2026,7/1/2026,MIDDLESEX,593485,112797,245318,1772,1104,1244,1127,473,120,724,228806
2026,7/1/2026,MONMOUTH,509276,171038,143955,1978,768,913,697,306,69,386,189166
2026,7/1/2026,MORRIS,393820,138353,122145,1470,592,549,418,213,48,310,129722
2026,7/1/2026,OCEAN,483575,203741,104204,1844,761,1072,842,307,88,447,170269
2026,7/1/2026,PASSAIC,343835,81961,136724,1186,719,926,776,355,99,487,120602
2026,7/1/2026,SALEM,50398,16795,14638,296,101,158,85,44,10,77,18194
2026,7/1/2026,SOMERSET,261639,66325,94965,920,435,404,308,139,38,224,97881
2026,7/1/2026,SUSSEX,121926,52783,27977,718,261,322,173,78,20,135,39459
2026,7/1/2026,UNION,396274,69590,182739,1190,555,780,720,340,91,441,139828
2026,7/1/2026,WARREN,91830,38896,25376,637,227,255,207,99,19,129,25985
2026,7/1/2026,TOTALS,6697965,1687440,2569753,24117,11346,13126,11250,5200,1332,7416,2366985
2026,8/1/2026,ATLANTIC,205904,61890,70118,827,373,446,410,195,59,265,71321
2026,8/1/2026,BERGEN,683809,164408,255018,2104,1066,1107,869,389,98,573,258177
2026,8/1/2026,BURLINGTON,374629,99328,145718,1495,626,668,518,274,68,395,125539
2026,8/1/2026,CAMDEN,393880,71567,183511,1564,741,860,777,419,94,528,133819
2026,8/1/2026,CAPE MAY,76966,34203,18907,315,107,153,132,57,9,73,23010
2026,8/1/2026,CUMBERLAND,97783,25860,32053,434,181,290,353,166,32,189,38225
2026,8/1/2026,ESSEX,574694,65908,297280,1333,793,900,939,464,153,660,206264
2026,8/1/2026,GLOUCESTER,233132,68282,86595,1144,387,447,347,167,34,270,75459
2026,8/1/2026,HUDSON,434455,55184,226851,1591,888,923,882,396,119,645,146976
2026,8/1/2026,HUNTERDON,108012,44407,32294,393,125,137,97,41,15,63,30440
2026,8/1/2026,MERCER,272198,43874,122721,949,541,584,558,296,49,436,102190
2026,8/1/2026,MIDDLESEX,594991,112773,245230,1782,1103,1250,1142,471,120,738,230382
2026,8/1/2026,MONMOUTH,509798,171047,143960,1987,767,913,702,307,69,394,189652
2026,8/1/2026,MORRIS,394346,138252,122132,1473,590,548,414,214,49,315,130359
2026,8/1/2026,OCEAN,483676,203612,103987,1845,757,1073,845,309,89,453,170706
2026,8/1/2026,PASSAIC,344470,82100,136865,1203,721,923,776,352,100,491,120939
2026,8/1/2026,SALEM,50412,16782,14607,294,98,156,85,44,10,78,18258
2026,8/1/2026,SOMERSET,262261,66324,95067,911,432,408,306,135,39,230,98409
2026,8/1/2026,SUSSEX,122095,52759,27972,714,261,318,172,84,21,136,39658
2026,8/1/2026,UNION,396835,69523,182870,1184,550,773,711,340,89,442,140353
2026,8/1/2026,WARREN,92092,38956,25462,640,227,256,208,97,20,130,26096
2026,8/1/2026,TOTALS,6706438,1687039,2569218,24182,11334,13133,11243,5217,1336,7504,2376232
2026,9/1/2026,ATLANTIC,205984,61870,70083,831,372,447,411,194,58,268,71450
2026,9/1/2026,BERGEN,683709,164276,254894,2098,1063,1116,876,389,97,582,258318
2026,9/1/2026,BURLINGTON,375007,99294,145814,1503,621,668,518,278,70,402,125839
2026,9/1/2026,CAMDEN,393938,71446,183457,1567,737,848,782,427,94,542,134038
2026,9/1/2026,CAPE MAY,77035,34195,18932,317,107,152,131,56,9,75,23061
2026,9/1/2026,CUMBERLAND,97823,25810,32052,436,179,287,352,166,32,188,38321
2026,9/1/2026,ESSEX,574844,65866,297452,1340,794,904,956,469,153,663,206247
2026,9/1/2026,GLOUCESTER,233363,68263,86611,1145,386,450,347,171,35,271,75684
2026,9/1/2026,HUDSON,434573,55225,226886,1589,884,918,884,392,116,648,147031
2026,9/1/2026,HUNTERDON,108068,44409,32338,397,124,137,97,41,15,63,30447
2026,9/1/2026,MERCER,272040,43882,122756,953,542,582,559,297,50,436,101983
2026,9/1/2026,MIDDLESEX,594733,112623,244951,1781,1100,1239,1143,473,122,745,230556
2026,9/1/2026,MONMOUTH,510180,171057,143894,1993,773,912,704,304,68,398,190077
2026,9/1/2026,MORRIS,394899,138151,122250,1479,592,545,418,216,52,315,130881
2026,9/1/2026,OCEAN,484086,203652,103893,1838,748,1074,839,312,90,454,171186
2026,9/1/2026,PASSAIC,344412,82139,136937,1204,726,924,781,353,100,496,120752
2026,9/1/2026,SALEM,50499,16814,14620,294,95,155,84,43,9,81,18304
2026,9/1/2026,SOMERSET,262366,66267,95146,917,429,403,306,137,38,231,98492
2026,9/1/2026,SUSSEX,122534,52766,28055,722,260,324,169,83,21,139,39995
2026,9/1/2026,UNION,397116,69452,182960,1186,549,773,717,341,89,448,140601
2026,9/1/2026,WARREN,92262,39016,25528,638,230,258,207,98,20,132,26135
2026,9/1/2026,TOTALS,6709471,1686473,2569509,24228,11311,13116,11281,5240,1338,7577,2379398
2026,10/1/2026,ATLANTIC,206206,61812,70095,833,377,452,414,197,60,264,71702
2026,10/1/2026,BERGEN,685254,164279,255001,2097,1055,1125,882,388,98,596,259733
2026,10/1/2026,BURLINGTON,376138,99353,146114,1509,624,674,522,280,69,412,126581
2026,10/1/2026,CAMDEN,394758,71421,183646,1568,734,846,789,429,93,549,134683
2026,10/1/2026,CAPE MAY,77158,34227,18944,317,106,150,130,56,9,79,23140
2026,10/1/2026,CUMBERLAND,98037,25825,32094,430,181,286,348,169,33,192,38479
2026,10/1/2026,ESSEX,576424,65854,297918,1340,794,907,959,476,156,690,207330
2026,10/1/2026,GLOUCESTER,234159,68306,86779,1150,385,452,347,172,37,284,76247
2026,10/1/2026,HUDSON,436484,55304,227411,1598,874,918,877,390,118,658,148336
2026,10/1/2026,HUNTERDON,108295,44432,32397,397,125,138,99,41,15,64,30587
2026,10/1/2026,MERCER,272387,43853,122738,949,543,585,554,296,48,442,102379
2026,10/1/2026,MIDDLESEX,596222,112560,244980,1784,1093,1241,1139,468,121,759,232077
2026,10/1/2026,MONMOUTH,510995,171120,143932,2007,772,911,700,305,67,406,190775
2026,10/1/2026,MORRIS,395779,138026,122478,1483,588,545,415,216,52,322,131654
2026,10/1/2026,OCEAN,485011,203762,103971,1841,747,1080,844,309,89,467,171901
2026,10/1/2026,PASSAIC,344893,82193,137053,1207,733,931,790,358,100,501,121027
2026,10/1/2026,SALEM,50605,16815,14608,292,94,156,84,43,9,83,18421
2026,10/1/2026,SOMERSET,263004,66184,95298,916,427,404,306,137,39,237,99056
2026,10/1/2026,SUSSEX,122873,52813,28143,723,261,318,169,85,21,142,40198
2026,10/1/2026,UNION,397999,69415,183049,1180,547,773,723,342,88,461,141421
2026,10/1/2026,WARREN,92496,39060,25605,639,231,262,207,100,19,131,26242
2026,10/1/2026,TOTALS,6725177,1686614,2572254,24260,11291,13154,11298,5257,1341,7739,2391969
