Year,Date,County,Total,REP,DEM,None,Other
2016,2016-08-15,ADAMS,63680,34226,19577,6249,3628
2016,2016-08-15,ALLEGHENY,883995,248877,522165,67043,45910
2016,2016-08-15,ARMSTRONG,41183,21040,15714,2299,2130
2016,2016-08-15,BEAVER,109908,38791,58511,5540,7066
2016,2016-08-15,BEDFORD,33398,20804,9488,1609,1497
2016,2016-08-15,BERKS,249407,96739,116244,23001,13423
2016,2016-08-15,BLAIR,74597,42108,23691,4883,3915
2016,2016-08-15,BRADFORD,36517,21603,10379,2244,2291
2016,2016-08-15,BUCKS,445518,182690,192796,40366,29666
2016,2016-08-15,BUTLER,123903,66403,41015,9513,6972
2016,2016-08-15,CAMBRIA,83884,30688,45119,5604,2473
2016,2016-08-15,CAMERON,3200,1634,1215,178,173
2016,2016-08-15,CARBON,40657,16656,18160,3125,2716
2016,2016-08-15,CENTRE,111332,43649,46478,17425,3780
2016,2016-08-15,CHESTER,340168,151090,131127,29891,28060
2016,2016-08-15,CLARION,22904,12413,8012,1681,798
2016,2016-08-15,CLEARFIELD,51812,25176,20694,2760,3182
2016,2016-08-15,CLINTON,21069,9557,8851,1597,1064
2016,2016-08-15,COLUMBIA,38400,17196,15444,3615,2145
2016,2016-08-15,CRAWFORD,51614,26481,19181,3342,2610
2016,2016-08-15,CUMBERLAND,159829,82207,53423,15113,9086
2016,2016-08-15,DAUPHIN,181362,74123,83183,14506,9550
2016,2016-08-15,DELAWARE,396673,168266,180930,25537,21940
2016,2016-08-15,ELK,19728,8035,9542,993,1158
2016,2016-08-15,ERIE,183940,64624,95932,13652,9732
2016,2016-08-15,FAYETTE,81210,26008,48380,3932,2890
2016,2016-08-15,FOREST,3269,1706,1275,146,142
2016,2016-08-15,FRANKLIN,88971,51908,24397,9248,3418
2016,2016-08-15,FULTON,8854,5415,2544,515,380
2016,2016-08-15,GREENE,21839,7511,12436,1118,774
2016,2016-08-15,HUNTINGDON,28631,16722,8973,2118,818
2016,2016-08-15,INDIANA,48443,22429,19631,4018,2365
2016,2016-08-15,JEFFERSON,29135,16274,9624,1595,1642
2016,2016-08-15,JUNIATA,13363,8089,3943,942,389
2016,2016-08-15,LACKAWANNA,143959,40782,89798,9759,3620
2016,2016-08-15,LANCASTER,321612,168051,103853,25572,24136
2016,2016-08-15,LAWRENCE,55095,22190,27193,3012,2700
2016,2016-08-15,LEBANON,83304,45360,26341,7264,4339
2016,2016-08-15,LEHIGH,225829,77856,110796,29089,8088
2016,2016-08-15,LUZERNE,197498,70271,105834,15249,6144
2016,2016-08-15,LYCOMING,67155,36526,21991,5022,3616
2016,2016-08-15,McKEAN,24071,13666,7176,1742,1487
2016,2016-08-15,MERCER,75231,31803,33814,7177,2437
2016,2016-08-15,MIFFLIN,24925,14815,7521,1802,787
2016,2016-08-15,MONROE,103441,34335,49341,11782,7983
2016,2016-08-15,MONTGOMERY,555320,210158,262232,40190,42740
2016,2016-08-15,MONTOUR,12665,6047,4665,1362,591
2016,2016-08-15,NORTHAMPTON,202121,70275,95669,21360,14817
2016,2016-08-15,NORTHUMBERLAND,54850,26528,21573,3271,3478
2016,2016-08-15,PERRY,27649,17254,7088,2373,934
2016,2016-08-15,PHILADELPHIA,1047399,120076,816601,81328,29394
2016,2016-08-15,PIKE,38120,16862,13444,4369,3445
2016,2016-08-15,POTTER,10742,6809,2848,747,338
2016,2016-08-15,SCHUYLKILL,85093,41897,33627,4626,4943
2016,2016-08-15,SNYDER,21207,13226,5385,1839,757
2016,2016-08-15,SOMERSET,48306,26081,17747,2605,1873
2016,2016-08-15,SULLIVAN,4306,2348,1520,235,203
2016,2016-08-15,SUSQUEHANNA,25550,14419,7964,1664,1503
2016,2016-08-15,TIOGA,25723,15337,7086,2349,951
2016,2016-08-15,UNION,22820,12189,7022,2387,1222
2016,2016-08-15,VENANGO,31654,16793,11003,2014,1844
2016,2016-08-15,WARREN,29630,14704,10536,1920,2470
2016,2016-08-15,WASHINGTON,132754,52028,66516,10399,3811
2016,2016-08-15,WAYNE,32626,17454,10025,3775,1372
2016,2016-08-15,WESTMORELAND,237596,98523,112333,14080,12660
2016,2016-08-15,WYOMING,15969,9028,5200,849,892
2016,2016-08-15,YORK,282848,140424,99532,33201,9691
2016,2016-08-15,TOTALS,8359461,3165253,4081348,679811,433049
2016,2016-10-17,ADAMS,66314,35693,20161,6537,3923
2016,2016-10-17,ALLEGHENY,920346,258946,538103,72516,50781
2016,2016-10-17,ARMSTRONG,42563,22111,15799,2480,2173
2016,2016-10-17,BEAVER,113252,40671,59130,6201,7250
2016,2016-10-17,BEDFORD,34093,21431,9457,1691,1514
2016,2016-10-17,BERKS,258832,100377,119867,24249,14339
2016,2016-10-17,BLAIR,77360,44031,24015,5220,4094
2016,2016-10-17,BRADFORD,37662,22380,10487,2440,2355
2016,2016-10-17,BUCKS,457677,187366,196874,42714,30723
2016,2016-10-17,BUTLER,129705,69583,42284,10181,7657
2016,2016-10-17,CAMBRIA,86386,32485,45326,5988,2587
2016,2016-10-17,CAMERON,3235,1653,1213,185,184
2016,2016-10-17,CARBON,42145,17638,18378,3313,2816
2016,2016-10-17,CENTRE,121190,46779,50368,17482,6561
2016,2016-10-17,CHESTER,354670,155513,137155,32626,29376
2016,2016-10-17,CLARION,24140,13103,8284,1790,963
2016,2016-10-17,CLEARFIELD,53126,26214,20725,2912,3275
2016,2016-10-17,CLINTON,22130,10147,9082,1761,1140
2016,2016-10-17,COLUMBIA,40715,18363,16071,4011,2270
2016,2016-10-17,CRAWFORD,52939,27311,19391,3541,2696
2016,2016-10-17,CUMBERLAND,167081,85403,55759,16037,9882
2016,2016-10-17,DAUPHIN,190350,76900,86960,15909,10581
2016,2016-10-17,DELAWARE,409568,171046,187549,27009,23964
2016,2016-10-17,ELK,20252,8472,9531,1087,1162
2016,2016-10-17,ERIE,188493,66678,97054,14246,10515
2016,2016-10-17,FAYETTE,83816,27894,48606,4313,3003
2016,2016-10-17,FOREST,3333,1750,1271,157,155
2016,2016-10-17,FRANKLIN,93005,54585,25118,9680,3622
2016,2016-10-17,FULTON,9190,5715,2539,534,402
2016,2016-10-17,GREENE,22581,8054,12481,1212,834
2016,2016-10-17,HUNTINGDON,29780,17475,9223,2206,876
2016,2016-10-17,INDIANA,51764,24149,20592,4474,2549
2016,2016-10-17,JEFFERSON,29642,16763,9551,1674,1654
2016,2016-10-17,JUNIATA,13838,8440,3972,996,430
2016,2016-10-17,LACKAWANNA,148126,42572,91110,10606,3838
2016,2016-10-17,LANCASTER,335731,174360,108201,28423,24747
2016,2016-10-17,LAWRENCE,57054,23363,27530,3336,2825
2016,2016-10-17,LEBANON,86757,47195,27199,7830,4533
2016,2016-10-17,LEHIGH,234279,80046,114944,30307,8982
2016,2016-10-17,LUZERNE,204479,73935,107591,15965,6988
2016,2016-10-17,LYCOMING,69791,38142,22448,5418,3783
2016,2016-10-17,McKEAN,24841,14149,7314,1831,1547
2016,2016-10-17,MERCER,76208,32408,33900,7355,2545
2016,2016-10-17,MIFFLIN,25449,15217,7540,1866,826
2016,2016-10-17,MONROE,109179,36305,51867,12400,8607
2016,2016-10-17,MONTGOMERY,566383,212687,267225,42630,43841
2016,2016-10-17,MONTOUR,13044,6259,4731,1429,625
2016,2016-10-17,NORTHAMPTON,211200,73353,99093,23628,15126
2016,2016-10-17,NORTHUMBERLAND,56219,27481,21678,3472,3588
2016,2016-10-17,PERRY,28710,18038,7186,2483,1003
2016,2016-10-17,PHILADELPHIA,1082240,123307,839165,83781,35987
2016,2016-10-17,PIKE,39923,17722,13925,4654,3622
2016,2016-10-17,POTTER,10970,7022,2846,761,341
2016,2016-10-17,SCHUYLKILL,87729,43806,33820,5013,5090
2016,2016-10-17,SNYDER,22226,13852,5580,1962,832
2016,2016-10-17,SOMERSET,49585,27266,17621,2793,1905
2016,2016-10-17,SULLIVAN,4401,2418,1526,248,209
2016,2016-10-17,SUSQUEHANNA,26375,15002,8039,1779,1555
2016,2016-10-17,TIOGA,26621,15915,7191,2494,1021
2016,2016-10-17,UNION,24653,12902,7619,2671,1461
2016,2016-10-17,VENANGO,32318,17272,11042,2133,1871
2016,2016-10-17,WARREN,30175,15137,10511,1996,2531
2016,2016-10-17,WASHINGTON,138507,55163,67933,11213,4198
2016,2016-10-17,WAYNE,33692,18122,10158,3953,1459
2016,2016-10-17,WESTMORELAND,245671,103576,113655,15012,13428
2016,2016-10-17,WYOMING,16807,9571,5334,925,977
2016,2016-10-17,YORK,288984,143753,100781,34360,10090
2016,2016-10-17,TOTALS,8659500,3282435,4188679,722099,466287
2016,2016-12-12,ADAMS,66815,36079,20122,6647,3967
2016,2016-12-12,ALLEGHENY,924655,259539,539909,72748,52459
2016,2016-12-12,ARMSTRONG,42548,22120,15779,2474,2175
2016,2016-12-12,BEAVER,113579,40850,59105,6316,7308
2016,2016-12-12,BEDFORD,34497,21789,9426,1763,1519
2016,2016-12-12,BERKS,259804,100783,120219,24392,14410
2016,2016-12-12,BLAIR,77784,44321,24025,5317,4121
2016,2016-12-12,BRADFORD,35977,21624,9865,2292,2196
2016,2016-12-12,BUCKS,460595,188562,197878,43291,30864
2016,2016-12-12,BUTLER,129785,69665,42228,10202,7690
2016,2016-12-12,CAMBRIA,86811,32766,45343,6045,2657
2016,2016-12-12,CAMERON,3239,1659,1210,188,182
2016,2016-12-12,CARBON,42182,17674,18332,3354,2822
2016,2016-12-12,CENTRE,123300,47629,51132,17524,7015
2016,2016-12-12,CHESTER,354302,155439,136889,32582,29392
2016,2016-12-12,CLARION,24131,13123,8240,1792,976
2016,2016-12-12,CLEARFIELD,53159,26299,20619,2966,3275
2016,2016-12-12,CLINTON,22296,10210,9119,1811,1156
2016,2016-12-12,COLUMBIA,40804,18436,16052,4054,2262
2016,2016-12-12,CRAWFORD,53396,27644,19426,3600,2726
2016,2016-12-12,CUMBERLAND,167015,85356,55725,16033,9901
2016,2016-12-12,DAUPHIN,190324,76875,86938,15928,10583
2016,2016-12-12,DELAWARE,412796,171572,189140,27336,24748
2016,2016-12-12,ELK,19222,8189,8958,1018,1057
2016,2016-12-12,ERIE,190190,67479,97581,14420,10710
2016,2016-12-12,FAYETTE,83906,28019,48509,4355,3023
2016,2016-12-12,FOREST,3330,1750,1270,155,155
2016,2016-12-12,FRANKLIN,93121,54652,25130,9696,3643
2016,2016-12-12,FULTON,8998,5637,2454,510,397
2016,2016-12-12,GREENE,22650,8131,12450,1217,852
2016,2016-12-12,HUNTINGDON,29779,17480,9205,2216,878
2016,2016-12-12,INDIANA,51779,24205,20508,4510,2556
2016,2016-12-12,JEFFERSON,29968,17014,9563,1716,1675
2016,2016-12-12,JUNIATA,13841,8446,3962,1000,433
2016,2016-12-12,LACKAWANNA,148279,42675,91021,10728,3855
2016,2016-12-12,LANCASTER,335993,174375,108113,28742,24763
2016,2016-12-12,LAWRENCE,57011,23405,27429,3366,2811
2016,2016-12-12,LEBANON,86932,47234,27308,7838,4552
2016,2016-12-12,LEHIGH,236069,80622,115732,30524,9191
2016,2016-12-12,LUZERNE,205347,74118,108066,16045,7118
2016,2016-12-12,LYCOMING,69809,38202,22375,5435,3797
2016,2016-12-12,McKEAN,24935,14203,7304,1864,1564
2016,2016-12-12,MERCER,77314,33074,34108,7529,2603
2016,2016-12-12,MIFFLIN,25931,15562,7593,1935,841
2016,2016-12-12,MONROE,109244,36339,51879,12407,8619
2016,2016-12-12,MONTGOMERY,577748,215865,272438,44903,44542
2016,2016-12-12,MONTOUR,13089,6289,4738,1434,628
2016,2016-12-12,NORTHAMPTON,211599,73593,98990,23915,15101
2016,2016-12-12,NORTHUMBERLAND,56509,27692,21707,3504,3606
2016,2016-12-12,PERRY,29775,18589,7470,2650,1066
2016,2016-12-12,PHILADELPHIA,1102621,125531,853137,85533,38420
2016,2016-12-12,PIKE,40165,17848,13978,4718,3621
2016,2016-12-12,POTTER,11033,7070,2842,774,347
2016,2016-12-12,SCHUYLKILL,87922,44042,33700,5084,5096
2016,2016-12-12,SNYDER,22250,13868,5569,1979,834
2016,2016-12-12,SOMERSET,49652,27339,17599,2811,1903
2016,2016-12-12,SULLIVAN,4398,2417,1524,248,209
2016,2016-12-12,SUSQUEHANNA,26431,15034,8035,1798,1564
2016,2016-12-12,TIOGA,26626,15941,7155,2513,1017
2016,2016-12-12,UNION,24658,12915,7618,2659,1466
2016,2016-12-12,VENANGO,32659,17517,11084,2157,1901
2016,2016-12-12,WARREN,30062,15083,10463,1991,2525
2016,2016-12-12,WASHINGTON,139037,55407,68057,11312,4261
2016,2016-12-12,WAYNE,33792,18182,10155,3989,1466
2016,2016-12-12,WESTMORELAND,246021,103853,113583,15084,13501
2016,2016-12-12,WYOMING,16882,9601,5341,951,989
2016,2016-12-12,YORK,295908,147460,102568,35494,10386
2016,2016-12-12,TOTALS,8722279,3301961,4214990,731382,473946
2017,2017-01-16,ADAMS,64482,35227,19219,6245,3791
2017,2017-01-16,ALLEGHENY,925651,260020,539710,73404,52517
2017,2017-01-16,ARMSTRONG,41198,21705,15034,2389,2070
2017,2017-01-16,BEAVER,108984,39783,56262,6147,6792
2017,2017-01-16,BEDFORD,34406,21740,9394,1760,1512
2017,2017-01-16,BERKS,248414,97974,113835,22957,13648
2017,2017-01-16,BLAIR,75377,43436,22884,5107,3950
2017,2017-01-16,BRADFORD,36038,21659,9872,2306,2201
2017,2017-01-16,BUCKS,460694,188633,197479,43785,30797
2017,2017-01-16,BUTLER,124451,67769,39935,9449,7298
2017,2017-01-16,CAMBRIA,83126,31981,42896,5705,2544
2017,2017-01-16,CAMERON,3230,1655,1206,187,182
2017,2017-01-16,CARBON,42151,17711,18260,3361,2819
2017,2017-01-16,CENTRE,123365,47648,51129,17583,7005
2017,2017-01-16,CHESTER,342629,151749,131597,31162,28121
2017,2017-01-16,CLARION,24105,13111,8214,1803,977
2017,2017-01-16,CLEARFIELD,53102,26310,20533,2978,3281
2017,2017-01-16,CLINTON,22308,10224,9114,1815,1155
2017,2017-01-16,COLUMBIA,39094,17874,15319,3775,2126
2017,2017-01-16,CRAWFORD,53230,27583,19305,3627,2715
2017,2017-01-16,CUMBERLAND,166618,85249,55426,16106,9837
2017,2017-01-16,DAUPHIN,181730,74468,82158,15070,10034
2017,2017-01-16,DELAWARE,413055,171334,189290,27664,24767
2017,2017-01-16,ELK,19218,8197,8945,1022,1054
2017,2017-01-16,ERIE,190374,67613,97578,14460,10723
2017,2017-01-16,FAYETTE,77039,25792,44596,3992,2659
2017,2017-01-16,FOREST,3323,1746,1269,155,153
2017,2017-01-16,FRANKLIN,90255,53524,24000,9220,3511
2017,2017-01-16,FULTON,9023,5655,2454,515,399
2017,2017-01-16,GREENE,22651,8147,12424,1221,859
2017,2017-01-16,HUNTINGDON,29764,17480,9187,2219,878
2017,2017-01-16,INDIANA,51738,24188,20479,4517,2554
2017,2017-01-16,JEFFERSON,29872,16992,9496,1717,1667
2017,2017-01-16,JUNIATA,13861,8468,3959,998,436
2017,2017-01-16,LACKAWANNA,141136,40904,86995,9591,3646
2017,2017-01-16,LANCASTER,319230,168322,101190,26825,22893
2017,2017-01-16,LAWRENCE,54351,22598,25983,3179,2591
2017,2017-01-16,LEBANON,83431,46005,25776,7356,4294
2017,2017-01-16,LEHIGH,225262,78199,109544,28719,8800
2017,2017-01-16,LUZERNE,205396,74285,107766,16223,7122
2017,2017-01-16,LYCOMING,67235,37305,21264,5063,3603
2017,2017-01-16,McKEAN,24944,14196,7320,1868,1560
2017,2017-01-16,MERCER,70460,30711,30885,6530,2334
2017,2017-01-16,MIFFLIN,25957,15592,7578,1945,842
2017,2017-01-16,MONROE,109324,36342,51890,12458,8634
2017,2017-01-16,MONTGOMERY,578196,215870,272424,45449,44453
2017,2017-01-16,MONTOUR,13094,6293,4742,1432,627
2017,2017-01-16,NORTHAMPTON,211755,73698,98975,23989,15093
2017,2017-01-16,NORTHUMBERLAND,52399,26169,19724,3423,3083
2017,2017-01-16,PERRY,29724,18573,7446,2636,1069
2017,2017-01-16,PHILADELPHIA,1102760,125562,853158,85612,38428
2017,2017-01-16,PIKE,40275,17892,14003,4749,3631
2017,2017-01-16,POTTER,10705,6927,2708,736,334
2017,2017-01-16,SCHUYLKILL,85015,42941,32344,4940,4790
2017,2017-01-16,SNYDER,22245,13860,5565,1982,838
2017,2017-01-16,SOMERSET,49630,27373,17519,2840,1898
2017,2017-01-16,SULLIVAN,4372,2400,1515,246,211
2017,2017-01-16,SUSQUEHANNA,25624,14712,7715,1711,1486
2017,2017-01-16,TIOGA,26668,15970,7160,2519,1019
2017,2017-01-16,UNION,23544,12506,7103,2523,1412
2017,2017-01-16,VENANGO,31373,17048,10492,2054,1779
2017,2017-01-16,WARREN,30170,15156,10451,2020,2543
2017,2017-01-16,WASHINGTON,139079,55469,67990,11337,4283
2017,2017-01-16,WAYNE,32421,17648,9629,3745,1399
2017,2017-01-16,WESTMORELAND,246061,104156,113171,15270,13464
2017,2017-01-16,WYOMING,16903,9616,5339,963,985
2017,2017-01-16,YORK,295987,147573,102472,35546,10396
2017,2017-01-16,TOTALS,8599282,3264516,4150294,719900,464572
2017,2017-09-05,ADAMS,65074,35647,19149,6498,3780
2017,2017-09-05,ALLEGHENY,921032,258184,536167,74877,51804
2017,2017-09-05,ARMSTRONG,41085,21784,14773,2475,2053
2017,2017-09-05,BEAVER,108852,40040,55659,6460,6693
2017,2017-09-05,BEDFORD,31310,20250,8146,1665,1249
2017,2017-09-05,BERKS,249105,98235,113512,23728,13630
2017,2017-09-05,BLAIR,75193,43433,22614,5267,3879
2017,2017-09-05,BRADFORD,35951,21674,9750,2365,2162
2017,2017-09-05,BUCKS,445609,183426,190170,42996,29017
2017,2017-09-05,BUTLER,124856,68076,39789,9766,7225
2017,2017-09-05,CAMBRIA,82735,32179,42257,5795,2504
2017,2017-09-05,CAMERON,2918,1515,1068,174,161
2017,2017-09-05,CARBON,42442,17973,18179,3503,2787
2017,2017-09-05,CENTRE,107255,43187,44104,13668,6296
2017,2017-09-05,CHESTER,344365,151219,132841,32538,27767
2017,2017-09-05,CLARION,22723,12668,7502,1636,917
2017,2017-09-05,CLEARFIELD,46408,23694,17448,2810,2456
2017,2017-09-05,CLINTON,22221,10289,8979,1832,1121
2017,2017-09-05,COLUMBIA,38299,17727,14740,3744,2088
2017,2017-09-05,CRAWFORD,52355,27290,18757,3651,2657
2017,2017-09-05,CUMBERLAND,167102,85084,55575,16631,9812
2017,2017-09-05,DAUPHIN,181159,73815,81765,15620,9959
2017,2017-09-05,DELAWARE,391995,163469,179307,26332,22887
2017,2017-09-05,ELK,19162,8253,8806,1050,1053
2017,2017-09-05,ERIE,189720,67435,96810,14861,10614
2017,2017-09-05,FAYETTE,77258,26276,44137,4197,2648
2017,2017-09-05,FOREST,3326,1740,1263,164,159
2017,2017-09-05,FRANKLIN,90567,53758,23806,9467,3536
2017,2017-09-05,FULTON,9027,5712,2391,532,392
2017,2017-09-05,GREENE,21681,8023,11706,1172,780
2017,2017-09-05,HUNTINGDON,29815,17526,9120,2274,895
2017,2017-09-05,INDIANA,50884,24050,20021,4322,2491
2017,2017-09-05,JEFFERSON,29694,17027,9280,1756,1631
2017,2017-09-05,JUNIATA,13594,8385,3810,971,428
2017,2017-09-05,LACKAWANNA,141424,41542,86312,9913,3657
2017,2017-09-05,LANCASTER,320449,167970,101863,27906,22710
2017,2017-09-05,LAWRENCE,54176,22660,25671,3292,2553
2017,2017-09-05,LEBANON,83741,46064,25786,7588,4303
2017,2017-09-05,LEHIGH,226124,78194,109686,29442,8802
2017,2017-09-05,LUZERNE,204820,74387,106726,16546,7161
2017,2017-09-05,LYCOMING,67370,37426,21160,5197,3587
2017,2017-09-05,McKEAN,23731,13678,6788,1823,1442
2017,2017-09-05,MERCER,70618,30943,30601,6695,2379
2017,2017-09-05,MIFFLIN,25917,15610,7497,1982,828
2017,2017-09-05,MONROE,110062,36605,51926,13008,8523
2017,2017-09-05,MONTGOMERY,554338,206912,261978,44848,40600
2017,2017-09-05,MONTOUR,13063,6274,4697,1459,633
2017,2017-09-05,NORTHAMPTON,200858,71080,92849,22962,13967
2017,2017-09-05,NORTHUMBERLAND,52205,26228,19387,3542,3048
2017,2017-09-05,PERRY,28043,17733,6867,2426,1017
2017,2017-09-05,PHILADELPHIA,1030842,117011,796779,79727,37325
2017,2017-09-05,PIKE,40812,18137,14074,4965,3636
2017,2017-09-05,POTTER,10659,6913,2664,755,327
2017,2017-09-05,SCHUYLKILL,85001,43070,31965,5165,4801
2017,2017-09-05,SNYDER,21261,13421,5198,1825,817
2017,2017-09-05,SOMERSET,46406,26165,15861,2716,1664
2017,2017-09-05,SULLIVAN,4316,2378,1485,257,196
2017,2017-09-05,SUSQUEHANNA,25588,14739,7583,1777,1489
2017,2017-09-05,TIOGA,26578,15992,6998,2551,1037
2017,2017-09-05,UNION,23567,12505,7106,2577,1379
2017,2017-09-05,VENANGO,31303,17074,10363,2117,1749
2017,2017-09-05,WARREN,30060,15165,10307,2049,2539
2017,2017-09-05,WASHINGTON,139639,56128,67513,11650,4348
2017,2017-09-05,WAYNE,32525,17752,9574,3795,1404
2017,2017-09-05,WESTMORELAND,244651,104327,111498,15580,13246
2017,2017-09-05,WYOMING,16881,9638,5273,1013,957
2017,2017-09-05,YORK,297886,148545,102325,36584,10432
2017,2017-09-05,TOTALS,8419686,3221309,4029761,718529,450087
2018,2018-03-05,ADAMS,65631,35871,19232,6765,3763
2018,2018-03-05,ALLEGHENY,923391,258535,536306,77113,51437
2018,2018-03-05,ARMSTRONG,41014,21811,14598,2554,2051
2018,2018-03-05,BEAVER,109018,40197,55370,6818,6633
2018,2018-03-05,BEDFORD,31343,20333,8066,1708,1236
2018,2018-03-05,BERKS,250331,98497,113623,24587,13624
2018,2018-03-05,BLAIR,75146,43431,22451,5410,3854
2018,2018-03-05,BRADFORD,36090,21716,9740,2450,2184
2018,2018-03-05,BUCKS,447057,183047,190920,44319,28771
2018,2018-03-05,BUTLER,125381,68352,39779,10086,7164
2018,2018-03-05,CAMBRIA,82504,32306,41812,5895,2491
2018,2018-03-05,CAMERON,2906,1509,1046,186,165
2018,2018-03-05,CARBON,42572,18076,18112,3618,2766
2018,2018-03-05,CENTRE,107699,43194,44377,13852,6276
2018,2018-03-05,CHESTER,346691,150896,134611,33576,27608
2018,2018-03-05,CLARION,22623,12670,7393,1641,919
2018,2018-03-05,CLEARFIELD,46492,23850,17273,2904,2465
2018,2018-03-05,CLINTON,20643,9815,8187,1626,1015
2018,2018-03-05,COLUMBIA,38222,17761,14557,3815,2089
2018,2018-03-05,CRAWFORD,52026,27187,18520,3711,2608
2018,2018-03-05,CUMBERLAND,168281,85249,56024,17200,9808
2018,2018-03-05,DAUPHIN,182099,73782,82096,16245,9976
2018,2018-03-05,DELAWARE,393628,162503,181058,27254,22813
2018,2018-03-05,ELK,19162,8314,8696,1097,1055
2018,2018-03-05,ERIE,189658,67433,96441,15164,10620
2018,2018-03-05,FAYETTE,77239,26463,43763,4352,2661
2018,2018-03-05,FOREST,3332,1754,1246,176,156
2018,2018-03-05,FRANKLIN,90952,53911,23816,9655,3570
2018,2018-03-05,FULTON,9013,5720,2362,538,393
2018,2018-03-05,GREENE,21702,8104,11588,1229,781
2018,2018-03-05,HUNTINGDON,29678,17460,9039,2297,882
2018,2018-03-05,INDIANA,50771,24110,19831,4370,2460
2018,2018-03-05,JEFFERSON,29650,17094,9141,1793,1622
2018,2018-03-05,JUNIATA,13616,8448,3757,988,423
2018,2018-03-05,LACKAWANNA,141566,41608,86076,10219,3663
2018,2018-03-05,LANCASTER,321301,167472,102526,28774,22529
2018,2018-03-05,LAWRENCE,54152,22776,25424,3434,2518
2018,2018-03-05,LEBANON,84294,46214,25909,7853,4318
2018,2018-03-05,LEHIGH,226654,78129,109739,30077,8709
2018,2018-03-05,LUZERNE,204878,74568,106203,16903,7204
2018,2018-03-05,LYCOMING,67454,37407,21097,5368,3582
2018,2018-03-05,McKEAN,23653,13631,6727,1861,1434
2018,2018-03-05,MERCER,70566,30977,30380,6834,2375
2018,2018-03-05,MIFFLIN,24534,15051,6877,1847,759
2018,2018-03-05,MONROE,104797,35242,49150,12516,7889
2018,2018-03-05,MONTGOMERY,556615,205713,264241,46440,40221
2018,2018-03-05,MONTOUR,13139,6296,4716,1491,636
2018,2018-03-05,NORTHAMPTON,203389,71797,93671,23918,14003
2018,2018-03-05,NORTHUMBERLAND,52161,26215,19261,3640,3045
2018,2018-03-05,PERRY,28113,17759,6820,2504,1030
2018,2018-03-05,PHILADELPHIA,1032302,116718,796216,81944,37424
2018,2018-03-05,PIKE,41262,18270,14180,5153,3659
2018,2018-03-05,POTTER,10636,6931,2609,774,322
2018,2018-03-05,SCHUYLKILL,84978,43063,31785,5371,4759
2018,2018-03-05,SNYDER,21211,13372,5166,1846,827
2018,2018-03-05,SOMERSET,46493,26286,15756,2807,1644
2018,2018-03-05,SULLIVAN,4318,2396,1472,251,199
2018,2018-03-05,SUSQUEHANNA,25495,14665,7493,1851,1486
2018,2018-03-05,TIOGA,26509,15999,6927,2552,1031
2018,2018-03-05,UNION,23633,12501,7157,2622,1353
2018,2018-03-05,VENANGO,31192,17047,10245,2258,1642
2018,2018-03-05,WARREN,30074,15195,10233,2107,2539
2018,2018-03-05,WASHINGTON,139971,56455,67214,11906,4396
2018,2018-03-05,WAYNE,32678,17811,9601,3866,1400
2018,2018-03-05,WESTMORELAND,244959,104907,110882,15961,13209
2018,2018-03-05,WYOMING,16771,9602,5218,1018,933
2018,2018-03-05,YORK,299202,148893,102415,37376,10518
2018,2018-03-05,TOTALS,8434511,3220365,4028217,738334,447595
2018,2018-06-11,ADAMS,66006,36118,19312,6836,3740
2018,2018-06-11,ALLEGHENY,925961,259251,537720,78028,50962
2018,2018-06-11,ARMSTRONG,41051,21900,14522,2589,2040
2018,2018-06-11,BEAVER,109348,40408,55369,6968,6603
2018,2018-06-11,BEDFORD,31233,20334,7944,1746,1209
2018,2018-06-11,BERKS,251700,98928,114229,24938,13605
2018,2018-06-11,BLAIR,75280,43614,22382,5487,3797
2018,2018-06-11,BRADFORD,36177,21770,9731,2501,2175
2018,2018-06-11,BUCKS,448364,183138,191965,44693,28568
2018,2018-06-11,BUTLER,126015,68697,39914,10311,7093
2018,2018-06-11,CAMBRIA,82657,32619,41586,5969,2483
2018,2018-06-11,CAMERON,2910,1515,1044,188,163
2018,2018-06-11,CARBON,42670,18164,18078,3673,2755
2018,2018-06-11,CENTRE,107606,43125,44427,13819,6235
2018,2018-06-11,CHESTER,348590,151121,135974,33997,27498
2018,2018-06-11,CLARION,22667,12728,7369,1655,915
2018,2018-06-11,CLEARFIELD,46549,23973,17162,2949,2465
2018,2018-06-11,CLINTON,20629,9847,8147,1632,1003
2018,2018-06-11,COLUMBIA,37702,17692,14240,3714,2056
2018,2018-06-11,CRAWFORD,52103,27294,18476,3750,2583
2018,2018-06-11,CUMBERLAND,169154,85565,56423,17446,9720
2018,2018-06-11,DAUPHIN,183208,74008,82667,16606,9927
2018,2018-06-11,DELAWARE,395208,161877,183049,27622,22660
2018,2018-06-11,ELK,19172,8339,8673,1107,1053
2018,2018-06-11,ERIE,190175,67622,96697,15262,10594
2018,2018-06-11,FAYETTE,77383,26720,43546,4442,2675
2018,2018-06-11,FOREST,3327,1749,1245,178,155
2018,2018-06-11,FRANKLIN,91353,54194,23888,9700,3571
2018,2018-06-11,FULTON,8986,5735,2337,530,384
2018,2018-06-11,GREENE,21721,8201,11488,1260,772
2018,2018-06-11,HUNTINGDON,29682,17497,8995,2315,875
2018,2018-06-11,INDIANA,50606,24134,19697,4337,2438
2018,2018-06-11,JEFFERSON,29614,17131,9062,1816,1605
2018,2018-06-11,JUNIATA,13669,8530,3731,989,419
2018,2018-06-11,LACKAWANNA,142072,41757,86279,10366,3670
2018,2018-06-11,LANCASTER,322637,167678,103350,29230,22379
2018,2018-06-11,LAWRENCE,54189,22877,25331,3501,2480
2018,2018-06-11,LEBANON,84631,46338,25985,8000,4308
2018,2018-06-11,LEHIGH,227700,78262,110396,30410,8632
2018,2018-06-11,LUZERNE,205431,74899,106201,17126,7205
2018,2018-06-11,LYCOMING,67630,37557,21063,5445,3565
2018,2018-06-11,McKEAN,23682,13673,6693,1897,1419
2018,2018-06-11,MERCER,70739,31110,30392,6853,2384
2018,2018-06-11,MIFFLIN,24477,15044,6823,1859,751
2018,2018-06-11,MONROE,104969,35282,49214,12670,7803
2018,2018-06-11,MONTGOMERY,559346,205582,266821,46959,39984
2018,2018-06-11,MONTOUR,13116,6314,4663,1509,630
2018,2018-06-11,NORTHAMPTON,205252,72300,94672,24341,13939
2018,2018-06-11,NORTHUMBERLAND,52238,26261,19210,3727,3040
2018,2018-06-11,PERRY,28172,17844,6781,2515,1032
2018,2018-06-11,PHILADELPHIA,1035426,116886,798651,82502,37387
2018,2018-06-11,PIKE,41618,18432,14285,5245,3656
2018,2018-06-11,POTTER,10640,6956,2583,775,326
2018,2018-06-11,SCHUYLKILL,85044,43172,31689,5461,4722
2018,2018-06-11,SNYDER,21219,13375,5171,1848,825
2018,2018-06-11,SOMERSET,46536,26398,15692,2823,1623
2018,2018-06-11,SULLIVAN,4323,2408,1462,255,198
2018,2018-06-11,SUSQUEHANNA,25616,14725,7530,1882,1479
2018,2018-06-11,TIOGA,26576,16049,6913,2585,1029
2018,2018-06-11,UNION,23697,12496,7188,2665,1348
2018,2018-06-11,VENANGO,31281,17129,10253,2276,1623
2018,2018-06-11,WARREN,30063,15228,10170,2139,2526
2018,2018-06-11,WASHINGTON,140774,57078,67274,12051,4371
2018,2018-06-11,WAYNE,32885,17922,9647,3916,1400
2018,2018-06-11,WESTMORELAND,245868,105828,110732,16208,13100
2018,2018-06-11,WYOMING,16804,9627,5216,1025,936
2018,2018-06-11,YORK,300519,149563,102830,37594,10532
2018,2018-06-11,TOTALS,8463646,3229588,4042249,746711,445098
2019,2019-07-29,ADAMS,65923,36389,18884,7107,3543
2019,2019-07-29,ALLEGHENY,952668,263349,551886,86401,51032
2019,2019-07-29,ARMSTRONG,41390,22572,14053,2784,1981
2019,2019-07-29,BEAVER,108482,41118,53587,7676,6101
2019,2019-07-29,BEDFORD,31673,20999,7658,1843,1173
2019,2019-07-29,BERKS,250614,98827,112419,26516,12852
2019,2019-07-29,BLAIR,75890,44319,22121,5830,3620
2019,2019-07-29,BRADFORD,35449,21560,9213,2627,2049
2019,2019-07-29,BUCKS,461078,186523,198102,48834,27619
2019,2019-07-29,BUTLER,126114,69207,39395,10788,6724
2019,2019-07-29,CAMBRIA,81641,34120,39145,5998,2378
2019,2019-07-29,CAMERON,2969,1606,992,202,169
2019,2019-07-29,CARBON,43499,19065,17744,4004,2686
2019,2019-07-29,CENTRE,107392,42658,44644,14284,5806
2019,2019-07-29,CHESTER,348834,148204,139152,35995,25483
2019,2019-07-29,CLARION,22956,13167,7142,1782,865
2019,2019-07-29,CLEARFIELD,44487,23895,15485,2888,2219
2019,2019-07-29,CLINTON,20424,10061,7725,1709,929
2019,2019-07-29,COLUMBIA,37092,17892,13563,3787,1850
2019,2019-07-29,CRAWFORD,52736,27915,18343,3991,2487
2019,2019-07-29,CUMBERLAND,173826,86840,58646,18922,9418
2019,2019-07-29,DAUPHIN,182840,72860,82571,18041,9368
2019,2019-07-29,DELAWARE,395863,157193,187224,29789,21657
2019,2019-07-29,ELK,18799,8709,8013,1121,956
2019,2019-07-29,ERIE,192388,68826,96600,16659,10303
2019,2019-07-29,FAYETTE,75816,27737,40900,4635,2544
2019,2019-07-29,FOREST,3345,1804,1194,192,155
2019,2019-07-29,FRANKLIN,92038,55060,23550,9978,3450
2019,2019-07-29,FULTON,8882,5836,2139,548,359
2019,2019-07-29,GREENE,21294,8557,10652,1318,767
2019,2019-07-29,HUNTINGDON,26089,15880,7522,1958,729
2019,2019-07-29,INDIANA,49360,24289,18704,4039,2328
2019,2019-07-29,JEFFERSON,29772,17478,8821,1901,1572
2019,2019-07-29,JUNIATA,13333,8529,3458,938,408
2019,2019-07-29,LACKAWANNA,139385,41532,83673,10708,3472
2019,2019-07-29,LANCASTER,323252,166380,104680,31217,20975
2019,2019-07-29,LAWRENCE,53156,23155,24046,3668,2287
2019,2019-07-29,LEBANON,84666,46347,25683,8471,4165
2019,2019-07-29,LEHIGH,228827,78253,110630,31760,8184
2019,2019-07-29,LUZERNE,208265,77188,105466,18433,7178
2019,2019-07-29,LYCOMING,67355,38190,20269,5541,3355
2019,2019-07-29,McKEAN,23425,13774,6413,1951,1287
2019,2019-07-29,MERCER,69103,31237,28924,6681,2261
2019,2019-07-29,MIFFLIN,24751,15374,6671,1960,746
2019,2019-07-29,MONROE,106989,35978,49840,13744,7427
2019,2019-07-29,MONTGOMERY,558610,201287,270640,49544,37139
2019,2019-07-29,MONTOUR,13168,6386,4618,1558,606
2019,2019-07-29,NORTHAMPTON,206782,73006,94678,25994,13104
2019,2019-07-29,NORTHUMBERLAND,53084,27026,18976,4099,2983
2019,2019-07-29,PERRY,27512,17670,6384,2488,970
2019,2019-07-29,PHILADELPHIA,1056658,117929,811573,90526,36630
2019,2019-07-29,PIKE,39474,17678,13389,5266,3141
2019,2019-07-29,POTTER,10455,6966,2380,788,321
2019,2019-07-29,SCHUYLKILL,83677,43367,30110,5765,4435
2019,2019-07-29,SNYDER,21697,13699,5235,1938,825
2019,2019-07-29,SOMERSET,45726,26770,14551,2914,1491
2019,2019-07-29,SULLIVAN,4356,2471,1424,271,190
2019,2019-07-29,SUSQUEHANNA,25102,14703,7135,1919,1345
2019,2019-07-29,TIOGA,24658,15461,5991,2285,921
2019,2019-07-29,UNION,23346,12476,7015,2628,1227
2019,2019-07-29,VENANGO,30581,17023,9682,2379,1497
2019,2019-07-29,WARREN,30234,15549,9942,2267,2476
2019,2019-07-29,WASHINGTON,142828,59336,66457,12702,4333
2019,2019-07-29,WAYNE,32440,17934,9319,3912,1275
2019,2019-07-29,WESTMORELAND,235900,105165,102881,15997,11857
2019,2019-07-29,WYOMING,16840,9756,5102,1113,869
2019,2019-07-29,YORK,282845,143993,94232,35303,9317
2019,2019-07-29,TOTALS,8490103,3236103,4039256,790875,423869
2019,2019-12-09,ADAMS,66565,36710,19063,7261,3531
2019,2019-12-09,ALLEGHENY,958607,264003,555713,88275,50616
2019,2019-12-09,ARMSTRONG,41569,22769,13987,2837,1976
2019,2019-12-09,BEAVER,109086,41587,53482,7951,6066
2019,2019-12-09,BEDFORD,31719,21080,7614,1864,1161
2019,2019-12-09,BERKS,252883,99744,113059,27271,12809
2019,2019-12-09,BLAIR,76201,44528,22127,5975,3571
2019,2019-12-09,BRADFORD,35702,21765,9194,2694,2049
2019,2019-12-09,BUCKS,453161,183576,194986,48037,26562
2019,2019-12-09,BUTLER,127105,69763,39607,11084,6651
2019,2019-12-09,CAMBRIA,81879,34555,38841,6087,2396
2019,2019-12-09,CAMERON,2987,1618,985,212,172
2019,2019-12-09,CARBON,43823,19353,17707,4090,2673
2019,2019-12-09,CENTRE,109116,42923,45792,14671,5730
2019,2019-12-09,CHESTER,352321,148430,141675,36846,25370
2019,2019-12-09,CLARION,23047,13260,7107,1805,875
2019,2019-12-09,CLEARFIELD,44907,24269,15431,2983,2224
2019,2019-12-09,CLINTON,20537,10165,7700,1740,932
2019,2019-12-09,COLUMBIA,37598,18137,13680,3951,1830
2019,2019-12-09,CRAWFORD,52958,28028,18376,4070,2484
2019,2019-12-09,CUMBERLAND,175405,87251,59410,19381,9363
2019,2019-12-09,DAUPHIN,184716,73038,83674,18654,9350
2019,2019-12-09,DELAWARE,399996,157031,190790,30647,21528
2019,2019-12-09,ELK,18855,8844,7896,1170,945
2019,2019-12-09,ERIE,193270,69139,96825,17091,10215
2019,2019-12-09,FAYETTE,76230,28397,40544,4740,2549
2019,2019-12-09,FOREST,3353,1811,1181,203,158
2019,2019-12-09,FRANKLIN,92876,55474,23750,10200,3452
2019,2019-12-09,FULTON,8950,5924,2119,552,355
2019,2019-12-09,GREENE,21420,8753,10565,1338,764
2019,2019-12-09,HUNTINGDON,26363,16048,7597,1972,746
2019,2019-12-09,INDIANA,49746,24528,18730,4185,2303
2019,2019-12-09,JEFFERSON,29874,17624,8759,1938,1553
2019,2019-12-09,JUNIATA,13411,8646,3405,958,402
2019,2019-12-09,LACKAWANNA,140497,42016,83898,11105,3478
2019,2019-12-09,LANCASTER,325995,166921,106245,31919,20910
2019,2019-12-09,LAWRENCE,53536,23473,24034,3763,2266
2019,2019-12-09,LEBANON,85307,46571,25888,8694,4154
2019,2019-12-09,LEHIGH,230455,78445,111503,32318,8189
2019,2019-12-09,LUZERNE,209249,77775,105545,18768,7161
2019,2019-12-09,LYCOMING,67967,38570,20378,5677,3342
2019,2019-12-09,McKEAN,23668,13932,6438,2011,1287
2019,2019-12-09,MERCER,69568,31622,28898,6784,2264
2019,2019-12-09,MIFFLIN,24845,15469,6637,1996,743
2019,2019-12-09,MONROE,108196,36302,50438,14081,7375
2019,2019-12-09,MONTGOMERY,562893,201108,274307,50479,36999
2019,2019-12-09,MONTOUR,13159,6396,4619,1550,594
2019,2019-12-09,NORTHAMPTON,209123,73709,95706,26693,13015
2019,2019-12-09,NORTHUMBERLAND,53279,27225,18866,4225,2963
2019,2019-12-09,PERRY,27731,17802,6426,2535,968
2019,2019-12-09,PHILADELPHIA,1062589,118001,815840,92084,36664
2019,2019-12-09,PIKE,39989,17905,13538,5417,3129
2019,2019-12-09,POTTER,10525,7036,2365,804,320
2019,2019-12-09,SCHUYLKILL,84265,43834,30000,5974,4457
2019,2019-12-09,SNYDER,21801,13774,5237,1958,832
2019,2019-12-09,SOMERSET,45860,27027,14368,2981,1484
2019,2019-12-09,SULLIVAN,4358,2483,1414,280,181
2019,2019-12-09,SUSQUEHANNA,25208,14786,7139,1949,1334
2019,2019-12-09,TIOGA,24864,15642,5969,2336,917
2019,2019-12-09,UNION,23465,12499,7084,2668,1214
2019,2019-12-09,VENANGO,30694,17132,9655,2464,1443
2019,2019-12-09,WARREN,30350,15666,9865,2350,2469
2019,2019-12-09,WASHINGTON,143546,59968,66334,12904,4340
2019,2019-12-09,WAYNE,32787,18136,9407,3978,1266
2019,2019-12-09,WESTMORELAND,237082,106290,102559,16451,11782
2019,2019-12-09,WYOMING,16977,9829,5143,1142,863
2019,2019-12-09,YORK,285301,144999,95006,35936,9360
2019,2019-12-09,TOTALS,8541365,3251114,4062120,807007,421124
2020,2020-04-06,ADAMS,67367,37225,19362,7315,3465
2020,2020-04-06,ALLEGHENY,894380,249546,520630,79533,44671
2020,2020-04-06,ARMSTRONG,41910,23217,13802,2929,1962
2020,2020-04-06,BEAVER,109986,42327,53509,8171,5979
2020,2020-04-06,BEDFORD,32035,21476,7467,1942,1150
2020,2020-04-06,BERKS,255419,100816,114238,27689,12676
2020,2020-04-06,BLAIR,75004,44271,21561,5819,3353
2020,2020-04-06,BRADFORD,36071,22063,9214,2766,2028
2020,2020-04-06,BUCKS,458543,184414,199448,48735,25946
2020,2020-04-06,BUTLER,128701,70805,40180,11175,6541
2020,2020-04-06,CAMBRIA,82717,35695,38464,6166,2392
2020,2020-04-06,CAMERON,2968,1627,962,210,169
2020,2020-04-06,CARBON,44102,19686,17586,4187,2643
2020,2020-04-06,CENTRE,109295,42845,46412,14517,5521
2020,2020-04-06,CHESTER,356833,147801,146891,37386,24755
2020,2020-04-06,CLARION,23109,13440,7003,1806,860
2020,2020-04-06,CLEARFIELD,46223,25147,15691,3107,2278
2020,2020-04-06,CLINTON,20681,10405,7623,1751,902
2020,2020-04-06,COLUMBIA,37949,18443,13723,3992,1791
2020,2020-04-06,CRAWFORD,53241,28350,18323,4106,2462
2020,2020-04-06,CUMBERLAND,177579,87581,61092,19684,9222
2020,2020-04-06,DAUPHIN,186611,73341,85232,18804,9234
2020,2020-04-06,DELAWARE,403094,155715,195345,30747,21287
2020,2020-04-06,ELK,19068,9120,7806,1209,933
2020,2020-04-06,ERIE,194515,69683,97378,17379,10075
2020,2020-04-06,FAYETTE,76710,29162,40159,4845,2544
2020,2020-04-06,FOREST,3384,1839,1177,210,158
2020,2020-04-06,FRANKLIN,93999,56142,24135,10270,3452
2020,2020-04-06,FULTON,9050,6049,2067,585,349
2020,2020-04-06,GREENE,21595,9033,10433,1372,757
2020,2020-04-06,HUNTINGDON,26567,16309,7526,2004,728
2020,2020-04-06,INDIANA,49728,24816,18527,4132,2253
2020,2020-04-06,JEFFERSON,30057,17946,8616,1971,1524
2020,2020-04-06,JUNIATA,13531,8760,3410,970,391
2020,2020-04-06,LACKAWANNA,141753,42910,84104,11307,3432
2020,2020-04-06,LANCASTER,329899,167857,108987,32479,20576
2020,2020-04-06,LAWRENCE,53917,23835,23986,3846,2250
2020,2020-04-06,LEBANON,86352,47045,26357,8796,4154
2020,2020-04-06,LEHIGH,233378,78902,113419,32914,8143
2020,2020-04-06,LUZERNE,210475,79277,105063,19046,7089
2020,2020-04-06,LYCOMING,68612,39057,20500,5744,3311
2020,2020-04-06,McKEAN,23905,14135,6445,2044,1281
2020,2020-04-06,MERCER,70157,32152,28854,6884,2267
2020,2020-04-06,MIFFLIN,25071,15742,6572,2004,753
2020,2020-04-06,MONROE,109411,36797,51034,14352,7228
2020,2020-04-06,MONTGOMERY,570518,200413,282646,51215,36244
2020,2020-04-06,MONTOUR,13274,6466,4676,1545,587
2020,2020-04-06,NORTHAMPTON,211871,74653,97299,27175,12744
2020,2020-04-06,NORTHUMBERLAND,53663,27614,18832,4288,2929
2020,2020-04-06,PERRY,27871,17912,6448,2550,961
2020,2020-04-06,PHILADELPHIA,1073575,118783,824821,93559,36412
2020,2020-04-06,PIKE,40707,18216,13827,5552,3112
2020,2020-04-06,POTTER,10604,7121,2336,830,317
2020,2020-04-06,SCHUYLKILL,85033,44474,29911,6190,4458
2020,2020-04-06,SNYDER,22034,13977,5292,1946,819
2020,2020-04-06,SOMERSET,46360,27667,14177,3038,1478
2020,2020-04-06,SULLIVAN,4385,2502,1413,287,183
2020,2020-04-06,SUSQUEHANNA,25387,14943,7144,1989,1311
2020,2020-04-06,TIOGA,25084,15824,5990,2353,917
2020,2020-04-06,UNION,23860,12665,7277,2713,1205
2020,2020-04-06,VENANGO,30875,17342,9614,2503,1416
2020,2020-04-06,WARREN,30447,15805,9831,2370,2441
2020,2020-04-06,WASHINGTON,144798,61151,66266,13056,4325
2020,2020-04-06,WAYNE,33181,18395,9525,4008,1253
2020,2020-04-06,WESTMORELAND,238732,107974,102470,16706,11582
2020,2020-04-06,WYOMING,17100,9918,5187,1148,847
2020,2020-04-06,YORK,289175,146704,96680,36462,9329
2020,2020-04-06,TOTALS,8553486,3263323,4071975,808383,409805
2020,2020-05-26,ADAMS,67705,37530,19447,7289,3439
2020,2020-05-26,ALLEGHENY,899184,251729,523491,79667,44297
2020,2020-05-26,ARMSTRONG,42147,23523,13765,2927,1932
2020,2020-05-26,BEAVER,110648,42936,53565,8205,5942
2020,2020-05-26,BEDFORD,32235,21712,7434,1952,1137
2020,2020-05-26,BERKS,256839,101757,114757,27799,12526
2020,2020-05-26,BLAIR,75532,44698,21602,5884,3348
2020,2020-05-26,BRADFORD,36327,22328,9214,2771,2014
2020,2020-05-26,BUCKS,461267,185660,201235,48753,25619
2020,2020-05-26,BUTLER,129762,71668,40418,11224,6452
2020,2020-05-26,CAMBRIA,83225,36257,38382,6191,2395
2020,2020-05-26,CAMERON,2989,1648,954,216,171
2020,2020-05-26,CARBON,44323,19930,17611,4173,2609
2020,2020-05-26,CENTRE,109022,42845,46283,14446,5448
2020,2020-05-26,CHESTER,359261,148367,149157,37319,24418
2020,2020-05-26,CLARION,23235,13625,6962,1791,857
2020,2020-05-26,CLEARFIELD,46529,25548,15619,3098,2264
2020,2020-05-26,CLINTON,20812,10565,7599,1753,895
2020,2020-05-26,COLUMBIA,38035,18615,13667,3982,1771
2020,2020-05-26,CRAWFORD,53644,28723,18372,4109,2440
2020,2020-05-26,CUMBERLAND,178441,88046,61607,19669,9119
2020,2020-05-26,DAUPHIN,187597,73755,85941,18790,9111
2020,2020-05-26,DELAWARE,404689,155580,197170,30801,21138
2020,2020-05-26,ELK,19222,9314,7754,1221,933
2020,2020-05-26,ERIE,195458,70283,97672,17519,9984
2020,2020-05-26,FAYETTE,77309,29946,39976,4872,2515
2020,2020-05-26,FOREST,3385,1850,1166,210,159
2020,2020-05-26,FRANKLIN,94622,56719,24230,10233,3440
2020,2020-05-26,FULTON,9124,6120,2058,601,345
2020,2020-05-26,GREENE,21719,9231,10363,1374,751
2020,2020-05-26,HUNTINGDON,26659,16426,7511,1997,725
2020,2020-05-26,INDIANA,49872,25085,18405,4136,2246
2020,2020-05-26,JEFFERSON,30256,18219,8543,1979,1515
2020,2020-05-26,JUNIATA,13628,8880,3384,973,391
2020,2020-05-26,LACKAWANNA,142544,43479,84310,11338,3417
2020,2020-05-26,LANCASTER,331821,168860,109950,32624,20387
2020,2020-05-26,LAWRENCE,54204,24127,23954,3887,2236
2020,2020-05-26,LEBANON,86943,47417,26582,8838,4106
2020,2020-05-26,LEHIGH,234874,79599,114309,32895,8071
2020,2020-05-26,LUZERNE,211294,80238,104959,19054,7043
2020,2020-05-26,LYCOMING,69012,39416,20566,5749,3281
2020,2020-05-26,McKEAN,24103,14310,6479,2049,1265
2020,2020-05-26,MERCER,70695,32643,28890,6907,2255
2020,2020-05-26,MIFFLIN,25283,15959,6569,2014,741
2020,2020-05-26,MONROE,109973,37063,51342,14388,7180
2020,2020-05-26,MONTGOMERY,574346,201086,286258,51270,35732
2020,2020-05-26,MONTOUR,13308,6490,4697,1536,585
2020,2020-05-26,NORTHAMPTON,212971,75306,97876,27179,12610
2020,2020-05-26,NORTHUMBERLAND,53986,27878,18853,4336,2919
2020,2020-05-26,PERRY,28054,18094,6489,2522,949
2020,2020-05-26,PHILADELPHIA,1076791,119347,827441,93730,36273
2020,2020-05-26,PIKE,40962,18357,13978,5555,3072
2020,2020-05-26,POTTER,10688,7197,2338,835,318
2020,2020-05-26,SCHUYLKILL,85514,45005,29865,6230,4414
2020,2020-05-26,SNYDER,22182,14140,5271,1955,816
2020,2020-05-26,SOMERSET,46644,28020,14085,3065,1474
2020,2020-05-26,SULLIVAN,4413,2526,1416,289,182
2020,2020-05-26,SUSQUEHANNA,25519,15069,7169,1977,1304
2020,2020-05-26,TIOGA,25228,15966,6011,2342,909
2020,2020-05-26,UNION,24052,12825,7324,2705,1198
2020,2020-05-26,VENANGO,31079,17526,9616,2525,1412
2020,2020-05-26,WARREN,30487,15900,9797,2361,2429
2020,2020-05-26,WASHINGTON,145856,62060,66403,13039,4354
2020,2020-05-26,WAYNE,33350,18554,9565,3992,1239
2020,2020-05-26,WESTMORELAND,240011,109222,102463,16805,11521
2020,2020-05-26,WYOMING,17209,10023,5206,1147,833
2020,2020-05-26,YORK,290865,147776,97320,36486,9283
2020,2020-05-26,TOTALS,8598963,3290596,4092665,809548,406154
2020,2020-08-03,ADAMS,68276,37941,19505,7386,3444
2020,2020-08-03,ALLEGHENY,902062,253010,524011,80886,44155
2020,2020-08-03,ARMSTRONG,42334,23860,13598,2963,1913
2020,2020-08-03,BEAVER,111328,43726,53295,8423,5884
2020,2020-08-03,BEDFORD,32514,22081,7331,1969,1133
2020,2020-08-03,BERKS,258887,103243,114960,28245,12439
2020,2020-08-03,BLAIR,76040,45208,21507,5999,3326
2020,2020-08-03,BRADFORD,36550,22564,9189,2804,1993
2020,2020-08-03,BUCKS,462384,186390,201656,48884,25454
2020,2020-08-03,BUTLER,136286,74822,42617,11417,7430
2020,2020-08-03,CAMBRIA,83691,37018,37980,6270,2423
2020,2020-08-03,CAMERON,2993,1657,946,218,172
2020,2020-08-03,CARBON,44631,20232,17522,4274,2603
2020,2020-08-03,CENTRE,108810,42892,45996,14568,5354
2020,2020-08-03,CHESTER,361978,148839,150752,38224,24163
2020,2020-08-03,CLARION,23295,13770,6866,1804,855
2020,2020-08-03,CLEARFIELD,46974,26086,15462,3175,2251
2020,2020-08-03,CLINTON,20963,10762,7548,1765,888
2020,2020-08-03,COLUMBIA,38077,18799,13501,4000,1777
2020,2020-08-03,CRAWFORD,53839,29022,18220,4159,2438
2020,2020-08-03,CUMBERLAND,179685,88692,61932,19988,9073
2020,2020-08-03,DAUPHIN,188961,74121,86540,19194,9106
2020,2020-08-03,DELAWARE,407090,155844,198926,31318,21002
2020,2020-08-03,ELK,19347,9540,7643,1241,923
2020,2020-08-03,ERIE,195810,70610,97591,17649,9960
2020,2020-08-03,FAYETTE,77745,30546,39758,4931,2510
2020,2020-08-03,FOREST,3398,1869,1158,212,159
2020,2020-08-03,FRANKLIN,95392,57441,24165,10298,3488
2020,2020-08-03,FULTON,9235,6255,2026,616,338
2020,2020-08-03,GREENE,21764,9431,10205,1385,743
2020,2020-08-03,HUNTINGDON,26819,16647,7437,1998,737
2020,2020-08-03,INDIANA,49393,25237,17882,4081,2193
2020,2020-08-03,JEFFERSON,30453,18574,8390,1987,1502
2020,2020-08-03,JUNIATA,13723,8973,3363,993,394
2020,2020-08-03,LACKAWANNA,143443,44150,84310,11539,3444
2020,2020-08-03,LANCASTER,334886,170247,110980,33422,20237
2020,2020-08-03,LAWRENCE,54473,24469,23829,3933,2242
2020,2020-08-03,LEBANON,87503,47806,26611,8979,4107
2020,2020-08-03,LEHIGH,236205,80235,114763,33139,8068
2020,2020-08-03,LUZERNE,211757,80688,104848,19175,7046
2020,2020-08-03,LYCOMING,69577,39974,20478,5861,3264
2020,2020-08-03,McKEAN,24290,14519,6430,2074,1267
2020,2020-08-03,MERCER,71215,33159,28834,6958,2264
2020,2020-08-03,MIFFLIN,25631,16292,6538,2065,736
2020,2020-08-03,MONROE,111320,37649,51898,14648,7125
2020,2020-08-03,MONTGOMERY,576450,201459,287735,51792,35464
2020,2020-08-03,MONTOUR,13427,6559,4711,1565,592
2020,2020-08-03,NORTHAMPTON,215226,76331,98478,27822,12595
2020,2020-08-03,NORTHUMBERLAND,54112,27951,18888,4350,2923
2020,2020-08-03,PERRY,28218,18277,6445,2541,955
2020,2020-08-03,PHILADELPHIA,1086012,121976,832115,95675,36246
2020,2020-08-03,PIKE,41462,18691,14073,5642,3056
2020,2020-08-03,POTTER,10747,7274,2309,841,323
2020,2020-08-03,SCHUYLKILL,86043,45578,29692,6377,4396
2020,2020-08-03,SNYDER,22315,14297,5231,1963,824
2020,2020-08-03,SOMERSET,46592,28075,13977,3074,1466
2020,2020-08-03,SULLIVAN,4128,2426,1280,257,165
2020,2020-08-03,SUSQUEHANNA,25625,15207,7111,1999,1308
2020,2020-08-03,TIOGA,25394,16163,5941,2369,921
2020,2020-08-03,UNION,24268,12989,7333,2751,1195
2020,2020-08-03,VENANGO,31290,17745,9591,2552,1402
2020,2020-08-03,WARREN,30535,16012,9716,2392,2415
2020,2020-08-03,WASHINGTON,146692,62995,66151,13144,4402
2020,2020-08-03,WAYNE,33596,18760,9556,4043,1237
2020,2020-08-03,WESTMORELAND,241588,111191,101852,17122,11423
2020,2020-08-03,WYOMING,17329,10124,5206,1164,835
2020,2020-08-03,YORK,291698,148655,97398,36407,9238
2020,2020-08-03,TOTALS,8653774,3323625,4103786,820959,405404
2020,2020-09-07,ADAMS,68439,38108,19448,7454,3429
2020,2020-09-07,ALLEGHENY,907818,255452,525753,82520,44093
2020,2020-09-07,ARMSTRONG,42907,24401,13565,3018,1923
2020,2020-09-07,BEAVER,112557,44663,53343,8655,5896
2020,2020-09-07,BEDFORD,32882,22495,7268,2002,1117
2020,2020-09-07,BERKS,262064,105156,115624,28832,12452
2020,2020-09-07,BLAIR,77080,46071,21562,6130,3317
2020,2020-09-07,BRADFORD,37110,23021,9237,2872,1980
2020,2020-09-07,BUCKS,470463,190309,204160,50602,25392
2020,2020-09-07,BUTLER,138182,76191,42868,11677,7446
2020,2020-09-07,CAMBRIA,84733,38045,37833,6410,2445
2020,2020-09-07,CAMERON,3014,1687,940,219,168
2020,2020-09-07,CARBON,45263,20675,17599,4395,2594
2020,2020-09-07,CENTRE,109113,43195,45943,14705,5270
2020,2020-09-07,CHESTER,366408,150216,152550,39527,24115
2020,2020-09-07,CLARION,23540,14030,6836,1823,851
2020,2020-09-07,CLEARFIELD,47558,26682,15390,3237,2249
2020,2020-09-07,CLINTON,21283,11071,7522,1795,895
2020,2020-09-07,COLUMBIA,38548,19168,13533,4066,1781
2020,2020-09-07,CRAWFORD,54481,29543,18220,4281,2437
2020,2020-09-07,CUMBERLAND,181468,89700,62391,20337,9040
2020,2020-09-07,DAUPHIN,190903,74855,87264,19676,9108
2020,2020-09-07,DELAWARE,410000,156371,200649,31966,21014
2020,2020-09-07,ELK,19638,9824,7605,1285,924
2020,2020-09-07,ERIE,196521,71109,97557,17902,9953
2020,2020-09-07,FAYETTE,78420,31348,39548,5018,2506
2020,2020-09-07,FOREST,3424,1895,1154,217,158
2020,2020-09-07,FRANKLIN,96752,58438,24352,10434,3528
2020,2020-09-07,FULTON,9352,6388,2006,620,338
2020,2020-09-07,GREENE,21973,9704,10121,1409,739
2020,2020-09-07,HUNTINGDON,27181,16941,7457,2041,742
2020,2020-09-07,INDIANA,49996,25787,17862,4145,2202
2020,2020-09-07,JEFFERSON,30773,18895,8359,2014,1505
2020,2020-09-07,JUNIATA,13890,9128,3348,1024,390
2020,2020-09-07,LACKAWANNA,144837,44944,84555,11882,3456
2020,2020-09-07,LANCASTER,338379,172247,111789,34127,20216
2020,2020-09-07,LAWRENCE,55282,25103,23875,4036,2268
2020,2020-09-07,LEBANON,88690,48546,26841,9176,4127
2020,2020-09-07,LEHIGH,239619,81677,115862,33920,8160
2020,2020-09-07,LUZERNE,214142,82433,104858,19719,7132
2020,2020-09-07,LYCOMING,70609,40765,20505,6048,3291
2020,2020-09-07,McKEAN,24622,14834,6411,2114,1263
2020,2020-09-07,MERCER,71629,33534,28797,7035,2263
2020,2020-09-07,MIFFLIN,25986,16656,6509,2089,732
2020,2020-09-07,MONROE,112738,38264,52408,14955,7111
2020,2020-09-07,MONTGOMERY,586870,204445,292731,54121,35573
2020,2020-09-07,MONTOUR,13560,6654,4712,1603,591
2020,2020-09-07,NORTHAMPTON,217849,77532,99253,28502,12562
2020,2020-09-07,NORTHUMBERLAND,55301,28893,18916,4571,2921
2020,2020-09-07,PERRY,28581,18548,6477,2591,965
2020,2020-09-07,PHILADELPHIA,1092005,123765,834703,97455,36082
2020,2020-09-07,PIKE,42114,19072,14212,5792,3038
2020,2020-09-07,POTTER,10854,7394,2280,847,333
2020,2020-09-07,SCHUYLKILL,86879,46283,29702,6486,4408
2020,2020-09-07,SNYDER,22705,14633,5248,2000,824
2020,2020-09-07,SOMERSET,47120,28663,13844,3154,1459
2020,2020-09-07,SULLIVAN,4185,2474,1280,265,166
2020,2020-09-07,SUSQUEHANNA,25975,15483,7128,2047,1317
2020,2020-09-07,TIOGA,25758,16491,5933,2401,933
2020,2020-09-07,UNION,24600,13245,7383,2781,1191
2020,2020-09-07,VENANGO,31781,18160,9577,2625,1419
2020,2020-09-07,WARREN,30706,16202,9679,2409,2416
2020,2020-09-07,WASHINGTON,148482,64458,66188,13380,4456
2020,2020-09-07,WAYNE,34098,19096,9660,4095,1247
2020,2020-09-07,WESTMORELAND,244493,113478,102013,17574,11428
2020,2020-09-07,WYOMING,17629,10343,5248,1209,829
2020,2020-09-07,YORK,296914,151586,98445,37499,9384
2020,2020-09-07,TOTALS,8748726,3376463,4125889,840816,405558
2020,2020-11-16,ADAMS,72357,40767,20051,8078,3461
2020,2020-11-16,ALLEGHENY,942356,267860,539644,90552,44300
2020,2020-11-16,ARMSTRONG,44827,25980,13659,3237,1951
2020,2020-11-16,BEAVER,116903,47209,54228,9519,5947
2020,2020-11-16,BEDFORD,34244,23730,7267,2122,1125
2020,2020-11-16,BERKS,272251,110408,118381,30955,12507
2020,2020-11-16,BLAIR,80500,48502,22054,6617,3327
2020,2020-11-16,BRADFORD,38863,24254,9474,3129,2006
2020,2020-11-16,BUCKS,488037,198625,208904,55126,25382
2020,2020-11-16,BUTLER,143211,79570,43590,12648,7403
2020,2020-11-16,CAMBRIA,88290,40756,38176,6877,2481
2020,2020-11-16,CAMERON,3115,1786,934,225,170
2020,2020-11-16,CARBON,46994,21836,17832,4727,2599
2020,2020-11-16,CENTRE,112098,44591,46881,15650,4976
2020,2020-11-16,CHESTER,380237,155349,157304,43404,24180
2020,2020-11-16,CLARION,24389,14808,6837,1909,835
2020,2020-11-16,CLEARFIELD,49734,28556,15472,3444,2262
2020,2020-11-16,CLINTON,22382,11910,7608,1954,910
2020,2020-11-16,COLUMBIA,39920,20154,13692,4293,1781
2020,2020-11-16,CRAWFORD,56595,31140,18425,4568,2462
2020,2020-11-16,CUMBERLAND,187334,92648,64082,21607,8997
2020,2020-11-16,DAUPHIN,197814,77464,90027,21207,9116
2020,2020-11-16,DELAWARE,425517,160893,208202,35499,20923
2020,2020-11-16,ELK,20589,10626,7605,1421,937
2020,2020-11-16,ERIE,202625,74599,98944,19138,9944
2020,2020-11-16,FAYETTE,82447,34539,39858,5513,2537
2020,2020-11-16,FOREST,3509,1972,1153,225,159
2020,2020-11-16,FRANKLIN,101000,61377,25027,10941,3655
2020,2020-11-16,FULTON,9849,6815,2009,672,353
2020,2020-11-16,GREENE,22812,10423,10132,1497,760
2020,2020-11-16,HUNTINGDON,28431,18025,7470,2171,765
2020,2020-11-16,INDIANA,51797,27203,17980,4409,2205
2020,2020-11-16,JEFFERSON,32025,20004,8362,2147,1512
2020,2020-11-16,JUNIATA,14488,9630,3365,1099,394
2020,2020-11-16,LACKAWANNA,149419,47064,85974,12867,3514
2020,2020-11-16,LANCASTER,354206,181302,115290,37293,20321
2020,2020-11-16,LAWRENCE,57413,26542,24159,4404,2308
2020,2020-11-16,LEBANON,92640,50936,27645,9830,4229
2020,2020-11-16,LEHIGH,249438,85512,119265,36327,8334
2020,2020-11-16,LUZERNE,220897,86374,106364,20936,7223
2020,2020-11-16,LYCOMING,73768,42866,21001,6535,3366
2020,2020-11-16,McKEAN,25852,15782,6510,2286,1274
2020,2020-11-16,MERCER,74917,35762,29323,7485,2347
2020,2020-11-16,MIFFLIN,27370,17712,6650,2248,760
2020,2020-11-16,MONROE,118330,40408,54524,16229,7169
2020,2020-11-16,MONTGOMERY,609211,211871,301813,60098,35429
2020,2020-11-16,MONTOUR,14013,6913,4810,1702,588
2020,2020-11-16,NORTHAMPTON,227440,81400,102478,30964,12598
2020,2020-11-16,NORTHUMBERLAND,57611,30466,19161,5019,2965
2020,2020-11-16,PERRY,30035,19674,6590,2764,1007
2020,2020-11-16,PHILADELPHIA,1129338,130586,856971,105465,36316
2020,2020-11-16,PIKE,44670,20343,14841,6441,3045
2020,2020-11-16,POTTER,11310,7755,2305,910,340
2020,2020-11-16,SCHUYLKILL,90424,48778,30141,7031,4474
2020,2020-11-16,SNYDER,23702,15384,5379,2102,837
2020,2020-11-16,SOMERSET,49262,30642,13779,3363,1478
2020,2020-11-16,SULLIVAN,4329,2589,1285,286,169
2020,2020-11-16,SUSQUEHANNA,27228,16363,7268,2232,1365
2020,2020-11-16,TIOGA,26918,17378,6033,2562,945
2020,2020-11-16,UNION,26256,14043,7901,3097,1215
2020,2020-11-16,VENANGO,33350,19316,9734,2841,1459
2020,2020-11-16,WARREN,31433,16762,9699,2579,2393
2020,2020-11-16,WASHINGTON,154023,68220,67043,14247,4513
2020,2020-11-16,WAYNE,35694,20056,9975,4382,1281
2020,2020-11-16,WESTMORELAND,253882,119750,103434,19176,11522
2020,2020-11-16,WYOMING,18348,10862,5355,1307,824
2020,2020-11-16,YORK,311195,159944,101557,40074,9620
2020,2020-11-16,TOTALS,9091462,3543364,4228886,911662,407550
2020,2020-12-28,ADAMS,72400,40811,20030,8096,3463
2020,2020-12-28,ALLEGHENY,942367,267863,539647,90557,44300
2020,2020-12-28,ARMSTRONG,44826,25979,13659,3237,1951
2020,2020-12-28,BEAVER,113004,46046,52191,9131,5636
2020,2020-12-28,BEDFORD,32639,22994,6653,1959,1033
2020,2020-12-28,BERKS,271985,110317,118218,30953,12497
2020,2020-12-28,BLAIR,80488,48513,21993,6656,3326
2020,2020-12-28,BRADFORD,37277,23516,8967,2927,1867
2020,2020-12-28,BUCKS,488311,198734,208965,55222,25390
2020,2020-12-28,BUTLER,143226,79579,43594,12649,7404
2020,2020-12-28,CAMBRIA,88290,40756,38176,6877,2481
2020,2020-12-28,CAMERON,3121,1796,930,225,170
2020,2020-12-28,CARBON,47006,21844,17833,4728,2601
2020,2020-12-28,CENTRE,112215,44636,46885,15721,4973
2020,2020-12-28,CHESTER,367515,150650,152043,41814,23008
2020,2020-12-28,CLARION,24377,14825,6796,1918,838
2020,2020-12-28,CLEARFIELD,48209,27981,14817,3279,2132
2020,2020-12-28,CLINTON,22394,11947,7579,1968,900
2020,2020-12-28,COLUMBIA,39903,20168,13647,4305,1783
2020,2020-12-28,CRAWFORD,56577,31143,18393,4586,2455
2020,2020-12-28,CUMBERLAND,187390,92595,64059,21741,8995
2020,2020-12-28,DAUPHIN,189931,75212,86126,19998,8595
2020,2020-12-28,DELAWARE,425759,160750,208303,35799,20907
2020,2020-12-28,ELK,20161,10525,7350,1367,919
2020,2020-12-28,ERIE,178035,67462,86502,16087,7984
2020,2020-12-28,FAYETTE,79497,33947,37904,5259,2387
2020,2020-12-28,FOREST,3509,1972,1153,225,159
2020,2020-12-28,FRANKLIN,97639,59895,23944,10348,3452
2020,2020-12-28,FULTON,9845,6828,1992,674,351
2020,2020-12-28,GREENE,22797,10449,10085,1507,756
2020,2020-12-28,HUNTINGDON,28381,18025,7428,2169,759
2020,2020-12-28,INDIANA,51754,27242,17890,4427,2195
2020,2020-12-28,JEFFERSON,32026,20030,8316,2164,1516
2020,2020-12-28,JUNIATA,14461,9621,3356,1092,392
2020,2020-12-28,LACKAWANNA,144312,45797,82989,12212,3314
2020,2020-12-28,LANCASTER,355106,181711,115422,37628,20345
2020,2020-12-28,LAWRENCE,56112,26172,23377,4333,2230
2020,2020-12-28,LEBANON,92573,50894,27543,9921,4215
2020,2020-12-28,LEHIGH,239601,83139,113956,34614,7892
2020,2020-12-28,LUZERNE,220902,86375,106367,20937,7223
2020,2020-12-28,LYCOMING,71549,41965,20185,6204,3195
2020,2020-12-28,McKEAN,25930,15841,6506,2308,1275
2020,2020-12-28,MERCER,74864,35733,29301,7485,2345
2020,2020-12-28,MIFFLIN,27412,17744,6643,2268,757
2020,2020-12-28,MONROE,118673,40532,54606,16377,7158
2020,2020-12-28,MONTGOMERY,608644,211435,301398,60447,35364
2020,2020-12-28,MONTOUR,14045,6939,4814,1703,589
2020,2020-12-28,NORTHAMPTON,227350,81432,102227,31132,12559
2020,2020-12-28,NORTHUMBERLAND,57626,30532,19062,5065,2967
2020,2020-12-28,PERRY,30027,19687,6568,2767,1005
2020,2020-12-28,PHILADELPHIA,1129336,130589,856967,105465,36315
2020,2020-12-28,PIKE,44814,20432,14848,6492,3042
2020,2020-12-28,POTTER,10949,7594,2178,855,322
2020,2020-12-28,SCHUYLKILL,90289,48804,29951,7062,4472
2020,2020-12-28,SNYDER,23697,15393,5351,2114,839
2020,2020-12-28,SOMERSET,49142,30566,13738,3361,1477
2020,2020-12-28,SULLIVAN,4329,2589,1285,287,168
2020,2020-12-28,SUSQUEHANNA,27309,16410,7265,2266,1368
2020,2020-12-28,TIOGA,26891,17363,5994,2583,951
2020,2020-12-28,UNION,26209,14004,7872,3120,1213
2020,2020-12-28,VENANGO,33274,19291,9667,2849,1467
2020,2020-12-28,WARREN,31418,16783,9662,2590,2383
2020,2020-12-28,WASHINGTON,153767,68318,66639,14297,4513
2020,2020-12-28,WAYNE,34604,19596,9578,4224,1206
2020,2020-12-28,WESTMORELAND,253877,119750,103430,19175,11522
2020,2020-12-28,WYOMING,18350,10856,5347,1317,830
2020,2020-12-28,YORK,311199,159946,101558,40075,9620
2020,2020-12-28,TOTALS,9011495,3518863,4187718,903198,401716
2021,2021-02-16,ADAMS,72261,40570,20029,8197,3465
2021,2021-02-16,ALLEGHENY,929716,263688,532200,90218,43610
2021,2021-02-16,ARMSTRONG,44913,26025,13609,3309,1970
2021,2021-02-16,BEAVER,112803,45886,52009,9262,5646
2021,2021-02-16,BEDFORD,32626,22951,6645,1981,1049
2021,2021-02-16,BERKS,263210,107489,113615,30025,12081
2021,2021-02-16,BLAIR,80319,48253,21950,6766,3350
2021,2021-02-16,BRADFORD,37270,23467,8956,2966,1881
2021,2021-02-16,BUCKS,487397,197002,208583,56370,25442
2021,2021-02-16,BUTLER,142874,79103,43424,12927,7420
2021,2021-02-16,CAMBRIA,85476,39965,36537,6606,2368
2021,2021-02-16,CAMERON,3118,1795,927,227,169
2021,2021-02-16,CARBON,47018,21793,17745,4846,2634
2021,2021-02-16,CENTRE,105281,42483,44111,13961,4726
2021,2021-02-16,CHESTER,367874,149466,152623,42663,23122
2021,2021-02-16,CLARION,24295,14773,6756,1926,840
2021,2021-02-16,CLEARFIELD,48142,27913,14773,3316,2140
2021,2021-02-16,CLINTON,21889,11758,7346,1902,883
2021,2021-02-16,COLUMBIA,38545,19680,13067,4096,1702
2021,2021-02-16,CRAWFORD,56463,31032,18316,4646,2469
2021,2021-02-16,CUMBERLAND,181609,89677,62126,21178,8628
2021,2021-02-16,DAUPHIN,189659,74454,86141,20420,8644
2021,2021-02-16,DELAWARE,406554,153338,199294,34196,19726
2021,2021-02-16,ELK,20134,10505,7321,1386,922
2021,2021-02-16,ERIE,177692,67037,86349,16287,8019
2021,2021-02-16,FAYETTE,79356,33888,37711,5345,2412
2021,2021-02-16,FOREST,3497,1973,1138,227,159
2021,2021-02-16,FRANKLIN,98148,60026,24016,10594,3512
2021,2021-02-16,FULTON,9843,6818,1986,682,357
2021,2021-02-16,GREENE,22028,10209,9690,1409,720
2021,2021-02-16,HUNTINGDON,28364,17999,7416,2184,765
2021,2021-02-16,INDIANA,51668,27174,17827,4465,2202
2021,2021-02-16,JEFFERSON,31987,19996,8276,2189,1526
2021,2021-02-16,JUNIATA,14416,9587,3335,1099,395
2021,2021-02-16,LACKAWANNA,144129,45577,82833,12364,3355
2021,2021-02-16,LANCASTER,344085,176378,111637,36568,19502
2021,2021-02-16,LAWRENCE,55986,26065,23300,4369,2252
2021,2021-02-16,LEBANON,90244,49848,26630,9655,4111
2021,2021-02-16,LEHIGH,239484,82541,113967,34970,8006
2021,2021-02-16,LUZERNE,220963,86165,106121,21374,7303
2021,2021-02-16,LYCOMING,71441,41791,20149,6294,3207
2021,2021-02-16,McKEAN,24985,15365,6199,2207,1214
2021,2021-02-16,MERCER,71841,34622,27837,7161,2221
2021,2021-02-16,MIFFLIN,27356,17676,6625,2292,763
2021,2021-02-16,MONROE,113210,38868,51949,15676,6717
2021,2021-02-16,MONTGOMERY,592769,204979,294557,59134,34099
2021,2021-02-16,MONTOUR,14053,6926,4807,1725,595
2021,2021-02-16,NORTHAMPTON,218240,78521,98063,29818,11838
2021,2021-02-16,NORTHUMBERLAND,57644,30493,19044,5125,2982
2021,2021-02-16,PERRY,29975,19604,6564,2790,1017
2021,2021-02-16,PHILADELPHIA,1058492,121112,806373,97183,33824
2021,2021-02-16,PIKE,44962,20401,14871,6626,3064
2021,2021-02-16,POTTER,10943,7572,2171,869,331
2021,2021-02-16,SCHUYLKILL,90279,48636,29938,7196,4509
2021,2021-02-16,SNYDER,23673,15341,5358,2130,844
2021,2021-02-16,SOMERSET,49075,30550,13631,3409,1485
2021,2021-02-16,SULLIVAN,4328,2583,1279,295,171
2021,2021-02-16,SUSQUEHANNA,27325,16376,7273,2303,1373
2021,2021-02-16,TIOGA,26866,17306,5998,2598,964
2021,2021-02-16,UNION,26177,13939,7877,3140,1221
2021,2021-02-16,VENANGO,33250,19227,9670,2885,1468
2021,2021-02-16,WARREN,31327,16693,9637,2610,2387
2021,2021-02-16,WASHINGTON,144849,65407,61777,13431,4234
2021,2021-02-16,WAYNE,34641,19526,9634,4270,1211
2021,2021-02-16,WESTMORELAND,245588,116910,98971,18714,10993
2021,2021-02-16,WYOMING,18341,10835,5332,1335,839
2021,2021-02-16,YORK,311227,159890,101339,40339,9659
2021,2021-02-16,TOTALS,8814193,3455496,4077258,888726,392713
2021,2021-04-12,ADAMS,72571,40697,20092,8309,3473
2021,2021-04-12,ALLEGHENY,926685,262047,530702,90498,43438
2021,2021-04-12,ARMSTRONG,44871,26035,13543,3324,1969
2021,2021-04-12,BEAVER,112967,46010,51971,9339,5647
2021,2021-04-12,BEDFORD,32684,23009,6624,1999,1052
2021,2021-04-12,BERKS,263379,107479,113611,30172,12117
2021,2021-04-12,BLAIR,80261,48182,21923,6806,3350
2021,2021-04-12,BRADFORD,37278,23442,8965,2990,1881
2021,2021-04-12,BUCKS,488211,196848,209183,56791,25389
2021,2021-04-12,BUTLER,143204,79240,43520,13037,7407
2021,2021-04-12,CAMBRIA,85521,40093,36408,6655,2365
2021,2021-04-12,CAMERON,3119,1799,922,229,169
2021,2021-04-12,CARBON,47028,21840,17688,4866,2634
2021,2021-04-12,CENTRE,105168,42351,44131,13969,4717
2021,2021-04-12,CHESTER,368475,149089,153240,43048,23098
2021,2021-04-12,CLARION,23647,14515,6500,1839,793
2021,2021-04-12,CLEARFIELD,48155,27971,14718,3323,2143
2021,2021-04-12,CLINTON,21915,11780,7334,1912,889
2021,2021-04-12,COLUMBIA,38579,19717,13045,4117,1700
2021,2021-04-12,CRAWFORD,56495,31025,18313,4683,2474
2021,2021-04-12,CUMBERLAND,181886,89660,62288,21323,8615
2021,2021-04-12,DAUPHIN,189956,74261,86494,20573,8628
2021,2021-04-12,DELAWARE,407315,152560,200502,34524,19729
2021,2021-04-12,ELK,20141,10524,7302,1395,920
2021,2021-04-12,ERIE,177777,66918,86476,16369,8014
2021,2021-04-12,FAYETTE,79383,34049,37537,5387,2410
2021,2021-04-12,FOREST,3499,1979,1134,227,159
2021,2021-04-12,FRANKLIN,98187,59963,24033,10659,3532
2021,2021-04-12,FULTON,9843,6835,1975,678,355
2021,2021-04-12,GREENE,22051,10313,9617,1402,719
2021,2021-04-12,HUNTINGDON,28227,17952,7350,2173,752
2021,2021-04-12,INDIANA,51659,27200,17774,4484,2201
2021,2021-04-12,JEFFERSON,31960,20022,8226,2202,1510
2021,2021-04-12,JUNIATA,14395,9577,3321,1099,398
2021,2021-04-12,LACKAWANNA,144157,45541,82790,12443,3383
2021,2021-04-12,LANCASTER,343986,175902,111843,36819,19422
2021,2021-04-12,LAWRENCE,56091,26176,23255,4406,2254
2021,2021-04-12,LEBANON,90261,49771,26636,9734,4120
2021,2021-04-12,LEHIGH,239618,82407,114101,35108,8002
2021,2021-04-12,LUZERNE,220493,86012,105731,21442,7308
2021,2021-04-12,LYCOMING,71392,41763,20093,6330,3206
2021,2021-04-12,McKEAN,25014,15365,6204,2227,1218
2021,2021-04-12,MERCER,71950,34663,27795,7243,2249
2021,2021-04-12,MIFFLIN,27360,17697,6597,2303,763
2021,2021-04-12,MONROE,113393,38829,52053,15810,6701
2021,2021-04-12,MONTGOMERY,594135,204442,296086,59614,33993
2021,2021-04-12,MONTOUR,14047,6934,4793,1730,590
2021,2021-04-12,NORTHAMPTON,218502,78519,98136,30008,11839
2021,2021-04-12,NORTHUMBERLAND,57800,30559,19065,5194,2982
2021,2021-04-12,PERRY,29351,19285,6396,2686,984
2021,2021-04-12,PHILADELPHIA,1054123,117639,805875,96920,33689
2021,2021-04-12,PIKE,42961,19699,14085,6326,2851
2021,2021-04-12,POTTER,10953,7580,2162,881,330
2021,2021-04-12,SCHUYLKILL,90325,48642,29931,7245,4507
2021,2021-04-12,SNYDER,23667,15314,5373,2141,839
2021,2021-04-12,SOMERSET,49105,30608,13561,3439,1497
2021,2021-04-12,SULLIVAN,4335,2590,1276,299,170
2021,2021-04-12,SUSQUEHANNA,27369,16393,7287,2308,1381
2021,2021-04-12,TIOGA,25886,16879,5670,2432,905
2021,2021-04-12,UNION,26181,13935,7885,3142,1219
2021,2021-04-12,VENANGO,33096,19136,9621,2874,1465
2021,2021-04-12,WARREN,31319,16709,9609,2622,2379
2021,2021-04-12,WASHINGTON,145308,65783,61767,13513,4245
2021,2021-04-12,WAYNE,34701,19573,9633,4289,1206
2021,2021-04-12,WESTMORELAND,246046,117294,98905,18857,10990
2021,2021-04-12,WYOMING,18348,10842,5323,1343,840
2021,2021-04-12,YORK,311928,159271,101665,41169,9823
2021,2021-04-12,TOTALS,8809693,3446734,4077664,893298,391997
2021,2021-08-09,ADAMS,70296,39791,19256,7971,3278
2021,2021-08-09,ALLEGHENY,922724,260453,528375,90875,43021
2021,2021-08-09,ARMSTRONG,42852,25331,12584,3151,1786
2021,2021-08-09,BEAVER,112636,46136,51505,9407,5588
2021,2021-08-09,BEDFORD,32633,23032,6558,2000,1043
2021,2021-08-09,BERKS,263545,107773,113274,30414,12084
2021,2021-08-09,BLAIR,77630,47100,20912,6468,3150
2021,2021-08-09,BRADFORD,37197,23444,8867,3018,1868
2021,2021-08-09,BUCKS,474433,192239,202942,55167,24085
2021,2021-08-09,BUTLER,134537,75665,40190,12523,6159
2021,2021-08-09,CAMBRIA,85514,40371,36091,6699,2353
2021,2021-08-09,CAMERON,2989,1751,870,211,157
2021,2021-08-09,CARBON,43391,20721,15912,4482,2276
2021,2021-08-09,CENTRE,104803,42172,43981,13969,4681
2021,2021-08-09,CHESTER,370461,149659,154148,43702,22952
2021,2021-08-09,CLARION,23578,14533,6411,1841,793
2021,2021-08-09,CLEARFIELD,48072,28093,14525,3335,2119
2021,2021-08-09,CLINTON,21864,11786,7263,1939,876
2021,2021-08-09,COLUMBIA,38445,19688,12916,4143,1698
2021,2021-08-09,CRAWFORD,52579,29600,16596,4222,2161
2021,2021-08-09,CUMBERLAND,182074,89588,62371,21567,8548
2021,2021-08-09,DAUPHIN,190227,74193,86663,20814,8557
2021,2021-08-09,DELAWARE,406756,151300,201116,34783,19557
2021,2021-08-09,ELK,20103,10616,7190,1402,895
2021,2021-08-09,ERIE,177163,66836,85929,16476,7922
2021,2021-08-09,FAYETTE,79308,34304,37177,5422,2405
2021,2021-08-09,FOREST,3312,1909,1038,210,155
2021,2021-08-09,FRANKLIN,98063,59928,23934,10690,3511
2021,2021-08-09,FULTON,9818,6853,1934,682,349
2021,2021-08-09,GREENE,22019,10398,9509,1405,707
2021,2021-08-09,HUNTINGDON,28111,17940,7244,2186,741
2021,2021-08-09,INDIANA,48564,26267,16277,4073,1947
2021,2021-08-09,JEFFERSON,27947,18261,6621,1944,1121
2021,2021-08-09,JUNIATA,14005,9439,3155,1029,382
2021,2021-08-09,LACKAWANNA,144186,45582,82595,12599,3410
2021,2021-08-09,LANCASTER,344402,175943,111989,37231,19239
2021,2021-08-09,LAWRENCE,55964,26221,23047,4467,2229
2021,2021-08-09,LEBANON,90158,49718,26544,9804,4092
2021,2021-08-09,LEHIGH,239557,82213,114077,35250,8017
2021,2021-08-09,LUZERNE,202301,80966,95571,19190,6574
2021,2021-08-09,LYCOMING,71199,41710,19930,6381,3178
2021,2021-08-09,McKEAN,24962,15379,6144,2233,1206
2021,2021-08-09,MERCER,71844,34738,27593,7285,2228
2021,2021-08-09,MIFFLIN,26322,17240,6182,2191,709
2021,2021-08-09,MONROE,113165,38765,51880,15899,6621
2021,2021-08-09,MONTGOMERY,593497,203602,296241,60086,33568
2021,2021-08-09,MONTOUR,12437,6310,4186,1470,471
2021,2021-08-09,NORTHAMPTON,218542,78655,97878,30283,11726
2021,2021-08-09,NORTHUMBERLAND,57545,30508,18860,5232,2945
2021,2021-08-09,PERRY,29392,19361,6352,2694,985
2021,2021-08-09,PHILADELPHIA,1048959,115350,802909,97121,33579
2021,2021-08-09,PIKE,43215,19863,14105,6429,2818
2021,2021-08-09,POTTER,10958,7596,2137,895,330
2021,2021-08-09,SCHUYLKILL,87962,47782,28818,7041,4321
2021,2021-08-09,SNYDER,22553,14865,5013,1906,769
2021,2021-08-09,SOMERSET,48395,30436,13136,3386,1437
2021,2021-08-09,SULLIVAN,4310,2574,1275,294,167
2021,2021-08-09,SUSQUEHANNA,26597,16058,7009,2229,1301
2021,2021-08-09,TIOGA,25919,16937,5627,2447,908
2021,2021-08-09,UNION,25838,13789,7735,3119,1195
2021,2021-08-09,VENANGO,32293,18790,9286,2812,1405
2021,2021-08-09,WARREN,26332,14549,7825,2304,1654
2021,2021-08-09,WASHINGTON,141900,64813,59812,13136,4139
2021,2021-08-09,WAYNE,34716,19587,9586,4346,1197
2021,2021-08-09,WESTMORELAND,246058,117893,98241,19019,10905
2021,2021-08-09,WYOMING,17692,10546,5072,1296,778
2021,2021-08-09,YORK,304018,156476,98286,39818,9438
2021,2021-08-09,TOTALS,8710837,3411985,4028275,888113,382464
2021,2021-10-04,ADAMS,70461,39907,19264,8018,3272
2021,2021-10-04,ALLEGHENY,923590,260661,528320,91655,42954
2021,2021-10-04,ARMSTRONG,42842,25364,12530,3163,1785
2021,2021-10-04,BEAVER,112676,46341,51258,9512,5565
2021,2021-10-04,BEDFORD,32655,23090,6516,2007,1042
2021,2021-10-04,BERKS,264024,108030,113211,30642,12141
2021,2021-10-04,BLAIR,77613,47137,20827,6504,3145
2021,2021-10-04,BRADFORD,37255,23540,8825,3029,1861
2021,2021-10-04,BUCKS,474627,192369,202751,55511,23996
2021,2021-10-04,BUTLER,134496,75664,40115,12596,6121
2021,2021-10-04,CAMBRIA,85525,40569,35844,6756,2356
2021,2021-10-04,CAMERON,2999,1758,868,215,158
2021,2021-10-04,CARBON,43503,20863,15843,4519,2278
2021,2021-10-04,CENTRE,104970,42179,44044,14061,4686
2021,2021-10-04,CHESTER,371147,149643,154536,44117,22851
2021,2021-10-04,CLARION,23536,14563,6350,1833,790
2021,2021-10-04,CLEARFIELD,48105,28181,14452,3357,2115
2021,2021-10-04,CLINTON,21880,11828,7231,1948,873
2021,2021-10-04,COLUMBIA,38443,19745,12850,4156,1692
2021,2021-10-04,CRAWFORD,52569,29600,16548,4260,2161
2021,2021-10-04,CUMBERLAND,182476,89668,62535,21742,8531
2021,2021-10-04,DAUPHIN,190271,74109,86639,21002,8521
2021,2021-10-04,DELAWARE,407333,151032,201702,35060,19539
2021,2021-10-04,ELK,20097,10660,7140,1406,891
2021,2021-10-04,ERIE,176933,66897,85593,16539,7904
2021,2021-10-04,FAYETTE,79270,34438,36957,5474,2401
2021,2021-10-04,FOREST,3336,1930,1039,210,157
2021,2021-10-04,FRANKLIN,98140,60025,23842,10755,3518
2021,2021-10-04,FULTON,9834,6874,1927,684,349
2021,2021-10-04,GREENE,22002,10430,9446,1423,703
2021,2021-10-04,HUNTINGDON,28170,18002,7246,2183,739
2021,2021-10-04,INDIANA,48724,26412,16252,4124,1936
2021,2021-10-04,JEFFERSON,27978,18314,6595,1942,1127
2021,2021-10-04,JUNIATA,13997,9459,3125,1034,379
2021,2021-10-04,LACKAWANNA,144393,45725,82502,12729,3437
2021,2021-10-04,LANCASTER,344613,175924,112025,37467,19197
2021,2021-10-04,LAWRENCE,55925,26307,22892,4499,2227
2021,2021-10-04,LEBANON,90305,49787,26550,9854,4114
2021,2021-10-04,LEHIGH,239910,82297,114077,35482,8054
2021,2021-10-04,LUZERNE,202311,81190,95230,19323,6568
2021,2021-10-04,LYCOMING,71232,41749,19880,6436,3167
2021,2021-10-04,McKEAN,24956,15395,6097,2253,1211
2021,2021-10-04,MERCER,71780,34831,27418,7305,2226
2021,2021-10-04,MIFFLIN,26354,17273,6169,2201,711
2021,2021-10-04,MONROE,113375,38838,51893,16041,6603
2021,2021-10-04,MONTGOMERY,594326,203556,296696,60647,33427
2021,2021-10-04,MONTOUR,12295,6251,4124,1462,458
2021,2021-10-04,NORTHAMPTON,219125,78932,97914,30573,11706
2021,2021-10-04,NORTHUMBERLAND,57604,30555,18826,5278,2945
2021,2021-10-04,PERRY,29411,19409,6325,2704,973
2021,2021-10-04,PHILADELPHIA,1048469,115574,801628,97722,33545
2021,2021-10-04,PIKE,43333,19928,14096,6494,2815
2021,2021-10-04,POTTER,10979,7632,2124,890,333
2021,2021-10-04,SCHUYLKILL,88055,47867,28787,7068,4333
2021,2021-10-04,SNYDER,22556,14850,5012,1924,770
2021,2021-10-04,SOMERSET,48483,30571,13059,3426,1427
2021,2021-10-04,SULLIVAN,4347,2600,1275,302,170
2021,2021-10-04,SUSQUEHANNA,26651,16092,6996,2252,1311
2021,2021-10-04,TIOGA,25942,16955,5613,2462,912
2021,2021-10-04,UNION,25902,13816,7751,3145,1190
2021,2021-10-04,VENANGO,32372,18845,9276,2845,1406
2021,2021-10-04,WARREN,26331,14583,7759,2336,1653
2021,2021-10-04,WASHINGTON,141911,65057,59531,13173,4150
2021,2021-10-04,WAYNE,34790,19643,9572,4372,1203
2021,2021-10-04,WESTMORELAND,246187,118237,97909,19153,10888
2021,2021-10-04,WYOMING,17659,10534,5054,1308,763
2021,2021-10-04,YORK,304916,156931,98377,40134,9474
2021,2021-10-04,TOTALS,8718275,3417016,4024658,894697,381904
2021,2021-11-01,ADAMS,70469,39901,19265,8031,3272
2021,2021-11-01,ALLEGHENY,924235,260535,528465,92334,42901
2021,2021-11-01,ARMSTRONG,42866,25392,12516,3178,1780
2021,2021-11-01,BEAVER,112698,46403,51198,9542,5555
2021,2021-11-01,BEDFORD,32647,23105,6499,2002,1041
2021,2021-11-01,BERKS,264187,108134,113122,30733,12198
2021,2021-11-01,BLAIR,77618,47140,20800,6530,3148
2021,2021-11-01,BRADFORD,37255,23545,8810,3038,1862
2021,2021-11-01,BUCKS,475251,192688,202915,55683,23965
2021,2021-11-01,BUTLER,134746,75823,40140,12658,6125
2021,2021-11-01,CAMBRIA,85531,40621,35769,6779,2362
2021,2021-11-01,CAMERON,3006,1761,871,215,159
2021,2021-11-01,CARBON,43546,20889,15844,4532,2281
2021,2021-11-01,CENTRE,105101,42194,44124,14092,4691
2021,2021-11-01,CHESTER,371983,149859,154920,44373,22831
2021,2021-11-01,CLARION,23534,14576,6334,1832,792
2021,2021-11-01,CLEARFIELD,48122,28231,14423,3360,2108
2021,2021-11-01,CLINTON,21907,11861,7214,1959,873
2021,2021-11-01,COLUMBIA,38478,19756,12855,4176,1691
2021,2021-11-01,CRAWFORD,52604,29589,16566,4281,2168
2021,2021-11-01,CUMBERLAND,182729,89697,62705,21808,8519
2021,2021-11-01,DAUPHIN,190491,74151,86731,21106,8503
2021,2021-11-01,DELAWARE,407694,151044,201939,35198,19513
2021,2021-11-01,ELK,20088,10685,7104,1409,890
2021,2021-11-01,ERIE,177186,67062,85603,16612,7909
2021,2021-11-01,FAYETTE,79261,34491,36870,5496,2404
2021,2021-11-01,FOREST,3347,1944,1030,215,158
2021,2021-11-01,FRANKLIN,98124,60035,23811,10759,3519
2021,2021-11-01,FULTON,9825,6871,1922,685,347
2021,2021-11-01,GREENE,22005,10462,9410,1433,700
2021,2021-11-01,HUNTINGDON,28174,18024,7235,2176,739
2021,2021-11-01,INDIANA,48786,26462,16252,4140,1932
2021,2021-11-01,JEFFERSON,28006,18346,6587,1945,1128
2021,2021-11-01,JUNIATA,13988,9472,3102,1038,376
2021,2021-11-01,LACKAWANNA,144465,45819,82431,12776,3439
2021,2021-11-01,LANCASTER,344889,176020,112145,37556,19168
2021,2021-11-01,LAWRENCE,55973,26400,22844,4504,2225
2021,2021-11-01,LEBANON,90417,49828,26596,9873,4120
2021,2021-11-01,LEHIGH,240459,82453,114212,35697,8097
2021,2021-11-01,LUZERNE,202396,81263,95182,19380,6571
2021,2021-11-01,LYCOMING,71238,41757,19863,6456,3162
2021,2021-11-01,McKEAN,24960,15418,6079,2257,1206
2021,2021-11-01,MERCER,71852,34911,27380,7340,2221
2021,2021-11-01,MIFFLIN,26361,17296,6153,2200,712
2021,2021-11-01,MONROE,113470,38905,51891,16088,6586
2021,2021-11-01,MONTGOMERY,595307,203781,297227,60892,33407
2021,2021-11-01,MONTOUR,12200,6206,4088,1450,456
2021,2021-11-01,NORTHAMPTON,219476,79069,97988,30715,11704
2021,2021-11-01,NORTHUMBERLAND,57680,30609,18830,5293,2948
2021,2021-11-01,PERRY,29464,19457,6322,2716,969
2021,2021-11-01,PHILADELPHIA,1050084,115855,802327,98304,33598
2021,2021-11-01,PIKE,43372,19951,14094,6522,2805
2021,2021-11-01,POTTER,10973,7640,2110,890,333
2021,2021-11-01,SCHUYLKILL,88040,47880,28735,7098,4327
2021,2021-11-01,SNYDER,22552,14858,4996,1928,770
2021,2021-11-01,SOMERSET,48531,30651,13013,3433,1434
2021,2021-11-01,SULLIVAN,4341,2601,1269,301,170
2021,2021-11-01,SUSQUEHANNA,26669,16114,6989,2260,1306
2021,2021-11-01,TIOGA,25957,16978,5607,2458,914
2021,2021-11-01,UNION,25889,13810,7739,3150,1190
2021,2021-11-01,VENANGO,32374,18866,9262,2839,1407
2021,2021-11-01,WARREN,26342,14615,7735,2340,1652
2021,2021-11-01,WASHINGTON,142119,65230,59506,13226,4157
2021,2021-11-01,WAYNE,34818,19667,9570,4373,1208
2021,2021-11-01,WESTMORELAND,246331,118425,97817,19196,10893
2021,2021-11-01,WYOMING,17667,10537,5052,1316,762
2021,2021-11-01,YORK,305382,157182,98431,40278,9491
2021,2021-11-01,TOTALS,8727536,3420801,4026434,898453,381848
2021,2021-11-08,ADAMS,70486,39914,19268,8032,3272
2021,2021-11-08,ALLEGHENY,924236,260535,528466,92334,42901
2021,2021-11-08,ARMSTRONG,42745,25322,12483,3167,1773
2021,2021-11-08,BEAVER,112684,46401,51189,9541,5553
2021,2021-11-08,BEDFORD,32638,23101,6495,2002,1040
2021,2021-11-08,BERKS,264233,108156,113136,30740,12201
2021,2021-11-08,BLAIR,77593,47125,20791,6529,3148
2021,2021-11-08,BRADFORD,37255,23545,8810,3038,1862
2021,2021-11-08,BUCKS,475307,192709,202939,55689,23970
2021,2021-11-08,BUTLER,134746,75823,40140,12658,6125
2021,2021-11-08,CAMBRIA,85531,40621,35769,6779,2362
2021,2021-11-08,CAMERON,3005,1761,870,215,159
2021,2021-11-08,CARBON,43558,20895,15848,4533,2282
2021,2021-11-08,CENTRE,105100,42192,44125,14092,4691
2021,2021-11-08,CHESTER,372013,149869,154932,44380,22832
2021,2021-11-08,CLARION,23534,14576,6334,1832,792
2021,2021-11-08,CLEARFIELD,48134,28243,14421,3360,2110
2021,2021-11-08,CLINTON,21907,11861,7214,1959,873
2021,2021-11-08,COLUMBIA,38483,19760,12855,4176,1692
2021,2021-11-08,CRAWFORD,52604,29589,16566,4281,2168
2021,2021-11-08,CUMBERLAND,182809,89730,62735,21822,8522
2021,2021-11-08,DAUPHIN,190538,74170,86749,21113,8506
2021,2021-11-08,DELAWARE,407637,151004,201929,35195,19509
2021,2021-11-08,ELK,20088,10685,7104,1409,890
2021,2021-11-08,ERIE,177187,67064,85602,16612,7909
2021,2021-11-08,FAYETTE,79262,34492,36870,5496,2404
2021,2021-11-08,FOREST,3347,1944,1030,215,158
2021,2021-11-08,FRANKLIN,98141,60044,23814,10762,3521
2021,2021-11-08,FULTON,9835,6880,1922,687,346
2021,2021-11-08,GREENE,22002,10461,9409,1432,700
2021,2021-11-08,HUNTINGDON,28174,18024,7235,2176,739
2021,2021-11-08,INDIANA,48827,26500,16234,4158,1935
2021,2021-11-08,JEFFERSON,27987,18331,6584,1943,1129
2021,2021-11-08,JUNIATA,13990,9474,3101,1039,376
2021,2021-11-08,LACKAWANNA,144471,45822,82433,12776,3440
2021,2021-11-08,LANCASTER,344893,176014,112153,37560,19166
2021,2021-11-08,LAWRENCE,55973,26400,22844,4504,2225
2021,2021-11-08,LEBANON,90417,49828,26596,9873,4120
2021,2021-11-08,LEHIGH,240497,82472,114225,35701,8099
2021,2021-11-08,LUZERNE,202417,81276,95189,19380,6572
2021,2021-11-08,LYCOMING,71239,41758,19863,6456,3162
2021,2021-11-08,McKEAN,24962,15419,6080,2257,1206
2021,2021-11-08,MERCER,71862,34916,27382,7341,2223
2021,2021-11-08,MIFFLIN,26374,17311,6146,2205,712
2021,2021-11-08,MONROE,113470,38903,51891,16090,6586
2021,2021-11-08,MONTGOMERY,595406,203817,297270,60909,33410
2021,2021-11-08,MONTOUR,12244,6234,4102,1451,457
2021,2021-11-08,NORTHAMPTON,219496,79075,97999,30718,11704
2021,2021-11-08,NORTHUMBERLAND,57685,30613,18830,5294,2948
2021,2021-11-08,PERRY,29464,19457,6325,2713,969
2021,2021-11-08,PHILADELPHIA,1050042,115845,802302,98300,33595
2021,2021-11-08,PIKE,43372,19951,14094,6522,2805
2021,2021-11-08,POTTER,10973,7640,2110,890,333
2021,2021-11-08,SCHUYLKILL,88040,47880,28735,7098,4327
2021,2021-11-08,SNYDER,22548,14855,4995,1928,770
2021,2021-11-08,SOMERSET,48530,30651,13013,3433,1433
2021,2021-11-08,SULLIVAN,4341,2601,1269,301,170
2021,2021-11-08,SUSQUEHANNA,26654,16104,6984,2260,1306
2021,2021-11-08,TIOGA,25958,16979,5607,2458,914
2021,2021-11-08,UNION,25895,13812,7742,3150,1191
2021,2021-11-08,VENANGO,32351,18853,9254,2838,1406
2021,2021-11-08,WARREN,26342,14615,7735,2340,1652
2021,2021-11-08,WASHINGTON,142114,65227,59504,13226,4157
2021,2021-11-08,WAYNE,34820,19668,9570,4373,1209
2021,2021-11-08,WESTMORELAND,246332,118426,97817,19196,10893
2021,2021-11-08,WYOMING,17670,10540,5052,1316,762
2021,2021-11-08,YORK,305432,157209,98445,40286,9492
2021,2021-11-08,TOTALS,8727900,3420972,4026525,898539,381864
2021,2021-11-15,ADAMS,70486,39914,19268,8032,3272
2021,2021-11-15,ALLEGHENY,924238,260535,528467,92335,42901
2021,2021-11-15,ARMSTRONG,42744,25321,12483,3167,1773
2021,2021-11-15,BEAVER,112664,46395,51176,9540,5553
2021,2021-11-15,BEDFORD,32638,23101,6495,2002,1040
2021,2021-11-15,BERKS,264233,108156,113136,30740,12201
2021,2021-11-15,BLAIR,77652,47175,20789,6538,3150
2021,2021-11-15,BRADFORD,37255,23545,8810,3038,1862
2021,2021-11-15,BUCKS,475307,192709,202939,55689,23970
2021,2021-11-15,BUTLER,134746,75823,40140,12658,6125
2021,2021-11-15,CAMBRIA,85531,40621,35769,6779,2362
2021,2021-11-15,CAMERON,3005,1761,870,215,159
2021,2021-11-15,CARBON,43558,20895,15848,4533,2282
2021,2021-11-15,CENTRE,105100,42192,44125,14092,4691
2021,2021-11-15,CHESTER,372019,149871,154936,44380,22832
2021,2021-11-15,CLARION,23534,14576,6334,1832,792
2021,2021-11-15,CLEARFIELD,48140,28275,14401,3362,2102
2021,2021-11-15,CLINTON,21907,11861,7214,1959,873
2021,2021-11-15,COLUMBIA,38483,19760,12855,4176,1692
2021,2021-11-15,CRAWFORD,52604,29589,16566,4281,2168
2021,2021-11-15,CUMBERLAND,182809,89730,62735,21822,8522
2021,2021-11-15,DAUPHIN,190539,74171,86749,21113,8506
2021,2021-11-15,DELAWARE,407602,150988,201914,35193,19507
2021,2021-11-15,ELK,20091,10687,7105,1409,890
2021,2021-11-15,ERIE,177187,67064,85602,16612,7909
2021,2021-11-15,FAYETTE,79263,34492,36871,5496,2404
2021,2021-11-15,FOREST,3347,1944,1030,215,158
2021,2021-11-15,FRANKLIN,98141,60044,23814,10762,3521
2021,2021-11-15,FULTON,9843,6890,1920,687,346
2021,2021-11-15,GREENE,22002,10461,9409,1432,700
2021,2021-11-15,HUNTINGDON,28174,18024,7235,2176,739
2021,2021-11-15,INDIANA,48830,26505,16229,4161,1935
2021,2021-11-15,JEFFERSON,27986,18330,6584,1943,1129
2021,2021-11-15,JUNIATA,13990,9474,3101,1039,376
2021,2021-11-15,LACKAWANNA,144470,45822,82433,12776,3439
2021,2021-11-15,LANCASTER,344893,176014,112153,37560,19166
2021,2021-11-15,LAWRENCE,55969,26398,22842,4504,2225
2021,2021-11-15,LEBANON,90417,49828,26596,9873,4120
2021,2021-11-15,LEHIGH,240498,82473,114225,35701,8099
2021,2021-11-15,LUZERNE,202416,81275,95189,19380,6572
2021,2021-11-15,LYCOMING,71228,41789,19813,6460,3166
2021,2021-11-15,McKEAN,24962,15419,6080,2257,1206
2021,2021-11-15,MERCER,71862,34916,27382,7341,2223
2021,2021-11-15,MIFFLIN,26375,17313,6145,2204,713
2021,2021-11-15,MONROE,113468,38902,51890,16090,6586
2021,2021-11-15,MONTGOMERY,595419,203820,297277,60912,33410
2021,2021-11-15,MONTOUR,12310,6268,4121,1462,459
2021,2021-11-15,NORTHAMPTON,219497,79075,97999,30719,11704
2021,2021-11-15,NORTHUMBERLAND,57684,30612,18830,5294,2948
2021,2021-11-15,PERRY,29464,19457,6325,2712,970
2021,2021-11-15,PHILADELPHIA,1050041,115845,802301,98300,33595
2021,2021-11-15,PIKE,43372,19951,14094,6522,2805
2021,2021-11-15,POTTER,10973,7640,2110,890,333
2021,2021-11-15,SCHUYLKILL,88041,47881,28735,7098,4327
2021,2021-11-15,SNYDER,22548,14855,4995,1928,770
2021,2021-11-15,SOMERSET,48515,30642,13008,3433,1432
2021,2021-11-15,SULLIVAN,4341,2601,1269,301,170
2021,2021-11-15,SUSQUEHANNA,26655,16105,6984,2260,1306
2021,2021-11-15,TIOGA,25958,16979,5607,2458,914
2021,2021-11-15,UNION,25895,13812,7742,3150,1191
2021,2021-11-15,VENANGO,32351,18853,9254,2838,1406
2021,2021-11-15,WARREN,26342,14615,7735,2340,1652
2021,2021-11-15,WASHINGTON,142114,65227,59504,13226,4157
2021,2021-11-15,WAYNE,34852,19682,9572,4388,1210
2021,2021-11-15,WESTMORELAND,246331,118426,97816,19196,10893
2021,2021-11-15,WYOMING,17670,10540,5052,1316,762
2021,2021-11-15,YORK,305432,157209,98445,40286,9492
2021,2021-11-15,TOTALS,8728011,3421123,4026442,898583,381863
2021,2021-12-13,ADAMS,70576,39975,19254,8075,3272
2021,2021-12-13,ALLEGHENY,924181,260639,528057,92597,42888
2021,2021-12-13,ARMSTRONG,42711,25331,12428,3181,1771
2021,2021-12-13,BEAVER,112626,46514,50980,9590,5542
2021,2021-12-13,BEDFORD,32599,23098,6456,2009,1036
2021,2021-12-13,BERKS,264267,108263,112959,30852,12193
2021,2021-12-13,BLAIR,77491,47111,20712,6532,3136
2021,2021-12-13,BRADFORD,37276,23569,8778,3067,1862
2021,2021-12-13,BUCKS,475307,192709,202939,55689,23970
2021,2021-12-13,BUTLER,134567,75757,39991,12707,6112
2021,2021-12-13,CAMBRIA,85531,40621,35769,6779,2362
2021,2021-12-13,CAMERON,3005,1761,870,215,159
2021,2021-12-13,CARBON,43558,20895,15848,4533,2282
2021,2021-12-13,CENTRE,105168,42220,44107,14147,4694
2021,2021-12-13,CHESTER,372164,149890,154966,44488,22820
2021,2021-12-13,CLARION,23487,14565,6290,1837,795
2021,2021-12-13,CLEARFIELD,48067,28277,14330,3358,2102
2021,2021-12-13,CLINTON,21910,11869,7203,1970,868
2021,2021-12-13,COLUMBIA,38498,19777,12839,4190,1692
2021,2021-12-13,CRAWFORD,52549,29568,16521,4297,2163
2021,2021-12-13,CUMBERLAND,182995,89789,62732,21955,8519
2021,2021-12-13,DAUPHIN,190250,74064,86514,21201,8471
2021,2021-12-13,DELAWARE,407674,150946,201889,35341,19498
2021,2021-12-13,ELK,20054,10697,7065,1407,885
2021,2021-12-13,ERIE,177189,67064,85604,16612,7909
2021,2021-12-13,FAYETTE,79209,34592,36674,5538,2405
2021,2021-12-13,FOREST,3343,1950,1019,216,158
2021,2021-12-13,FRANKLIN,98137,60030,23745,10844,3518
2021,2021-12-13,FULTON,9829,6879,1915,689,346
2021,2021-12-13,GREENE,22000,10491,9365,1442,702
2021,2021-12-13,HUNTINGDON,28181,18033,7221,2186,741
2021,2021-12-13,INDIANA,48733,26474,16173,4152,1934
2021,2021-12-13,JEFFERSON,27872,18299,6521,1928,1124
2021,2021-12-13,JUNIATA,13974,9476,3079,1045,374
2021,2021-12-13,LACKAWANNA,144589,45953,82324,12852,3460
2021,2021-12-13,LANCASTER,345697,176411,112310,37822,19154
2021,2021-12-13,LAWRENCE,55746,26317,22722,4491,2216
2021,2021-12-13,LEBANON,90386,49818,26552,9904,4112
2021,2021-12-13,LEHIGH,240499,82474,114225,35701,8099
2021,2021-12-13,LUZERNE,202410,81274,95184,19380,6572
2021,2021-12-13,LYCOMING,71107,41719,19764,6465,3159
2021,2021-12-13,McKEAN,24957,15405,6072,2278,1202
2021,2021-12-13,MERCER,71862,34916,27382,7341,2223
2021,2021-12-13,MIFFLIN,26327,17295,6111,2206,715
2021,2021-12-13,MONROE,113658,39003,51849,16208,6598
2021,2021-12-13,MONTGOMERY,594668,203494,296717,61152,33305
2021,2021-12-13,MONTOUR,12304,6271,4120,1459,454
2021,2021-12-13,NORTHAMPTON,219443,79153,97768,30841,11681
2021,2021-12-13,NORTHUMBERLAND,57678,30644,18771,5317,2946
2021,2021-12-13,PERRY,29474,19465,6313,2725,971
2021,2021-12-13,PHILADELPHIA,1051428,116229,802622,98915,33662
2021,2021-12-13,PIKE,43484,20008,14105,6567,2804
2021,2021-12-13,POTTER,10996,7656,2102,902,336
2021,2021-12-13,SCHUYLKILL,88228,48016,28737,7143,4332
2021,2021-12-13,SNYDER,22542,14866,4981,1928,767
2021,2021-12-13,SOMERSET,48456,30600,12996,3430,1430
2021,2021-12-13,SULLIVAN,4337,2601,1263,303,170
2021,2021-12-13,SUSQUEHANNA,26708,16143,6980,2275,1310
2021,2021-12-13,TIOGA,25926,16959,5599,2453,915
2021,2021-12-13,UNION,25880,13801,7738,3150,1191
2021,2021-12-13,VENANGO,32333,18842,9242,2842,1407
2021,2021-12-13,WARREN,26302,14609,7699,2345,1649
2021,2021-12-13,WASHINGTON,142077,65326,59339,13247,4165
2021,2021-12-13,WAYNE,34844,19682,9530,4424,1208
2021,2021-12-13,WESTMORELAND,246174,118527,97506,19253,10888
2021,2021-12-13,WYOMING,17628,10522,5027,1318,761
2021,2021-12-13,YORK,305042,156999,98225,40318,9500
2021,2021-12-13,TOTALS,8728168,3422191,4022688,901624,381665
2022,2022-01-24,ADAMS,70709,40051,19255,8128,3275
2022,2022-01-24,ALLEGHENY,925035,261100,527704,93366,42865
2022,2022-01-24,ARMSTRONG,42682,25330,12395,3190,1767
2022,2022-01-24,BEAVER,112409,46510,50755,9614,5530
2022,2022-01-24,BEDFORD,32602,23140,6410,2024,1028
2022,2022-01-24,BERKS,264057,108295,112657,30923,12182
2022,2022-01-24,BLAIR,77387,47033,20659,6559,3136
2022,2022-01-24,BRADFORD,37284,23595,8745,3080,1864
2022,2022-01-24,BUCKS,475505,192927,202537,56157,23884
2022,2022-01-24,BUTLER,134514,75743,39904,12785,6082
2022,2022-01-24,CAMBRIA,85411,40781,35432,6823,2375
2022,2022-01-24,CAMERON,3008,1767,866,216,159
2022,2022-01-24,CARBON,43525,20961,15726,4564,2274
2022,2022-01-24,CENTRE,105201,42198,44150,14172,4681
2022,2022-01-24,CHESTER,372756,150027,155133,44874,22722
2022,2022-01-24,CLARION,23461,14565,6255,1847,794
2022,2022-01-24,CLEARFIELD,48079,28332,14268,3384,2095
2022,2022-01-24,CLINTON,21832,11845,7148,1971,868
2022,2022-01-24,COLUMBIA,38455,19805,12763,4205,1682
2022,2022-01-24,CRAWFORD,52467,29539,16452,4316,2160
2022,2022-01-24,CUMBERLAND,183007,89746,62708,22043,8510
2022,2022-01-24,DAUPHIN,190395,74146,86459,21330,8460
2022,2022-01-24,DELAWARE,407645,150610,201897,35613,19525
2022,2022-01-24,ELK,20035,10703,7030,1414,888
2022,2022-01-24,ERIE,177048,67172,85215,16757,7904
2022,2022-01-24,FAYETTE,79054,34605,36488,5562,2399
2022,2022-01-24,FOREST,3345,1952,1017,218,158
2022,2022-01-24,FRANKLIN,98238,60068,23757,10891,3522
2022,2022-01-24,FULTON,9251,6592,1735,612,312
2022,2022-01-24,GREENE,21975,10514,9307,1449,705
2022,2022-01-24,HUNTINGDON,28115,18009,7179,2191,736
2022,2022-01-24,INDIANA,48723,26483,16125,4170,1945
2022,2022-01-24,JEFFERSON,27854,18298,6508,1927,1121
2022,2022-01-24,JUNIATA,13973,9497,3056,1047,373
2022,2022-01-24,LACKAWANNA,144424,45933,82118,12913,3460
2022,2022-01-24,LANCASTER,345476,176215,112170,37954,19137
2022,2022-01-24,LAWRENCE,55802,26418,22638,4532,2214
2022,2022-01-24,LEBANON,90433,49816,26517,9981,4119
2022,2022-01-24,LEHIGH,240843,82644,114211,35878,8110
2022,2022-01-24,LUZERNE,202102,81417,94577,19553,6555
2022,2022-01-24,LYCOMING,71118,41726,19743,6483,3166
2022,2022-01-24,McKEAN,24899,15367,6043,2283,1206
2022,2022-01-24,MERCER,71722,34913,27216,7373,2220
2022,2022-01-24,MIFFLIN,26340,17318,6104,2211,707
2022,2022-01-24,MONROE,113673,39043,51764,16291,6575
2022,2022-01-24,MONTGOMERY,595908,203668,297416,61523,33301
2022,2022-01-24,MONTOUR,12225,6255,4067,1450,453
2022,2022-01-24,NORTHAMPTON,219444,79232,97618,30928,11666
2022,2022-01-24,NORTHUMBERLAND,57733,30686,18759,5345,2943
2022,2022-01-24,PERRY,29468,19472,6279,2744,973
2022,2022-01-24,PHILADELPHIA,1048441,115816,799979,99056,33590
2022,2022-01-24,PIKE,43636,20059,14129,6617,2831
2022,2022-01-24,POTTER,10970,7634,2098,906,332
2022,2022-01-24,SCHUYLKILL,87946,47890,28556,7199,4301
2022,2022-01-24,SNYDER,22533,14865,4965,1933,770
2022,2022-01-24,SOMERSET,48404,30617,12910,3455,1422
2022,2022-01-24,SULLIVAN,4354,2614,1259,310,171
2022,2022-01-24,SUSQUEHANNA,26683,16134,6968,2271,1310
2022,2022-01-24,TIOGA,25911,16946,5584,2467,914
2022,2022-01-24,UNION,25879,13789,7734,3176,1180
2022,2022-01-24,VENANGO,32329,18867,9204,2856,1402
2022,2022-01-24,WARREN,26278,14619,7665,2352,1642
2022,2022-01-24,WASHINGTON,141822,65333,59045,13294,4150
2022,2022-01-24,WAYNE,34882,19705,9524,4437,1216
2022,2022-01-24,WESTMORELAND,245780,118693,96927,19304,10856
2022,2022-01-24,WYOMING,17610,10512,5009,1323,766
2022,2022-01-24,YORK,305490,157300,98072,40571,9547
2022,2022-01-24,TOTALS,8725595,3423455,4014563,906391,381186
2022,2022-02-07,ADAMS,70715,40073,19240,8131,3271
2022,2022-02-07,ALLEGHENY,922517,260164,526371,93231,42751
2022,2022-02-07,ARMSTRONG,42700,25348,12388,3200,1764
2022,2022-02-07,BEAVER,112523,46603,50743,9646,5531
2022,2022-02-07,BEDFORD,32609,23151,6392,2035,1031
2022,2022-02-07,BERKS,264014,108312,112561,30967,12174
2022,2022-02-07,BLAIR,77379,47023,20641,6577,3138
2022,2022-02-07,BRADFORD,37264,23584,8729,3089,1862
2022,2022-02-07,BUCKS,475157,192865,202268,56180,23844
2022,2022-02-07,BUTLER,134780,75890,39966,12838,6086
2022,2022-02-07,CAMBRIA,85381,40814,35368,6824,2375
2022,2022-02-07,CAMERON,3012,1775,863,216,158
2022,2022-02-07,CARBON,43489,20941,15702,4575,2271
2022,2022-02-07,CENTRE,105099,42166,44097,14163,4673
2022,2022-02-07,CHESTER,372815,150011,155144,44955,22705
2022,2022-02-07,CLARION,23455,14567,6248,1849,791
2022,2022-02-07,CLEARFIELD,48074,28351,14245,3385,2093
2022,2022-02-07,CLINTON,21806,11836,7134,1968,868
2022,2022-02-07,COLUMBIA,38422,19805,12743,4200,1674
2022,2022-02-07,CRAWFORD,52491,29571,16440,4324,2156
2022,2022-02-07,CUMBERLAND,182976,89726,62687,22079,8484
2022,2022-02-07,DAUPHIN,190385,74111,86437,21389,8448
2022,2022-02-07,DELAWARE,407550,150451,201920,35680,19499
2022,2022-02-07,ELK,20035,10713,7016,1418,888
2022,2022-02-07,ERIE,176843,67104,85085,16762,7892
2022,2022-02-07,FAYETTE,79077,34623,36484,5568,2402
2022,2022-02-07,FOREST,3345,1949,1017,220,159
2022,2022-02-07,FRANKLIN,98214,60041,23742,10910,3521
2022,2022-02-07,FULTON,9073,6517,1662,591,303
2022,2022-02-07,GREENE,21947,10520,9278,1449,700
2022,2022-02-07,HUNTINGDON,28106,18009,7170,2192,735
2022,2022-02-07,INDIANA,48728,26484,16114,4186,1944
2022,2022-02-07,JEFFERSON,27844,18296,6503,1926,1119
2022,2022-02-07,JUNIATA,13975,9503,3051,1048,373
2022,2022-02-07,LACKAWANNA,144406,45971,82036,12935,3464
2022,2022-02-07,LANCASTER,345354,176125,112137,37989,19103
2022,2022-02-07,LAWRENCE,55830,26454,22614,4548,2214
2022,2022-02-07,LEBANON,90455,49836,26498,9999,4122
2022,2022-02-07,LEHIGH,241044,82659,114116,36132,8137
2022,2022-02-07,LUZERNE,202061,81464,94461,19581,6555
2022,2022-02-07,LYCOMING,71062,41692,19715,6496,3159
2022,2022-02-07,McKEAN,24900,15359,6043,2293,1205
2022,2022-02-07,MERCER,71750,34969,27178,7376,2227
2022,2022-02-07,MIFFLIN,26328,17310,6098,2214,706
2022,2022-02-07,MONROE,113414,38984,51594,16292,6544
2022,2022-02-07,MONTGOMERY,595708,203528,297320,61578,33282
2022,2022-02-07,MONTOUR,12208,6257,4056,1443,452
2022,2022-02-07,NORTHAMPTON,219458,79272,97576,30964,11646
2022,2022-02-07,NORTHUMBERLAND,57739,30693,18745,5358,2943
2022,2022-02-07,PERRY,29458,19467,6265,2753,973
2022,2022-02-07,PHILADELPHIA,1047932,115840,799286,99209,33597
2022,2022-02-07,PIKE,43645,20067,14119,6632,2827
2022,2022-02-07,POTTER,10962,7629,2094,907,332
2022,2022-02-07,SCHUYLKILL,87934,47913,28531,7200,4290
2022,2022-02-07,SNYDER,22527,14860,4963,1934,770
2022,2022-02-07,SOMERSET,48450,30671,12894,3463,1422
2022,2022-02-07,SULLIVAN,4357,2616,1259,312,170
2022,2022-02-07,SUSQUEHANNA,26673,16140,6956,2271,1306
2022,2022-02-07,TIOGA,25888,16934,5575,2471,908
2022,2022-02-07,UNION,25873,13784,7731,3178,1180
2022,2022-02-07,VENANGO,32322,18865,9184,2865,1408
2022,2022-02-07,WARREN,26284,14615,7667,2360,1642
2022,2022-02-07,WASHINGTON,142137,65524,59096,13355,4162
2022,2022-02-07,WAYNE,34891,19711,9511,4451,1218
2022,2022-02-07,WESTMORELAND,245879,118798,96907,19324,10850
2022,2022-02-07,WYOMING,17582,10497,4997,1320,768
2022,2022-02-07,YORK,305584,157366,98039,40627,9552
2022,2022-02-07,TOTALS,8721895,3422767,4010710,907601,380817
2022,2022-02-21,ADAMS,70753,40111,19228,8150,3264
2022,2022-02-21,ALLEGHENY,922356,260214,526117,93347,42678
2022,2022-02-21,ARMSTRONG,42661,25341,12359,3200,1761
2022,2022-02-21,BEAVER,112475,46635,50664,9647,5529
2022,2022-02-21,BEDFORD,32571,23147,6371,2030,1023
2022,2022-02-21,BERKS,264072,108392,112504,30994,12182
2022,2022-02-21,BLAIR,77375,47022,20624,6592,3137
2022,2022-02-21,BRADFORD,37263,23593,8717,3090,1863
2022,2022-02-21,BUCKS,475058,192875,202164,56193,23826
2022,2022-02-21,BUTLER,134745,75893,39942,12833,6077
2022,2022-02-21,CAMBRIA,85336,40845,35293,6828,2370
2022,2022-02-21,CAMERON,3008,1773,861,216,158
2022,2022-02-21,CARBON,43522,20960,15709,4587,2266
2022,2022-02-21,CENTRE,105025,42146,44067,14146,4666
2022,2022-02-21,CHESTER,373148,150158,155270,45014,22706
2022,2022-02-21,CLARION,23454,14567,6247,1851,789
2022,2022-02-21,CLEARFIELD,48052,28344,14216,3397,2095
2022,2022-02-21,CLINTON,21800,11841,7122,1969,868
2022,2022-02-21,COLUMBIA,38409,19810,12725,4207,1667
2022,2022-02-21,CRAWFORD,52493,29575,16427,4333,2158
2022,2022-02-21,CUMBERLAND,183005,89738,62680,22114,8473
2022,2022-02-21,DAUPHIN,190414,74149,86387,21431,8447
2022,2022-02-21,DELAWARE,407625,150389,202009,35740,19487
2022,2022-02-21,ELK,20022,10725,6994,1415,888
2022,2022-02-21,ERIE,176813,67113,85022,16779,7899
2022,2022-02-21,FAYETTE,78989,34645,36365,5581,2398
2022,2022-02-21,FOREST,3344,1953,1014,218,159
2022,2022-02-21,FRANKLIN,98197,60042,23740,10909,3506
2022,2022-02-21,FULTON,9062,6511,1660,590,301
2022,2022-02-21,GREENE,21950,10526,9274,1452,698
2022,2022-02-21,HUNTINGDON,28104,18012,7160,2200,732
2022,2022-02-21,INDIANA,48723,26495,16102,4181,1945
2022,2022-02-21,JEFFERSON,27832,18289,6500,1926,1117
2022,2022-02-21,JUNIATA,13972,9506,3044,1048,374
2022,2022-02-21,LACKAWANNA,144365,45993,81933,12963,3476
2022,2022-02-21,LANCASTER,345194,175980,112105,38029,19080
2022,2022-02-21,LAWRENCE,55823,26478,22567,4564,2214
2022,2022-02-21,LEBANON,90313,49761,26453,9989,4110
2022,2022-02-21,LEHIGH,240843,82649,113952,36109,8133
2022,2022-02-21,LUZERNE,201937,81501,94285,19599,6552
2022,2022-02-21,LYCOMING,71063,41695,19709,6506,3153
2022,2022-02-21,McKEAN,24893,15357,6037,2296,1203
2022,2022-02-21,MERCER,71780,35043,27125,7395,2217
2022,2022-02-21,MIFFLIN,26310,17306,6090,2209,705
2022,2022-02-21,MONROE,113249,38959,51474,16292,6524
2022,2022-02-21,MONTGOMERY,595709,203450,297362,61654,33243
2022,2022-02-21,MONTOUR,12198,6258,4043,1443,454
2022,2022-02-21,NORTHAMPTON,219742,79393,97655,31038,11656
2022,2022-02-21,NORTHUMBERLAND,57772,30726,18748,5362,2936
2022,2022-02-21,PERRY,29468,19485,6253,2756,974
2022,2022-02-21,PHILADELPHIA,1047381,115865,798627,99313,33576
2022,2022-02-21,PIKE,43683,20082,14129,6647,2825
2022,2022-02-21,POTTER,10961,7622,2093,915,331
2022,2022-02-21,SCHUYLKILL,87940,47947,28482,7215,4296
2022,2022-02-21,SNYDER,22461,14826,4939,1929,767
2022,2022-02-21,SOMERSET,48443,30702,12866,3459,1416
2022,2022-02-21,SULLIVAN,4358,2618,1256,315,169
2022,2022-02-21,SUSQUEHANNA,26660,16139,6946,2274,1301
2022,2022-02-21,TIOGA,25885,16927,5575,2472,911
2022,2022-02-21,UNION,25851,13776,7723,3175,1177
2022,2022-02-21,VENANGO,32319,18864,9181,2868,1406
2022,2022-02-21,WARREN,26281,14629,7645,2366,1641
2022,2022-02-21,WASHINGTON,142149,65603,59005,13375,4166
2022,2022-02-21,WAYNE,34894,19715,9505,4456,1218
2022,2022-02-21,WESTMORELAND,245802,118840,96778,19341,10843
2022,2022-02-21,WYOMING,17587,10500,5001,1319,767
2022,2022-02-21,YORK,305470,157371,97953,40616,9530
2022,2022-02-21,TOTALS,8720412,3423395,4008073,908467,380477
2022,2022-03-07,ADAMS,70790,40157,19216,8165,3252
2022,2022-03-07,ALLEGHENY,922138,260308,525766,93438,42626
2022,2022-03-07,ARMSTRONG,42645,25349,12345,3194,1757
2022,2022-03-07,BEAVER,112439,46681,50579,9648,5531
2022,2022-03-07,BEDFORD,32576,23169,6358,2030,1019
2022,2022-03-07,BERKS,264092,108455,112422,31048,12167
2022,2022-03-07,BLAIR,77381,47039,20616,6597,3129
2022,2022-03-07,BRADFORD,37250,23606,8702,3083,1859
2022,2022-03-07,BUCKS,475065,192973,202117,56187,23788
2022,2022-03-07,BUTLER,134757,75935,39898,12851,6073
2022,2022-03-07,CAMBRIA,85327,40923,35207,6832,2365
2022,2022-03-07,CAMERON,3009,1776,859,217,157
2022,2022-03-07,CARBON,43549,20989,15700,4602,2258
2022,2022-03-07,CENTRE,105024,42180,44045,14142,4657
2022,2022-03-07,CHESTER,373342,150232,155331,45105,22674
2022,2022-03-07,CLARION,23443,14557,6236,1864,786
2022,2022-03-07,CLEARFIELD,48043,28374,14175,3400,2094
2022,2022-03-07,CLINTON,21812,11856,7117,1971,868
2022,2022-03-07,COLUMBIA,38421,19835,12714,4206,1666
2022,2022-03-07,CRAWFORD,52448,29577,16395,4319,2157
2022,2022-03-07,CUMBERLAND,183103,89793,62701,22144,8465
2022,2022-03-07,DAUPHIN,190479,74201,86362,21474,8442
2022,2022-03-07,DELAWARE,407472,150356,201899,35747,19470
2022,2022-03-07,ELK,20019,10742,6974,1417,886
2022,2022-03-07,ERIE,176753,67167,84908,16785,7893
2022,2022-03-07,FAYETTE,78932,34685,36270,5585,2392
2022,2022-03-07,FOREST,3343,1952,1014,218,159
2022,2022-03-07,FRANKLIN,98266,60107,23731,10919,3509
2022,2022-03-07,FULTON,9064,6524,1647,594,299
2022,2022-03-07,GREENE,21951,10537,9262,1453,699
2022,2022-03-07,HUNTINGDON,28102,18015,7149,2205,733
2022,2022-03-07,INDIANA,48729,26529,16069,4189,1942
2022,2022-03-07,JEFFERSON,27840,18307,6494,1924,1115
2022,2022-03-07,JUNIATA,13961,9502,3037,1049,373
2022,2022-03-07,LACKAWANNA,144384,46041,81877,12983,3483
2022,2022-03-07,LANCASTER,345257,176011,112114,38084,19048
2022,2022-03-07,LAWRENCE,55829,26541,22524,4560,2204
2022,2022-03-07,LEBANON,90323,49773,26435,10009,4106
2022,2022-03-07,LEHIGH,240697,82682,113821,36070,8124
2022,2022-03-07,LUZERNE,201889,81529,94197,19621,6542
2022,2022-03-07,LYCOMING,71054,41683,19706,6515,3150
2022,2022-03-07,McKEAN,24881,15352,6028,2300,1201
2022,2022-03-07,MERCER,71793,35111,27075,7397,2210
2022,2022-03-07,MIFFLIN,26300,17300,6078,2218,704
2022,2022-03-07,MONROE,113223,38974,51440,16300,6509
2022,2022-03-07,MONTGOMERY,595845,203463,297459,61708,33215
2022,2022-03-07,MONTOUR,12196,6256,4039,1447,454
2022,2022-03-07,NORTHAMPTON,219903,79482,97704,31058,11659
2022,2022-03-07,NORTHUMBERLAND,57804,30766,18738,5368,2932
2022,2022-03-07,PERRY,29474,19492,6249,2759,974
2022,2022-03-07,PHILADELPHIA,1047485,116091,798365,99459,33570
2022,2022-03-07,PIKE,43717,20099,14136,6658,2824
2022,2022-03-07,POTTER,10955,7619,2088,917,331
2022,2022-03-07,SCHUYLKILL,87956,48008,28441,7212,4295
2022,2022-03-07,SNYDER,22461,14823,4940,1932,766
2022,2022-03-07,SOMERSET,48410,30711,12823,3465,1411
2022,2022-03-07,SULLIVAN,4358,2621,1253,315,169
2022,2022-03-07,SUSQUEHANNA,26662,16155,6935,2275,1297
2022,2022-03-07,TIOGA,25880,16927,5574,2468,911
2022,2022-03-07,UNION,25829,13779,7710,3170,1170
2022,2022-03-07,VENANGO,32311,18872,9172,2865,1402
2022,2022-03-07,WARREN,26282,14652,7631,2362,1637
2022,2022-03-07,WASHINGTON,142177,65683,58925,13400,4169
2022,2022-03-07,WAYNE,34908,19734,9499,4460,1215
2022,2022-03-07,WESTMORELAND,245770,118941,96637,19377,10815
2022,2022-03-07,WYOMING,17586,10498,4999,1322,767
2022,2022-03-07,YORK,305535,157460,97904,40643,9528
2022,2022-03-07,TOTALS,8720699,3425517,4005831,909299,380052
2022,2022-04-04,ADAMS,70902,40262,19219,8179,3242
2022,2022-04-04,ALLEGHENY,922852,260934,525703,93662,42553
2022,2022-04-04,ARMSTRONG,42633,25379,12315,3186,1753
2022,2022-04-04,BEAVER,112447,46793,50453,9681,5520
2022,2022-04-04,BEDFORD,32572,23186,6342,2032,1012
2022,2022-04-04,BERKS,264237,108709,112290,31070,12168
2022,2022-04-04,BLAIR,77411,47119,20579,6598,3115
2022,2022-04-04,BRADFORD,37249,23627,8683,3093,1846
2022,2022-04-04,BUCKS,475410,193462,202103,56152,23693
2022,2022-04-04,BUTLER,134953,76129,39879,12890,6055
2022,2022-04-04,CAMBRIA,85375,41128,35037,6850,2360
2022,2022-04-04,CAMERON,3003,1777,852,217,157
2022,2022-04-04,CARBON,43575,21080,15634,4617,2244
2022,2022-04-04,CENTRE,105016,42244,43985,14148,4639
2022,2022-04-04,CHESTER,373847,150535,155530,45181,22601
2022,2022-04-04,CLARION,23470,14594,6218,1870,788
2022,2022-04-04,CLEARFIELD,48047,28470,14100,3403,2074
2022,2022-04-04,CLINTON,21807,11896,7086,1969,856
2022,2022-04-04,COLUMBIA,38429,19913,12664,4201,1651
2022,2022-04-04,CRAWFORD,52451,29635,16335,4326,2155
2022,2022-04-04,CUMBERLAND,183405,90022,62750,22168,8465
2022,2022-04-04,DAUPHIN,190746,74326,86375,21598,8447
2022,2022-04-04,DELAWARE,407591,150379,201923,35854,19435
2022,2022-04-04,ELK,20031,10799,6924,1427,881
2022,2022-04-04,ERIE,176964,67382,84842,16855,7885
2022,2022-04-04,FAYETTE,78994,34901,36104,5604,2385
2022,2022-04-04,FOREST,3339,1957,1006,218,158
2022,2022-04-04,FRANKLIN,98315,60216,23686,10922,3491
2022,2022-04-04,FULTON,9078,6547,1635,596,300
2022,2022-04-04,GREENE,21970,10602,9206,1459,703
2022,2022-04-04,HUNTINGDON,28109,18043,7135,2198,733
2022,2022-04-04,INDIANA,48729,26555,16043,4196,1935
2022,2022-04-04,JEFFERSON,27861,18339,6482,1924,1116
2022,2022-04-04,JUNIATA,13945,9511,3024,1044,366
2022,2022-04-04,LACKAWANNA,144536,46177,81840,13037,3482
2022,2022-04-04,LANCASTER,345506,176274,112085,38150,18997
2022,2022-04-04,LAWRENCE,55837,26636,22430,4576,2195
2022,2022-04-04,LEBANON,90399,49840,26447,10014,4098
2022,2022-04-04,LEHIGH,241059,82926,113938,36083,8112
2022,2022-04-04,LUZERNE,202026,81858,93988,19650,6530
2022,2022-04-04,LYCOMING,71129,41760,19685,6524,3160
2022,2022-04-04,McKEAN,24905,15385,6013,2304,1203
2022,2022-04-04,MERCER,71886,35262,26992,7421,2211
2022,2022-04-04,MIFFLIN,26315,17341,6055,2219,700
2022,2022-04-04,MONROE,113344,39111,51419,16318,6496
2022,2022-04-04,MONTGOMERY,596403,203750,297761,61801,33091
2022,2022-04-04,MONTOUR,12224,6278,4042,1453,451
2022,2022-04-04,NORTHAMPTON,220263,79773,97703,31148,11639
2022,2022-04-04,NORTHUMBERLAND,57907,30890,18688,5390,2939
2022,2022-04-04,PERRY,29495,19510,6255,2760,970
2022,2022-04-04,PHILADELPHIA,1047645,116698,797652,99728,33567
2022,2022-04-04,PIKE,43817,20188,14131,6669,2829
2022,2022-04-04,POTTER,10963,7624,2086,922,331
2022,2022-04-04,SCHUYLKILL,88045,48148,28377,7238,4282
2022,2022-04-04,SNYDER,22492,14848,4935,1943,766
2022,2022-04-04,SOMERSET,48418,30787,12749,3480,1402
2022,2022-04-04,SULLIVAN,4364,2628,1250,316,170
2022,2022-04-04,SUSQUEHANNA,26704,16206,6916,2284,1298
2022,2022-04-04,TIOGA,25910,16973,5560,2485,892
2022,2022-04-04,UNION,25644,13752,7595,3147,1150
2022,2022-04-04,VENANGO,32325,18913,9153,2857,1402
2022,2022-04-04,WARREN,26288,14680,7603,2370,1635
2022,2022-04-04,WASHINGTON,142262,65910,58789,13411,4152
2022,2022-04-04,WAYNE,34978,19796,9499,4469,1214
2022,2022-04-04,WESTMORELAND,246064,119411,96398,19452,10803
2022,2022-04-04,WYOMING,17580,10520,4979,1315,766
2022,2022-04-04,YORK,306004,157821,97958,40714,9511
2022,2022-04-04,TOTALS,8727500,3434125,4003113,911036,379226
2022,2022-04-18,ADAMS,70938,40333,19193,8177,3235
2022,2022-04-18,ALLEGHENY,922325,260977,525258,93639,42451
2022,2022-04-18,ARMSTRONG,42591,25380,12288,3180,1743
2022,2022-04-18,BEAVER,112375,46819,50366,9682,5508
2022,2022-04-18,BEDFORD,32581,23217,6322,2034,1008
2022,2022-04-18,BERKS,264310,108843,112206,31105,12156
2022,2022-04-18,BLAIR,77406,47164,20540,6603,3099
2022,2022-04-18,BRADFORD,37251,23657,8659,3094,1841
2022,2022-04-18,BUCKS,475420,193560,202016,56197,23647
2022,2022-04-18,BUTLER,134908,76155,39825,12887,6041
2022,2022-04-18,CAMBRIA,85372,41200,34974,6841,2357
2022,2022-04-18,CAMERON,3002,1776,852,217,157
2022,2022-04-18,CARBON,43591,21115,15627,4617,2232
2022,2022-04-18,CENTRE,105008,42274,43970,14134,4630
2022,2022-04-18,CHESTER,373975,150606,155604,45193,22572
2022,2022-04-18,CLARION,23463,14602,6205,1868,788
2022,2022-04-18,CLEARFIELD,48045,28511,14065,3402,2067
2022,2022-04-18,CLINTON,21796,11909,7070,1964,853
2022,2022-04-18,COLUMBIA,38431,19943,12642,4194,1652
2022,2022-04-18,CRAWFORD,52367,29631,16278,4315,2143
2022,2022-04-18,CUMBERLAND,183426,90066,62725,22197,8438
2022,2022-04-18,DAUPHIN,190793,74366,86389,21623,8415
2022,2022-04-18,DELAWARE,407759,150376,202061,35922,19400
2022,2022-04-18,ELK,20035,10816,6909,1432,878
2022,2022-04-18,ERIE,176992,67470,84754,16892,7876
2022,2022-04-18,FAYETTE,78947,34966,35992,5611,2378
2022,2022-04-18,FOREST,3334,1956,1003,218,157
2022,2022-04-18,FRANKLIN,98349,60288,23661,10918,3482
2022,2022-04-18,FULTON,9082,6555,1631,596,300
2022,2022-04-18,GREENE,21971,10617,9188,1464,702
2022,2022-04-18,HUNTINGDON,28120,18062,7133,2193,732
2022,2022-04-18,INDIANA,48742,26575,16037,4192,1938
2022,2022-04-18,JEFFERSON,27859,18354,6467,1925,1113
2022,2022-04-18,JUNIATA,13937,9520,3010,1044,363
2022,2022-04-18,LACKAWANNA,144547,46249,81749,13068,3481
2022,2022-04-18,LANCASTER,345483,176309,112061,38156,18957
2022,2022-04-18,LAWRENCE,55823,26675,22381,4575,2192
2022,2022-04-18,LEBANON,90434,49879,26430,10028,4097
2022,2022-04-18,LEHIGH,241085,83002,113851,36123,8109
2022,2022-04-18,LUZERNE,202060,82040,93846,19663,6511
2022,2022-04-18,LYCOMING,71161,41805,19679,6521,3156
2022,2022-04-18,McKEAN,24896,15394,6001,2303,1198
2022,2022-04-18,MERCER,71884,35293,26960,7422,2209
2022,2022-04-18,MIFFLIN,26316,17354,6042,2223,697
2022,2022-04-18,MONROE,113366,39135,51401,16343,6487
2022,2022-04-18,MONTGOMERY,596532,203856,297867,61818,32991
2022,2022-04-18,MONTOUR,12213,6277,4040,1448,448
2022,2022-04-18,NORTHAMPTON,220298,79832,97648,31184,11634
2022,2022-04-18,NORTHUMBERLAND,57927,30947,18640,5404,2936
2022,2022-04-18,PERRY,29515,19543,6247,2757,968
2022,2022-04-18,PHILADELPHIA,1047123,116846,796920,99793,33564
2022,2022-04-18,PIKE,43836,20209,14129,6671,2827
2022,2022-04-18,POTTER,10965,7634,2079,920,332
2022,2022-04-18,SCHUYLKILL,88047,48187,28327,7244,4289
2022,2022-04-18,SNYDER,22499,14861,4929,1945,764
2022,2022-04-18,SOMERSET,48436,30831,12720,3485,1400
2022,2022-04-18,SULLIVAN,4370,2638,1244,319,169
2022,2022-04-18,SUSQUEHANNA,26700,16218,6903,2282,1297
2022,2022-04-18,TIOGA,25918,16977,5552,2495,894
2022,2022-04-18,UNION,25644,13758,7592,3147,1147
2022,2022-04-18,VENANGO,32303,18917,9130,2852,1404
2022,2022-04-18,WARREN,26267,14689,7583,2367,1628
2022,2022-04-18,WASHINGTON,142244,66000,58695,13406,4143
2022,2022-04-18,WAYNE,34982,19811,9486,4468,1217
2022,2022-04-18,WESTMORELAND,245934,119482,96220,19451,10781
2022,2022-04-18,WYOMING,17586,10528,4979,1313,766
2022,2022-04-18,YORK,306156,157963,97940,40727,9526
2022,2022-04-18,TOTALS,8727051,3436798,4000191,911491,378571
2022,2022-05-02,ADAMS,70978,40449,19162,8143,3224
2022,2022-05-02,ALLEGHENY,923101,261614,525445,93695,42347
2022,2022-05-02,ARMSTRONG,42647,25450,12269,3182,1746
2022,2022-05-02,BEAVER,112490,46986,50314,9691,5499
2022,2022-05-02,BEDFORD,32593,23253,6298,2035,1007
2022,2022-05-02,BERKS,264451,109063,112202,31064,12122
2022,2022-05-02,BLAIR,77451,47265,20522,6584,3080
2022,2022-05-02,BRADFORD,37282,23698,8654,3098,1832
2022,2022-05-02,BUCKS,475837,194092,202071,56149,23525
2022,2022-05-02,BUTLER,135174,76396,39836,12914,6028
2022,2022-05-02,CAMBRIA,85456,41347,34921,6835,2353
2022,2022-05-02,CAMERON,2994,1788,836,215,155
2022,2022-05-02,CARBON,43626,21211,15588,4603,2224
2022,2022-05-02,CENTRE,105043,42342,43965,14112,4624
2022,2022-05-02,CHESTER,374627,151054,155948,45166,22459
2022,2022-05-02,CLARION,23454,14611,6191,1866,786
2022,2022-05-02,CLEARFIELD,48083,28609,14014,3398,2062
2022,2022-05-02,CLINTON,21827,11944,7057,1971,855
2022,2022-05-02,COLUMBIA,38467,20013,12612,4189,1653
2022,2022-05-02,CRAWFORD,52414,29708,16254,4312,2140
2022,2022-05-02,CUMBERLAND,183563,90236,62774,22165,8388
2022,2022-05-02,DAUPHIN,190945,74448,86467,21640,8390
2022,2022-05-02,DELAWARE,408277,150548,202365,36018,19346
2022,2022-05-02,ELK,20082,10867,6899,1441,875
2022,2022-05-02,ERIE,177064,67643,84654,16904,7863
2022,2022-05-02,FAYETTE,79001,35150,35881,5601,2369
2022,2022-05-02,FOREST,3335,1957,1002,217,159
2022,2022-05-02,FRANKLIN,98458,60440,23649,10902,3467
2022,2022-05-02,FULTON,9085,6572,1625,593,295
2022,2022-05-02,GREENE,21967,10639,9158,1467,703
2022,2022-05-02,HUNTINGDON,28129,18090,7121,2190,728
2022,2022-05-02,INDIANA,48757,26637,16019,4173,1928
2022,2022-05-02,JEFFERSON,27904,18398,6466,1929,1111
2022,2022-05-02,JUNIATA,13946,9532,3014,1037,363
2022,2022-05-02,LACKAWANNA,144644,46514,81597,13069,3464
2022,2022-05-02,LANCASTER,345855,176726,112127,38102,18900
2022,2022-05-02,LAWRENCE,55843,26747,22345,4570,2181
2022,2022-05-02,LEBANON,90508,49973,26426,10017,4092
2022,2022-05-02,LEHIGH,241319,83215,113904,36088,8112
2022,2022-05-02,LUZERNE,202160,82485,93546,19635,6494
2022,2022-05-02,LYCOMING,71240,41918,19659,6517,3146
2022,2022-05-02,McKEAN,24910,15415,5990,2309,1196
2022,2022-05-02,MERCER,71916,35389,26914,7404,2209
2022,2022-05-02,MIFFLIN,26340,17380,6040,2225,695
2022,2022-05-02,MONROE,113409,39242,51375,16327,6465
2022,2022-05-02,MONTGOMERY,597519,204427,298390,61879,32823
2022,2022-05-02,MONTOUR,12131,6261,3995,1435,440
2022,2022-05-02,NORTHAMPTON,220556,80101,97666,31198,11591
2022,2022-05-02,NORTHUMBERLAND,57956,30997,18618,5411,2930
2022,2022-05-02,PERRY,29526,19582,6238,2744,962
2022,2022-05-02,PHILADELPHIA,1048383,117791,797005,100016,33571
2022,2022-05-02,PIKE,43888,20257,14137,6682,2812
2022,2022-05-02,POTTER,10973,7650,2076,915,332
2022,2022-05-02,SCHUYLKILL,88069,48256,28275,7264,4274
2022,2022-05-02,SNYDER,22510,14874,4928,1944,764
2022,2022-05-02,SOMERSET,48494,30944,12671,3488,1391
2022,2022-05-02,SULLIVAN,4376,2650,1238,319,169
2022,2022-05-02,SUSQUEHANNA,26705,16245,6896,2271,1293
2022,2022-05-02,TIOGA,25953,17014,5549,2501,889
2022,2022-05-02,UNION,25647,13766,7591,3148,1142
2022,2022-05-02,VENANGO,32338,18972,9116,2853,1397
2022,2022-05-02,WARREN,26273,14715,7569,2366,1623
2022,2022-05-02,WASHINGTON,142517,66255,58696,13423,4143
2022,2022-05-02,WAYNE,35010,19867,9481,4450,1212
2022,2022-05-02,WESTMORELAND,246181,119927,96082,19447,10725
2022,2022-05-02,WYOMING,17583,10541,4970,1310,762
2022,2022-05-02,YORK,306472,158317,97927,40727,9501
2022,2022-05-02,TOTALS,8735712,3446463,4000290,911553,377406
2022,2022-05-23,ADAMS,71023,40494,19164,8148,3217
2022,2022-05-23,ALLEGHENY,923146,261784,525508,93608,42246
2022,2022-05-23,ARMSTRONG,42647,25472,12260,3173,1742
2022,2022-05-23,BEAVER,112417,47000,50257,9673,5487
2022,2022-05-23,BEDFORD,32593,23263,6288,2037,1005
2022,2022-05-23,BERKS,264554,109197,112205,31043,12109
2022,2022-05-23,BLAIR,77447,47276,20519,6578,3074
2022,2022-05-23,BRADFORD,37282,23710,8648,3094,1830
2022,2022-05-23,BUCKS,476053,194363,202136,56092,23462
2022,2022-05-23,BUTLER,135217,76470,39843,12899,6005
2022,2022-05-23,CAMBRIA,85531,41451,34896,6830,2354
2022,2022-05-23,CAMERON,2991,1790,833,215,153
2022,2022-05-23,CARBON,43659,21240,15580,4614,2225
2022,2022-05-23,CENTRE,105036,42377,43954,14099,4606
2022,2022-05-23,CHESTER,374916,151228,156129,45146,22413
2022,2022-05-23,CLARION,23454,14619,6181,1871,783
2022,2022-05-23,CLEARFIELD,48110,28668,13982,3401,2059
2022,2022-05-23,CLINTON,21825,11953,7056,1964,852
2022,2022-05-23,COLUMBIA,38495,20069,12591,4186,1649
2022,2022-05-23,CRAWFORD,52431,29742,16249,4305,2135
2022,2022-05-23,CUMBERLAND,183651,90335,62814,22141,8361
2022,2022-05-23,DAUPHIN,191115,74526,86531,21681,8377
2022,2022-05-23,DELAWARE,408536,150601,202599,36015,19321
2022,2022-05-23,ELK,20083,10879,6887,1441,876
2022,2022-05-23,ERIE,177032,67715,84585,16890,7842
2022,2022-05-23,FAYETTE,78979,35210,35826,5584,2359
2022,2022-05-23,FOREST,3340,1960,1006,216,158
2022,2022-05-23,FRANKLIN,98506,60484,23654,10901,3467
2022,2022-05-23,FULTON,9092,6583,1624,591,294
2022,2022-05-23,GREENE,21940,10652,9120,1466,702
2022,2022-05-23,HUNTINGDON,28131,18106,7113,2188,724
2022,2022-05-23,INDIANA,48773,26666,16012,4167,1928
2022,2022-05-23,JEFFERSON,27928,18433,6457,1927,1111
2022,2022-05-23,JUNIATA,13953,9541,3014,1033,365
2022,2022-05-23,LACKAWANNA,144660,46618,81507,13073,3462
2022,2022-05-23,LANCASTER,345855,176809,112159,38033,18854
2022,2022-05-23,LAWRENCE,55844,26782,22322,4563,2177
2022,2022-05-23,LEBANON,90603,50045,26461,10010,4087
2022,2022-05-23,LEHIGH,241442,83290,113942,36110,8100
2022,2022-05-23,LUZERNE,202234,82753,93415,19590,6476
2022,2022-05-23,LYCOMING,71253,41966,19657,6503,3127
2022,2022-05-23,McKEAN,24912,15423,5988,2308,1193
2022,2022-05-23,MERCER,71922,35407,26908,7398,2209
2022,2022-05-23,MIFFLIN,26342,17403,6025,2219,695
2022,2022-05-23,MONROE,113438,39303,51368,16317,6450
2022,2022-05-23,MONTGOMERY,597868,204595,298672,61841,32760
2022,2022-05-23,MONTOUR,12143,6273,3998,1433,439
2022,2022-05-23,NORTHAMPTON,220686,80198,97722,31190,11576
2022,2022-05-23,NORTHUMBERLAND,57995,31054,18611,5409,2921
2022,2022-05-23,PERRY,29539,19602,6247,2732,958
2022,2022-05-23,PHILADELPHIA,1048671,118094,796951,100069,33557
2022,2022-05-23,PIKE,43904,20283,14141,6673,2807
2022,2022-05-23,POTTER,10976,7659,2073,913,331
2022,2022-05-23,SCHUYLKILL,88093,48313,28253,7259,4268
2022,2022-05-23,SNYDER,22516,14885,4925,1943,763
2022,2022-05-23,SOMERSET,48488,30966,12654,3479,1389
2022,2022-05-23,SULLIVAN,4373,2651,1236,317,169
2022,2022-05-23,SUSQUEHANNA,26707,16254,6891,2268,1294
2022,2022-05-23,TIOGA,25970,17022,5556,2503,889
2022,2022-05-23,UNION,25654,13774,7602,3140,1138
2022,2022-05-23,VENANGO,32325,18971,9115,2848,1391
2022,2022-05-23,WARREN,26287,14745,7566,2359,1617
2022,2022-05-23,WASHINGTON,142442,66281,58637,13394,4130
2022,2022-05-23,WAYNE,35013,19903,9464,4441,1205
2022,2022-05-23,WESTMORELAND,245970,119994,95894,19387,10695
2022,2022-05-23,WYOMING,17596,10563,4967,1309,757
2022,2022-05-23,YORK,306568,158454,97919,40705,9490
2022,2022-05-23,TOTALS,8738175,3450190,4000367,910953,376665
2022,2022-05-31,ADAMS,71023,40494,19164,8148,3217
2022,2022-05-31,ALLEGHENY,923146,261784,525509,93608,42245
2022,2022-05-31,ARMSTRONG,42713,25544,12257,3172,1740
2022,2022-05-31,BEAVER,112386,46990,50237,9673,5486
2022,2022-05-31,BEDFORD,32585,23257,6287,2037,1004
2022,2022-05-31,BERKS,264558,109199,112207,31043,12109
2022,2022-05-31,BLAIR,77549,47417,20502,6578,3052
2022,2022-05-31,BRADFORD,37282,23710,8648,3094,1830
2022,2022-05-31,BUCKS,476053,194363,202136,56092,23462
2022,2022-05-31,BUTLER,135219,76473,39843,12899,6004
2022,2022-05-31,CAMBRIA,85530,41451,34895,6830,2354
2022,2022-05-31,CAMERON,2991,1790,833,215,153
2022,2022-05-31,CARBON,43659,21241,15580,4613,2225
2022,2022-05-31,CENTRE,105032,42375,43952,14099,4606
2022,2022-05-31,CHESTER,374921,151231,156131,45146,22413
2022,2022-05-31,CLARION,23454,14619,6181,1871,783
2022,2022-05-31,CLEARFIELD,48137,28748,13940,3397,2052
2022,2022-05-31,CLINTON,21825,11953,7056,1964,852
2022,2022-05-31,COLUMBIA,38494,20069,12590,4186,1649
2022,2022-05-31,CRAWFORD,52431,29742,16249,4305,2135
2022,2022-05-31,CUMBERLAND,183651,90335,62814,22141,8361
2022,2022-05-31,DAUPHIN,191115,74526,86531,21681,8377
2022,2022-05-31,DELAWARE,408533,150599,202598,36015,19321
2022,2022-05-31,ELK,20083,10879,6887,1441,876
2022,2022-05-31,ERIE,177032,67715,84585,16890,7842
2022,2022-05-31,FAYETTE,78979,35210,35826,5584,2359
2022,2022-05-31,FOREST,3340,1960,1006,216,158
2022,2022-05-31,FRANKLIN,98508,60486,23654,10901,3467
2022,2022-05-31,FULTON,9091,6583,1623,591,294
2022,2022-05-31,GREENE,21941,10653,9120,1466,702
2022,2022-05-31,HUNTINGDON,28131,18106,7113,2188,724
2022,2022-05-31,INDIANA,48856,26772,15987,4172,1925
2022,2022-05-31,JEFFERSON,27928,18434,6457,1926,1111
2022,2022-05-31,JUNIATA,13970,9556,3016,1033,365
2022,2022-05-31,LACKAWANNA,144660,46618,81507,13073,3462
2022,2022-05-31,LANCASTER,345854,176809,112159,38033,18853
2022,2022-05-31,LAWRENCE,55844,26782,22322,4563,2177
2022,2022-05-31,LEBANON,90603,50045,26461,10010,4087
2022,2022-05-31,LEHIGH,241419,83280,113930,36109,8100
2022,2022-05-31,LUZERNE,202232,82751,93415,19590,6476
2022,2022-05-31,LYCOMING,71300,42075,19619,6502,3104
2022,2022-05-31,McKEAN,24912,15423,5988,2308,1193
2022,2022-05-31,MERCER,71922,35408,26907,7398,2209
2022,2022-05-31,MIFFLIN,26355,17423,6017,2223,692
2022,2022-05-31,MONROE,113438,39303,51368,16317,6450
2022,2022-05-31,MONTGOMERY,597868,204595,298672,61841,32760
2022,2022-05-31,MONTOUR,12170,6304,3998,1430,438
2022,2022-05-31,NORTHAMPTON,220685,80198,97721,31190,11576
2022,2022-05-31,NORTHUMBERLAND,57993,31052,18611,5409,2921
2022,2022-05-31,PERRY,29539,19602,6247,2732,958
2022,2022-05-31,PHILADELPHIA,1048671,118094,796952,100067,33558
2022,2022-05-31,PIKE,43904,20283,14141,6673,2807
2022,2022-05-31,POTTER,10976,7659,2073,913,331
2022,2022-05-31,SCHUYLKILL,88093,48313,28253,7259,4268
2022,2022-05-31,SNYDER,22517,14886,4925,1943,763
2022,2022-05-31,SOMERSET,48458,30950,12642,3478,1388
2022,2022-05-31,SULLIVAN,4373,2651,1236,317,169
2022,2022-05-31,SUSQUEHANNA,26707,16254,6891,2268,1294
2022,2022-05-31,TIOGA,25970,17022,5556,2503,889
2022,2022-05-31,UNION,25654,13774,7602,3140,1138
2022,2022-05-31,VENANGO,32321,18970,9113,2847,1391
2022,2022-05-31,WARREN,26287,14745,7566,2359,1617
2022,2022-05-31,WASHINGTON,142443,66283,58638,13394,4128
2022,2022-05-31,WAYNE,35013,19903,9464,4441,1205
2022,2022-05-31,WESTMORELAND,245971,119994,95895,19387,10695
2022,2022-05-31,WYOMING,17596,10563,4967,1309,757
2022,2022-05-31,YORK,306567,158453,97919,40705,9490
2022,2022-05-31,TOTALS,8738461,3450729,4000189,910946,376597
2022,2022-06-13,ADAMS,71188,40678,19146,8162,3202
2022,2022-06-13,ALLEGHENY,923139,261781,525506,93607,42245
2022,2022-06-13,ARMSTRONG,42630,25539,12204,3151,1736
2022,2022-06-13,BEAVER,112386,47039,50187,9676,5484
2022,2022-06-13,BEDFORD,32573,23248,6284,2037,1004
2022,2022-06-13,BERKS,264568,109234,112199,31035,12100
2022,2022-06-13,BLAIR,77476,47381,20464,6588,3043
2022,2022-06-13,BRADFORD,37371,23788,8654,3108,1821
2022,2022-06-13,BUCKS,476053,194363,202136,56092,23462
2022,2022-06-13,BUTLER,135402,76631,39822,12957,5992
2022,2022-06-13,CAMBRIA,85597,41489,34916,6839,2353
2022,2022-06-13,CAMERON,3000,1798,829,220,153
2022,2022-06-13,CARBON,43694,21339,15525,4615,2215
2022,2022-06-13,CENTRE,104990,42354,43935,14098,4603
2022,2022-06-13,CHESTER,375243,151379,156303,45177,22384
2022,2022-06-13,CLARION,23479,14652,6167,1882,778
2022,2022-06-13,CLEARFIELD,48112,28764,13908,3391,2049
2022,2022-06-13,CLINTON,21863,11988,7053,1970,852
2022,2022-06-13,COLUMBIA,38526,20116,12573,4187,1650
2022,2022-06-13,CRAWFORD,52439,29769,16223,4316,2131
2022,2022-06-13,CUMBERLAND,183793,90451,62870,22146,8326
2022,2022-06-13,DAUPHIN,191579,74708,86705,21818,8348
2022,2022-06-13,DELAWARE,408670,150573,202782,36060,19255
2022,2022-06-13,ELK,20146,10940,6875,1452,879
2022,2022-06-13,ERIE,177032,67715,84585,16890,7842
2022,2022-06-13,FAYETTE,78979,35210,35826,5584,2359
2022,2022-06-13,FOREST,3336,1957,1002,219,158
2022,2022-06-13,FRANKLIN,98744,60725,23688,10872,3459
2022,2022-06-13,FULTON,9111,6605,1621,596,289
2022,2022-06-13,GREENE,21941,10653,9120,1466,702
2022,2022-06-13,HUNTINGDON,28112,18106,7100,2184,722
2022,2022-06-13,INDIANA,48818,26765,15958,4168,1927
2022,2022-06-13,JEFFERSON,27963,18520,6408,1931,1104
2022,2022-06-13,JUNIATA,13945,9547,3005,1030,363
2022,2022-06-13,LACKAWANNA,144660,46618,81507,13073,3462
2022,2022-06-13,LANCASTER,345860,176834,112154,38022,18850
2022,2022-06-13,LAWRENCE,55870,26887,22250,4564,2169
2022,2022-06-13,LEBANON,90835,50231,26490,10028,4086
2022,2022-06-13,LEHIGH,241364,83256,113901,36107,8100
2022,2022-06-13,LUZERNE,202231,82751,93414,19590,6476
2022,2022-06-13,LYCOMING,71239,42076,19568,6501,3094
2022,2022-06-13,McKEAN,24912,15423,5988,2308,1193
2022,2022-06-13,MERCER,71922,35408,26907,7398,2209
2022,2022-06-13,MIFFLIN,26356,17438,6010,2216,692
2022,2022-06-13,MONROE,113646,39524,51391,16318,6413
2022,2022-06-13,MONTGOMERY,598573,204970,299105,61858,32640
2022,2022-06-13,MONTOUR,12146,6298,3989,1423,436
2022,2022-06-13,NORTHAMPTON,220684,80198,97720,31190,11576
2022,2022-06-13,NORTHUMBERLAND,57993,31052,18611,5409,2921
2022,2022-06-13,PERRY,29544,19606,6237,2741,960
2022,2022-06-13,PHILADELPHIA,1048673,118097,796950,100071,33555
2022,2022-06-13,PIKE,44118,20485,14172,6676,2785
2022,2022-06-13,POTTER,10998,7679,2075,916,328
2022,2022-06-13,SCHUYLKILL,88046,48308,28227,7255,4256
2022,2022-06-13,SNYDER,22543,14925,4922,1936,760
2022,2022-06-13,SOMERSET,48470,30984,12626,3476,1384
2022,2022-06-13,SULLIVAN,4374,2658,1229,319,168
2022,2022-06-13,SUSQUEHANNA,26707,16254,6891,2268,1294
2022,2022-06-13,TIOGA,26001,17082,5546,2488,885
2022,2022-06-13,UNION,25666,13795,7601,3135,1135
2022,2022-06-13,VENANGO,32290,18950,9103,2846,1391
2022,2022-06-13,WARREN,26327,14796,7554,2366,1611
2022,2022-06-13,WASHINGTON,142386,66269,58599,13389,4129
2022,2022-06-13,WAYNE,35071,19956,9455,4458,1202
2022,2022-06-13,WESTMORELAND,245761,119964,95733,19372,10692
2022,2022-06-13,WYOMING,17586,10566,4961,1304,755
2022,2022-06-13,YORK,306585,158525,97883,40700,9477
2022,2022-06-13,TOTALS,8741335,3453668,4000348,911245,376074
2022,2022-06-27,ADAMS,71097,40642,19104,8154,3197
2022,2022-06-27,ALLEGHENY,923917,262184,525741,93833,42159
2022,2022-06-27,ARMSTRONG,42600,25532,12184,3150,1734
2022,2022-06-27,BEAVER,112567,47259,50120,9724,5464
2022,2022-06-27,BEDFORD,32636,23339,6249,2048,1000
2022,2022-06-27,BERKS,264712,109316,112255,31050,12091
2022,2022-06-27,BLAIR,77488,47387,20464,6594,3043
2022,2022-06-27,BRADFORD,37325,23778,8622,3107,1818
2022,2022-06-27,BUCKS,476158,194625,201954,56211,23368
2022,2022-06-27,BUTLER,135216,76654,39672,12927,5963
2022,2022-06-27,CAMBRIA,85563,41703,34690,6817,2353
2022,2022-06-27,CAMERON,2995,1795,828,219,153
2022,2022-06-27,CARBON,43605,21313,15486,4601,2205
2022,2022-06-27,CENTRE,105100,42416,43966,14124,4594
2022,2022-06-27,CHESTER,375727,151536,156539,45369,22283
2022,2022-06-27,CLARION,23454,14675,6131,1878,770
2022,2022-06-27,CLEARFIELD,48122,28789,13882,3398,2053
2022,2022-06-27,CLINTON,21825,11975,7028,1969,853
2022,2022-06-27,COLUMBIA,38558,20184,12551,4182,1641
2022,2022-06-27,CRAWFORD,52550,29882,16221,4317,2130
2022,2022-06-27,CUMBERLAND,183862,90468,62926,22166,8302
2022,2022-06-27,DAUPHIN,191319,74594,86547,21852,8326
2022,2022-06-27,DELAWARE,408543,150388,202756,36210,19189
2022,2022-06-27,ELK,20092,10936,6831,1452,873
2022,2022-06-27,ERIE,176997,67835,84475,16887,7800
2022,2022-06-27,FAYETTE,78965,35309,35702,5598,2356
2022,2022-06-27,FOREST,3336,1956,1002,220,158
2022,2022-06-27,FRANKLIN,98760,60754,23644,10904,3458
2022,2022-06-27,FULTON,9086,6594,1609,595,288
2022,2022-06-27,GREENE,21986,10743,9073,1468,702
2022,2022-06-27,HUNTINGDON,28163,18178,7071,2193,721
2022,2022-06-27,INDIANA,48798,26779,15927,4173,1919
2022,2022-06-27,JEFFERSON,27920,18494,6396,1928,1102
2022,2022-06-27,JUNIATA,13934,9538,2999,1033,364
2022,2022-06-27,LACKAWANNA,144820,46881,81315,13152,3472
2022,2022-06-27,LANCASTER,346806,177305,112467,38243,18791
2022,2022-06-27,LAWRENCE,55858,26933,22210,4552,2163
2022,2022-06-27,LEBANON,90603,50153,26379,10004,4067
2022,2022-06-27,LEHIGH,241320,83237,113881,36103,8099
2022,2022-06-27,LUZERNE,202456,83025,93243,19706,6482
2022,2022-06-27,LYCOMING,71228,42075,19550,6505,3098
2022,2022-06-27,McKEAN,24947,15469,5963,2325,1190
2022,2022-06-27,MERCER,71829,35368,26851,7401,2209
2022,2022-06-27,MIFFLIN,26362,17442,6011,2213,696
2022,2022-06-27,MONROE,113430,39512,51239,16300,6379
2022,2022-06-27,MONTGOMERY,598178,204677,298975,62023,32503
2022,2022-06-27,MONTOUR,12116,6285,3979,1418,434
2022,2022-06-27,NORTHAMPTON,221249,80607,97808,31287,11547
2022,2022-06-27,NORTHUMBERLAND,58020,31137,18543,5430,2910
2022,2022-06-27,PERRY,29576,19649,6220,2750,957
2022,2022-06-27,PHILADELPHIA,1050829,118601,798023,100597,33608
2022,2022-06-27,PIKE,44134,20493,14171,6692,2778
2022,2022-06-27,POTTER,11004,7681,2069,926,328
2022,2022-06-27,SCHUYLKILL,87094,48096,27700,7127,4171
2022,2022-06-27,SNYDER,22503,14911,4902,1934,756
2022,2022-06-27,SOMERSET,48445,31050,12549,3470,1376
2022,2022-06-27,SULLIVAN,4365,2655,1222,321,167
2022,2022-06-27,SUSQUEHANNA,26802,16357,6883,2273,1289
2022,2022-06-27,TIOGA,25982,17063,5542,2494,883
2022,2022-06-27,UNION,25702,13804,7623,3140,1135
2022,2022-06-27,VENANGO,32377,19074,9076,2845,1382
2022,2022-06-27,WARREN,26310,14784,7547,2367,1612
2022,2022-06-27,WASHINGTON,142693,66724,58447,13397,4125
2022,2022-06-27,WAYNE,35023,19939,9440,4451,1193
2022,2022-06-27,WESTMORELAND,246256,120672,95518,19408,10658
2022,2022-06-27,WYOMING,17540,10544,4948,1300,748
2022,2022-06-27,YORK,307519,159183,98017,40845,9474
2022,2022-06-27,TOTALS,8746352,3458936,3998956,913350,375110
2022,2022-08-01,ADAMS,71335,40781,19167,8196,3191
2022,2022-08-01,ALLEGHENY,925947,262374,526879,94690,42004
2022,2022-08-01,ARMSTRONG,42671,25560,12203,3172,1736
2022,2022-08-01,BEAVER,112518,47230,50050,9790,5448
2022,2022-08-01,BEDFORD,32705,23404,6238,2059,1004
2022,2022-08-01,BERKS,265544,109807,112457,31261,12019
2022,2022-08-01,BLAIR,77610,47418,20503,6639,3050
2022,2022-08-01,BRADFORD,37279,23755,8596,3115,1813
2022,2022-08-01,BUCKS,476302,194583,202129,56381,23209
2022,2022-08-01,BUTLER,135461,76714,39799,13009,5939
2022,2022-08-01,CAMBRIA,85666,41938,34513,6856,2359
2022,2022-08-01,CAMERON,2985,1791,824,217,153
2022,2022-08-01,CARBON,43706,21365,15511,4636,2194
2022,2022-08-01,CENTRE,105057,42342,43929,14204,4582
2022,2022-08-01,CHESTER,376893,151559,157398,45688,22248
2022,2022-08-01,CLARION,23473,14699,6121,1893,760
2022,2022-08-01,CLEARFIELD,48192,28865,13865,3411,2051
2022,2022-08-01,CLINTON,21821,11982,7006,1989,844
2022,2022-08-01,COLUMBIA,38537,20175,12550,4181,1631
2022,2022-08-01,CRAWFORD,52620,29944,16210,4340,2126
2022,2022-08-01,CUMBERLAND,184221,90404,63252,22276,8289
2022,2022-08-01,DAUPHIN,191791,74524,86883,22049,8335
2022,2022-08-01,DELAWARE,409630,150126,203752,36567,19185
2022,2022-08-01,ELK,20097,10959,6819,1452,867
2022,2022-08-01,ERIE,176793,67808,84195,17022,7768
2022,2022-08-01,FAYETTE,78966,35520,35487,5621,2338
2022,2022-08-01,FOREST,3326,1954,994,223,155
2022,2022-08-01,FRANKLIN,98761,60714,23658,10944,3445
2022,2022-08-01,FULTON,9012,6550,1593,585,284
2022,2022-08-01,GREENE,21971,10795,8996,1477,703
2022,2022-08-01,HUNTINGDON,28161,18199,7054,2194,714
2022,2022-08-01,INDIANA,48799,26790,15887,4198,1924
2022,2022-08-01,JEFFERSON,27940,18503,6405,1932,1100
2022,2022-08-01,JUNIATA,13924,9554,2977,1029,364
2022,2022-08-01,LACKAWANNA,144985,46966,81324,13221,3474
2022,2022-08-01,LANCASTER,347041,177308,112645,38412,18676
2022,2022-08-01,LAWRENCE,55919,26997,22196,4571,2155
2022,2022-08-01,LEBANON,90645,50031,26485,10043,4086
2022,2022-08-01,LEHIGH,235747,82018,110873,35086,7770
2022,2022-08-01,LUZERNE,202761,83252,93173,19842,6494
2022,2022-08-01,LYCOMING,71220,42057,19543,6528,3092
2022,2022-08-01,McKEAN,24928,15429,5962,2353,1184
2022,2022-08-01,MERCER,71992,35633,26724,7428,2207
2022,2022-08-01,MIFFLIN,26425,17463,6035,2229,698
2022,2022-08-01,MONROE,112221,39164,50632,16158,6267
2022,2022-08-01,MONTGOMERY,599008,204205,300033,62431,32339
2022,2022-08-01,MONTOUR,12139,6293,3978,1427,441
2022,2022-08-01,NORTHAMPTON,221276,80520,97851,31413,11492
2022,2022-08-01,NORTHUMBERLAND,58184,31303,18537,5439,2905
2022,2022-08-01,PERRY,29605,19648,6235,2761,961
2022,2022-08-01,PHILADELPHIA,1052097,118591,797687,102121,33698
2022,2022-08-01,PIKE,44053,20434,14151,6708,2760
2022,2022-08-01,POTTER,10945,7639,2053,925,328
2022,2022-08-01,SCHUYLKILL,87012,48069,27613,7166,4164
2022,2022-08-01,SNYDER,22481,14888,4891,1947,755
2022,2022-08-01,SOMERSET,48497,31124,12518,3487,1368
2022,2022-08-01,SULLIVAN,4369,2659,1222,322,166
2022,2022-08-01,SUSQUEHANNA,26737,16313,6858,2288,1278
2022,2022-08-01,TIOGA,26019,17093,5540,2510,876
2022,2022-08-01,UNION,25850,13867,7687,3158,1138
2022,2022-08-01,VENANGO,32298,19013,9045,2861,1379
2022,2022-08-01,WARREN,26372,14819,7548,2393,1612
2022,2022-08-01,WASHINGTON,142717,66773,58356,13488,4100
2022,2022-08-01,WAYNE,35066,19967,9435,4476,1188
2022,2022-08-01,WESTMORELAND,246392,120909,95308,19571,10604
2022,2022-08-01,WYOMING,17037,10347,4766,1240,684
2022,2022-08-01,YORK,308022,159210,98277,41049,9486
2022,2022-08-01,TOTALS,8749774,3458688,3999081,918348,373657
2022,2022-08-08,ADAMS,71402,40807,19190,8209,3196
2022,2022-08-08,ALLEGHENY,926340,262448,527082,94823,41987
2022,2022-08-08,ARMSTRONG,42664,25560,12195,3174,1735
2022,2022-08-08,BEAVER,112605,47251,50056,9847,5451
2022,2022-08-08,BEDFORD,32713,23416,6228,2066,1003
2022,2022-08-08,BERKS,265460,109793,112395,31266,12006
2022,2022-08-08,BLAIR,77633,47428,20495,6659,3051
2022,2022-08-08,BRADFORD,37286,23760,8597,3116,1813
2022,2022-08-08,BUCKS,476370,194590,202151,56429,23200
2022,2022-08-08,BUTLER,135526,76737,39824,13022,5943
2022,2022-08-08,CAMBRIA,85729,41970,34515,6881,2363
2022,2022-08-08,CAMERON,2983,1794,821,216,152
2022,2022-08-08,CARBON,43722,21377,15517,4632,2196
2022,2022-08-08,CENTRE,105086,42339,43944,14217,4586
2022,2022-08-08,CHESTER,377055,151599,157490,45724,22242
2022,2022-08-08,CLARION,23472,14706,6116,1891,759
2022,2022-08-08,CLEARFIELD,48197,28879,13852,3413,2053
2022,2022-08-08,CLINTON,21840,11993,7007,1995,845
2022,2022-08-08,COLUMBIA,38545,20182,12546,4186,1631
2022,2022-08-08,CRAWFORD,52610,29956,16200,4335,2119
2022,2022-08-08,CUMBERLAND,184297,90421,63281,22305,8290
2022,2022-08-08,DAUPHIN,191928,74527,86964,22097,8340
2022,2022-08-08,DELAWARE,409645,150065,203808,36597,19175
2022,2022-08-08,ELK,20101,10963,6817,1453,868
2022,2022-08-08,ERIE,176812,67805,84192,17048,7767
2022,2022-08-08,FAYETTE,78979,35558,35465,5621,2335
2022,2022-08-08,FOREST,3325,1955,993,222,155
2022,2022-08-08,FRANKLIN,98806,60733,23674,10947,3452
2022,2022-08-08,FULTON,9018,6554,1595,586,283
2022,2022-08-08,GREENE,21978,10808,8987,1479,704
2022,2022-08-08,HUNTINGDON,28131,18192,7031,2194,714
2022,2022-08-08,INDIANA,48795,26795,15876,4198,1926
2022,2022-08-08,JEFFERSON,27963,18512,6412,1936,1103
2022,2022-08-08,JUNIATA,13920,9550,2978,1028,364
2022,2022-08-08,LACKAWANNA,145031,46992,81336,13228,3475
2022,2022-08-08,LANCASTER,347710,177468,112989,38567,18686
2022,2022-08-08,LAWRENCE,55923,27015,22185,4572,2151
2022,2022-08-08,LEBANON,90682,50066,26486,10049,4081
2022,2022-08-08,LEHIGH,235892,82016,110940,35159,7777
2022,2022-08-08,LUZERNE,202848,83300,93187,19860,6501
2022,2022-08-08,LYCOMING,71239,42071,19544,6529,3095
2022,2022-08-08,McKEAN,24934,15436,5964,2350,1184
2022,2022-08-08,MERCER,71944,35609,26701,7426,2208
2022,2022-08-08,MIFFLIN,26447,17480,6033,2234,700
2022,2022-08-08,MONROE,112274,39177,50653,16178,6266
2022,2022-08-08,MONTGOMERY,599096,204200,300097,62484,32315
2022,2022-08-08,MONTOUR,12144,6294,3979,1430,441
2022,2022-08-08,NORTHAMPTON,221502,80605,97945,31463,11489
2022,2022-08-08,NORTHUMBERLAND,58220,31325,18543,5445,2907
2022,2022-08-08,PERRY,29621,19650,6244,2766,961
2022,2022-08-08,PHILADELPHIA,1052412,118630,797771,102287,33724
2022,2022-08-08,PIKE,44088,20449,14161,6719,2759
2022,2022-08-08,POTTER,10939,7636,2052,924,327
2022,2022-08-08,SCHUYLKILL,87033,48078,27613,7175,4167
2022,2022-08-08,SNYDER,22484,14892,4890,1947,755
2022,2022-08-08,SOMERSET,48482,31114,12515,3485,1368
2022,2022-08-08,SULLIVAN,4369,2659,1222,322,166
2022,2022-08-08,SUSQUEHANNA,26763,16327,6860,2296,1280
2022,2022-08-08,TIOGA,26031,17100,5544,2510,877
2022,2022-08-08,UNION,25863,13874,7690,3162,1137
2022,2022-08-08,VENANGO,32306,19017,9051,2861,1377
2022,2022-08-08,WARREN,26367,14817,7548,2391,1611
2022,2022-08-08,WASHINGTON,142755,66810,58354,13492,4099
2022,2022-08-08,WAYNE,35105,19985,9444,4482,1194
2022,2022-08-08,WESTMORELAND,246524,121040,95292,19593,10599
2022,2022-08-08,WYOMING,17031,10344,4765,1239,683
2022,2022-08-08,YORK,308228,159263,98349,41119,9497
2022,2022-08-08,TOTALS,8753223,3459762,4000241,919556,373664
2022,2022-09-06,ADAMS,71533,40853,19208,8266,3206
2022,2022-09-06,ALLEGHENY,926363,262122,527004,95335,41902
2022,2022-09-06,ARMSTRONG,42701,25606,12194,3173,1728
2022,2022-09-06,BEAVER,112793,47348,50056,9932,5457
2022,2022-09-06,BEDFORD,32736,23456,6211,2068,1001
2022,2022-09-06,BERKS,265247,109740,112199,31345,11963
2022,2022-09-06,BLAIR,77705,47464,20502,6693,3046
2022,2022-09-06,BRADFORD,37334,23793,8604,3130,1807
2022,2022-09-06,BUCKS,477148,194763,202431,56776,23178
2022,2022-09-06,BUTLER,135849,76849,39947,13116,5937
2022,2022-09-06,CAMBRIA,85715,42078,34362,6912,2363
2022,2022-09-06,CAMERON,2986,1796,821,218,151
2022,2022-09-06,CARBON,43799,21456,15498,4643,2202
2022,2022-09-06,CENTRE,105209,42311,44021,14292,4585
2022,2022-09-06,CHESTER,377537,151415,157885,46048,22189
2022,2022-09-06,CLARION,23472,14705,6110,1902,755
2022,2022-09-06,CLEARFIELD,48211,28893,13835,3432,2051
2022,2022-09-06,CLINTON,21859,12011,6989,2012,847
2022,2022-09-06,COLUMBIA,38626,20233,12555,4207,1631
2022,2022-09-06,CRAWFORD,52566,29961,16146,4336,2123
2022,2022-09-06,CUMBERLAND,184721,90504,63468,22447,8302
2022,2022-09-06,DAUPHIN,192347,74527,87216,22249,8355
2022,2022-09-06,DELAWARE,410404,149943,204410,36853,19198
2022,2022-09-06,ELK,20119,10997,6798,1453,871
2022,2022-09-06,ERIE,176922,67886,84157,17113,7766
2022,2022-09-06,FAYETTE,79076,35700,35391,5649,2336
2022,2022-09-06,FOREST,3332,1964,994,220,154
2022,2022-09-06,FRANKLIN,98966,60791,23714,11005,3456
2022,2022-09-06,FULTON,9024,6565,1591,584,284
2022,2022-09-06,GREENE,21966,10836,8954,1477,699
2022,2022-09-06,HUNTINGDON,28195,18234,7037,2206,718
2022,2022-09-06,INDIANA,48823,26844,15849,4209,1921
2022,2022-09-06,JEFFERSON,27965,18533,6389,1942,1101
2022,2022-09-06,JUNIATA,13935,9559,2964,1045,367
2022,2022-09-06,LACKAWANNA,145071,47011,81278,13314,3468
2022,2022-09-06,LANCASTER,348491,177678,113288,38840,18685
2022,2022-09-06,LAWRENCE,55933,27042,22153,4584,2154
2022,2022-09-06,LEBANON,90813,50107,26492,10130,4084
2022,2022-09-06,LEHIGH,236122,82093,110967,35271,7791
2022,2022-09-06,LUZERNE,202913,83345,93054,20013,6501
2022,2022-09-06,LYCOMING,71307,42128,19528,6559,3092
2022,2022-09-06,McKEAN,24953,15436,5965,2366,1186
2022,2022-09-06,MERCER,71853,35629,26592,7431,2201
2022,2022-09-06,MIFFLIN,26433,17485,6008,2241,699
2022,2022-09-06,MONROE,112329,39230,50610,16245,6244
2022,2022-09-06,MONTGOMERY,600211,204114,300923,62872,32302
2022,2022-09-06,MONTOUR,11630,6095,3780,1350,405
2022,2022-09-06,NORTHAMPTON,222054,80808,98134,31649,11463
2022,2022-09-06,NORTHUMBERLAND,58306,31409,18520,5475,2902
2022,2022-09-06,PERRY,29640,19673,6237,2774,956
2022,2022-09-06,PHILADELPHIA,1054943,118921,798528,103680,33814
2022,2022-09-06,PIKE,44182,20500,14175,6749,2758
2022,2022-09-06,POTTER,10953,7645,2052,930,326
2022,2022-09-06,SCHUYLKILL,87090,48137,27594,7202,4157
2022,2022-09-06,SNYDER,22540,14924,4901,1957,758
2022,2022-09-06,SOMERSET,48571,31206,12500,3500,1365
2022,2022-09-06,SULLIVAN,4369,2655,1222,326,166
2022,2022-09-06,SUSQUEHANNA,26790,16369,6844,2305,1272
2022,2022-09-06,TIOGA,26037,17112,5517,2526,882
2022,2022-09-06,UNION,25842,13842,7698,3166,1136
2022,2022-09-06,VENANGO,32331,19029,9042,2883,1377
2022,2022-09-06,WARREN,26389,14855,7518,2414,1602
2022,2022-09-06,WASHINGTON,143021,67029,58327,13553,4112
2022,2022-09-06,WAYNE,35181,20021,9458,4508,1194
2022,2022-09-06,WESTMORELAND,246710,121221,95219,19683,10587
2022,2022-09-06,WYOMING,17041,10327,4783,1240,691
2022,2022-09-06,YORK,308725,159508,98474,41250,9493
2022,2022-09-06,TOTALS,8763958,3462320,4002891,925274,373473
2022,2022-10-03,ADAMS,71858,41004,19335,8315,3204
2022,2022-10-03,ALLEGHENY,930375,262770,529297,96487,41821
2022,2022-10-03,ARMSTRONG,42733,25671,12150,3194,1718
2022,2022-10-03,BEAVER,113158,47567,50115,10027,5449
2022,2022-10-03,BEDFORD,32801,23521,6194,2079,1007
2022,2022-10-03,BERKS,265861,110025,112346,31556,11934
2022,2022-10-03,BLAIR,77851,47587,20498,6734,3032
2022,2022-10-03,BRADFORD,37442,23868,8621,3145,1808
2022,2022-10-03,BUCKS,478601,195267,202969,57233,23132
2022,2022-10-03,BUTLER,136279,77076,40069,13199,5935
2022,2022-10-03,CAMBRIA,85808,42244,34264,6945,2355
2022,2022-10-03,CAMERON,2996,1805,818,222,151
2022,2022-10-03,CARBON,43937,21586,15504,4646,2201
2022,2022-10-03,CENTRE,106004,42448,44526,14442,4588
2022,2022-10-03,CHESTER,378898,151612,158627,46528,22131
2022,2022-10-03,CLARION,23513,14746,6103,1913,751
2022,2022-10-03,CLEARFIELD,48322,29004,13820,3451,2047
2022,2022-10-03,CLINTON,21881,12059,6952,2016,854
2022,2022-10-03,COLUMBIA,38967,20372,12661,4282,1652
2022,2022-10-03,CRAWFORD,52722,30134,16124,4356,2108
2022,2022-10-03,CUMBERLAND,185296,90666,63745,22582,8303
2022,2022-10-03,DAUPHIN,193172,74614,87579,22605,8374
2022,2022-10-03,DELAWARE,412100,150076,205505,37314,19205
2022,2022-10-03,ELK,20152,11039,6789,1451,873
2022,2022-10-03,ERIE,177437,68140,84152,17357,7788
2022,2022-10-03,FAYETTE,79194,35892,35273,5679,2350
2022,2022-10-03,FOREST,3335,1973,988,223,151
2022,2022-10-03,FRANKLIN,99297,60953,23789,11079,3476
2022,2022-10-03,FULTON,9058,6583,1599,595,281
2022,2022-10-03,GREENE,21995,10883,8925,1493,694
2022,2022-10-03,HUNTINGDON,28264,18288,7039,2226,711
2022,2022-10-03,INDIANA,49029,26949,15915,4241,1924
2022,2022-10-03,JEFFERSON,27987,18561,6386,1944,1096
2022,2022-10-03,JUNIATA,13949,9581,2957,1044,367
2022,2022-10-03,LACKAWANNA,145433,47236,81274,13430,3493
2022,2022-10-03,LANCASTER,349695,178121,113718,39188,18668
2022,2022-10-03,LAWRENCE,56078,27184,22140,4604,2150
2022,2022-10-03,LEBANON,91072,50243,26557,10177,4095
2022,2022-10-03,LEHIGH,237058,82363,111309,35566,7820
2022,2022-10-03,LUZERNE,203396,83629,93004,20240,6523
2022,2022-10-03,LYCOMING,71551,42263,19588,6598,3102
2022,2022-10-03,McKEAN,24967,15457,5952,2378,1180
2022,2022-10-03,MERCER,72014,35736,26595,7479,2204
2022,2022-10-03,MIFFLIN,26473,17523,5995,2250,705
2022,2022-10-03,MONROE,112621,39374,50685,16334,6228
2022,2022-10-03,MONTGOMERY,602385,204390,302293,63475,32227
2022,2022-10-03,MONTOUR,11683,6117,3804,1357,405
2022,2022-10-03,NORTHAMPTON,222993,81144,98504,31915,11430
2022,2022-10-03,NORTHUMBERLAND,58458,31523,18512,5518,2905
2022,2022-10-03,PERRY,29717,19729,6243,2787,958
2022,2022-10-03,PHILADELPHIA,1060929,119719,801439,105811,33960
2022,2022-10-03,PIKE,44351,20601,14197,6796,2757
2022,2022-10-03,POTTER,10966,7657,2050,933,326
2022,2022-10-03,SCHUYLKILL,87292,48331,27566,7254,4141
2022,2022-10-03,SNYDER,22608,14982,4908,1955,763
2022,2022-10-03,SOMERSET,48653,31295,12465,3522,1371
2022,2022-10-03,SULLIVAN,4382,2672,1215,329,166
2022,2022-10-03,SUSQUEHANNA,26847,16408,6849,2320,1270
2022,2022-10-03,TIOGA,26082,17171,5499,2533,879
2022,2022-10-03,UNION,26023,13891,7794,3201,1137
2022,2022-10-03,VENANGO,32388,19080,9028,2888,1392
2022,2022-10-03,WARREN,26442,14916,7499,2426,1601
2022,2022-10-03,WASHINGTON,143454,67307,58346,13664,4137
2022,2022-10-03,WAYNE,35325,20113,9475,4541,1196
2022,2022-10-03,WESTMORELAND,247269,121709,95185,19800,10575
2022,2022-10-03,WYOMING,17086,10345,4799,1251,691
2022,2022-10-03,YORK,309689,159947,98691,41548,9503
2022,2022-10-03,TOTALS,8795652,3472740,4014812,934671,373429
2022,2022-10-31,ADAMS,72454,41264,19557,8419,3214
2022,2022-10-31,ALLEGHENY,939418,264198,534242,98959,42019
2022,2022-10-31,ARMSTRONG,42934,25843,12154,3214,1723
2022,2022-10-31,BEAVER,113808,47924,50274,10171,5439
2022,2022-10-31,BEDFORD,32987,23718,6181,2083,1005
2022,2022-10-31,BERKS,267396,110745,112772,31964,11915
2022,2022-10-31,BLAIR,78244,47866,20560,6792,3026
2022,2022-10-31,BRADFORD,37655,24017,8642,3187,1809
2022,2022-10-31,BUCKS,481731,196520,204141,57981,23089
2022,2022-10-31,BUTLER,137276,77619,40348,13366,5943
2022,2022-10-31,CAMBRIA,86238,42609,34264,7012,2353
2022,2022-10-31,CAMERON,3004,1812,818,223,151
2022,2022-10-31,CARBON,44208,21754,15559,4697,2198
2022,2022-10-31,CENTRE,107486,42676,45392,14826,4592
2022,2022-10-31,CHESTER,382148,152499,160226,47354,22069
2022,2022-10-31,CLARION,23633,14844,6086,1949,754
2022,2022-10-31,CLEARFIELD,48519,29171,13831,3477,2040
2022,2022-10-31,CLINTON,21966,12132,6954,2025,855
2022,2022-10-31,COLUMBIA,39247,20504,12752,4334,1657
2022,2022-10-31,CRAWFORD,53007,30339,16129,4425,2114
2022,2022-10-31,CUMBERLAND,186566,91026,64335,22904,8301
2022,2022-10-31,DAUPHIN,195022,75074,88202,23330,8416
2022,2022-10-31,DELAWARE,415293,150622,207206,38282,19183
2022,2022-10-31,ELK,20227,11123,6768,1464,872
2022,2022-10-31,ERIE,178847,68500,84451,17997,7899
2022,2022-10-31,FAYETTE,79520,36155,35270,5733,2362
2022,2022-10-31,FOREST,3343,1984,983,225,151
2022,2022-10-31,FRANKLIN,99953,61319,23985,11138,3511
2022,2022-10-31,FULTON,9134,6645,1606,605,278
2022,2022-10-31,GREENE,22067,10976,8909,1497,685
2022,2022-10-31,HUNTINGDON,28429,18402,7076,2241,710
2022,2022-10-31,INDIANA,49305,27107,15986,4296,1916
2022,2022-10-31,JEFFERSON,28129,18699,6359,1979,1092
2022,2022-10-31,JUNIATA,14029,9645,2953,1059,372
2022,2022-10-31,LACKAWANNA,146202,47606,81456,13622,3518
2022,2022-10-31,LANCASTER,352908,179382,114929,39946,18651
2022,2022-10-31,LAWRENCE,56381,27445,22148,4647,2141
2022,2022-10-31,LEBANON,91525,50497,26697,10249,4082
2022,2022-10-31,LEHIGH,245804,84411,115219,37987,8187
2022,2022-10-31,LUZERNE,204550,84247,93200,20558,6545
2022,2022-10-31,LYCOMING,71979,42537,19658,6684,3100
2022,2022-10-31,McKEAN,25070,15519,5966,2403,1182
2022,2022-10-31,MERCER,72285,35945,26598,7543,2199
2022,2022-10-31,MIFFLIN,26636,17641,6011,2277,707
2022,2022-10-31,MONROE,114275,39879,51407,16691,6298
2022,2022-10-31,MONTGOMERY,607421,205551,304938,64782,32150
2022,2022-10-31,MONTOUR,12304,6364,4038,1456,446
2022,2022-10-31,NORTHAMPTON,224990,81702,99424,32437,11427
2022,2022-10-31,NORTHUMBERLAND,58625,31679,18512,5545,2889
2022,2022-10-31,PERRY,29891,19871,6258,2803,959
2022,2022-10-31,PHILADELPHIA,1071812,120898,807774,109101,34039
2022,2022-10-31,PIKE,44694,20768,14294,6881,2751
2022,2022-10-31,POTTER,10995,7698,2044,930,323
2022,2022-10-31,SCHUYLKILL,88708,48987,28055,7482,4184
2022,2022-10-31,SNYDER,22731,15068,4925,1979,759
2022,2022-10-31,SOMERSET,48842,31487,12435,3552,1368
2022,2022-10-31,SULLIVAN,4409,2693,1217,332,167
2022,2022-10-31,SUSQUEHANNA,26973,16492,6863,2346,1272
2022,2022-10-31,TIOGA,26214,17271,5504,2558,881
2022,2022-10-31,UNION,26295,14014,7903,3241,1137
2022,2022-10-31,VENANGO,32540,19200,9038,2913,1389
2022,2022-10-31,WARREN,26570,15007,7509,2458,1596
2022,2022-10-31,WASHINGTON,144522,67875,58617,13862,4168
2022,2022-10-31,WAYNE,35516,20213,9518,4590,1195
2022,2022-10-31,WESTMORELAND,248523,122557,95339,20073,10554
2022,2022-10-31,WYOMING,17636,10612,4955,1326,743
2022,2022-10-31,YORK,311919,160910,99225,42279,9505
2022,2022-10-31,TOTALS,8872968,3497357,4046645,954741,374225
2022,2022-11-07,ADAMS,72464,41265,19561,8422,3216
2022,2022-11-07,ALLEGHENY,939382,264193,534214,98958,42017
2022,2022-11-07,ARMSTRONG,42928,25841,12152,3212,1723
2022,2022-11-07,BEAVER,113796,47924,50256,10175,5441
2022,2022-11-07,BEDFORD,32984,23719,6180,2080,1005
2022,2022-11-07,BERKS,267274,110695,112712,31960,11907
2022,2022-11-07,BLAIR,78252,47867,20562,6797,3026
2022,2022-11-07,BRADFORD,37651,24015,8641,3187,1808
2022,2022-11-07,BUCKS,481780,196486,204167,58030,23097
2022,2022-11-07,BUTLER,137349,77650,40372,13379,5948
2022,2022-11-07,CAMBRIA,86213,42609,34244,7011,2349
2022,2022-11-07,CAMERON,3003,1811,818,223,151
2022,2022-11-07,CARBON,44217,21759,15559,4699,2200
2022,2022-11-07,CENTRE,107426,42643,45375,14819,4589
2022,2022-11-07,CHESTER,382273,152494,160297,47418,22064
2022,2022-11-07,CLARION,23627,14840,6084,1949,754
2022,2022-11-07,CLEARFIELD,48498,29160,13820,3477,2041
2022,2022-11-07,CLINTON,21962,12132,6954,2022,854
2022,2022-11-07,COLUMBIA,39246,20507,12742,4338,1659
2022,2022-11-07,CRAWFORD,52931,30306,16099,4416,2110
2022,2022-11-07,CUMBERLAND,186483,90969,64316,22900,8298
2022,2022-11-07,DAUPHIN,194941,75049,88154,23331,8407
2022,2022-11-07,DELAWARE,415207,150527,207180,38317,19183
2022,2022-11-07,ELK,20223,11121,6766,1464,872
2022,2022-11-07,ERIE,178785,68483,84405,18004,7893
2022,2022-11-07,FAYETTE,79451,36121,35240,5730,2360
2022,2022-11-07,FOREST,3344,1983,985,225,151
2022,2022-11-07,FRANKLIN,99945,61313,23980,11143,3509
2022,2022-11-07,FULTON,9129,6642,1604,605,278
2022,2022-11-07,GREENE,22048,10970,8897,1498,683
2022,2022-11-07,HUNTINGDON,28411,18396,7068,2239,708
2022,2022-11-07,INDIANA,49303,27107,15984,4295,1917
2022,2022-11-07,JEFFERSON,28122,18696,6357,1977,1092
2022,2022-11-07,JUNIATA,14035,9649,2954,1060,372
2022,2022-11-07,LACKAWANNA,146130,47579,81410,13623,3518
2022,2022-11-07,LANCASTER,352863,179340,114922,39960,18641
2022,2022-11-07,LAWRENCE,56378,27445,22148,4645,2140
2022,2022-11-07,LEBANON,91527,50481,26701,10264,4081
2022,2022-11-07,LEHIGH,245784,84397,115206,37990,8191
2022,2022-11-07,LUZERNE,204557,84248,93203,20561,6545
2022,2022-11-07,LYCOMING,71985,42537,19662,6686,3100
2022,2022-11-07,McKEAN,25063,15517,5962,2403,1181
2022,2022-11-07,MERCER,72325,35980,26593,7551,2201
2022,2022-11-07,MIFFLIN,26641,17643,6013,2277,708
2022,2022-11-07,MONROE,114299,39888,51416,16694,6301
2022,2022-11-07,MONTGOMERY,607044,205398,304751,64759,32136
2022,2022-11-07,MONTOUR,12303,6363,4037,1457,446
2022,2022-11-07,NORTHAMPTON,225050,81711,99453,32461,11425
2022,2022-11-07,NORTHUMBERLAND,58632,31682,18515,5547,2888
2022,2022-11-07,PERRY,29902,19876,6258,2809,959
2022,2022-11-07,PHILADELPHIA,1072239,120959,807979,109232,34069
2022,2022-11-07,PIKE,44664,20758,14286,6873,2747
2022,2022-11-07,POTTER,10993,7697,2043,930,323
2022,2022-11-07,SCHUYLKILL,88705,48980,28058,7481,4186
2022,2022-11-07,SNYDER,22726,15066,4925,1976,759
2022,2022-11-07,SOMERSET,48834,31480,12434,3551,1369
2022,2022-11-07,SULLIVAN,4408,2693,1216,332,167
2022,2022-11-07,SUSQUEHANNA,26962,16486,6859,2345,1272
2022,2022-11-07,TIOGA,26215,17271,5504,2559,881
2022,2022-11-07,UNION,26288,14009,7900,3242,1137
2022,2022-11-07,VENANGO,32504,19181,9028,2907,1388
2022,2022-11-07,WARREN,26570,15007,7509,2459,1595
2022,2022-11-07,WASHINGTON,144520,67881,58613,13861,4165
2022,2022-11-07,WAYNE,35510,20205,9520,4590,1195
2022,2022-11-07,WESTMORELAND,248459,122519,95325,20063,10552
2022,2022-11-07,WYOMING,17635,10610,4955,1327,743
2022,2022-11-07,YORK,311917,160902,99216,42293,9506
2022,2022-11-07,TOTALS,8872315,3496731,4046319,955068,374197
2022,2022-11-14,ADAMS,72484,41279,19566,8423,3216
2022,2022-11-14,ALLEGHENY,939515,264236,534274,98979,42026
2022,2022-11-14,ARMSTRONG,42928,25842,12151,3212,1723
2022,2022-11-14,BEAVER,113806,47928,50259,10177,5442
2022,2022-11-14,BEDFORD,32987,23720,6181,2081,1005
2022,2022-11-14,BERKS,267305,110705,112723,31970,11907
2022,2022-11-14,BLAIR,78225,47846,20556,6798,3025
2022,2022-11-14,BRADFORD,37655,24018,8641,3187,1809
2022,2022-11-14,BUCKS,481780,196485,204168,58031,23096
2022,2022-11-14,BUTLER,137348,77650,40371,13379,5948
2022,2022-11-14,CAMBRIA,86218,42612,34246,7011,2349
2022,2022-11-14,CAMERON,3004,1812,818,223,151
2022,2022-11-14,CARBON,44217,21759,15559,4699,2200
2022,2022-11-14,CENTRE,107436,42650,45375,14820,4591
2022,2022-11-14,CHESTER,382299,152500,160317,47419,22063
2022,2022-11-14,CLARION,23627,14840,6084,1949,754
2022,2022-11-14,CLEARFIELD,48508,29165,13824,3478,2041
2022,2022-11-14,CLINTON,21961,12132,6953,2022,854
2022,2022-11-14,COLUMBIA,39252,20511,12744,4338,1659
2022,2022-11-14,CRAWFORD,52931,30306,16099,4416,2110
2022,2022-11-14,CUMBERLAND,186515,90978,64336,22903,8298
2022,2022-11-14,DAUPHIN,194945,75051,88155,23331,8408
2022,2022-11-14,DELAWARE,415314,150543,207251,38327,19193
2022,2022-11-14,ELK,20226,11124,6766,1464,872
2022,2022-11-14,ERIE,178772,68475,84397,18009,7891
2022,2022-11-14,FAYETTE,79450,36120,35240,5730,2360
2022,2022-11-14,FOREST,3344,1983,985,225,151
2022,2022-11-14,FRANKLIN,99946,61314,23980,11143,3509
2022,2022-11-14,FULTON,9129,6645,1602,604,278
2022,2022-11-14,GREENE,22063,10979,8900,1500,684
2022,2022-11-14,HUNTINGDON,28411,18396,7068,2239,708
2022,2022-11-14,INDIANA,49307,27110,15984,4296,1917
2022,2022-11-14,JEFFERSON,28126,18697,6359,1978,1092
2022,2022-11-14,JUNIATA,14034,9650,2953,1059,372
2022,2022-11-14,LACKAWANNA,146144,47584,81418,13624,3518
2022,2022-11-14,LANCASTER,352855,179335,114918,39962,18640
2022,2022-11-14,LAWRENCE,56379,27446,22148,4645,2140
2022,2022-11-14,LEBANON,91506,50470,26695,10261,4080
2022,2022-11-14,LEHIGH,245806,84410,115209,37995,8192
2022,2022-11-14,LUZERNE,204560,84250,93204,20561,6545
2022,2022-11-14,LYCOMING,71983,42537,19660,6687,3099
2022,2022-11-14,McKEAN,25063,15517,5962,2403,1181
2022,2022-11-14,MERCER,72344,35987,26598,7557,2202
2022,2022-11-14,MIFFLIN,26640,17642,6013,2277,708
2022,2022-11-14,MONROE,114313,39895,51419,16697,6302
2022,2022-11-14,MONTGOMERY,607177,205439,304817,64778,32143
2022,2022-11-14,MONTOUR,12305,6364,4038,1457,446
2022,2022-11-14,NORTHAMPTON,225053,81711,99456,32461,11425
2022,2022-11-14,NORTHUMBERLAND,58632,31682,18515,5547,2888
2022,2022-11-14,PERRY,29908,19877,6261,2811,959
2022,2022-11-14,PHILADELPHIA,1072136,120935,807919,109217,34065
2022,2022-11-14,PIKE,44666,20760,14285,6874,2747
2022,2022-11-14,POTTER,10994,7698,2043,930,323
2022,2022-11-14,SCHUYLKILL,88706,48981,28058,7481,4186
2022,2022-11-14,SNYDER,22719,15061,4923,1976,759
2022,2022-11-14,SOMERSET,48833,31480,12433,3551,1369
2022,2022-11-14,SULLIVAN,4408,2693,1216,332,167
2022,2022-11-14,SUSQUEHANNA,26962,16486,6859,2345,1272
2022,2022-11-14,TIOGA,26218,17273,5505,2559,881
2022,2022-11-14,UNION,26287,14008,7899,3242,1138
2022,2022-11-14,VENANGO,32500,19180,9025,2907,1388
2022,2022-11-14,WARREN,26570,15007,7509,2459,1595
2022,2022-11-14,WASHINGTON,144560,67899,58628,13869,4164
2022,2022-11-14,WAYNE,35512,20206,9518,4593,1195
2022,2022-11-14,WESTMORELAND,248459,122519,95325,20063,10552
2022,2022-11-14,WYOMING,17639,10610,4957,1328,744
2022,2022-11-14,YORK,311943,160913,99224,42298,9508
2022,2022-11-14,TOTALS,8872848,3496916,4046542,955167,374223
2022,2022-11-28,ADAMS,72483,41278,19566,8423,3216
2022,2022-11-28,ALLEGHENY,939517,264237,534276,98978,42026
2022,2022-11-28,ARMSTRONG,42928,25842,12151,3212,1723
2022,2022-11-28,BEAVER,113737,47900,50222,10176,5439
2022,2022-11-28,BEDFORD,32987,23720,6181,2081,1005
2022,2022-11-28,BERKS,267304,110705,112723,31969,11907
2022,2022-11-28,BLAIR,78191,47824,20548,6796,3023
2022,2022-11-28,BRADFORD,37768,24109,8641,3205,1813
2022,2022-11-28,BUCKS,481782,196486,204167,58033,23096
2022,2022-11-28,BUTLER,137351,77651,40372,13380,5948
2022,2022-11-28,CAMBRIA,86221,42613,34247,7012,2349
2022,2022-11-28,CAMERON,3004,1812,818,223,151
2022,2022-11-28,CARBON,44248,21776,15565,4704,2203
2022,2022-11-28,CENTRE,107434,42648,45375,14820,4591
2022,2022-11-28,CHESTER,382320,152506,160329,47421,22064
2022,2022-11-28,CLARION,23629,14842,6084,1949,754
2022,2022-11-28,CLEARFIELD,48548,29211,13806,3493,2038
2022,2022-11-28,CLINTON,21961,12132,6953,2022,854
2022,2022-11-28,COLUMBIA,39251,20510,12743,4339,1659
2022,2022-11-28,CRAWFORD,52931,30306,16099,4416,2110
2022,2022-11-28,CUMBERLAND,186519,90981,64336,22904,8298
2022,2022-11-28,DAUPHIN,194943,75051,88154,23331,8407
2022,2022-11-28,DELAWARE,415313,150543,207250,38327,19193
2022,2022-11-28,ELK,20227,11125,6766,1464,872
2022,2022-11-28,ERIE,178776,68479,84397,18009,7891
2022,2022-11-28,FAYETTE,79450,36120,35240,5730,2360
2022,2022-11-28,FOREST,3344,1983,985,225,151
2022,2022-11-28,FRANKLIN,99947,61314,23981,11143,3509
2022,2022-11-28,FULTON,9119,6638,1601,602,278
2022,2022-11-28,GREENE,22086,11002,8899,1501,684
2022,2022-11-28,HUNTINGDON,28414,18399,7068,2239,708
2022,2022-11-28,INDIANA,49388,27181,15963,4322,1922
2022,2022-11-28,JEFFERSON,28142,18726,6347,1981,1088
2022,2022-11-28,JUNIATA,14055,9670,2952,1060,373
2022,2022-11-28,LACKAWANNA,146145,47584,81419,13624,3518
2022,2022-11-28,LANCASTER,352841,179329,114913,39960,18639
2022,2022-11-28,LAWRENCE,56462,27520,22141,4660,2141
2022,2022-11-28,LEBANON,91507,50471,26695,10261,4080
2022,2022-11-28,LEHIGH,245738,84375,115181,37993,8189
2022,2022-11-28,LUZERNE,204559,84249,93204,20561,6545
2022,2022-11-28,LYCOMING,72113,42641,19665,6712,3095
2022,2022-11-28,McKEAN,25063,15517,5962,2403,1181
2022,2022-11-28,MERCER,72344,35988,26597,7557,2202
2022,2022-11-28,MIFFLIN,26640,17643,6012,2277,708
2022,2022-11-28,MONROE,114313,39895,51419,16697,6302
2022,2022-11-28,MONTGOMERY,607172,205435,304817,64777,32143
2022,2022-11-28,MONTOUR,12306,6365,4038,1457,446
2022,2022-11-28,NORTHAMPTON,224960,81678,99418,32442,11422
2022,2022-11-28,NORTHUMBERLAND,58609,31669,18507,5546,2887
2022,2022-11-28,PERRY,29908,19877,6261,2811,959
2022,2022-11-28,PHILADELPHIA,1072133,120937,807916,109218,34062
2022,2022-11-28,PIKE,44666,20760,14285,6874,2747
2022,2022-11-28,POTTER,10993,7697,2043,930,323
2022,2022-11-28,SCHUYLKILL,88705,48981,28057,7481,4186
2022,2022-11-28,SNYDER,22736,15067,4922,1988,759
2022,2022-11-28,SOMERSET,48801,31460,12422,3550,1369
2022,2022-11-28,SULLIVAN,4408,2693,1216,332,167
2022,2022-11-28,SUSQUEHANNA,26962,16486,6859,2345,1272
2022,2022-11-28,TIOGA,26257,17310,5499,2567,881
2022,2022-11-28,UNION,26272,13999,7896,3240,1137
2022,2022-11-28,VENANGO,32495,19177,9023,2907,1388
2022,2022-11-28,WARREN,26570,15007,7509,2459,1595
2022,2022-11-28,WASHINGTON,144560,67900,58627,13869,4164
2022,2022-11-28,WAYNE,34604,19864,9189,4430,1121
2022,2022-11-28,WESTMORELAND,248460,122520,95325,20063,10552
2022,2022-11-28,WYOMING,17630,10609,4958,1318,745
2022,2022-11-28,YORK,311946,160914,99226,42298,9508
2022,2022-11-28,TOTALS,8872196,3496937,4046026,955097,374136
2022,2022-12-05,ADAMS,72688,41411,19589,8473,3215
2022,2022-12-05,ALLEGHENY,939521,264239,534277,98979,42026
2022,2022-12-05,ARMSTRONG,42985,25887,12152,3226,1720
2022,2022-12-05,BEAVER,113916,48027,50238,10210,5441
2022,2022-12-05,BEDFORD,33035,23769,6178,2086,1002
2022,2022-12-05,BERKS,267304,110705,112723,31969,11907
2022,2022-12-05,BLAIR,78264,47874,20554,6812,3024
2022,2022-12-05,BRADFORD,37752,24100,8631,3209,1812
2022,2022-12-05,BUCKS,481781,196486,204166,58033,23096
2022,2022-12-05,BUTLER,137353,77651,40374,13380,5948
2022,2022-12-05,CAMBRIA,86221,42613,34247,7012,2349
2022,2022-12-05,CAMERON,3004,1812,818,223,151
2022,2022-12-05,CARBON,44306,21820,15554,4723,2209
2022,2022-12-05,CENTRE,107542,42676,45431,14849,4586
2022,2022-12-05,CHESTER,382322,152506,160330,47421,22065
2022,2022-12-05,CLARION,23629,14842,6084,1949,754
2022,2022-12-05,CLEARFIELD,47399,28749,13351,3359,1940
2022,2022-12-05,CLINTON,21993,12171,6942,2030,850
2022,2022-12-05,COLUMBIA,39251,20510,12743,4339,1659
2022,2022-12-05,CRAWFORD,52923,30310,16089,4410,2114
2022,2022-12-05,CUMBERLAND,186518,90980,64336,22904,8298
2022,2022-12-05,DAUPHIN,189133,73490,85278,22331,8034
2022,2022-12-05,DELAWARE,415311,150544,207247,38327,19193
2022,2022-12-05,ELK,20257,11159,6751,1476,871
2022,2022-12-05,ERIE,178776,68479,84397,18009,7891
2022,2022-12-05,FAYETTE,79539,36200,35238,5741,2360
2022,2022-12-05,FOREST,3343,1981,981,229,152
2022,2022-12-05,FRANKLIN,99947,61314,23981,11143,3509
2022,2022-12-05,FULTON,9144,6662,1595,607,280
2022,2022-12-05,GREENE,22099,11017,8888,1513,681
2022,2022-12-05,HUNTINGDON,28435,18427,7056,2242,710
2022,2022-12-05,INDIANA,43907,25088,14043,3170,1606
2022,2022-12-05,JEFFERSON,28148,18738,6338,1986,1086
2022,2022-12-05,JUNIATA,13798,9543,2868,1031,356
2022,2022-12-05,LACKAWANNA,141607,46370,78964,12962,3311
2022,2022-12-05,LANCASTER,353395,179587,115036,40151,18621
2022,2022-12-05,LAWRENCE,56512,27584,22118,4674,2136
2022,2022-12-05,LEBANON,91508,50471,26696,10261,4080
2022,2022-12-05,LEHIGH,246245,84541,115351,38141,8212
2022,2022-12-05,LUZERNE,204559,84249,93204,20561,6545
2022,2022-12-05,LYCOMING,70025,41858,18894,6317,2956
2022,2022-12-05,McKEAN,25119,15568,5960,2408,1183
2022,2022-12-05,MERCER,72344,35988,26597,7557,2202
2022,2022-12-05,MIFFLIN,26674,17667,6000,2296,711
2022,2022-12-05,MONROE,114318,39896,51421,16699,6302
2022,2022-12-05,MONTGOMERY,607742,205607,305038,64960,32137
2022,2022-12-05,MONTOUR,12338,6391,4038,1464,445
2022,2022-12-05,NORTHAMPTON,225434,81922,99501,32592,11419
2022,2022-12-05,NORTHUMBERLAND,58633,31699,18483,5562,2889
2022,2022-12-05,PERRY,29908,19877,6261,2811,959
2022,2022-12-05,PHILADELPHIA,1072133,120937,807916,109218,34062
2022,2022-12-05,PIKE,44698,20777,14291,6883,2747
2022,2022-12-05,POTTER,10993,7697,2043,930,323
2022,2022-12-05,SCHUYLKILL,88705,48981,28057,7481,4186
2022,2022-12-05,SNYDER,22735,15070,4911,1996,758
2022,2022-12-05,SOMERSET,48789,31452,12418,3550,1369
2022,2022-12-05,SULLIVAN,4409,2692,1218,331,168
2022,2022-12-05,SUSQUEHANNA,26931,16460,6856,2344,1271
2022,2022-12-05,TIOGA,26264,17318,5500,2566,880
2022,2022-12-05,UNION,26272,13999,7896,3240,1137
2022,2022-12-05,VENANGO,32592,19242,9038,2921,1391
2022,2022-12-05,WARREN,26600,15044,7489,2474,1593
2022,2022-12-05,WASHINGTON,144560,67900,58627,13869,4164
2022,2022-12-05,WAYNE,34629,19883,9196,4428,1122
2022,2022-12-05,WESTMORELAND,248460,122519,95326,20063,10552
2022,2022-12-05,WYOMING,17627,10607,4957,1318,745
2022,2022-12-05,YORK,311946,160914,99226,42298,9508
2022,2022-12-05,TOTALS,8856248,3492547,4037995,952727,372979
2022,2022-12-12,ADAMS,72618,41375,19556,8479,3208
2022,2022-12-12,ALLEGHENY,939518,264239,534277,98976,42026
2022,2022-12-12,ARMSTRONG,42922,25858,12128,3222,1714
2022,2022-12-12,BEAVER,113871,48035,50185,10222,5429
2022,2022-12-12,BEDFORD,33012,23749,6176,2086,1001
2022,2022-12-12,BERKS,267304,110705,112723,31969,11907
2022,2022-12-12,BLAIR,78300,47915,20530,6839,3016
2022,2022-12-12,BRADFORD,34559,22558,7734,2745,1522
2022,2022-12-12,BUCKS,481781,196486,204166,58033,23096
2022,2022-12-12,BUTLER,137394,77681,40364,13401,5948
2022,2022-12-12,CAMBRIA,86252,42632,34254,7017,2349
2022,2022-12-12,CAMERON,3004,1812,818,223,151
2022,2022-12-12,CARBON,42292,21162,14704,4401,2025
2022,2022-12-12,CENTRE,107628,42718,45453,14868,4589
2022,2022-12-12,CHESTER,382323,152506,160331,47421,22065
2022,2022-12-12,CLARION,23629,14842,6084,1949,754
2022,2022-12-12,CLEARFIELD,47387,28738,13345,3363,1941
2022,2022-12-12,CLINTON,22016,12201,6935,2027,853
2022,2022-12-12,COLUMBIA,39223,20507,12703,4354,1659
2022,2022-12-12,CRAWFORD,52984,30358,16088,4425,2113
2022,2022-12-12,CUMBERLAND,186827,91086,64398,23061,8282
2022,2022-12-12,DAUPHIN,189513,73630,85373,22474,8036
2022,2022-12-12,DELAWARE,415308,150543,207246,38326,19193
2022,2022-12-12,ELK,20233,11153,6735,1476,869
2022,2022-12-12,ERIE,178651,68451,84272,18042,7886
2022,2022-12-12,FAYETTE,79582,36291,35174,5757,2360
2022,2022-12-12,FOREST,3333,1975,980,226,152
2022,2022-12-12,FRANKLIN,99947,61314,23981,11143,3509
2022,2022-12-12,FULTON,9140,6660,1591,611,278
2022,2022-12-12,GREENE,22076,11011,8874,1510,681
2022,2022-12-12,HUNTINGDON,28426,18423,7055,2237,711
2022,2022-12-12,INDIANA,43907,25094,14034,3171,1608
2022,2022-12-12,JEFFERSON,28115,18716,6328,1986,1085
2022,2022-12-12,JUNIATA,13782,9533,2862,1031,356
2022,2022-12-12,LACKAWANNA,141749,46466,78950,13019,3314
2022,2022-12-12,LANCASTER,344842,176589,111639,38662,17952
2022,2022-12-12,LAWRENCE,56464,27568,22083,4678,2135
2022,2022-12-12,LEBANON,91459,50429,26678,10271,4081
2022,2022-12-12,LEHIGH,246273,84602,115272,38176,8223
2022,2022-12-12,LUZERNE,204561,84249,93204,20563,6545
2022,2022-12-12,LYCOMING,69924,41807,18852,6311,2954
2022,2022-12-12,McKEAN,25132,15579,5957,2410,1186
2022,2022-12-12,MERCER,72346,35989,26598,7557,2202
2022,2022-12-12,MIFFLIN,26641,17647,5991,2294,709
2022,2022-12-12,MONROE,114321,39894,51426,16700,6301
2022,2022-12-12,MONTGOMERY,608390,205751,305249,65258,32132
2022,2022-12-12,MONTOUR,12323,6378,4037,1463,445
2022,2022-12-12,NORTHAMPTON,225392,81907,99449,32636,11400
2022,2022-12-12,NORTHUMBERLAND,58642,31715,18469,5568,2890
2022,2022-12-12,PERRY,29967,19925,6267,2814,961
2022,2022-12-12,PHILADELPHIA,1072137,120938,807917,109220,34062
2022,2022-12-12,PIKE,44863,20874,14304,6938,2747
2022,2022-12-12,POTTER,10991,7695,2043,930,323
2022,2022-12-12,SCHUYLKILL,88720,49026,28008,7497,4189
2022,2022-12-12,SNYDER,22718,15063,4900,1996,759
2022,2022-12-12,SOMERSET,48762,31438,12409,3548,1367
2022,2022-12-12,SULLIVAN,4399,2687,1214,331,167
2022,2022-12-12,SUSQUEHANNA,26931,16460,6856,2344,1271
2022,2022-12-12,TIOGA,26250,17307,5491,2571,881
2022,2022-12-12,UNION,26329,14040,7908,3248,1133
2022,2022-12-12,VENANGO,32592,19247,9031,2923,1391
2022,2022-12-12,WARREN,25492,14611,7096,2298,1487
2022,2022-12-12,WASHINGTON,144627,67957,58620,13887,4163
2022,2022-12-12,WAYNE,34597,19870,9176,4429,1122
2022,2022-12-12,WESTMORELAND,248460,122519,95326,20063,10552
2022,2022-12-12,WYOMING,17622,10610,4948,1320,744
2022,2022-12-12,YORK,311947,160915,99226,42298,9508
2022,2022-12-12,TOTALS,8842720,3487709,4032051,951292,371668
2022,2022-12-19,ADAMS,70207,40349,18802,7994,3062
2022,2022-12-19,ALLEGHENY,939518,264239,534276,98977,42026
2022,2022-12-19,ARMSTRONG,42945,25886,12120,3226,1713
2022,2022-12-19,BEAVER,113800,48009,50145,10220,5426
2022,2022-12-19,BEDFORD,32976,23730,6166,2080,1000
2022,2022-12-19,BERKS,267304,110705,112723,31969,11907
2022,2022-12-19,BLAIR,78271,47903,20506,6846,3016
2022,2022-12-19,BRADFORD,35078,22841,7881,2815,1541
2022,2022-12-19,BUCKS,481962,196542,204184,58136,23100
2022,2022-12-19,BUTLER,137480,77741,40346,13445,5948
2022,2022-12-19,CAMBRIA,86131,42605,34160,7012,2354
2022,2022-12-19,CAMERON,3005,1814,817,222,152
2022,2022-12-19,CARBON,42309,21174,14699,4413,2023
2022,2022-12-19,CENTRE,99865,40622,42114,13272,3857
2022,2022-12-19,CHESTER,382293,152496,160318,47415,22064
2022,2022-12-19,CLARION,23693,14882,6092,1957,762
2022,2022-12-19,CLEARFIELD,47389,28746,13336,3365,1942
2022,2022-12-19,CLINTON,22025,12203,6939,2029,854
2022,2022-12-19,COLUMBIA,39296,20543,12710,4379,1664
2022,2022-12-19,CRAWFORD,53014,30376,16092,4435,2111
2022,2022-12-19,CUMBERLAND,186588,90978,64302,23044,8264
2022,2022-12-19,DAUPHIN,189301,73558,85258,22444,8041
2022,2022-12-19,DELAWARE,415160,150395,207196,38405,19164
2022,2022-12-19,ELK,20236,11161,6732,1474,869
2022,2022-12-19,ERIE,172449,66766,81229,16985,7469
2022,2022-12-19,FAYETTE,79548,36293,35129,5762,2364
2022,2022-12-19,FOREST,3338,1979,980,227,152
2022,2022-12-19,FRANKLIN,99827,61287,23902,11136,3502
2022,2022-12-19,FULTON,9151,6668,1593,611,279
2022,2022-12-19,GREENE,22072,11015,8868,1509,680
2022,2022-12-19,HUNTINGDON,28421,18419,7056,2236,710
2022,2022-12-19,INDIANA,44044,25151,14085,3197,1611
2022,2022-12-19,JEFFERSON,28120,18713,6331,1990,1086
2022,2022-12-19,JUNIATA,13789,9540,2860,1033,356
2022,2022-12-19,LACKAWANNA,141729,46478,78913,13021,3317
2022,2022-12-19,LANCASTER,344775,176572,111609,38650,17944
2022,2022-12-19,LAWRENCE,56471,27571,22080,4686,2134
2022,2022-12-19,LEBANON,91718,50546,26737,10343,4092
2022,2022-12-19,LEHIGH,246113,84553,115196,38145,8219
2022,2022-12-19,LUZERNE,204561,84249,93204,20563,6545
2022,2022-12-19,LYCOMING,69920,41800,18853,6312,2955
2022,2022-12-19,McKEAN,25132,15590,5948,2411,1183
2022,2022-12-19,MERCER,72340,36017,26552,7570,2201
2022,2022-12-19,MIFFLIN,26652,17652,5996,2295,709
2022,2022-12-19,MONROE,114276,39874,51376,16728,6298
2022,2022-12-19,MONTGOMERY,607298,205366,304670,65191,32071
2022,2022-12-19,MONTOUR,12317,6375,4035,1463,444
2022,2022-12-19,NORTHAMPTON,225267,81858,99380,32638,11391
2022,2022-12-19,NORTHUMBERLAND,58674,31741,18470,5570,2893
2022,2022-12-19,PERRY,29974,19923,6273,2816,962
2022,2022-12-19,PHILADELPHIA,1072410,120985,808055,109303,34067
2022,2022-12-19,PIKE,44829,20866,14289,6929,2745
2022,2022-12-19,POTTER,11013,7716,2039,930,328
2022,2022-12-19,SCHUYLKILL,88778,49077,27995,7517,4189
2022,2022-12-19,SNYDER,22718,15066,4899,1997,756
2022,2022-12-19,SOMERSET,48728,31417,12397,3548,1366
2022,2022-12-19,SULLIVAN,4405,2689,1217,332,167
2022,2022-12-19,SUSQUEHANNA,26931,16459,6857,2345,1270
2022,2022-12-19,TIOGA,26247,17309,5486,2571,881
2022,2022-12-19,UNION,26347,14046,7911,3254,1136
2022,2022-12-19,VENANGO,32550,19231,9013,2915,1391
2022,2022-12-19,WARREN,25513,14625,7095,2305,1488
2022,2022-12-19,WASHINGTON,144724,68065,58540,13947,4172
2022,2022-12-19,WAYNE,34583,19860,9173,4429,1121
2022,2022-12-19,WESTMORELAND,248556,122581,95346,20077,10552
2022,2022-12-19,WYOMING,17620,10608,4948,1320,744
2022,2022-12-19,YORK,311833,160856,99184,42289,9504
2022,2022-12-19,TOTALS,8825607,3482950,4023683,948670,370304
2022,2022-12-27,ADAMS,70231,40374,18795,8000,3062
2022,2022-12-27,ALLEGHENY,939521,264241,534277,98977,42026
2022,2022-12-27,ARMSTRONG,40374,24728,11249,2854,1543
2022,2022-12-27,BEAVER,111050,47145,48922,9792,5191
2022,2022-12-27,BEDFORD,32983,23737,6163,2085,998
2022,2022-12-27,BERKS,258257,108400,108260,30218,11379
2022,2022-12-27,BLAIR,78221,47865,20494,6848,3014
2022,2022-12-27,BRADFORD,35067,22831,7875,2821,1540
2022,2022-12-27,BUCKS,482459,196732,204236,58389,23102
2022,2022-12-27,BUTLER,136336,77273,39928,13271,5864
2022,2022-12-27,CAMBRIA,86073,42623,34080,7011,2359
2022,2022-12-27,CAMERON,2906,1774,775,210,147
2022,2022-12-27,CARBON,42329,21186,14696,4425,2022
2022,2022-12-27,CENTRE,99848,40600,42119,13271,3858
2022,2022-12-27,CHESTER,382710,152657,160458,47538,22057
2022,2022-12-27,CLARION,23333,14747,5955,1896,735
2022,2022-12-27,CLEARFIELD,47422,28764,13337,3376,1945
2022,2022-12-27,CLINTON,21968,12174,6922,2020,852
2022,2022-12-27,COLUMBIA,39256,20532,12686,4376,1662
2022,2022-12-27,CRAWFORD,52144,30005,15775,4325,2039
2022,2022-12-27,CUMBERLAND,186712,90988,64355,23099,8270
2022,2022-12-27,DAUPHIN,189145,73508,85169,22435,8033
2022,2022-12-27,DELAWARE,415094,150398,207126,38416,19154
2022,2022-12-27,ELK,19841,11031,6564,1415,831
2022,2022-12-27,ERIE,172649,66843,81301,17042,7463
2022,2022-12-27,FAYETTE,79497,36296,35077,5762,2362
2022,2022-12-27,FOREST,3328,1976,974,227,151
2022,2022-12-27,FRANKLIN,100055,61421,23928,11189,3517
2022,2022-12-27,FULTON,9148,6665,1591,611,281
2022,2022-12-27,GREENE,21407,10809,8545,1413,640
2022,2022-12-27,HUNTINGDON,28427,18427,7056,2236,708
2022,2022-12-27,INDIANA,44042,25144,14082,3205,1611
2022,2022-12-27,JEFFERSON,27275,18340,6017,1893,1025
2022,2022-12-27,JUNIATA,13798,9548,2860,1033,357
2022,2022-12-27,LACKAWANNA,141591,46441,78804,13028,3318
2022,2022-12-27,LANCASTER,344793,176565,111612,38685,17931
2022,2022-12-27,LAWRENCE,56447,27560,22058,4694,2135
2022,2022-12-27,LEBANON,91717,50539,26737,10350,4091
2022,2022-12-27,LEHIGH,239446,82976,111860,36748,7862
2022,2022-12-27,LUZERNE,194967,81460,88331,19115,6061
2022,2022-12-27,LYCOMING,69909,41796,18842,6318,2953
2022,2022-12-27,McKEAN,24254,15216,5677,2249,1112
2022,2022-12-27,MERCER,72362,36047,26542,7574,2199
2022,2022-12-27,MIFFLIN,26654,17650,5998,2299,707
2022,2022-12-27,MONROE,110492,38894,49587,16052,5959
2022,2022-12-27,MONTGOMERY,597648,202672,300012,63685,31279
2022,2022-12-27,MONTOUR,12321,6377,4034,1465,445
2022,2022-12-27,NORTHAMPTON,216735,79499,95569,30857,10810
2022,2022-12-27,NORTHUMBERLAND,58665,31739,18461,5572,2893
2022,2022-12-27,PERRY,29959,19930,6267,2805,957
2022,2022-12-27,PHILADELPHIA,1073915,121241,808855,114291,29528
2022,2022-12-27,PIKE,43277,20327,13736,6619,2595
2022,2022-12-27,POTTER,10450,7449,1885,821,295
2022,2022-12-27,SCHUYLKILL,88644,49015,27950,7493,4186
2022,2022-12-27,SNYDER,22720,15069,4897,2002,752
2022,2022-12-27,SOMERSET,48709,31406,12391,3547,1365
2022,2022-12-27,SULLIVAN,4360,2668,1200,327,165
2022,2022-12-27,SUSQUEHANNA,26993,16504,6858,2359,1272
2022,2022-12-27,TIOGA,25573,16979,5294,2459,841
2022,2022-12-27,UNION,26293,14022,7896,3242,1133
2022,2022-12-27,VENANGO,31731,18925,8723,2759,1324
2022,2022-12-27,WARREN,25509,14624,7093,2305,1487
2022,2022-12-27,WASHINGTON,141067,66605,57112,13338,4012
2022,2022-12-27,WAYNE,34614,19879,9175,4439,1121
2022,2022-12-27,WESTMORELAND,243653,121109,93000,19372,10172
2022,2022-12-27,WYOMING,17609,10602,4946,1319,742
2022,2022-12-27,YORK,311510,160685,99051,42272,9502
2022,2022-12-27,TOTALS,8757493,3462252,3992100,942139,361002
2023,2023-01-09,ADAMS,70244,40376,18784,8024,3060
2023,2023-01-09,ALLEGHENY,896019,254553,510341,91881,39244
2023,2023-01-09,ARMSTRONG,40534,24822,11285,2874,1553
2023,2023-01-09,BEAVER,111072,47170,48900,9816,5186
2023,2023-01-09,BEDFORD,32976,23740,6151,2086,999
2023,2023-01-09,BERKS,259055,108765,108485,30409,11396
2023,2023-01-09,BLAIR,75995,46969,19709,6450,2867
2023,2023-01-09,BRADFORD,36525,23537,8267,3047,1674
2023,2023-01-09,BUCKS,482835,196924,204242,58587,23082
2023,2023-01-09,BUTLER,136256,77217,39887,13293,5859
2023,2023-01-09,CAMBRIA,84131,42106,33046,6714,2265
2023,2023-01-09,CAMERON,2905,1773,775,210,147
2023,2023-01-09,CARBON,42358,21189,14711,4435,2023
2023,2023-01-09,CENTRE,99811,40579,42106,13266,3860
2023,2023-01-09,CHESTER,383431,152817,160736,47814,22064
2023,2023-01-09,CLARION,23308,14733,5945,1899,731
2023,2023-01-09,CLEARFIELD,47409,28743,13329,3387,1950
2023,2023-01-09,CLINTON,21537,12036,6730,1944,827
2023,2023-01-09,COLUMBIA,39259,20537,12675,4383,1664
2023,2023-01-09,CRAWFORD,52116,29988,15763,4329,2036
2023,2023-01-09,CUMBERLAND,174645,86410,59774,21023,7438
2023,2023-01-09,DAUPHIN,189150,73496,85162,22464,8028
2023,2023-01-09,DELAWARE,402312,146267,200623,37128,18294
2023,2023-01-09,ELK,19849,11033,6568,1418,830
2023,2023-01-09,ERIE,172752,66937,81199,17153,7463
2023,2023-01-09,FAYETTE,77172,35679,33779,5449,2265
2023,2023-01-09,FOREST,3325,1977,968,229,151
2023,2023-01-09,FRANKLIN,97770,60458,23215,10717,3380
2023,2023-01-09,FULTON,9145,6663,1590,611,281
2023,2023-01-09,GREENE,21416,10820,8533,1418,645
2023,2023-01-09,HUNTINGDON,28419,18422,7053,2236,708
2023,2023-01-09,INDIANA,44081,25171,14079,3218,1613
2023,2023-01-09,JEFFERSON,27274,18338,6018,1890,1028
2023,2023-01-09,JUNIATA,13796,9546,2860,1033,357
2023,2023-01-09,LACKAWANNA,141603,46444,78779,13051,3329
2023,2023-01-09,LANCASTER,344754,176443,111646,38741,17924
2023,2023-01-09,LAWRENCE,55165,27126,21478,4504,2057
2023,2023-01-09,LEBANON,91776,50546,26758,10377,4095
2023,2023-01-09,LEHIGH,239516,82961,111870,36812,7873
2023,2023-01-09,LUZERNE,195229,81604,88323,19230,6072
2023,2023-01-09,LYCOMING,69970,41802,18862,6348,2958
2023,2023-01-09,McKEAN,24252,15205,5680,2253,1114
2023,2023-01-09,MERCER,70404,35437,25644,7220,2103
2023,2023-01-09,MIFFLIN,26673,17666,5998,2301,708
2023,2023-01-09,MONROE,110966,39072,49724,16190,5980
2023,2023-01-09,MONTGOMERY,597876,202632,300173,63788,31283
2023,2023-01-09,MONTOUR,12327,6380,4038,1464,445
2023,2023-01-09,NORTHAMPTON,216784,79524,95546,30896,10818
2023,2023-01-09,NORTHUMBERLAND,54532,30262,16730,5020,2520
2023,2023-01-09,PERRY,29965,19941,6263,2803,958
2023,2023-01-09,PHILADELPHIA,1034930,116826,781809,109012,27283
2023,2023-01-09,PIKE,43277,20336,13709,6637,2595
2023,2023-01-09,POTTER,10416,7428,1873,821,294
2023,2023-01-09,SCHUYLKILL,88642,49025,27924,7508,4185
2023,2023-01-09,SNYDER,22152,14822,4710,1905,715
2023,2023-01-09,SOMERSET,48802,31483,12388,3568,1363
2023,2023-01-09,SULLIVAN,4357,2664,1199,329,165
2023,2023-01-09,SUSQUEHANNA,27049,16538,6856,2385,1270
2023,2023-01-09,TIOGA,25584,16980,5302,2462,840
2023,2023-01-09,UNION,26187,13950,7885,3227,1125
2023,2023-01-09,VENANGO,31629,18882,8680,2747,1320
2023,2023-01-09,WARREN,25506,14618,7090,2307,1491
2023,2023-01-09,WASHINGTON,140920,66591,56986,13339,4004
2023,2023-01-09,WAYNE,34610,19885,9164,4441,1120
2023,2023-01-09,WESTMORELAND,243382,121060,92721,19434,10167
2023,2023-01-09,WYOMING,17621,10615,4941,1325,740
2023,2023-01-09,YORK,311507,160685,99050,42270,9502
2023,2023-01-09,TOTALS,8637245,3435224,3923087,925550,353384
2023,2023-01-17,ADAMS,70238,40365,18782,8033,3058
2023,2023-01-17,ALLEGHENY,897044,254815,510525,92432,39272
2023,2023-01-17,ARMSTRONG,40552,24825,11287,2881,1559
2023,2023-01-17,BEAVER,111047,47170,48864,9828,5185
2023,2023-01-17,BEDFORD,32984,23747,6153,2085,999
2023,2023-01-17,BERKS,259152,108824,108423,30507,11398
2023,2023-01-17,BLAIR,76369,47127,19836,6535,2871
2023,2023-01-17,BRADFORD,36536,23544,8267,3048,1677
2023,2023-01-17,BUCKS,469927,192929,198576,56299,22123
2023,2023-01-17,BUTLER,136261,77238,39875,13298,5850
2023,2023-01-17,CAMBRIA,84147,42126,33039,6715,2267
2023,2023-01-17,CAMERON,2905,1773,775,210,147
2023,2023-01-17,CARBON,42385,21198,14718,4445,2024
2023,2023-01-17,CENTRE,99772,40556,42085,13271,3860
2023,2023-01-17,CHESTER,383416,152670,160710,47994,22042
2023,2023-01-17,CLARION,23301,14731,5944,1896,730
2023,2023-01-17,CLEARFIELD,47376,28729,13309,3390,1948
2023,2023-01-17,CLINTON,21535,12040,6723,1945,827
2023,2023-01-17,COLUMBIA,39261,20540,12672,4383,1666
2023,2023-01-17,CRAWFORD,52128,30005,15754,4333,2036
2023,2023-01-17,CUMBERLAND,174728,86431,59795,21054,7448
2023,2023-01-17,DAUPHIN,189176,73498,85174,22483,8021
2023,2023-01-17,DELAWARE,402386,146224,200722,37156,18284
2023,2023-01-17,ELK,19848,11034,6564,1420,830
2023,2023-01-17,ERIE,172646,66896,81118,17178,7454
2023,2023-01-17,FAYETTE,77191,35707,33765,5453,2266
2023,2023-01-17,FOREST,3326,1978,967,230,151
2023,2023-01-17,FRANKLIN,97824,60483,23226,10733,3382
2023,2023-01-17,FULTON,9145,6663,1590,611,281
2023,2023-01-17,GREENE,21411,10816,8529,1419,647
2023,2023-01-17,HUNTINGDON,28419,18422,7053,2236,708
2023,2023-01-17,INDIANA,44127,25195,14086,3231,1615
2023,2023-01-17,JEFFERSON,27285,18348,6016,1892,1029
2023,2023-01-17,JUNIATA,13803,9555,2855,1036,357
2023,2023-01-17,LACKAWANNA,141707,46478,78814,13081,3334
2023,2023-01-17,LANCASTER,344861,176475,111677,38776,17933
2023,2023-01-17,LAWRENCE,55152,27131,21458,4504,2059
2023,2023-01-17,LEBANON,91812,50560,26764,10391,4097
2023,2023-01-17,LEHIGH,239534,82970,111846,36833,7885
2023,2023-01-17,LUZERNE,195615,81761,88404,19364,6086
2023,2023-01-17,LYCOMING,69975,41793,18861,6361,2960
2023,2023-01-17,McKEAN,24259,15210,5680,2256,1113
2023,2023-01-17,MERCER,70406,35437,25646,7221,2102
2023,2023-01-17,MIFFLIN,26667,17663,5995,2302,707
2023,2023-01-17,MONROE,110938,39047,49717,16191,5983
2023,2023-01-17,MONTGOMERY,598094,202619,300318,63864,31293
2023,2023-01-17,MONTOUR,12333,6388,4035,1464,446
2023,2023-01-17,NORTHAMPTON,216899,79546,95612,30926,10815
2023,2023-01-17,NORTHUMBERLAND,54554,30282,16728,5023,2521
2023,2023-01-17,PERRY,29954,19934,6260,2801,959
2023,2023-01-17,PHILADELPHIA,1032315,116475,779803,108820,27217
2023,2023-01-17,PIKE,43296,20349,13700,6651,2596
2023,2023-01-17,POTTER,10416,7427,1872,823,294
2023,2023-01-17,SCHUYLKILL,88638,49021,27913,7519,4185
2023,2023-01-17,SNYDER,22154,14824,4710,1906,714
2023,2023-01-17,SOMERSET,47739,31009,12003,3426,1301
2023,2023-01-17,SULLIVAN,4354,2663,1199,329,163
2023,2023-01-17,SUSQUEHANNA,27006,16512,6849,2383,1262
2023,2023-01-17,TIOGA,25582,16980,5299,2463,840
2023,2023-01-17,UNION,26203,13958,7891,3229,1125
2023,2023-01-17,VENANGO,31628,18883,8678,2747,1320
2023,2023-01-17,WARREN,25504,14617,7088,2306,1493
2023,2023-01-17,WASHINGTON,140890,66594,56956,13344,3996
2023,2023-01-17,WAYNE,34629,19885,9162,4462,1120
2023,2023-01-17,WESTMORELAND,243431,121117,92669,19470,10175
2023,2023-01-17,WYOMING,17605,10609,4933,1324,739
2023,2023-01-17,YORK,311507,160685,99050,42270,9502
2023,2023-01-17,TOTALS,8623308,3431104,3915367,924490,352347
2023,2023-01-23,ADAMS,70284,40388,18789,8047,3060
2023,2023-01-23,ALLEGHENY,896361,254533,510110,92476,39242
2023,2023-01-23,ARMSTRONG,40550,24820,11286,2887,1557
2023,2023-01-23,BEAVER,111026,47181,48828,9833,5184
2023,2023-01-23,BEDFORD,32992,23752,6154,2087,999
2023,2023-01-23,BERKS,259288,108907,108374,30595,11412
2023,2023-01-23,BLAIR,76367,47124,19839,6536,2868
2023,2023-01-23,BRADFORD,36530,23544,8265,3045,1676
2023,2023-01-23,BUCKS,469682,192837,198425,56303,22117
2023,2023-01-23,BUTLER,136277,77261,39860,13308,5848
2023,2023-01-23,CAMBRIA,84158,42145,33022,6726,2265
2023,2023-01-23,CAMERON,2905,1773,775,210,147
2023,2023-01-23,CARBON,42420,21211,14733,4447,2029
2023,2023-01-23,CENTRE,99759,40547,42074,13279,3859
2023,2023-01-23,CHESTER,382992,152505,160519,47955,22013
2023,2023-01-23,CLARION,23335,14756,5952,1896,731
2023,2023-01-23,CLEARFIELD,47384,28740,13300,3398,1946
2023,2023-01-23,CLINTON,21540,12048,6719,1947,826
2023,2023-01-23,COLUMBIA,39263,20546,12668,4383,1666
2023,2023-01-23,CRAWFORD,52112,30002,15741,4333,2036
2023,2023-01-23,CUMBERLAND,174700,86395,59795,21062,7448
2023,2023-01-23,DAUPHIN,189176,73491,85162,22498,8025
2023,2023-01-23,DELAWARE,402643,146260,200884,37213,18286
2023,2023-01-23,ELK,19845,11038,6559,1419,829
2023,2023-01-23,ERIE,172648,66894,81101,17197,7456
2023,2023-01-23,FAYETTE,77177,35714,33737,5463,2263
2023,2023-01-23,FOREST,3324,1977,965,231,151
2023,2023-01-23,FRANKLIN,97840,60492,23228,10739,3381
2023,2023-01-23,FULTON,9160,6675,1590,614,281
2023,2023-01-23,GREENE,21414,10819,8524,1425,646
2023,2023-01-23,HUNTINGDON,28419,18422,7053,2236,708
2023,2023-01-23,INDIANA,44134,25206,14075,3238,1615
2023,2023-01-23,JEFFERSON,27285,18355,6007,1895,1028
2023,2023-01-23,JUNIATA,13789,9545,2852,1036,356
2023,2023-01-23,LACKAWANNA,141735,46494,78799,13100,3342
2023,2023-01-23,LANCASTER,344926,176477,111705,38810,17934
2023,2023-01-23,LAWRENCE,55142,27129,21447,4508,2058
2023,2023-01-23,LEBANON,91819,50558,26767,10398,4096
2023,2023-01-23,LEHIGH,239612,82987,111864,36874,7887
2023,2023-01-23,LUZERNE,195400,81681,88302,19339,6078
2023,2023-01-23,LYCOMING,69978,41785,18870,6358,2965
2023,2023-01-23,McKEAN,24273,15211,5682,2268,1112
2023,2023-01-23,MERCER,70419,35452,25636,7229,2102
2023,2023-01-23,MIFFLIN,26653,17657,5986,2303,707
2023,2023-01-23,MONROE,110888,39040,49698,16181,5969
2023,2023-01-23,MONTGOMERY,598549,202720,300549,63978,31302
2023,2023-01-23,MONTOUR,12325,6389,4031,1461,444
2023,2023-01-23,NORTHAMPTON,216989,79585,95623,30961,10820
2023,2023-01-23,NORTHUMBERLAND,54566,30290,16723,5028,2525
2023,2023-01-23,PERRY,29974,19945,6259,2809,961
2023,2023-01-23,PHILADELPHIA,1032289,116486,779706,108876,27221
2023,2023-01-23,PIKE,43105,20274,13630,6620,2581
2023,2023-01-23,POTTER,10423,7434,1872,822,295
2023,2023-01-23,SCHUYLKILL,88655,49037,27908,7526,4184
2023,2023-01-23,SNYDER,22166,14834,4711,1905,716
2023,2023-01-23,SOMERSET,47713,31003,11991,3809,910
2023,2023-01-23,SULLIVAN,4357,2667,1199,328,163
2023,2023-01-23,SUSQUEHANNA,27020,16515,6848,2393,1264
2023,2023-01-23,TIOGA,25596,16990,5299,2464,843
2023,2023-01-23,UNION,26207,13957,7898,3228,1124
2023,2023-01-23,VENANGO,31630,18884,8677,2748,1321
2023,2023-01-23,WARREN,25519,14633,7083,2312,1491
2023,2023-01-23,WASHINGTON,140861,66577,56934,13353,3997
2023,2023-01-23,WAYNE,34638,19887,9164,4464,1123
2023,2023-01-23,WESTMORELAND,243452,121159,92631,19478,10184
2023,2023-01-23,WYOMING,17618,10618,4936,1327,737
2023,2023-01-23,YORK,312184,161059,99168,42419,9538
2023,2023-01-23,TOTALS,8623460,3431317,3914561,925634,351948
2023,2023-01-30,ADAMS,70280,40389,18784,8052,3055
2023,2023-01-30,ALLEGHENY,896574,254572,510209,92548,39245
2023,2023-01-30,ARMSTRONG,40586,24843,11299,2886,1558
2023,2023-01-30,BEAVER,111143,47229,48863,9861,5190
2023,2023-01-30,BEDFORD,32987,23752,6148,2088,999
2023,2023-01-30,BERKS,259223,108896,108329,30597,11401
2023,2023-01-30,BLAIR,76380,47131,19841,6542,2866
2023,2023-01-30,BRADFORD,36538,23546,8264,3053,1675
2023,2023-01-30,BUCKS,469724,192849,198442,56317,22116
2023,2023-01-30,BUTLER,136503,77373,39926,13348,5856
2023,2023-01-30,CAMBRIA,84179,42166,33017,6734,2262
2023,2023-01-30,CAMERON,2905,1773,775,210,147
2023,2023-01-30,CARBON,42433,21225,14729,4451,2028
2023,2023-01-30,CENTRE,99770,40549,42085,13279,3857
2023,2023-01-30,CHESTER,382925,152468,160476,47970,22011
2023,2023-01-30,CLARION,23295,14731,5940,1893,731
2023,2023-01-30,CLEARFIELD,47398,28751,13300,3400,1947
2023,2023-01-30,CLINTON,21524,12040,6711,1950,823
2023,2023-01-30,COLUMBIA,39276,20552,12668,4389,1667
2023,2023-01-30,CRAWFORD,52170,30035,15757,4338,2040
2023,2023-01-30,CUMBERLAND,174713,86400,59809,21058,7446
2023,2023-01-30,DAUPHIN,189217,73481,85186,22519,8031
2023,2023-01-30,DELAWARE,402901,146283,201052,37273,18293
2023,2023-01-30,ELK,19850,11043,6560,1418,829
2023,2023-01-30,ERIE,172664,66899,81084,17219,7462
2023,2023-01-30,FAYETTE,77195,35727,33731,5470,2267
2023,2023-01-30,FOREST,3321,1975,964,231,151
2023,2023-01-30,FRANKLIN,97878,60502,23237,10754,3385
2023,2023-01-30,FULTON,9169,6685,1590,614,280
2023,2023-01-30,GREENE,21418,10824,8516,1431,647
2023,2023-01-30,HUNTINGDON,28419,18422,7053,2236,708
2023,2023-01-30,INDIANA,44138,25203,14073,3244,1618
2023,2023-01-30,JEFFERSON,27293,18362,6003,1900,1028
2023,2023-01-30,JUNIATA,13788,9547,2850,1035,356
2023,2023-01-30,LACKAWANNA,141811,46519,78827,13118,3347
2023,2023-01-30,LANCASTER,344760,176361,111626,38845,17928
2023,2023-01-30,LAWRENCE,55166,27148,21439,4517,2062
2023,2023-01-30,LEBANON,91847,50565,26781,10405,4096
2023,2023-01-30,LEHIGH,239726,83028,111890,36908,7900
2023,2023-01-30,LUZERNE,195449,81709,88314,19346,6080
2023,2023-01-30,LYCOMING,69985,41790,18869,6363,2963
2023,2023-01-30,McKEAN,24267,15206,5681,2268,1112
2023,2023-01-30,MERCER,70466,35482,25636,7240,2108
2023,2023-01-30,MIFFLIN,26652,17659,5983,2303,707
2023,2023-01-30,MONROE,110931,39053,49707,16202,5969
2023,2023-01-30,MONTGOMERY,598888,202815,300723,64046,31304
2023,2023-01-30,MONTOUR,12326,6392,4029,1462,443
2023,2023-01-30,NORTHAMPTON,217073,79597,95652,30991,10833
2023,2023-01-30,NORTHUMBERLAND,54572,30295,16723,5029,2525
2023,2023-01-30,PERRY,29964,19940,6253,2812,959
2023,2023-01-30,PHILADELPHIA,1032814,116582,780000,109083,27149
2023,2023-01-30,PIKE,42974,20229,13570,6607,2568
2023,2023-01-30,POTTER,10422,7435,1871,821,295
2023,2023-01-30,SCHUYLKILL,88675,49054,27896,7538,4187
2023,2023-01-30,SNYDER,22157,14829,4710,1903,715
2023,2023-01-30,SOMERSET,47734,31029,11985,3812,908
2023,2023-01-30,SULLIVAN,4361,2669,1200,328,164
2023,2023-01-30,SUSQUEHANNA,27033,16520,6847,2398,1268
2023,2023-01-30,TIOGA,25603,17000,5292,2468,843
2023,2023-01-30,UNION,26207,13959,7897,3228,1123
2023,2023-01-30,VENANGO,31640,18885,8678,2754,1323
2023,2023-01-30,WARREN,25519,14633,7084,2314,1488
2023,2023-01-30,WASHINGTON,141038,66664,56974,13394,4006
2023,2023-01-30,WAYNE,34647,19890,9170,4464,1123
2023,2023-01-30,WESTMORELAND,243408,121118,92616,19498,10176
2023,2023-01-30,WYOMING,17618,10618,4933,1330,737
2023,2023-01-30,YORK,313639,161735,99496,42815,9593
2023,2023-01-30,TOTALS,8627149,3432631,3915623,926918,351977
2023,2023-02-06,ADAMS,70310,40400,18790,8066,3054
2023,2023-02-06,ALLEGHENY,896253,254449,510037,92555,39212
2023,2023-02-06,ARMSTRONG,40638,24874,11312,2888,1564
2023,2023-02-06,BEAVER,111233,47264,48895,9881,5193
2023,2023-02-06,BEDFORD,32989,23758,6145,2087,999
2023,2023-02-06,BERKS,259216,108901,108308,30607,11400
2023,2023-02-06,BLAIR,76386,47134,19846,6542,2864
2023,2023-02-06,BRADFORD,36535,23544,8263,3054,1674
2023,2023-02-06,BUCKS,469775,192872,198433,56359,22111
2023,2023-02-06,BUTLER,136668,77452,39983,13368,5865
2023,2023-02-06,CAMBRIA,84235,42212,33011,6745,2267
2023,2023-02-06,CAMERON,2906,1774,775,210,147
2023,2023-02-06,CARBON,42453,21239,14727,4456,2031
2023,2023-02-06,CENTRE,99795,40563,42078,13293,3861
2023,2023-02-06,CHESTER,383112,152531,160557,48002,22022
2023,2023-02-06,CLARION,23309,14737,5941,1899,732
2023,2023-02-06,CLEARFIELD,47416,28762,13299,3408,1947
2023,2023-02-06,CLINTON,21522,12042,6709,1948,823
2023,2023-02-06,COLUMBIA,39275,20549,12670,4389,1667
2023,2023-02-06,CRAWFORD,52145,30029,15742,4331,2043
2023,2023-02-06,CUMBERLAND,174761,86404,59814,21093,7450
2023,2023-02-06,DAUPHIN,189269,73494,85209,22535,8031
2023,2023-02-06,DELAWARE,402935,146292,201055,37296,18292
2023,2023-02-06,ELK,19851,11045,6555,1420,831
2023,2023-02-06,ERIE,172715,66923,81088,17240,7464
2023,2023-02-06,FAYETTE,77263,35777,33738,5480,2268
2023,2023-02-06,FOREST,3320,1976,961,233,150
2023,2023-02-06,FRANKLIN,97926,60527,23242,10771,3386
2023,2023-02-06,FULTON,9144,6667,1583,615,279
2023,2023-02-06,GREENE,21432,10836,8516,1432,648
2023,2023-02-06,HUNTINGDON,28419,18422,7053,2236,708
2023,2023-02-06,INDIANA,44172,25217,14082,3251,1622
2023,2023-02-06,JEFFERSON,27300,18365,6003,1901,1031
2023,2023-02-06,JUNIATA,13792,9548,2848,1039,357
2023,2023-02-06,LACKAWANNA,141872,46549,78843,13131,3349
2023,2023-02-06,LANCASTER,344874,176398,111665,38886,17925
2023,2023-02-06,LAWRENCE,55182,27161,21439,4521,2061
2023,2023-02-06,LEBANON,91906,50595,26800,10413,4098
2023,2023-02-06,LEHIGH,239745,83023,111896,36930,7896
2023,2023-02-06,LUZERNE,195515,81740,88324,19360,6091
2023,2023-02-06,LYCOMING,69971,41788,18855,6367,2961
2023,2023-02-06,McKEAN,24289,15214,5687,2274,1114
2023,2023-02-06,MERCER,70493,35487,25641,7257,2108
2023,2023-02-06,MIFFLIN,26649,17657,5980,2305,707
2023,2023-02-06,MONROE,110971,39061,49726,16220,5964
2023,2023-02-06,MONTGOMERY,599047,202835,300783,64113,31316
2023,2023-02-06,MONTOUR,12324,6390,4029,1462,443
2023,2023-02-06,NORTHAMPTON,217157,79638,95663,31021,10835
2023,2023-02-06,NORTHUMBERLAND,54570,30294,16722,5029,2525
2023,2023-02-06,PERRY,29964,19934,6255,2815,960
2023,2023-02-06,PHILADELPHIA,1032639,116545,779834,109123,27137
2023,2023-02-06,PIKE,42961,20227,13558,6614,2562
2023,2023-02-06,POTTER,10422,7435,1871,821,295
2023,2023-02-06,SCHUYLKILL,88699,49068,27898,7544,4189
2023,2023-02-06,SNYDER,22155,14827,4710,1903,715
2023,2023-02-06,SOMERSET,47758,31038,11989,3821,910
2023,2023-02-06,SULLIVAN,4365,2670,1203,328,164
2023,2023-02-06,SUSQUEHANNA,27044,16528,6846,2400,1270
2023,2023-02-06,TIOGA,25600,17001,5291,2467,841
2023,2023-02-06,UNION,26212,13960,7900,3229,1123
2023,2023-02-06,VENANGO,31644,18889,8676,2760,1319
2023,2023-02-06,WARREN,25523,14639,7086,2312,1486
2023,2023-02-06,WASHINGTON,141206,66747,57018,13428,4013
2023,2023-02-06,WAYNE,34660,19900,9171,4466,1123
2023,2023-02-06,WESTMORELAND,243586,121194,92658,19546,10188
2023,2023-02-06,WYOMING,17633,10628,4935,1333,737
2023,2023-02-06,YORK,313306,161586,99375,42770,9575
2023,2023-02-06,TOTALS,8628412,3433225,3915595,927599,351993
2023,2023-02-13,ADAMS,70487,40504,18823,8096,3064
2023,2023-02-13,ALLEGHENY,896448,254531,510118,92581,39218
2023,2023-02-13,ARMSTRONG,40643,24879,11308,2890,1566
2023,2023-02-13,BEAVER,111228,47266,48877,9893,5192
2023,2023-02-13,BEDFORD,32999,23770,6142,2088,999
2023,2023-02-13,BERKS,259048,108846,108211,30599,11392
2023,2023-02-13,BLAIR,76413,47146,19860,6543,2864
2023,2023-02-13,BRADFORD,36555,23553,8270,3060,1672
2023,2023-02-13,BUCKS,469921,192932,198475,56402,22112
2023,2023-02-13,BUTLER,136684,77480,39968,13372,5864
2023,2023-02-13,CAMBRIA,84264,42237,33008,6748,2271
2023,2023-02-13,CAMERON,2921,1788,776,211,146
2023,2023-02-13,CARBON,42476,21255,14721,4467,2033
2023,2023-02-13,CENTRE,99784,40562,42058,13301,3863
2023,2023-02-13,CHESTER,383259,152574,160632,48040,22013
2023,2023-02-13,CLARION,23295,14730,5935,1897,733
2023,2023-02-13,CLEARFIELD,47426,28771,13298,3411,1946
2023,2023-02-13,CLINTON,21533,12056,6711,1944,822
2023,2023-02-13,COLUMBIA,39275,20549,12670,4389,1667
2023,2023-02-13,CRAWFORD,52157,30039,15742,4331,2045
2023,2023-02-13,CUMBERLAND,174966,86489,59895,21129,7453
2023,2023-02-13,DAUPHIN,189399,73537,85246,22573,8043
2023,2023-02-13,DELAWARE,403067,146311,201132,37324,18300
2023,2023-02-13,ELK,19855,11050,6551,1422,832
2023,2023-02-13,ERIE,172753,66966,81068,17252,7467
2023,2023-02-13,FAYETTE,77262,35781,33728,5484,2269
2023,2023-02-13,FOREST,3319,1976,960,233,150
2023,2023-02-13,FRANKLIN,97969,60557,23248,10778,3386
2023,2023-02-13,FULTON,9146,6670,1581,616,279
2023,2023-02-13,GREENE,21425,10839,8504,1433,649
2023,2023-02-13,HUNTINGDON,28487,18460,7059,2256,712
2023,2023-02-13,INDIANA,44195,25232,14090,3253,1620
2023,2023-02-13,JEFFERSON,27310,18374,5999,1906,1031
2023,2023-02-13,JUNIATA,13805,9557,2848,1043,357
2023,2023-02-13,LACKAWANNA,141928,46568,78858,13148,3354
2023,2023-02-13,LANCASTER,345198,176532,111777,38948,17941
2023,2023-02-13,LAWRENCE,55191,27174,21427,4528,2062
2023,2023-02-13,LEBANON,91619,50448,26710,10375,4086
2023,2023-02-13,LEHIGH,239747,83016,111882,36948,7901
2023,2023-02-13,LUZERNE,195542,81748,88329,19372,6093
2023,2023-02-13,LYCOMING,69969,41776,18854,6378,2961
2023,2023-02-13,McKEAN,24289,15224,5676,2276,1113
2023,2023-02-13,MERCER,70561,35540,25644,7268,2109
2023,2023-02-13,MIFFLIN,26643,17652,5979,2304,708
2023,2023-02-13,MONROE,111003,39069,49736,16236,5962
2023,2023-02-13,MONTGOMERY,599199,202880,300852,64147,31320
2023,2023-02-13,MONTOUR,12347,6402,4035,1467,443
2023,2023-02-13,NORTHAMPTON,217213,79671,95661,31048,10833
2023,2023-02-13,NORTHUMBERLAND,54663,30368,16715,5046,2534
2023,2023-02-13,PERRY,29976,19941,6254,2820,961
2023,2023-02-13,PHILADELPHIA,1026388,115839,775092,108495,26962
2023,2023-02-13,PIKE,42977,20237,13554,6626,2560
2023,2023-02-13,POTTER,10445,7453,1874,823,295
2023,2023-02-13,SCHUYLKILL,88732,49081,27897,7563,4191
2023,2023-02-13,SNYDER,22180,14833,4721,1910,716
2023,2023-02-13,SOMERSET,47764,31043,11973,3837,911
2023,2023-02-13,SULLIVAN,4365,2670,1203,329,163
2023,2023-02-13,SUSQUEHANNA,27043,16531,6845,2399,1268
2023,2023-02-13,TIOGA,25607,17012,5285,2469,841
2023,2023-02-13,UNION,26215,13961,7901,3231,1122
2023,2023-02-13,VENANGO,31664,18901,8682,2764,1317
2023,2023-02-13,WARREN,25523,14646,7083,2310,1484
2023,2023-02-13,WASHINGTON,141155,66748,56977,13422,4008
2023,2023-02-13,WAYNE,34683,19911,9171,4475,1126
2023,2023-02-13,WESTMORELAND,243555,121204,92620,19549,10182
2023,2023-02-13,WYOMING,17628,10622,4934,1334,738
2023,2023-02-13,YORK,312999,161443,99252,42730,9574
2023,2023-02-13,TOTALS,8623785,3433411,3910965,927540,351869
2023,2023-02-20,ADAMS,70535,40537,18821,8112,3065
2023,2023-02-20,ALLEGHENY,896779,254631,510264,92653,39231
2023,2023-02-20,ARMSTRONG,40651,24883,11308,2893,1567
2023,2023-02-20,BEAVER,111211,47274,48843,9900,5194
2023,2023-02-20,BEDFORD,33004,23784,6134,2087,999
2023,2023-02-20,BERKS,259072,108883,108208,30599,11382
2023,2023-02-20,BLAIR,76419,47154,19858,6544,2863
2023,2023-02-20,BRADFORD,36553,23557,8263,3060,1673
2023,2023-02-20,BUCKS,470039,192977,198515,56440,22107
2023,2023-02-20,BUTLER,136698,77495,39957,13378,5868
2023,2023-02-20,CAMBRIA,84270,42260,32993,6746,2271
2023,2023-02-20,CAMERON,2921,1794,773,210,144
2023,2023-02-20,CARBON,42513,21295,14721,4466,2031
2023,2023-02-20,CENTRE,99790,40575,42048,13301,3866
2023,2023-02-20,CHESTER,383329,152603,160652,48062,22012
2023,2023-02-20,CLARION,23302,14738,5930,1898,736
2023,2023-02-20,CLEARFIELD,47422,28775,13282,3419,1946
2023,2023-02-20,CLINTON,21550,12074,6710,1944,822
2023,2023-02-20,COLUMBIA,39309,20572,12668,4403,1666
2023,2023-02-20,CRAWFORD,52125,30031,15725,4325,2044
2023,2023-02-20,CUMBERLAND,175028,86522,59924,21130,7452
2023,2023-02-20,DAUPHIN,189555,73623,85289,22601,8042
2023,2023-02-20,DELAWARE,403166,146312,201200,37362,18292
2023,2023-02-20,ELK,19862,11074,6534,1422,832
2023,2023-02-20,ERIE,172790,67006,81046,17270,7468
2023,2023-02-20,FAYETTE,77300,35834,33713,5489,2264
2023,2023-02-20,FOREST,3314,1971,960,233,150
2023,2023-02-20,FRANKLIN,98031,60601,23252,10786,3392
2023,2023-02-20,FULTON,9154,6682,1576,617,279
2023,2023-02-20,GREENE,21426,10846,8501,1432,647
2023,2023-02-20,HUNTINGDON,28487,18459,7060,2256,712
2023,2023-02-20,INDIANA,44200,25234,14095,3250,1621
2023,2023-02-20,JEFFERSON,27308,18373,5998,1906,1031
2023,2023-02-20,JUNIATA,13815,9560,2849,1049,357
2023,2023-02-20,LACKAWANNA,141966,46587,78861,13158,3360
2023,2023-02-20,LANCASTER,345473,176652,111852,39018,17951
2023,2023-02-20,LAWRENCE,55204,27202,21405,4535,2062
2023,2023-02-20,LEBANON,91673,50468,26728,10387,4090
2023,2023-02-20,LEHIGH,239864,83039,111922,36991,7912
2023,2023-02-20,LUZERNE,195527,81752,88309,19374,6092
2023,2023-02-20,LYCOMING,69980,41786,18852,6382,2960
2023,2023-02-20,McKEAN,24290,15238,5668,2274,1110
2023,2023-02-20,MERCER,70553,35555,25608,7278,2112
2023,2023-02-20,MIFFLIN,26655,17665,5979,2304,707
2023,2023-02-20,MONROE,111033,39086,49737,16246,5964
2023,2023-02-20,MONTGOMERY,599518,202944,301047,64207,31320
2023,2023-02-20,MONTOUR,12336,6405,4032,1456,443
2023,2023-02-20,NORTHAMPTON,217332,79708,95718,31072,10834
2023,2023-02-20,NORTHUMBERLAND,54720,30416,16714,5056,2534
2023,2023-02-20,PERRY,29987,19943,6259,2822,963
2023,2023-02-20,PHILADELPHIA,1026456,115815,775181,108503,26957
2023,2023-02-20,PIKE,42981,20255,13541,6633,2552
2023,2023-02-20,POTTER,10823,7664,1956,882,321
2023,2023-02-20,SCHUYLKILL,88796,49136,27880,7586,4194
2023,2023-02-20,SNYDER,22192,14845,4712,1918,717
2023,2023-02-20,SOMERSET,47728,31032,11951,3834,911
2023,2023-02-20,SULLIVAN,4368,2671,1205,329,163
2023,2023-02-20,SUSQUEHANNA,27058,16546,6842,2400,1270
2023,2023-02-20,TIOGA,25624,17028,5287,2467,842
2023,2023-02-20,UNION,26221,13965,7903,3231,1122
2023,2023-02-20,VENANGO,31665,18905,8683,2761,1316
2023,2023-02-20,WARREN,25536,14662,7083,2309,1482
2023,2023-02-20,WASHINGTON,141163,66765,56955,13433,4010
2023,2023-02-20,WAYNE,34698,19920,9173,4480,1125
2023,2023-02-20,WESTMORELAND,243547,121218,92598,19552,10179
2023,2023-02-20,WYOMING,17628,10627,4929,1335,737
2023,2023-02-20,YORK,313083,161511,99251,42745,9576
2023,2023-02-20,TOTALS,8626606,3435000,3911491,928201,351914
2023,2023-02-27,ADAMS,70571,40566,18827,8115,3063
2023,2023-02-27,ALLEGHENY,896936,254693,510325,92682,39236
2023,2023-02-27,ARMSTRONG,40649,24892,11300,2891,1566
2023,2023-02-27,BEAVER,111215,47301,48815,9908,5191
2023,2023-02-27,BEDFORD,33010,23797,6127,2088,998
2023,2023-02-27,BERKS,259127,108932,108219,30607,11369
2023,2023-02-27,BLAIR,76422,47152,19870,6538,2862
2023,2023-02-27,BRADFORD,36564,23567,8262,3064,1671
2023,2023-02-27,BUCKS,470045,193003,198499,56437,22106
2023,2023-02-27,BUTLER,136717,77517,39945,13385,5870
2023,2023-02-27,CAMBRIA,84281,42291,32975,6748,2267
2023,2023-02-27,CAMERON,2923,1801,773,207,142
2023,2023-02-27,CARBON,42534,21319,14716,4468,2031
2023,2023-02-27,CENTRE,99778,40566,42044,13302,3866
2023,2023-02-27,CHESTER,383349,152630,160644,48069,22006
2023,2023-02-27,CLARION,23308,14753,5923,1897,735
2023,2023-02-27,CLEARFIELD,47424,28788,13272,3420,1944
2023,2023-02-27,CLINTON,21535,12073,6702,1941,819
2023,2023-02-27,COLUMBIA,39327,20595,12667,4399,1666
2023,2023-02-27,CRAWFORD,52139,30045,15728,4323,2043
2023,2023-02-27,CUMBERLAND,175072,86550,59937,21141,7444
2023,2023-02-27,DAUPHIN,189586,73635,85301,22604,8046
2023,2023-02-27,DELAWARE,403234,146321,201234,37396,18283
2023,2023-02-27,ELK,19873,11089,6527,1424,833
2023,2023-02-27,ERIE,172818,67029,81043,17281,7465
2023,2023-02-27,FAYETTE,77342,35912,33681,5489,2260
2023,2023-02-27,FOREST,3307,1968,958,231,150
2023,2023-02-27,FRANKLIN,98051,60620,23253,10792,3386
2023,2023-02-27,FULTON,9157,6696,1567,617,277
2023,2023-02-27,GREENE,21433,10872,8486,1431,644
2023,2023-02-27,HUNTINGDON,28488,18464,7056,2256,712
2023,2023-02-27,INDIANA,44211,25241,14097,3251,1622
2023,2023-02-27,JEFFERSON,27310,18380,5992,1907,1031
2023,2023-02-27,JUNIATA,13837,9578,2850,1051,358
2023,2023-02-27,LACKAWANNA,141966,46593,78853,13158,3362
2023,2023-02-27,LANCASTER,345565,176707,111864,39042,17952
2023,2023-02-27,LAWRENCE,55206,27205,21402,4538,2061
2023,2023-02-27,LEBANON,91716,50484,26750,10391,4091
2023,2023-02-27,LEHIGH,239941,83089,111934,37003,7915
2023,2023-02-27,LUZERNE,195720,81880,88333,19410,6097
2023,2023-02-27,LYCOMING,69982,41798,18840,6386,2958
2023,2023-02-27,McKEAN,24297,15241,5667,2279,1110
2023,2023-02-27,MERCER,70539,35562,25588,7277,2112
2023,2023-02-27,MIFFLIN,26671,17689,5976,2302,704
2023,2023-02-27,MONROE,111043,39089,49745,16252,5957
2023,2023-02-27,MONTGOMERY,599502,202928,301036,64219,31319
2023,2023-02-27,MONTOUR,12331,6400,4029,1458,444
2023,2023-02-27,NORTHAMPTON,217393,79737,95737,31092,10827
2023,2023-02-27,NORTHUMBERLAND,54752,30449,16716,5059,2528
2023,2023-02-27,PERRY,30005,19961,6257,2826,961
2023,2023-02-27,PHILADELPHIA,1026701,115851,775384,108514,26952
2023,2023-02-27,PIKE,42978,20251,13535,6642,2550
2023,2023-02-27,POTTER,10798,7654,1948,879,317
2023,2023-02-27,SCHUYLKILL,88797,49148,27868,7591,4190
2023,2023-02-27,SNYDER,22201,14857,4712,1913,719
2023,2023-02-27,SOMERSET,47755,31049,11951,3842,913
2023,2023-02-27,SULLIVAN,4367,2675,1202,327,163
2023,2023-02-27,SUSQUEHANNA,27070,16552,6841,2408,1269
2023,2023-02-27,TIOGA,25627,17035,5284,2468,840
2023,2023-02-27,UNION,26221,13974,7896,3231,1120
2023,2023-02-27,VENANGO,31667,18916,8674,2761,1316
2023,2023-02-27,WARREN,25544,14685,7074,2306,1479
2023,2023-02-27,WASHINGTON,141126,66784,56907,13428,4007
2023,2023-02-27,WAYNE,34711,19918,9180,4488,1125
2023,2023-02-27,WESTMORELAND,243628,121266,92622,19565,10175
2023,2023-02-27,WYOMING,17622,10630,4925,1335,732
2023,2023-02-27,YORK,313178,161571,99264,42759,9584
2023,2023-02-27,TOTALS,8628193,3436264,3911609,928509,351811
2023,2023-03-06,ADAMS,70542,40561,18803,8120,3058
2023,2023-03-06,ALLEGHENY,897405,254863,510510,92806,39226
2023,2023-03-06,ARMSTRONG,40656,24897,11296,2896,1567
2023,2023-03-06,BEAVER,111208,47312,48802,9907,5187
2023,2023-03-06,BEDFORD,32993,23798,6115,2083,997
2023,2023-03-06,BERKS,259209,108983,108238,30623,11365
2023,2023-03-06,BLAIR,76420,47156,19867,6537,2860
2023,2023-03-06,BRADFORD,36571,23579,8259,3062,1671
2023,2023-03-06,BUCKS,470187,193042,198574,56467,22104
2023,2023-03-06,BUTLER,136730,77523,39949,13390,5868
2023,2023-03-06,CAMBRIA,84285,42331,32955,6741,2258
2023,2023-03-06,CAMERON,2927,1807,773,206,141
2023,2023-03-06,CARBON,42565,21345,14717,4473,2030
2023,2023-03-06,CENTRE,99810,40584,42058,13303,3865
2023,2023-03-06,CHESTER,383467,152689,160706,48083,21989
2023,2023-03-06,CLARION,23321,14768,5919,1898,736
2023,2023-03-06,CLEARFIELD,47419,28801,13248,3427,1943
2023,2023-03-06,CLINTON,21563,12088,6707,1949,819
2023,2023-03-06,COLUMBIA,39316,20616,12647,4391,1662
2023,2023-03-06,CRAWFORD,52157,30059,15730,4327,2041
2023,2023-03-06,CUMBERLAND,175150,86556,59980,21174,7440
2023,2023-03-06,DAUPHIN,189601,73669,85274,22618,8040
2023,2023-03-06,DELAWARE,403325,146342,201271,37431,18281
2023,2023-03-06,ELK,19877,11097,6524,1423,833
2023,2023-03-06,ERIE,172772,67014,81007,17288,7463
2023,2023-03-06,FAYETTE,77362,35964,33657,5481,2260
2023,2023-03-06,FOREST,3307,1970,956,231,150
2023,2023-03-06,FRANKLIN,98101,60645,23261,10808,3387
2023,2023-03-06,FULTON,9164,6701,1567,618,278
2023,2023-03-06,GREENE,21451,10897,8481,1428,645
2023,2023-03-06,HUNTINGDON,28472,18471,7039,2252,710
2023,2023-03-06,INDIANA,44234,25264,14091,3257,1622
2023,2023-03-06,JEFFERSON,27322,18391,5992,1909,1030
2023,2023-03-06,JUNIATA,13826,9578,2842,1049,357
2023,2023-03-06,LACKAWANNA,142025,46619,78867,13175,3364
2023,2023-03-06,LANCASTER,345631,176713,111897,39076,17945
2023,2023-03-06,LAWRENCE,55225,27212,21405,4549,2059
2023,2023-03-06,LEBANON,91761,50510,26762,10394,4095
2023,2023-03-06,LEHIGH,239937,83092,111908,37017,7920
2023,2023-03-06,LUZERNE,195858,81962,88367,19427,6102
2023,2023-03-06,LYCOMING,69994,41812,18837,6389,2956
2023,2023-03-06,McKEAN,24313,15256,5667,2281,1109
2023,2023-03-06,MERCER,70530,35581,25564,7274,2111
2023,2023-03-06,MIFFLIN,26678,17706,5970,2298,704
2023,2023-03-06,MONROE,111077,39107,49749,16262,5959
2023,2023-03-06,MONTGOMERY,599710,202984,301144,64272,31310
2023,2023-03-06,MONTOUR,12332,6397,4030,1461,444
2023,2023-03-06,NORTHAMPTON,217502,79779,95770,31125,10828
2023,2023-03-06,NORTHUMBERLAND,54775,30478,16708,5063,2526
2023,2023-03-06,PERRY,30010,19972,6256,2822,960
2023,2023-03-06,PHILADELPHIA,1026829,115855,775480,108555,26939
2023,2023-03-06,PIKE,42993,20257,13533,6654,2549
2023,2023-03-06,POTTER,10797,7655,1946,878,318
2023,2023-03-06,SCHUYLKILL,88800,49172,27849,7598,4181
2023,2023-03-06,SNYDER,22215,14867,4713,1919,716
2023,2023-03-06,SOMERSET,47784,31080,11947,3845,912
2023,2023-03-06,SULLIVAN,4372,2680,1202,327,163
2023,2023-03-06,SUSQUEHANNA,27071,16554,6842,2409,1266
2023,2023-03-06,TIOGA,25641,17051,5282,2468,840
2023,2023-03-06,UNION,26225,13980,7890,3233,1122
2023,2023-03-06,VENANGO,31682,18932,8675,2760,1315
2023,2023-03-06,WARREN,25555,14695,7074,2308,1478
2023,2023-03-06,WASHINGTON,141131,66816,56874,13427,4014
2023,2023-03-06,WAYNE,34723,19922,9182,4492,1127
2023,2023-03-06,WESTMORELAND,243716,121312,92643,19587,10174
2023,2023-03-06,WYOMING,17617,10634,4917,1337,729
2023,2023-03-06,YORK,313266,161641,99269,42763,9593
2023,2023-03-06,TOTALS,8630490,3437644,3912034,929101,351711
2023,2023-03-13,ADAMS,70556,40567,18800,8129,3060
2023,2023-03-13,ALLEGHENY,896172,254468,509797,92736,39171
2023,2023-03-13,ARMSTRONG,40619,24887,11273,2894,1565
2023,2023-03-13,BEAVER,111149,47306,48744,9913,5186
2023,2023-03-13,BEDFORD,32973,23791,6105,2080,997
2023,2023-03-13,BERKS,259268,109027,108252,30622,11367
2023,2023-03-13,BLAIR,76434,47177,19865,6537,2855
2023,2023-03-13,BRADFORD,36596,23604,8253,3068,1671
2023,2023-03-13,BUCKS,469809,192858,198423,56455,22073
2023,2023-03-13,BUTLER,136611,77461,39904,13385,5861
2023,2023-03-13,CAMBRIA,84241,42357,32895,6736,2253
2023,2023-03-13,CAMERON,2933,1812,772,207,142
2023,2023-03-13,CARBON,42532,21328,14704,4469,2031
2023,2023-03-13,CENTRE,99797,40577,42045,13312,3863
2023,2023-03-13,CHESTER,383226,152561,160612,48093,21960
2023,2023-03-13,CLARION,23305,14756,5913,1900,736
2023,2023-03-13,CLEARFIELD,47408,28807,13236,3428,1937
2023,2023-03-13,CLINTON,21552,12092,6692,1948,820
2023,2023-03-13,COLUMBIA,39336,20630,12650,4393,1663
2023,2023-03-13,CRAWFORD,52178,30087,15720,4331,2040
2023,2023-03-13,CUMBERLAND,175048,86513,59929,21174,7432
2023,2023-03-13,DAUPHIN,189458,73592,85194,22640,8032
2023,2023-03-13,DELAWARE,402994,146134,201154,37452,18254
2023,2023-03-13,ELK,19856,11086,6515,1422,833
2023,2023-03-13,ERIE,172724,67006,80963,17295,7460
2023,2023-03-13,FAYETTE,77320,36003,33575,5488,2254
2023,2023-03-13,FOREST,3318,1976,960,232,150
2023,2023-03-13,FRANKLIN,98032,60590,23250,10810,3382
2023,2023-03-13,FULTON,9163,6702,1563,618,280
2023,2023-03-13,GREENE,21452,10897,8477,1431,647
2023,2023-03-13,HUNTINGDON,28464,18473,7027,2253,711
2023,2023-03-13,INDIANA,44228,25264,14083,3254,1627
2023,2023-03-13,JEFFERSON,27297,18385,5976,1907,1029
2023,2023-03-13,JUNIATA,13809,9567,2838,1048,356
2023,2023-03-13,LACKAWANNA,141914,46586,78772,13196,3360
2023,2023-03-13,LANCASTER,345624,176692,111882,39108,17942
2023,2023-03-13,LAWRENCE,55209,27220,21385,4547,2057
2023,2023-03-13,LEBANON,91754,50501,26764,10398,4091
2023,2023-03-13,LEHIGH,239889,83095,111872,37008,7914
2023,2023-03-13,LUZERNE,195595,81858,88222,19420,6095
2023,2023-03-13,LYCOMING,69971,41798,18828,6390,2955
2023,2023-03-13,McKEAN,24298,15247,5657,2286,1108
2023,2023-03-13,MERCER,70533,35589,25547,7281,2116
2023,2023-03-13,MIFFLIN,26664,17699,5962,2303,700
2023,2023-03-13,MONROE,111035,39094,49728,16259,5954
2023,2023-03-13,MONTGOMERY,599412,202850,300991,64290,31281
2023,2023-03-13,MONTOUR,12324,6390,4029,1461,444
2023,2023-03-13,NORTHAMPTON,217388,79771,95687,31128,10802
2023,2023-03-13,NORTHUMBERLAND,54762,30494,16684,5065,2519
2023,2023-03-13,PERRY,30001,19978,6246,2821,956
2023,2023-03-13,PHILADELPHIA,1026042,115716,774821,108571,26934
2023,2023-03-13,PIKE,42987,20265,13523,6654,2545
2023,2023-03-13,POTTER,10794,7666,1936,875,317
2023,2023-03-13,SCHUYLKILL,88805,49180,27831,7615,4179
2023,2023-03-13,SNYDER,22220,14872,4712,1920,716
2023,2023-03-13,SOMERSET,47778,31090,11936,3843,909
2023,2023-03-13,SULLIVAN,4364,2676,1199,326,163
2023,2023-03-13,SUSQUEHANNA,27046,16541,6832,2406,1267
2023,2023-03-13,TIOGA,25641,17059,5280,2464,838
2023,2023-03-13,UNION,26229,13977,7893,3237,1122
2023,2023-03-13,VENANGO,31671,18927,8670,2760,1314
2023,2023-03-13,WARREN,25522,14681,7061,2304,1476
2023,2023-03-13,WASHINGTON,141058,66832,56797,13423,4006
2023,2023-03-13,WAYNE,34707,19923,9170,4489,1125
2023,2023-03-13,WESTMORELAND,243668,121305,92604,19580,10179
2023,2023-03-13,WYOMING,17627,10645,4913,1340,729
2023,2023-03-13,YORK,313036,161500,99179,42756,9601
2023,2023-03-13,TOTALS,8625426,3436058,3908772,929184,351412
2023,2023-04-03,ADAMS,70599,40604,18802,8143,3050
2023,2023-04-03,ALLEGHENY,897146,254796,510199,92976,39175
2023,2023-04-03,ARMSTRONG,40658,24914,11271,2907,1566
2023,2023-04-03,BEAVER,111192,47357,48700,9946,5189
2023,2023-04-03,BEDFORD,32228,23432,5889,1962,945
2023,2023-04-03,BERKS,259226,109018,108173,30666,11369
2023,2023-04-03,BLAIR,76441,47189,19857,6543,2852
2023,2023-04-03,BRADFORD,36596,23586,8269,3073,1668
2023,2023-04-03,BUCKS,470182,193027,198532,56569,22054
2023,2023-04-03,BUTLER,136642,77495,39886,13401,5860
2023,2023-04-03,CAMBRIA,84321,42454,32875,6739,2253
2023,2023-04-03,CAMERON,2927,1811,768,206,142
2023,2023-04-03,CARBON,42576,21370,14693,4475,2038
2023,2023-04-03,CENTRE,99812,40563,42049,13337,3863
2023,2023-04-03,CHESTER,373826,149321,156735,46635,21135
2023,2023-04-03,CLARION,23323,14772,5914,1899,738
2023,2023-04-03,CLEARFIELD,47430,28826,13230,3446,1928
2023,2023-04-03,CLINTON,21564,12108,6678,1956,822
2023,2023-04-03,COLUMBIA,39308,20629,12624,4399,1656
2023,2023-04-03,CRAWFORD,52137,30092,15684,4326,2035
2023,2023-04-03,CUMBERLAND,175167,86573,59969,21198,7427
2023,2023-04-03,DAUPHIN,189697,73618,85332,22709,8038
2023,2023-04-03,DELAWARE,403267,146124,201339,37552,18252
2023,2023-04-03,ELK,19883,11111,6509,1426,837
2023,2023-04-03,ERIE,172798,67041,80942,17355,7460
2023,2023-04-03,FAYETTE,77385,36109,33526,5503,2247
2023,2023-04-03,FOREST,3323,1979,962,233,149
2023,2023-04-03,FRANKLIN,98157,60655,23275,10838,3389
2023,2023-04-03,FULTON,9179,6715,1562,622,280
2023,2023-04-03,GREENE,21460,10924,8455,1434,647
2023,2023-04-03,HUNTINGDON,28445,18463,7017,2254,711
2023,2023-04-03,INDIANA,44270,25290,14083,3266,1631
2023,2023-04-03,JEFFERSON,27325,18406,5986,1904,1029
2023,2023-04-03,JUNIATA,13816,9573,2833,1054,356
2023,2023-04-03,LACKAWANNA,142065,46659,78817,13215,3374
2023,2023-04-03,LANCASTER,345849,176755,111975,39191,17928
2023,2023-04-03,LAWRENCE,55266,27266,21377,4566,2057
2023,2023-04-03,LEBANON,91861,50556,26792,10422,4091
2023,2023-04-03,LEHIGH,240136,83174,111931,37103,7928
2023,2023-04-03,LUZERNE,195765,81951,88263,19460,6091
2023,2023-04-03,LYCOMING,69972,41786,18816,6415,2955
2023,2023-04-03,McKEAN,24330,15275,5661,2289,1105
2023,2023-04-03,MERCER,70558,35643,25506,7292,2117
2023,2023-04-03,MIFFLIN,26694,17731,5961,2304,698
2023,2023-04-03,MONROE,111054,39120,49691,16309,5934
2023,2023-04-03,MONTGOMERY,599689,202880,301156,64395,31258
2023,2023-04-03,MONTOUR,12339,6387,4036,1472,444
2023,2023-04-03,NORTHAMPTON,217497,79799,95731,31177,10790
2023,2023-04-03,NORTHUMBERLAND,54829,30561,16670,5077,2521
2023,2023-04-03,PERRY,30012,19988,6251,2818,955
2023,2023-04-03,PHILADELPHIA,1026177,115636,774987,108612,26942
2023,2023-04-03,PIKE,42701,20165,13406,6631,2499
2023,2023-04-03,POTTER,10804,7677,1933,879,315
2023,2023-04-03,SCHUYLKILL,88760,49185,27774,7626,4175
2023,2023-04-03,SNYDER,22251,14897,4713,1925,716
2023,2023-04-03,SOMERSET,47786,31123,11903,3854,906
2023,2023-04-03,SULLIVAN,4369,2681,1197,327,164
2023,2023-04-03,SUSQUEHANNA,27068,16568,6828,2407,1265
2023,2023-04-03,TIOGA,25670,17093,5279,2465,833
2023,2023-04-03,UNION,25010,13565,7499,2902,1044
2023,2023-04-03,VENANGO,31678,18926,8678,2765,1309
2023,2023-04-03,WARREN,25545,14707,7053,2307,1478
2023,2023-04-03,WASHINGTON,141157,66950,56730,13464,4013
2023,2023-04-03,WAYNE,34746,19948,9178,4497,1123
2023,2023-04-03,WESTMORELAND,243758,121401,92518,19667,10172
2023,2023-04-03,WYOMING,17347,10544,4806,1306,691
2023,2023-04-03,YORK,313337,161662,99218,42855,9602
2023,2023-04-03,TOTALS,8618386,3434204,3904952,928946,350284
2023,2023-04-10,ADAMS,70589,40593,18803,8146,3047
2023,2023-04-10,ALLEGHENY,895545,254290,509212,92922,39121
2023,2023-04-10,ARMSTRONG,40609,24890,11251,2908,1560
2023,2023-04-10,BEAVER,111176,47360,48679,9961,5176
2023,2023-04-10,BEDFORD,32221,23426,5885,1966,944
2023,2023-04-10,BERKS,259146,109002,108099,30670,11375
2023,2023-04-10,BLAIR,76411,47168,19842,6550,2851
2023,2023-04-10,BRADFORD,36589,23565,8282,3076,1666
2023,2023-04-10,BUCKS,469640,192773,198276,56566,22025
2023,2023-04-10,BUTLER,136650,77484,39888,13421,5857
2023,2023-04-10,CAMBRIA,84283,42454,32839,6741,2249
2023,2023-04-10,CAMERON,2923,1814,765,205,139
2023,2023-04-10,CARBON,42544,21346,14677,4485,2036
2023,2023-04-10,CENTRE,99805,40557,42035,13352,3861
2023,2023-04-10,CHESTER,373493,149146,156575,46659,21113
2023,2023-04-10,CLARION,23311,14772,5901,1901,737
2023,2023-04-10,CLEARFIELD,47413,28822,13211,3448,1932
2023,2023-04-10,CLINTON,21558,12107,6674,1957,820
2023,2023-04-10,COLUMBIA,39329,20646,12626,4402,1655
2023,2023-04-10,CRAWFORD,52104,30081,15666,4325,2032
2023,2023-04-10,CUMBERLAND,174928,86453,59873,21189,7413
2023,2023-04-10,DAUPHIN,189556,73519,85300,22710,8027
2023,2023-04-10,DELAWARE,402783,145845,201145,37563,18230
2023,2023-04-10,ELK,19850,11103,6485,1426,836
2023,2023-04-10,ERIE,172683,67012,80838,17373,7460
2023,2023-04-10,FAYETTE,77268,36090,33432,5498,2248
2023,2023-04-10,FOREST,3154,1922,883,220,129
2023,2023-04-10,FRANKLIN,98022,60567,23238,10833,3384
2023,2023-04-10,FULTON,9183,6719,1563,621,280
2023,2023-04-10,GREENE,21451,10930,8447,1429,645
2023,2023-04-10,HUNTINGDON,28446,18466,7014,2255,711
2023,2023-04-10,INDIANA,44277,25296,14079,3270,1632
2023,2023-04-10,JEFFERSON,27274,18376,5968,1900,1030
2023,2023-04-10,JUNIATA,13799,9563,2824,1057,355
2023,2023-04-10,LACKAWANNA,141873,46633,78655,13217,3368
2023,2023-04-10,LANCASTER,345042,176380,111709,39081,17872
2023,2023-04-10,LAWRENCE,55246,27259,21364,4568,2055
2023,2023-04-10,LEBANON,91776,50512,26745,10428,4091
2023,2023-04-10,LEHIGH,239988,83136,111836,37098,7918
2023,2023-04-10,LUZERNE,195460,81821,88100,19454,6085
2023,2023-04-10,LYCOMING,69971,41785,18809,6426,2951
2023,2023-04-10,McKEAN,24294,15257,5641,2293,1103
2023,2023-04-10,MERCER,70572,35663,25491,7299,2119
2023,2023-04-10,MIFFLIN,26647,17709,5940,2300,698
2023,2023-04-10,MONROE,110982,39098,49647,16309,5928
2023,2023-04-10,MONTGOMERY,599445,202691,301061,64468,31225
2023,2023-04-10,MONTOUR,12323,6371,4035,1474,443
2023,2023-04-10,NORTHAMPTON,217300,79717,95621,31181,10781
2023,2023-04-10,NORTHUMBERLAND,54744,30534,16621,5074,2515
2023,2023-04-10,PERRY,29513,19750,6131,2725,907
2023,2023-04-10,PHILADELPHIA,1024811,115388,773998,108509,26916
2023,2023-04-10,PIKE,42701,20176,13392,6639,2494
2023,2023-04-10,POTTER,10794,7668,1931,880,315
2023,2023-04-10,SCHUYLKILL,88752,49197,27753,7629,4173
2023,2023-04-10,SNYDER,22229,14879,4710,1924,716
2023,2023-04-10,SOMERSET,47753,31101,11892,3854,906
2023,2023-04-10,SULLIVAN,4366,2679,1195,325,167
2023,2023-04-10,SUSQUEHANNA,27024,16538,6815,2408,1263
2023,2023-04-10,TIOGA,25662,17091,5273,2466,832
2023,2023-04-10,UNION,24993,13554,7500,2898,1041
2023,2023-04-10,VENANGO,31659,18913,8669,2768,1309
2023,2023-04-10,WARREN,25511,14699,7029,2308,1475
2023,2023-04-10,WASHINGTON,141174,66984,56701,13477,4012
2023,2023-04-10,WAYNE,34727,19930,9175,4500,1122
2023,2023-04-10,WESTMORELAND,243781,121431,92510,19671,10169
2023,2023-04-10,WYOMING,17334,10534,4804,1305,691
2023,2023-04-10,YORK,313018,161489,99079,42854,9596
2023,2023-04-10,TOTALS,8609478,3430724,3900107,928815,349832
2023,2023-05-08,ADAMS,70662,40678,18806,8149,3029
2023,2023-05-08,ALLEGHENY,896126,254450,509761,92926,38989
2023,2023-05-08,ARMSTRONG,40640,24967,11220,2901,1552
2023,2023-05-08,BEAVER,111333,47546,48634,9987,5166
2023,2023-05-08,BEDFORD,32239,23444,5872,1972,951
2023,2023-05-08,BERKS,259565,109250,108176,30763,11376
2023,2023-05-08,BLAIR,76581,47279,19867,6582,2853
2023,2023-05-08,BRADFORD,36661,23556,8362,3080,1663
2023,2023-05-08,BUCKS,470055,193143,198516,56474,21922
2023,2023-05-08,BUTLER,136880,77677,39923,13436,5844
2023,2023-05-08,CAMBRIA,84425,42635,32781,6762,2247
2023,2023-05-08,CAMERON,2927,1817,764,207,139
2023,2023-05-08,CARBON,42618,21415,14657,4514,2032
2023,2023-05-08,CENTRE,99808,40595,42062,13313,3838
2023,2023-05-08,CHESTER,374261,149553,156976,46696,21036
2023,2023-05-08,CLARION,23295,14798,5876,1891,730
2023,2023-05-08,CLEARFIELD,47463,28917,13182,3441,1923
2023,2023-05-08,CLINTON,21582,12167,6647,1956,812
2023,2023-05-08,COLUMBIA,38579,20440,12339,4204,1596
2023,2023-05-08,CRAWFORD,52163,30177,15660,4308,2018
2023,2023-05-08,CUMBERLAND,175427,86728,60076,21227,7396
2023,2023-05-08,DAUPHIN,190142,73752,85575,22794,8021
2023,2023-05-08,DELAWARE,403346,145846,201563,37761,18176
2023,2023-05-08,ELK,19884,11155,6458,1439,832
2023,2023-05-08,ERIE,172979,67185,80869,17466,7459
2023,2023-05-08,FAYETTE,77399,36350,33326,5491,2232
2023,2023-05-08,FOREST,3150,1930,874,218,128
2023,2023-05-08,FRANKLIN,98159,60667,23256,10861,3375
2023,2023-05-08,FULTON,9204,6740,1559,626,279
2023,2023-05-08,GREENE,21467,10991,8411,1424,641
2023,2023-05-08,HUNTINGDON,27209,18032,6470,2065,642
2023,2023-05-08,INDIANA,44369,25373,14085,3287,1624
2023,2023-05-08,JEFFERSON,27285,18402,5956,1900,1027
2023,2023-05-08,JUNIATA,13815,9581,2819,1058,357
2023,2023-05-08,LACKAWANNA,142034,46752,78667,13244,3371
2023,2023-05-08,LANCASTER,343326,175744,111169,38715,17698
2023,2023-05-08,LAWRENCE,55280,27332,21322,4575,2051
2023,2023-05-08,LEBANON,90549,50246,26167,10144,3992
2023,2023-05-08,LEHIGH,240332,83343,111968,37124,7897
2023,2023-05-08,LUZERNE,195661,81974,88122,19481,6084
2023,2023-05-08,LYCOMING,69996,41822,18805,6429,2940
2023,2023-05-08,McKEAN,24313,15281,5635,2301,1096
2023,2023-05-08,MERCER,70603,35729,25441,7313,2120
2023,2023-05-08,MIFFLIN,25232,17124,5462,2028,618
2023,2023-05-08,MONROE,111059,39211,49651,16302,5895
2023,2023-05-08,MONTGOMERY,599997,202994,301541,64402,31060
2023,2023-05-08,MONTOUR,11843,6197,3844,1397,405
2023,2023-05-08,NORTHAMPTON,217606,79916,95772,31168,10750
2023,2023-05-08,NORTHUMBERLAND,54859,30639,16624,5083,2513
2023,2023-05-08,PERRY,29584,19826,6131,2726,901
2023,2023-05-08,PHILADELPHIA,1025304,114660,775634,108248,26762
2023,2023-05-08,PIKE,42800,20296,13414,6611,2479
2023,2023-05-08,POTTER,10828,7712,1925,878,313
2023,2023-05-08,SCHUYLKILL,86889,48620,26890,7377,4002
2023,2023-05-08,SNYDER,22246,14910,4704,1916,716
2023,2023-05-08,SOMERSET,47884,31256,11854,3874,900
2023,2023-05-08,SULLIVAN,4379,2693,1194,325,167
2023,2023-05-08,SUSQUEHANNA,26181,16199,6525,2264,1193
2023,2023-05-08,TIOGA,25697,17136,5278,2459,824
2023,2023-05-08,UNION,24963,13528,7507,2889,1039
2023,2023-05-08,VENANGO,31668,18933,8663,2762,1310
2023,2023-05-08,WARREN,25562,14769,7022,2303,1468
2023,2023-05-08,WASHINGTON,141396,67232,56652,13521,3991
2023,2023-05-08,WAYNE,34789,19995,9169,4504,1121
2023,2023-05-08,WESTMORELAND,243674,121615,92247,19686,10126
2023,2023-05-08,WYOMING,17359,10560,4807,1303,689
2023,2023-05-08,YORK,305775,158892,96342,41339,9202
2023,2023-05-08,TOTALS,8601366,3430372,3897526,925870,347598
2023,2023-05-30,ADAMS,70597,40643,18793,8137,3024
2023,2023-05-30,ALLEGHENY,896041,254418,509742,92905,38976
2023,2023-05-30,ARMSTRONG,40677,25002,11205,2912,1558
2023,2023-05-30,BEAVER,111276,47521,48601,9989,5165
2023,2023-05-30,BEDFORD,32242,23452,5869,1971,950
2023,2023-05-30,BERKS,259610,109261,108196,30774,11379
2023,2023-05-30,BLAIR,76536,47251,19852,6582,2851
2023,2023-05-30,BRADFORD,36701,23600,8356,3084,1661
2023,2023-05-30,BUCKS,469971,193115,198479,56458,21919
2023,2023-05-30,BUTLER,136863,77671,39916,13436,5840
2023,2023-05-30,CAMBRIA,84419,42630,32782,6759,2248
2023,2023-05-30,CAMERON,2927,1817,764,207,139
2023,2023-05-30,CARBON,42637,21425,14661,4514,2037
2023,2023-05-30,CENTRE,99760,40570,42049,13304,3837
2023,2023-05-30,CHESTER,374342,149583,157008,46712,21039
2023,2023-05-30,CLARION,23292,14796,5874,1892,730
2023,2023-05-30,CLEARFIELD,47498,28952,13168,3454,1924
2023,2023-05-30,CLINTON,21578,12168,6644,1956,810
2023,2023-05-30,COLUMBIA,38627,20465,12354,4208,1600
2023,2023-05-30,CRAWFORD,52131,30161,15648,4304,2018
2023,2023-05-30,CUMBERLAND,175440,86742,60073,21227,7398
2023,2023-05-30,DAUPHIN,190234,73787,85610,22810,8027
2023,2023-05-30,DELAWARE,403484,145856,201670,37779,18179
2023,2023-05-30,ELK,19884,11156,6457,1439,832
2023,2023-05-30,ERIE,173001,67193,80872,17473,7463
2023,2023-05-30,FAYETTE,77355,36335,33300,5489,2231
2023,2023-05-30,FOREST,3150,1931,872,218,129
2023,2023-05-30,FRANKLIN,98177,60676,23263,10860,3378
2023,2023-05-30,FULTON,9224,6755,1560,631,278
2023,2023-05-30,GREENE,21455,10986,8397,1430,642
2023,2023-05-30,HUNTINGDON,27192,18023,6464,2065,640
2023,2023-05-30,INDIANA,44420,25433,14080,3286,1621
2023,2023-05-30,JEFFERSON,27300,18412,5951,1909,1028
2023,2023-05-30,JUNIATA,13834,9598,2823,1057,356
2023,2023-05-30,LACKAWANNA,142060,46760,78676,13251,3373
2023,2023-05-30,LANCASTER,343345,175730,111190,38732,17693
2023,2023-05-30,LAWRENCE,55273,27340,21318,4565,2050
2023,2023-05-30,LEBANON,90360,50172,26090,10115,3983
2023,2023-05-30,LEHIGH,240286,83309,111949,37127,7901
2023,2023-05-30,LUZERNE,195568,81942,88063,19482,6081
2023,2023-05-30,LYCOMING,70109,41909,18818,6445,2937
2023,2023-05-30,McKEAN,24321,15288,5637,2301,1095
2023,2023-05-30,MERCER,70614,35737,25442,7312,2123
2023,2023-05-30,MIFFLIN,25231,17126,5460,2028,617
2023,2023-05-30,MONROE,111056,39215,49650,16296,5895
2023,2023-05-30,MONTGOMERY,600059,203003,301574,64424,31058
2023,2023-05-30,MONTOUR,11871,6211,3850,1404,406
2023,2023-05-30,NORTHAMPTON,217652,79928,95794,31176,10754
2023,2023-05-30,NORTHUMBERLAND,54509,30464,16521,5032,2492
2023,2023-05-30,PERRY,29585,19829,6131,2725,900
2023,2023-05-30,PHILADELPHIA,1025229,114637,775612,108229,26751
2023,2023-05-30,PIKE,42807,20303,13416,6611,2477
2023,2023-05-30,POTTER,10828,7712,1925,878,313
2023,2023-05-30,SCHUYLKILL,86894,48615,26896,7381,4002
2023,2023-05-30,SNYDER,22236,14901,4703,1916,716
2023,2023-05-30,SOMERSET,47888,31265,11852,3871,900
2023,2023-05-30,SULLIVAN,4383,2697,1194,325,167
2023,2023-05-30,SUSQUEHANNA,26181,16199,6525,2264,1193
2023,2023-05-30,TIOGA,25693,17136,5277,2457,823
2023,2023-05-30,UNION,24944,13519,7501,2886,1038
2023,2023-05-30,VENANGO,31650,18929,8653,2759,1309
2023,2023-05-30,WARREN,25563,14773,7021,2301,1468
2023,2023-05-30,WASHINGTON,141432,67255,56659,13525,3993
2023,2023-05-30,WAYNE,34802,20005,9173,4503,1121
2023,2023-05-30,WESTMORELAND,243729,121640,92264,19694,10131
2023,2023-05-30,WYOMING,17380,10577,4804,1313,686
2023,2023-05-30,YORK,305890,158938,96389,41358,9205
2023,2023-05-30,TOTALS,8601303,3430448,3897380,925917,347558
2023,2023-06-04,ADAMS,70709,40725,18811,8155,3018
2023,2023-06-04,ALLEGHENY,895964,254402,509691,92898,38973
2023,2023-06-04,ARMSTRONG,40690,25021,11200,2913,1556
2023,2023-06-04,BEAVER,111378,47620,48588,10011,5159
2023,2023-06-04,BEDFORD,32292,23487,5872,1978,955
2023,2023-06-04,BERKS,259610,109261,108196,30774,11379
2023,2023-06-04,BLAIR,76645,47353,19854,6601,2837
2023,2023-06-04,BRADFORD,36700,23604,8349,3085,1662
2023,2023-06-04,BUCKS,469971,193115,198479,56458,21919
2023,2023-06-04,BUTLER,136863,77671,39916,13436,5840
2023,2023-06-04,CAMBRIA,84448,42647,32792,6761,2248
2023,2023-06-04,CAMERON,2928,1818,764,207,139
2023,2023-06-04,CARBON,42639,21424,14663,4515,2037
2023,2023-06-04,CENTRE,99906,40647,42081,13350,3828
2023,2023-06-04,CHESTER,374342,149583,157008,46712,21039
2023,2023-06-04,CLARION,23292,14796,5874,1892,730
2023,2023-06-04,CLEARFIELD,47475,28945,13145,3463,1922
2023,2023-06-04,CLINTON,21599,12207,6631,1957,804
2023,2023-06-04,COLUMBIA,38644,20484,12352,4205,1603
2023,2023-06-04,CRAWFORD,52131,30161,15648,4304,2018
2023,2023-06-04,CUMBERLAND,175439,86744,60069,21227,7399
2023,2023-06-04,DAUPHIN,190423,73856,85675,22868,8024
2023,2023-06-04,DELAWARE,403454,145844,201656,37776,18178
2023,2023-06-04,ELK,19897,11175,6445,1448,829
2023,2023-06-04,ERIE,173001,67193,80872,17473,7463
2023,2023-06-04,FAYETTE,77355,36335,33300,5489,2231
2023,2023-06-04,FOREST,3150,1931,872,218,129
2023,2023-06-04,FRANKLIN,98306,60754,23293,10883,3376
2023,2023-06-04,FULTON,9221,6755,1558,631,277
2023,2023-06-04,GREENE,21469,11002,8387,1436,644
2023,2023-06-04,HUNTINGDON,27192,18023,6464,2065,640
2023,2023-06-04,INDIANA,44383,25426,14046,3291,1620
2023,2023-06-04,JEFFERSON,27295,18413,5945,1910,1027
2023,2023-06-04,JUNIATA,13825,9595,2817,1057,356
2023,2023-06-04,LACKAWANNA,142060,46760,78676,13251,3373
2023,2023-06-04,LANCASTER,343833,175993,111340,38835,17665
2023,2023-06-04,LAWRENCE,55275,27365,21293,4568,2049
2023,2023-06-04,LEBANON,90360,50172,26090,10115,3983
2023,2023-06-04,LEHIGH,240264,83300,111938,37125,7901
2023,2023-06-04,LUZERNE,195569,81942,88064,19482,6081
2023,2023-06-04,LYCOMING,70084,41896,18808,6443,2937
2023,2023-06-04,McKEAN,24347,15317,5637,2301,1092
2023,2023-06-04,MERCER,70614,35737,25442,7312,2123
2023,2023-06-04,MIFFLIN,25272,17156,5464,2034,618
2023,2023-06-04,MONROE,111160,39305,49639,16326,5890
2023,2023-06-04,MONTGOMERY,600569,203185,301826,64546,31012
2023,2023-06-04,MONTOUR,11862,6211,3843,1402,406
2023,2023-06-04,NORTHAMPTON,217936,80079,95862,31246,10749
2023,2023-06-04,NORTHUMBERLAND,54510,30481,16514,5027,2488
2023,2023-06-04,PERRY,29585,19829,6131,2725,900
2023,2023-06-04,PHILADELPHIA,1025226,114637,775609,108229,26751
2023,2023-06-04,PIKE,42932,20392,13432,6637,2471
2023,2023-06-04,POTTER,10833,7722,1924,875,312
2023,2023-06-04,SCHUYLKILL,86933,48643,26902,7386,4002
2023,2023-06-04,SNYDER,22323,14970,4713,1922,718
2023,2023-06-04,SOMERSET,47888,31265,11852,3871,900
2023,2023-06-04,SULLIVAN,4387,2704,1193,322,168
2023,2023-06-04,SUSQUEHANNA,26181,16199,6525,2264,1193
2023,2023-06-04,TIOGA,25736,17187,5276,2455,818
2023,2023-06-04,UNION,24941,13518,7499,2886,1038
2023,2023-06-04,VENANGO,31650,18929,8653,2759,1309
2023,2023-06-04,WARREN,25569,14789,7016,2299,1465
2023,2023-06-04,WASHINGTON,141466,67299,56646,13529,3992
2023,2023-06-04,WAYNE,34858,20046,9175,4522,1115
2023,2023-06-04,WESTMORELAND,243729,121640,92264,19694,10131
2023,2023-06-04,WYOMING,17377,10574,4803,1315,685
2023,2023-06-04,YORK,305888,158937,96388,41358,9205
2023,2023-06-04,TOTALS,8603853,3432196,3897750,926508,347399
2023,2023-07-10,ADAMS,70771,40734,18824,8185,3028
2023,2023-07-10,ALLEGHENY,895368,254370,508813,93338,38847
2023,2023-07-10,ARMSTRONG,40656,25009,11166,2926,1555
2023,2023-07-10,BEAVER,111240,47613,48437,10060,5130
2023,2023-07-10,BEDFORD,32277,23479,5855,1985,958
2023,2023-07-10,BERKS,252803,107527,104591,29760,10925
2023,2023-07-10,BLAIR,76667,47364,19828,6639,2836
2023,2023-07-10,BRADFORD,36719,23625,8336,3102,1656
2023,2023-07-10,BUCKS,469774,193139,198228,56644,21763
2023,2023-07-10,BUTLER,136750,77656,39807,13481,5806
2023,2023-07-10,CAMBRIA,84482,42827,32626,6788,2241
2023,2023-07-10,CAMERON,2924,1817,760,207,140
2023,2023-07-10,CARBON,42718,21488,14641,4552,2037
2023,2023-07-10,CENTRE,99808,40630,42000,13364,3814
2023,2023-07-10,CHESTER,374665,149590,157187,46935,20953
2023,2023-07-10,CLARION,23287,14809,5857,1892,729
2023,2023-07-10,CLEARFIELD,47465,28968,13102,3482,1913
2023,2023-07-10,CLINTON,21577,12212,6602,1963,800
2023,2023-07-10,COLUMBIA,38617,20490,12325,4202,1600
2023,2023-07-10,CRAWFORD,52245,30270,15612,4341,2022
2023,2023-07-10,CUMBERLAND,175647,86722,60156,21379,7390
2023,2023-07-10,DAUPHIN,190316,73793,85524,22984,8015
2023,2023-07-10,DELAWARE,403291,145490,201727,37951,18123
2023,2023-07-10,ELK,19864,11177,6408,1452,827
2023,2023-07-10,ERIE,173109,67281,80785,17588,7455
2023,2023-07-10,FAYETTE,77419,36500,33161,5520,2238
2023,2023-07-10,FOREST,3135,1929,861,217,128
2023,2023-07-10,FRANKLIN,98193,60679,23198,10929,3387
2023,2023-07-10,FULTON,9215,6764,1547,629,275
2023,2023-07-10,GREENE,21436,11029,8345,1424,638
2023,2023-07-10,HUNTINGDON,27202,18040,6452,2070,640
2023,2023-07-10,INDIANA,44393,25458,14025,3292,1618
2023,2023-07-10,JEFFERSON,27270,18395,5929,1918,1028
2023,2023-07-10,JUNIATA,13784,9564,2805,1061,354
2023,2023-07-10,LACKAWANNA,142192,46942,78518,13346,3386
2023,2023-07-10,LANCASTER,343788,175916,111292,38934,17646
2023,2023-07-10,LAWRENCE,55286,27401,21238,4596,2051
2023,2023-07-10,LEBANON,90726,50341,26187,10209,3989
2023,2023-07-10,LEHIGH,240647,83483,111904,37323,7937
2023,2023-07-10,LUZERNE,195589,82062,87844,19591,6092
2023,2023-07-10,LYCOMING,70075,41875,18787,6478,2935
2023,2023-07-10,McKEAN,24353,15325,5620,2318,1090
2023,2023-07-10,MERCER,70710,35855,25366,7351,2138
2023,2023-07-10,MIFFLIN,25279,17161,5466,2040,612
2023,2023-07-10,MONROE,111097,39317,49569,16352,5859
2023,2023-07-10,MONTGOMERY,600555,203059,301735,64817,30944
2023,2023-07-10,MONTOUR,11884,6233,3836,1409,406
2023,2023-07-10,NORTHAMPTON,218052,80153,95810,31356,10733
2023,2023-07-10,NORTHUMBERLAND,54610,30570,16501,5065,2474
2023,2023-07-10,PERRY,29566,19844,6104,2730,888
2023,2023-07-10,PHILADELPHIA,1025656,114821,775537,108531,26767
2023,2023-07-10,PIKE,42982,20409,13439,6665,2469
2023,2023-07-10,POTTER,10790,7696,1911,874,309
2023,2023-07-10,SCHUYLKILL,86884,48675,26777,7439,3993
2023,2023-07-10,SNYDER,22263,14932,4698,1913,720
2023,2023-07-10,SOMERSET,47821,31286,11775,3872,888
2023,2023-07-10,SULLIVAN,4380,2704,1187,322,167
2023,2023-07-10,SUSQUEHANNA,26196,16205,6521,2279,1191
2023,2023-07-10,TIOGA,25734,17168,5277,2466,823
2023,2023-07-10,UNION,25012,13555,7503,2924,1030
2023,2023-07-10,VENANGO,31694,18976,8636,2779,1303
2023,2023-07-10,WARREN,25569,14816,6983,2314,1456
2023,2023-07-10,WASHINGTON,141569,67497,56464,13608,4000
2023,2023-07-10,WAYNE,34837,20051,9139,4527,1120
2023,2023-07-10,WESTMORELAND,243957,122005,92047,19823,10082
2023,2023-07-10,WYOMING,17351,10549,4797,1322,683
2023,2023-07-10,YORK,306545,159337,96447,41531,9230
2023,2023-07-10,TOTALS,8598736,3432657,3890435,929364,346280
2023,2023-07-17,ADAMS,70831,40766,18835,8201,3029
2023,2023-07-17,ALLEGHENY,895596,254449,508905,93387,38855
2023,2023-07-17,ARMSTRONG,40638,24993,11163,2924,1558
2023,2023-07-17,BEAVER,111183,47608,48400,10051,5124
2023,2023-07-17,BEDFORD,32287,23490,5851,1988,958
2023,2023-07-17,BERKS,252932,107583,104613,29798,10938
2023,2023-07-17,BLAIR,76621,47334,19813,6640,2834
2023,2023-07-17,BRADFORD,36677,23604,8315,3105,1653
2023,2023-07-17,BUCKS,469690,193115,198144,56677,21754
2023,2023-07-17,BUTLER,136743,77670,39776,13489,5808
2023,2023-07-17,CAMBRIA,84461,42818,32618,6784,2241
2023,2023-07-17,CAMERON,2930,1821,761,208,140
2023,2023-07-17,CARBON,42740,21499,14642,4564,2035
2023,2023-07-17,CENTRE,99769,40625,41971,13361,3812
2023,2023-07-17,CHESTER,374856,149649,157255,47005,20947
2023,2023-07-17,CLARION,23273,14803,5850,1890,730
2023,2023-07-17,CLEARFIELD,47456,28965,13091,3484,1916
2023,2023-07-17,CLINTON,21578,12213,6604,1961,800
2023,2023-07-17,COLUMBIA,38632,20507,12319,4208,1598
2023,2023-07-17,CRAWFORD,52242,30275,15594,4352,2021
2023,2023-07-17,CUMBERLAND,175730,86736,60199,21403,7392
2023,2023-07-17,DAUPHIN,190387,73793,85547,23030,8017
2023,2023-07-17,DELAWARE,403446,145487,201824,38010,18125
2023,2023-07-17,ELK,19867,11182,6404,1453,828
2023,2023-07-17,ERIE,173151,67300,80795,17604,7452
2023,2023-07-17,FAYETTE,77436,36523,33146,5527,2240
2023,2023-07-17,FOREST,3132,1926,861,217,128
2023,2023-07-17,FRANKLIN,98222,60699,23200,10935,3388
2023,2023-07-17,FULTON,9219,6765,1548,631,275
2023,2023-07-17,GREENE,21466,11047,8347,1433,639
2023,2023-07-17,HUNTINGDON,27183,18026,6445,2072,640
2023,2023-07-17,INDIANA,44388,25456,14022,3293,1617
2023,2023-07-17,JEFFERSON,27277,18408,5930,1913,1026
2023,2023-07-17,JUNIATA,13778,9561,2804,1059,354
2023,2023-07-17,LACKAWANNA,142218,46945,78515,13362,3396
2023,2023-07-17,LANCASTER,343815,175890,111297,38981,17647
2023,2023-07-17,LAWRENCE,55290,27412,21232,4597,2049
2023,2023-07-17,LEBANON,90603,50292,26144,10183,3984
2023,2023-07-17,LEHIGH,240773,83530,111908,37393,7942
2023,2023-07-17,LUZERNE,195551,82047,87821,19591,6092
2023,2023-07-17,LYCOMING,70068,41870,18782,6481,2935
2023,2023-07-17,McKEAN,24374,15332,5624,2326,1092
2023,2023-07-17,MERCER,70720,35869,25350,7360,2141
2023,2023-07-17,MIFFLIN,25286,17165,5465,2044,612
2023,2023-07-17,MONROE,111111,39310,49579,16369,5853
2023,2023-07-17,MONTGOMERY,600496,202969,301774,64835,30918
2023,2023-07-17,MONTOUR,11897,6233,3842,1415,407
2023,2023-07-17,NORTHAMPTON,218126,80174,95806,31410,10736
2023,2023-07-17,NORTHUMBERLAND,54480,30502,16465,5051,2462
2023,2023-07-17,PERRY,29562,19843,6104,2727,888
2023,2023-07-17,PHILADELPHIA,1025872,114883,775604,108596,26789
2023,2023-07-17,PIKE,42996,20419,13443,6664,2470
2023,2023-07-17,POTTER,10787,7695,1912,872,308
2023,2023-07-17,SCHUYLKILL,86885,48683,26765,7446,3991
2023,2023-07-17,SNYDER,22257,14928,4696,1913,720
2023,2023-07-17,SOMERSET,47755,31252,11753,3865,885
2023,2023-07-17,SULLIVAN,4383,2705,1188,323,167
2023,2023-07-17,SUSQUEHANNA,26193,16209,6515,2276,1193
2023,2023-07-17,TIOGA,25734,17166,5276,2466,826
2023,2023-07-17,UNION,25003,13549,7505,2919,1030
2023,2023-07-17,VENANGO,31690,18968,8636,2782,1304
2023,2023-07-17,WARREN,25573,14816,6985,2315,1457
2023,2023-07-17,WASHINGTON,141461,67439,56420,13601,4001
2023,2023-07-17,WAYNE,34847,20059,9136,4534,1118
2023,2023-07-17,WESTMORELAND,243664,121890,91919,19791,10064
2023,2023-07-17,WYOMING,17367,10555,4797,1332,683
2023,2023-07-17,YORK,306503,159330,96407,41537,9229
2023,2023-07-17,TOTALS,8599157,3432625,3890257,930014,346261
2023,2023-07-24,ADAMS,70762,40741,18805,8195,3021
2023,2023-07-24,ALLEGHENY,895371,254378,508583,93579,38831
2023,2023-07-24,ARMSTRONG,40635,24994,11154,2930,1557
2023,2023-07-24,BEAVER,111179,47619,48376,10061,5123
2023,2023-07-24,BEDFORD,32292,23492,5854,1988,958
2023,2023-07-24,BERKS,252946,107592,104607,29820,10927
2023,2023-07-24,BLAIR,76608,47321,19806,6650,2831
2023,2023-07-24,BRADFORD,36686,23623,8306,3105,1652
2023,2023-07-24,BUCKS,469508,193025,198044,56704,21735
2023,2023-07-24,BUTLER,136743,77657,39783,13501,5802
2023,2023-07-24,CAMBRIA,84412,42801,32594,6777,2240
2023,2023-07-24,CAMERON,2930,1821,761,208,140
2023,2023-07-24,CARBON,42733,21505,14632,4560,2036
2023,2023-07-24,CENTRE,99735,40613,41937,13376,3809
2023,2023-07-24,CHESTER,374828,149595,157284,47018,20931
2023,2023-07-24,CLARION,23297,14812,5858,1897,730
2023,2023-07-24,CLEARFIELD,47445,28955,13084,3487,1919
2023,2023-07-24,CLINTON,21577,12210,6602,1966,799
2023,2023-07-24,COLUMBIA,38640,20515,12314,4209,1602
2023,2023-07-24,CRAWFORD,52259,30288,15591,4359,2021
2023,2023-07-24,CUMBERLAND,175708,86704,60196,21421,7387
2023,2023-07-24,DAUPHIN,190345,73750,85527,23056,8012
2023,2023-07-24,DELAWARE,403372,145397,201820,38043,18112
2023,2023-07-24,ELK,19864,11183,6398,1457,826
2023,2023-07-24,ERIE,172982,67246,80686,17605,7445
2023,2023-07-24,FAYETTE,77479,36555,33129,5552,2243
2023,2023-07-24,FOREST,3136,1933,858,217,128
2023,2023-07-24,FRANKLIN,98170,60657,23192,10935,3386
2023,2023-07-24,FULTON,9219,6764,1546,632,277
2023,2023-07-24,GREENE,21483,11060,8349,1433,641
2023,2023-07-24,HUNTINGDON,27215,18047,6450,2076,642
2023,2023-07-24,INDIANA,44403,25462,14022,3301,1618
2023,2023-07-24,JEFFERSON,27268,18405,5923,1914,1026
2023,2023-07-24,JUNIATA,13783,9566,2805,1057,355
2023,2023-07-24,LACKAWANNA,142184,46936,78467,13383,3398
2023,2023-07-24,LANCASTER,343740,175819,111287,39000,17634
2023,2023-07-24,LAWRENCE,55283,27422,21212,4602,2047
2023,2023-07-24,LEBANON,90568,50275,26126,10187,3980
2023,2023-07-24,LEHIGH,240418,83424,111722,37340,7932
2023,2023-07-24,LUZERNE,195521,82051,87747,19631,6092
2023,2023-07-24,LYCOMING,70081,41874,18781,6494,2932
2023,2023-07-24,McKEAN,24368,15327,5620,2328,1093
2023,2023-07-24,MERCER,70620,35811,25305,7363,2141
2023,2023-07-24,MIFFLIN,25281,17166,5460,2043,612
2023,2023-07-24,MONROE,111081,39285,49565,16385,5846
2023,2023-07-24,MONTGOMERY,600217,202832,301670,64833,30882
2023,2023-07-24,MONTOUR,11862,6231,3825,1398,408
2023,2023-07-24,NORTHAMPTON,218150,80162,95801,31457,10730
2023,2023-07-24,NORTHUMBERLAND,54460,30486,16460,5055,2459
2023,2023-07-24,PERRY,29653,19888,6128,2742,895
2023,2023-07-24,PHILADELPHIA,1025643,114863,775302,108684,26794
2023,2023-07-24,PIKE,43030,20440,13434,6683,2473
2023,2023-07-24,POTTER,10792,7699,1911,872,310
2023,2023-07-24,SCHUYLKILL,86910,48702,26765,7452,3991
2023,2023-07-24,SNYDER,22288,14938,4704,1924,722
2023,2023-07-24,SOMERSET,47867,31329,11759,3888,891
2023,2023-07-24,SULLIVAN,4378,2703,1186,322,167
2023,2023-07-24,SUSQUEHANNA,26187,16211,6501,2282,1193
2023,2023-07-24,TIOGA,25726,17166,5269,2464,827
2023,2023-07-24,UNION,25008,13558,7505,2916,1029
2023,2023-07-24,VENANGO,31691,18968,8633,2783,1307
2023,2023-07-24,WARREN,25597,14837,6980,2327,1453
2023,2023-07-24,WASHINGTON,141497,67457,56418,13614,4008
2023,2023-07-24,WAYNE,34856,20063,9138,4538,1117
2023,2023-07-24,WESTMORELAND,243655,121887,91883,19822,10063
2023,2023-07-24,WYOMING,17367,10549,4798,1337,683
2023,2023-07-24,YORK,306590,159360,96402,41597,9231
2023,2023-07-24,TOTALS,8597582,3432005,3888640,930835,346102
2023,2023-08-21,ADAMS,70853,40778,18815,8241,3019
2023,2023-08-21,ALLEGHENY,896017,254478,508478,94256,38805
2023,2023-08-21,ARMSTRONG,40629,25002,11132,2936,1559
2023,2023-08-21,BEAVER,111147,47630,48288,10102,5127
2023,2023-08-21,BEDFORD,32293,23495,5843,1999,956
2023,2023-08-21,BERKS,252829,107537,104464,29928,10900
2023,2023-08-21,BLAIR,76580,47292,19785,6680,2823
2023,2023-08-21,BRADFORD,36696,23633,8286,3123,1654
2023,2023-08-21,BUCKS,469531,193058,197908,56839,21726
2023,2023-08-21,BUTLER,136806,77699,39793,13537,5777
2023,2023-08-21,CAMBRIA,84386,42866,32498,6789,2233
2023,2023-08-21,CAMERON,2928,1820,758,210,140
2023,2023-08-21,CARBON,42787,21558,14620,4571,2038
2023,2023-08-21,CENTRE,99709,40564,41936,13406,3803
2023,2023-08-21,CHESTER,375092,149585,157403,47190,20914
2023,2023-08-21,CLARION,23296,14838,5833,1898,727
2023,2023-08-21,CLEARFIELD,47479,28980,13069,3513,1917
2023,2023-08-21,CLINTON,21593,12242,6581,1970,800
2023,2023-08-21,COLUMBIA,38616,20507,12288,4218,1603
2023,2023-08-21,CRAWFORD,52214,30275,15556,4373,2010
2023,2023-08-21,CUMBERLAND,175980,86755,60285,21545,7395
2023,2023-08-21,DAUPHIN,190481,73754,85507,23217,8003
2023,2023-08-21,DELAWARE,403635,145309,201993,38229,18104
2023,2023-08-21,ELK,19857,11190,6383,1459,825
2023,2023-08-21,ERIE,172900,67231,80544,17661,7464
2023,2023-08-21,FAYETTE,77449,36611,33007,5590,2241
2023,2023-08-21,FOREST,3132,1930,858,216,128
2023,2023-08-21,FRANKLIN,98223,60650,23206,10964,3403
2023,2023-08-21,FULTON,9224,6771,1540,635,278
2023,2023-08-21,GREENE,21478,11055,8337,1443,643
2023,2023-08-21,HUNTINGDON,27232,18067,6446,2076,643
2023,2023-08-21,INDIANA,44422,25469,14021,3314,1618
2023,2023-08-21,JEFFERSON,27285,18418,5913,1924,1030
2023,2023-08-21,JUNIATA,13784,9564,2801,1063,356
2023,2023-08-21,LACKAWANNA,142255,46980,78398,13460,3417
2023,2023-08-21,LANCASTER,343993,175894,111304,39163,17632
2023,2023-08-21,LAWRENCE,55226,27422,21146,4614,2044
2023,2023-08-21,LEBANON,90567,50263,26119,10212,3973
2023,2023-08-21,LEHIGH,240640,83472,111715,37498,7955
2023,2023-08-21,LUZERNE,195591,82127,87643,19728,6093
2023,2023-08-21,LYCOMING,70097,41892,18762,6512,2931
2023,2023-08-21,McKEAN,24361,15324,5614,2328,1095
2023,2023-08-21,MERCER,70575,35811,25231,7385,2148
2023,2023-08-21,MIFFLIN,25299,17188,5459,2041,611
2023,2023-08-21,MONROE,111155,39308,49533,16473,5841
2023,2023-08-21,MONTGOMERY,600247,202792,301562,65069,30824
2023,2023-08-21,MONTOUR,11893,6243,3836,1405,409
2023,2023-08-21,NORTHAMPTON,217874,80039,95649,31504,10682
2023,2023-08-21,NORTHUMBERLAND,54391,30457,16408,5074,2452
2023,2023-08-21,PERRY,29648,19884,6124,2744,896
2023,2023-08-21,PHILADELPHIA,1025194,114796,774469,109105,26824
2023,2023-08-21,PIKE,43148,20482,13457,6736,2473
2023,2023-08-21,POTTER,10789,7701,1902,877,309
2023,2023-08-21,SCHUYLKILL,86985,48730,26754,7503,3998
2023,2023-08-21,SNYDER,22272,14933,4692,1923,724
2023,2023-08-21,SOMERSET,47794,31295,11731,3910,858
2023,2023-08-21,SULLIVAN,4384,2705,1181,330,168
2023,2023-08-21,SUSQUEHANNA,26197,16218,6493,2291,1195
2023,2023-08-21,TIOGA,25725,17167,5257,2474,827
2023,2023-08-21,UNION,25043,13572,7516,2923,1032
2023,2023-08-21,VENANGO,31668,18944,8622,2790,1312
2023,2023-08-21,WARREN,25649,14894,6966,2333,1456
2023,2023-08-21,WASHINGTON,141530,67513,56351,13656,4010
2023,2023-08-21,WAYNE,34896,20102,9135,4543,1116
2023,2023-08-21,WESTMORELAND,243745,121999,91788,19909,10049
2023,2023-08-21,WYOMING,17375,10552,4794,1341,688
2023,2023-08-21,YORK,306701,159392,96371,41694,9244
2023,2023-08-21,TOTALS,8599470,3432702,3886157,934663,345948
2023,2023-09-25,ADAMS,70888,40803,18813,8262,3010
2023,2023-09-25,ALLEGHENY,897189,254768,508530,95149,38742
2023,2023-09-25,ARMSTRONG,40716,25058,11131,2968,1559
2023,2023-09-25,BEAVER,111258,47757,48231,10150,5120
2023,2023-09-25,BEDFORD,32300,23511,5830,2001,958
2023,2023-09-25,BERKS,253244,107689,104417,30230,10908
2023,2023-09-25,BLAIR,76641,47341,19770,6712,2818
2023,2023-09-25,BRADFORD,36756,23679,8276,3148,1653
2023,2023-09-25,BUCKS,469761,193191,197817,57060,21693
2023,2023-09-25,BUTLER,137063,77865,39802,13607,5789
2023,2023-09-25,CAMBRIA,84459,42978,32425,6824,2232
2023,2023-09-25,CAMERON,2940,1830,757,215,138
2023,2023-09-25,CARBON,42824,21601,14589,4592,2042
2023,2023-09-25,CENTRE,99912,40612,42023,13480,3797
2023,2023-09-25,CHESTER,375645,149774,157562,47445,20864
2023,2023-09-25,CLARION,23311,14846,5827,1912,726
2023,2023-09-25,CLEARFIELD,47499,29022,13014,3539,1924
2023,2023-09-25,CLINTON,21596,12254,6567,1974,801
2023,2023-09-25,COLUMBIA,38731,20563,12309,4254,1605
2023,2023-09-25,CRAWFORD,52281,30336,15540,4398,2007
2023,2023-09-25,CUMBERLAND,176308,86845,60394,21666,7403
2023,2023-09-25,DAUPHIN,190837,73847,85581,23387,8022
2023,2023-09-25,DELAWARE,404678,145374,202567,38649,18088
2023,2023-09-25,ELK,19869,11211,6365,1466,827
2023,2023-09-25,ERIE,172833,67244,80438,17716,7435
2023,2023-09-25,FAYETTE,77451,36698,32884,5617,2252
2023,2023-09-25,FOREST,3138,1938,856,219,125
2023,2023-09-25,FRANKLIN,98380,60747,23185,11034,3414
2023,2023-09-25,FULTON,9224,6768,1535,645,276
2023,2023-09-25,GREENE,21489,11083,8311,1452,643
2023,2023-09-25,HUNTINGDON,27289,18108,6453,2089,639
2023,2023-09-25,INDIANA,44490,25516,14003,3350,1621
2023,2023-09-25,JEFFERSON,27313,18437,5905,1941,1030
2023,2023-09-25,JUNIATA,13781,9568,2789,1070,354
2023,2023-09-25,LACKAWANNA,142342,47059,78324,13532,3427
2023,2023-09-25,LANCASTER,344208,175869,111353,39379,17607
2023,2023-09-25,LAWRENCE,55272,27460,21109,4651,2052
2023,2023-09-25,LEBANON,90550,50248,26109,10234,3959
2023,2023-09-25,LEHIGH,241090,83592,111716,37821,7961
2023,2023-09-25,LUZERNE,195743,82257,87542,19830,6114
2023,2023-09-25,LYCOMING,70133,41919,18750,6530,2934
2023,2023-09-25,McKEAN,24382,15336,5608,2347,1091
2023,2023-09-25,MERCER,70566,35825,25204,7384,2153
2023,2023-09-25,MIFFLIN,25336,17216,5459,2049,612
2023,2023-09-25,MONROE,111254,39367,49514,16543,5830
2023,2023-09-25,MONTGOMERY,600936,202922,301811,65440,30763
2023,2023-09-25,MONTOUR,11907,6266,3825,1404,412
2023,2023-09-25,NORTHAMPTON,218169,80167,95639,31702,10661
2023,2023-09-25,NORTHUMBERLAND,54394,30479,16375,5085,2455
2023,2023-09-25,PERRY,29673,19894,6125,2756,898
2023,2023-09-25,PHILADELPHIA,1026981,115234,774797,109981,26969
2023,2023-09-25,PIKE,43310,20551,13490,6792,2477
2023,2023-09-25,POTTER,10799,7716,1902,874,307
2023,2023-09-25,SCHUYLKILL,87105,48832,26729,7557,3987
2023,2023-09-25,SNYDER,22306,14946,4705,1930,725
2023,2023-09-25,SOMERSET,47835,31340,11715,3920,860
2023,2023-09-25,SULLIVAN,4393,2715,1175,335,168
2023,2023-09-25,SUSQUEHANNA,26249,16258,6479,2312,1200
2023,2023-09-25,TIOGA,25751,17199,5247,2479,826
2023,2023-09-25,UNION,25105,13592,7544,2939,1030
2023,2023-09-25,VENANGO,31700,18972,8603,2810,1315
2023,2023-09-25,WARREN,25634,14896,6944,2343,1451
2023,2023-09-25,WASHINGTON,141692,67650,56308,13718,4016
2023,2023-09-25,WAYNE,34988,20137,9162,4576,1113
2023,2023-09-25,WESTMORELAND,243801,122176,91582,19991,10052
2023,2023-09-25,WYOMING,17412,10576,4796,1349,691
2023,2023-09-25,YORK,307156,159545,96364,42000,9247
2023,2023-09-25,TOTALS,8610266,3437073,3886501,940814,345878
2023,2023-12-04,ADAMS,71340,41045,18845,8441,3009
2023,2023-12-04,ALLEGHENY,900333,255578,509903,96138,38714
2023,2023-12-04,ARMSTRONG,42516,25956,11652,3256,1652
2023,2023-12-04,BEAVER,111720,48117,48175,10309,5119
2023,2023-12-04,BEDFORD,32353,23561,5812,2021,959
2023,2023-12-04,BERKS,261056,109956,108062,31710,11328
2023,2023-12-04,BLAIR,76944,47516,19767,6843,2818
2023,2023-12-04,BRADFORD,36962,23829,8270,3205,1658
2023,2023-12-04,BUCKS,470896,193906,197825,57528,21637
2023,2023-12-04,BUTLER,137271,78092,39699,13735,5745
2023,2023-12-04,CAMBRIA,84549,43135,32309,6876,2229
2023,2023-12-04,CAMERON,2942,1825,753,226,138
2023,2023-12-04,CARBON,43094,21763,14619,4672,2040
2023,2023-12-04,CENTRE,100828,40858,42373,13792,3805
2023,2023-12-04,CHESTER,377747,150409,158410,48070,20858
2023,2023-12-04,CLARION,23351,14887,5820,1925,719
2023,2023-12-04,CLEARFIELD,47624,29176,12951,3586,1911
2023,2023-12-04,CLINTON,21667,12314,6565,1992,796
2023,2023-12-04,COLUMBIA,38910,20654,12335,4316,1605
2023,2023-12-04,CRAWFORD,52451,30431,15567,4438,2015
2023,2023-12-04,CUMBERLAND,177021,87071,60649,21918,7383
2023,2023-12-04,DAUPHIN,192071,74310,85795,23924,8042
2023,2023-12-04,DELAWARE,405602,145450,203011,39075,18066
2023,2023-12-04,ELK,19942,11303,6336,1475,828
2023,2023-12-04,ERIE,173056,67452,80295,17855,7454
2023,2023-12-04,FAYETTE,77764,36994,32837,5674,2259
2023,2023-12-04,FOREST,3141,1943,846,226,126
2023,2023-12-04,FRANKLIN,98851,60996,23251,11186,3418
2023,2023-12-04,FULTON,9292,6823,1532,664,273
2023,2023-12-04,GREENE,21523,11116,8302,1462,643
2023,2023-12-04,HUNTINGDON,27361,18162,6449,2108,642
2023,2023-12-04,INDIANA,48554,27154,15259,4286,1855
2023,2023-12-04,JEFFERSON,27410,18513,5895,1970,1032
2023,2023-12-04,JUNIATA,13795,9596,2776,1070,353
2023,2023-12-04,LACKAWANNA,142657,47293,78266,13661,3437
2023,2023-12-04,LANCASTER,346524,176761,111945,40235,17583
2023,2023-12-04,LAWRENCE,55464,27668,21027,4706,2063
2023,2023-12-04,LEBANON,90746,50336,26142,10298,3970
2023,2023-12-04,LEHIGH,241831,83934,111712,38220,7965
2023,2023-12-04,LUZERNE,196305,82604,87568,20020,6113
2023,2023-12-04,LYCOMING,70170,41965,18700,6573,2932
2023,2023-12-04,McKEAN,24423,15347,5601,2378,1097
2023,2023-12-04,MERCER,70742,35988,25174,7426,2154
2023,2023-12-04,MIFFLIN,25469,17309,5461,2087,612
2023,2023-12-04,MONROE,111986,39694,49683,16775,5834
2023,2023-12-04,MONTGOMERY,603762,203830,302734,66578,30620
2023,2023-12-04,MONTOUR,11966,6319,3827,1414,406
2023,2023-12-04,NORTHAMPTON,219398,80618,95852,32275,10653
2023,2023-12-04,NORTHUMBERLAND,54504,30625,16342,5102,2435
2023,2023-12-04,PERRY,29774,19952,6134,2789,899
2023,2023-12-04,PHILADELPHIA,1033363,116223,777963,113256,25921
2023,2023-12-04,PIKE,43628,20737,13530,6893,2468
2023,2023-12-04,POTTER,10867,7776,1895,887,309
2023,2023-12-04,SCHUYLKILL,87433,49066,26712,7693,3962
2023,2023-12-04,SNYDER,22373,14979,4707,1963,724
2023,2023-12-04,SOMERSET,47976,31469,11689,3956,862
2023,2023-12-04,SULLIVAN,4395,2711,1173,343,168
2023,2023-12-04,SUSQUEHANNA,26248,16275,6437,2341,1195
2023,2023-12-04,TIOGA,25887,17295,5232,2533,827
2023,2023-12-04,UNION,25133,13613,7536,2950,1034
2023,2023-12-04,VENANGO,31788,19056,8563,2861,1308
2023,2023-12-04,WARREN,25623,14898,6921,2358,1446
2023,2023-12-04,WASHINGTON,142000,67922,56239,13828,4011
2023,2023-12-04,WAYNE,35141,20262,9145,4617,1117
2023,2023-12-04,WESTMORELAND,244197,122618,91372,20165,10042
2023,2023-12-04,WYOMING,17480,10620,4792,1380,688
2023,2023-12-04,YORK,308420,160117,96391,42679,9233
2023,2023-12-04,TOTALS,8657610,3455771,3899410,957212,345217
2024,2024-01-02,ADAMS,71371,41072,18851,8446,3002
2024,2024-01-02,ALLEGHENY,901179,256113,509574,96880,38612
2024,2024-01-02,ARMSTRONG,42370,25895,11592,3248,1635
2024,2024-01-02,BEAVER,111774,48214,48061,10386,5113
2024,2024-01-02,BEDFORD,32375,23608,5766,2037,964
2024,2024-01-02,BERKS,261625,110331,107945,32049,11300
2024,2024-01-02,BLAIR,76962,47529,19740,6877,2816
2024,2024-01-02,BRADFORD,37020,23876,8265,3228,1651
2024,2024-01-02,BUCKS,471661,194303,197792,58032,21534
2024,2024-01-02,BUTLER,137441,78188,39712,13791,5750
2024,2024-01-02,CAMBRIA,84622,43293,32174,6931,2224
2024,2024-01-02,CAMERON,2937,1826,749,225,137
2024,2024-01-02,CARBON,43058,21739,14578,4706,2035
2024,2024-01-02,CENTRE,100650,40763,42307,13785,3795
2024,2024-01-02,CHESTER,377612,150300,158370,48119,20823
2024,2024-01-02,CLARION,23339,14873,5821,1926,719
2024,2024-01-02,CLEARFIELD,47682,29211,12929,3628,1914
2024,2024-01-02,CLINTON,21703,12386,6509,2015,793
2024,2024-01-02,COLUMBIA,38981,20714,12313,4347,1607
2024,2024-01-02,CRAWFORD,49642,29346,14448,4009,1839
2024,2024-01-02,CUMBERLAND,177519,87269,60752,22093,7405
2024,2024-01-02,DAUPHIN,192086,74299,85727,24016,8044
2024,2024-01-02,DELAWARE,405887,145637,202866,39339,18045
2024,2024-01-02,ELK,19954,11325,6325,1478,826
2024,2024-01-02,ERIE,173321,67642,80182,18026,7471
2024,2024-01-02,FAYETTE,77765,36995,32837,5674,2259
2024,2024-01-02,FOREST,3150,1947,846,228,129
2024,2024-01-02,FRANKLIN,99071,61111,23252,11276,3432
2024,2024-01-02,FULTON,9288,6822,1527,666,273
2024,2024-01-02,GREENE,21526,11118,8301,1464,643
2024,2024-01-02,HUNTINGDON,27360,18161,6449,2108,642
2024,2024-01-02,INDIANA,48594,27192,15234,4324,1844
2024,2024-01-02,JEFFERSON,27425,18524,5891,1980,1030
2024,2024-01-02,JUNIATA,13802,9602,2773,1075,352
2024,2024-01-02,LACKAWANNA,142873,47461,78107,13851,3454
2024,2024-01-02,LANCASTER,346272,176582,111764,40400,17526
2024,2024-01-02,LAWRENCE,55541,27736,21003,4733,2069
2024,2024-01-02,LEBANON,91164,50528,26238,10420,3978
2024,2024-01-02,LEHIGH,242537,84293,111666,38629,7949
2024,2024-01-02,LUZERNE,196808,82928,87442,20319,6119
2024,2024-01-02,LYCOMING,70233,41975,18695,6614,2949
2024,2024-01-02,McKEAN,24463,15373,5602,2393,1095
2024,2024-01-02,MERCER,70846,36100,25110,7476,2160
2024,2024-01-02,MIFFLIN,25474,17303,5462,2097,612
2024,2024-01-02,MONROE,112211,39813,49694,16877,5827
2024,2024-01-02,MONTGOMERY,603615,203916,302345,66828,30526
2024,2024-01-02,MONTOUR,11985,6328,3833,1416,408
2024,2024-01-02,NORTHAMPTON,219615,80777,95773,32436,10629
2024,2024-01-02,NORTHUMBERLAND,54523,30658,16308,5129,2428
2024,2024-01-02,PERRY,29810,19958,6139,2817,896
2024,2024-01-02,PHILADELPHIA,1034701,116730,777941,114134,25896
2024,2024-01-02,PIKE,43749,20782,13556,6946,2465
2024,2024-01-02,POTTER,10866,7783,1888,890,305
2024,2024-01-02,SCHUYLKILL,87514,49151,26636,7768,3959
2024,2024-01-02,SNYDER,22411,14994,4715,1980,722
2024,2024-01-02,SOMERSET,47832,31389,11634,3953,856
2024,2024-01-02,SULLIVAN,4409,2717,1173,349,170
2024,2024-01-02,SUSQUEHANNA,26280,16298,6420,2372,1190
2024,2024-01-02,TIOGA,25919,17322,5216,2556,825
2024,2024-01-02,UNION,25143,13620,7535,2957,1031
2024,2024-01-02,VENANGO,31788,19069,8541,2873,1305
2024,2024-01-02,WARREN,25692,14972,6903,2373,1444
2024,2024-01-02,WASHINGTON,142188,68152,56101,13942,3993
2024,2024-01-02,WAYNE,35176,20291,9138,4628,1119
2024,2024-01-02,WESTMORELAND,244602,123031,91233,20314,10024
2024,2024-01-02,WYOMING,17457,10607,4780,1383,687
2024,2024-01-02,YORK,309506,160617,96513,43146,9230
2024,2024-01-02,TOTALS,8663955,3460478,3895562,963411,344504
2024,2024-01-16,ADAMS,71441,41108,18857,8471,3005
2024,2024-01-16,ALLEGHENY,902077,256714,509503,97265,38595
2024,2024-01-16,ARMSTRONG,42406,25927,11582,3258,1639
2024,2024-01-16,BEAVER,111808,48271,48019,10412,5106
2024,2024-01-16,BEDFORD,32375,23615,5754,2041,965
2024,2024-01-16,BERKS,261550,110328,107871,32071,11280
2024,2024-01-16,BLAIR,77030,47562,19747,6908,2813
2024,2024-01-16,BRADFORD,37068,23912,8272,3235,1649
2024,2024-01-16,BUCKS,472161,194580,197891,58192,21498
2024,2024-01-16,BUTLER,137499,78225,39711,13813,5750
2024,2024-01-16,CAMBRIA,84651,43338,32141,6951,2221
2024,2024-01-16,CAMERON,2936,1826,747,226,137
2024,2024-01-16,CARBON,43115,21778,14589,4718,2030
2024,2024-01-16,CENTRE,100803,40853,42326,13829,3795
2024,2024-01-16,CHESTER,378402,150581,158532,48485,20804
2024,2024-01-16,CLARION,23375,14908,5812,1934,721
2024,2024-01-16,CLEARFIELD,47698,29247,12909,3631,1911
2024,2024-01-16,CLINTON,21679,12386,6491,2014,788
2024,2024-01-16,COLUMBIA,38982,20737,12290,4350,1605
2024,2024-01-16,CRAWFORD,49720,29398,14458,4025,1839
2024,2024-01-16,CUMBERLAND,177607,87329,60733,22160,7385
2024,2024-01-16,DAUPHIN,192212,74351,85738,24086,8037
2024,2024-01-16,DELAWARE,406239,145691,203060,39452,18036
2024,2024-01-16,ELK,19959,11337,6313,1479,830
2024,2024-01-16,ERIE,173377,67740,80130,18046,7461
2024,2024-01-16,FAYETTE,77880,37175,32712,5735,2258
2024,2024-01-16,FOREST,3151,1947,847,229,128
2024,2024-01-16,FRANKLIN,99113,61132,23249,11285,3447
2024,2024-01-16,FULTON,9301,6830,1525,673,273
2024,2024-01-16,GREENE,21522,11122,8294,1464,642
2024,2024-01-16,HUNTINGDON,27383,18179,6446,2114,644
2024,2024-01-16,INDIANA,48594,27200,15217,4336,1841
2024,2024-01-16,JEFFERSON,27439,18533,5892,1986,1028
2024,2024-01-16,JUNIATA,13826,9627,2773,1074,352
2024,2024-01-16,LACKAWANNA,142962,47551,78077,13882,3452
2024,2024-01-16,LANCASTER,346709,176856,111859,40493,17501
2024,2024-01-16,LAWRENCE,55571,27768,20993,4742,2068
2024,2024-01-16,LEBANON,91096,50502,26203,10414,3977
2024,2024-01-16,LEHIGH,242639,84379,111630,38682,7948
2024,2024-01-16,LUZERNE,196910,83060,87382,20347,6121
2024,2024-01-16,LYCOMING,70250,42011,18672,6613,2954
2024,2024-01-16,McKEAN,24469,15385,5597,2394,1093
2024,2024-01-16,MERCER,70838,36121,25071,7490,2156
2024,2024-01-16,MIFFLIN,25481,17305,5460,2105,611
2024,2024-01-16,MONROE,112272,39843,49681,16924,5824
2024,2024-01-16,MONTGOMERY,604409,204211,302696,66986,30516
2024,2024-01-16,MONTOUR,11993,6332,3830,1425,406
2024,2024-01-16,NORTHAMPTON,219837,80897,95800,32517,10623
2024,2024-01-16,NORTHUMBERLAND,54535,30674,16293,5140,2428
2024,2024-01-16,PERRY,29844,19985,6135,2825,899
2024,2024-01-16,PHILADELPHIA,1033829,116728,776942,114267,25892
2024,2024-01-16,PIKE,43807,20809,13565,6975,2458
2024,2024-01-16,POTTER,10878,7794,1886,891,307
2024,2024-01-16,SCHUYLKILL,87602,49185,26633,7822,3962
2024,2024-01-16,SNYDER,22414,14993,4713,1986,722
2024,2024-01-16,SOMERSET,47903,31442,11632,3978,851
2024,2024-01-16,SULLIVAN,4193,2608,1109,321,155
2024,2024-01-16,SUSQUEHANNA,26282,16298,6412,2382,1190
2024,2024-01-16,TIOGA,25925,17331,5209,2557,828
2024,2024-01-16,UNION,25130,13628,7517,2955,1030
2024,2024-01-16,VENANGO,31789,19077,8538,2874,1300
2024,2024-01-16,WARREN,25683,14979,6891,2373,1440
2024,2024-01-16,WASHINGTON,142175,68208,56016,13959,3992
2024,2024-01-16,WAYNE,35201,20311,9131,4638,1121
2024,2024-01-16,WESTMORELAND,244750,123163,91194,20374,10019
2024,2024-01-16,WYOMING,17172,10484,4682,1336,670
2024,2024-01-16,YORK,309714,160760,96480,43245,9229
2024,2024-01-16,TOTALS,8668641,3464165,3894360,965860,344256
2024,2024-01-29,ADAMS,71524,41170,18851,8494,3009
2024,2024-01-29,ALLEGHENY,902148,257171,509178,97283,38516
2024,2024-01-29,ARMSTRONG,42434,25965,11556,3272,1641
2024,2024-01-29,BEAVER,111964,48399,47998,10461,5106
2024,2024-01-29,BEDFORD,32392,23647,5738,2042,965
2024,2024-01-29,BERKS,261842,110561,107842,32169,11270
2024,2024-01-29,BLAIR,77112,47646,19727,6928,2811
2024,2024-01-29,BRADFORD,37096,23941,8254,3251,1650
2024,2024-01-29,BUCKS,472562,194934,197863,58304,21461
2024,2024-01-29,BUTLER,137772,78422,39743,13859,5748
2024,2024-01-29,CAMBRIA,84698,43424,32082,6974,2218
2024,2024-01-29,CAMERON,2929,1823,745,224,137
2024,2024-01-29,CARBON,43170,21840,14588,4712,2030
2024,2024-01-29,CENTRE,100771,40877,42274,13828,3792
2024,2024-01-29,CHESTER,379159,150936,158708,48726,20789
2024,2024-01-29,CLARION,23396,14943,5789,1944,720
2024,2024-01-29,CLEARFIELD,47737,29277,12905,3646,1909
2024,2024-01-29,CLINTON,21704,12404,6497,2014,789
2024,2024-01-29,COLUMBIA,39024,20794,12271,4352,1607
2024,2024-01-29,CRAWFORD,49798,29456,14463,4039,1840
2024,2024-01-29,CUMBERLAND,177780,87460,60717,22231,7372
2024,2024-01-29,DAUPHIN,192481,74543,85784,24126,8028
2024,2024-01-29,DELAWARE,406623,145968,203096,39539,18020
2024,2024-01-29,ELK,19987,11359,6315,1482,831
2024,2024-01-29,ERIE,173446,67873,80074,18049,7450
2024,2024-01-29,FAYETTE,77946,37297,32623,5772,2254
2024,2024-01-29,FOREST,3149,1943,847,230,129
2024,2024-01-29,FRANKLIN,99064,61102,23233,11281,3448
2024,2024-01-29,FULTON,9319,6850,1524,674,271
2024,2024-01-29,GREENE,21527,11131,8288,1466,642
2024,2024-01-29,HUNTINGDON,27477,18258,6431,2143,645
2024,2024-01-29,INDIANA,48641,27273,15194,4336,1838
2024,2024-01-29,JEFFERSON,27470,18571,5886,1992,1021
2024,2024-01-29,JUNIATA,13841,9641,2771,1077,352
2024,2024-01-29,LACKAWANNA,143145,47718,78055,13916,3456
2024,2024-01-29,LANCASTER,346992,177119,111840,40541,17492
2024,2024-01-29,LAWRENCE,55645,27849,20972,4754,2070
2024,2024-01-29,LEBANON,91309,50644,26235,10448,3982
2024,2024-01-29,LEHIGH,242945,84605,111619,38766,7955
2024,2024-01-29,LUZERNE,197132,83316,87289,20407,6120
2024,2024-01-29,LYCOMING,70337,42083,18651,6651,2952
2024,2024-01-29,McKEAN,24493,15416,5582,2403,1092
2024,2024-01-29,MERCER,70889,36194,25054,7491,2150
2024,2024-01-29,MIFFLIN,25502,17325,5456,2110,611
2024,2024-01-29,MONROE,112393,39953,49665,16961,5814
2024,2024-01-29,MONTGOMERY,605204,204782,302731,67196,30495
2024,2024-01-29,MONTOUR,12014,6350,3827,1431,406
2024,2024-01-29,NORTHAMPTON,220152,81109,95816,32605,10622
2024,2024-01-29,NORTHUMBERLAND,54591,30732,16282,5151,2426
2024,2024-01-29,PERRY,29869,20005,6130,2835,899
2024,2024-01-29,PHILADELPHIA,1034258,117150,776764,114453,25891
2024,2024-01-29,PIKE,43886,20879,13572,6982,2453
2024,2024-01-29,POTTER,10898,7814,1888,890,306
2024,2024-01-29,SCHUYLKILL,87698,49293,26598,7848,3959
2024,2024-01-29,SNYDER,22480,15045,4714,1999,722
2024,2024-01-29,SOMERSET,48031,31548,11628,3999,856
2024,2024-01-29,SULLIVAN,4196,2608,1106,323,159
2024,2024-01-29,SUSQUEHANNA,26270,16316,6391,2379,1184
2024,2024-01-29,TIOGA,25964,17373,5203,2564,824
2024,2024-01-29,UNION,25161,13658,7519,2956,1028
2024,2024-01-29,VENANGO,31822,19108,8536,2876,1302
2024,2024-01-29,WARREN,25711,15020,6886,2371,1434
2024,2024-01-29,WASHINGTON,142421,68404,56011,14000,4006
2024,2024-01-29,WAYNE,35240,20340,9130,4648,1122
2024,2024-01-29,WESTMORELAND,245176,123563,91170,20444,9999
2024,2024-01-29,WYOMING,17200,10511,4683,1338,668
2024,2024-01-29,YORK,310117,161127,96442,43335,9213
2024,2024-01-29,TOTALS,8677124,3471856,3893300,967991,343977
2024,2024-02-05,ADAMS,71580,41213,18849,8514,3004
2024,2024-02-05,ALLEGHENY,902603,257404,509313,97379,38507
2024,2024-02-05,ARMSTRONG,42455,25983,11554,3273,1645
2024,2024-02-05,BEAVER,111964,48454,47933,10476,5101
2024,2024-02-05,BEDFORD,32427,23672,5739,2048,968
2024,2024-02-05,BERKS,261958,110649,107843,32190,11276
2024,2024-02-05,BLAIR,77170,47684,19731,6944,2811
2024,2024-02-05,BRADFORD,37159,23988,8258,3264,1649
2024,2024-02-05,BUCKS,472969,195194,197845,58480,21450
2024,2024-02-05,BUTLER,137863,78502,39741,13867,5753
2024,2024-02-05,CAMBRIA,84661,43452,32027,6969,2213
2024,2024-02-05,CAMERON,2931,1823,745,226,137
2024,2024-02-05,CARBON,43217,21871,14592,4723,2031
2024,2024-02-05,CENTRE,100829,40918,42280,13839,3792
2024,2024-02-05,CHESTER,379484,151219,158675,48841,20749
2024,2024-02-05,CLARION,23414,14959,5788,1946,721
2024,2024-02-05,CLEARFIELD,47763,29296,12904,3653,1910
2024,2024-02-05,CLINTON,21710,12411,6497,2015,787
2024,2024-02-05,COLUMBIA,39054,20820,12268,4360,1606
2024,2024-02-05,CRAWFORD,49786,29457,14454,4039,1836
2024,2024-02-05,CUMBERLAND,177956,87532,60783,22271,7370
2024,2024-02-05,DAUPHIN,192634,74620,85845,24150,8019
2024,2024-02-05,DELAWARE,406799,146053,203128,39592,18026
2024,2024-02-05,ELK,19996,11372,6307,1487,830
2024,2024-02-05,ERIE,173388,67856,80042,18041,7449
2024,2024-02-05,FAYETTE,77979,37355,32597,5776,2251
2024,2024-02-05,FOREST,3159,1954,847,230,128
2024,2024-02-05,FRANKLIN,99471,61383,23279,11351,3458
2024,2024-02-05,FULTON,9319,6851,1523,674,271
2024,2024-02-05,GREENE,21549,11150,8287,1470,642
2024,2024-02-05,HUNTINGDON,27430,18231,6414,2138,647
2024,2024-02-05,INDIANA,48654,27290,15193,4334,1837
2024,2024-02-05,JEFFERSON,27500,18596,5887,1998,1019
2024,2024-02-05,JUNIATA,13842,9645,2770,1077,350
2024,2024-02-05,LACKAWANNA,143197,47762,78061,13913,3461
2024,2024-02-05,LANCASTER,347204,177256,111872,40602,17474
2024,2024-02-05,LAWRENCE,55649,27859,20964,4757,2069
2024,2024-02-05,LEBANON,91309,50659,26220,10451,3979
2024,2024-02-05,LEHIGH,243024,84676,111612,38780,7956
2024,2024-02-05,LUZERNE,197233,83441,87255,20426,6111
2024,2024-02-05,LYCOMING,70343,42093,18642,6656,2952
2024,2024-02-05,McKEAN,24510,15424,5587,2406,1093
2024,2024-02-05,MERCER,70890,36214,25033,7493,2150
2024,2024-02-05,MIFFLIN,25529,17348,5458,2112,611
2024,2024-02-05,MONROE,112459,39976,49685,16988,5810
2024,2024-02-05,MONTGOMERY,605673,204998,302857,67330,30488
2024,2024-02-05,MONTOUR,12015,6351,3821,1437,406
2024,2024-02-05,NORTHAMPTON,220270,81200,95822,32627,10621
2024,2024-02-05,NORTHUMBERLAND,54596,30733,16284,5155,2424
2024,2024-02-05,PERRY,29880,20020,6121,2840,899
2024,2024-02-05,PHILADELPHIA,1034412,117288,776690,114551,25883
2024,2024-02-05,PIKE,43943,20900,13586,7006,2451
2024,2024-02-05,POTTER,10900,7821,1886,888,305
2024,2024-02-05,SCHUYLKILL,87741,49338,26589,7856,3958
2024,2024-02-05,SNYDER,22482,15049,4713,2000,720
2024,2024-02-05,SOMERSET,47992,31537,11597,4001,857
2024,2024-02-05,SULLIVAN,4197,2614,1103,321,159
2024,2024-02-05,SUSQUEHANNA,26279,16330,6386,2379,1184
2024,2024-02-05,TIOGA,25968,17379,5200,2567,822
2024,2024-02-05,UNION,25173,13663,7523,2960,1027
2024,2024-02-05,VENANGO,31838,19120,8534,2883,1301
2024,2024-02-05,WARREN,25729,15039,6884,2373,1433
2024,2024-02-05,WASHINGTON,142503,68479,56008,14010,4006
2024,2024-02-05,WAYNE,35254,20344,9125,4659,1126
2024,2024-02-05,WESTMORELAND,245331,123698,91160,20482,9991
2024,2024-02-05,WYOMING,17212,10519,4685,1341,667
2024,2024-02-05,YORK,310326,161282,96441,43385,9218
2024,2024-02-05,TOTALS,8681734,3475267,3893342,969270,343855
2024,2024-04-01,ADAMS,71839,41410,18832,8614,2983
2024,2024-04-01,ALLEGHENY,904410,258417,509427,98205,38361
2024,2024-04-01,ARMSTRONG,42597,26159,11504,3300,1634
2024,2024-04-01,BEAVER,112307,48796,47831,10597,5083
2024,2024-04-01,BEDFORD,32501,23737,5715,2077,972
2024,2024-04-01,BERKS,262594,111228,107621,32465,11280
2024,2024-04-01,BLAIR,77415,47863,19706,7039,2807
2024,2024-04-01,BRADFORD,37336,24137,8246,3305,1648
2024,2024-04-01,BUCKS,474535,196081,197957,59130,21367
2024,2024-04-01,BUTLER,138232,78837,39717,13949,5729
2024,2024-04-01,CAMBRIA,84893,43727,31897,7047,2222
2024,2024-04-01,CAMERON,2934,1834,739,227,134
2024,2024-04-01,CARBON,43414,22017,14569,4802,2026
2024,2024-04-01,CENTRE,100967,41032,42252,13914,3769
2024,2024-04-01,CHESTER,380804,151818,158938,49405,20643
2024,2024-04-01,CLARION,23470,15038,5733,1967,732
2024,2024-04-01,CLEARFIELD,47887,29445,12846,3696,1900
2024,2024-04-01,CLINTON,21782,12492,6460,2040,790
2024,2024-04-01,COLUMBIA,39203,20950,12256,4399,1598
2024,2024-04-01,CRAWFORD,49896,29581,14401,4080,1834
2024,2024-04-01,CUMBERLAND,178789,87913,61018,22496,7362
2024,2024-04-01,DAUPHIN,193452,74957,86019,24510,7966
2024,2024-04-01,DELAWARE,407742,146208,203498,40091,17945
2024,2024-04-01,ELK,20031,11412,6271,1518,830
2024,2024-04-01,ERIE,174073,68326,80004,18284,7459
2024,2024-04-01,FAYETTE,78199,37667,32421,5859,2252
2024,2024-04-01,FOREST,3157,1959,837,235,126
2024,2024-04-01,FRANKLIN,99826,61595,23294,11478,3459
2024,2024-04-01,FULTON,9375,6904,1519,682,270
2024,2024-04-01,GREENE,21587,11247,8200,1493,647
2024,2024-04-01,HUNTINGDON,27514,18297,6398,2163,656
2024,2024-04-01,INDIANA,48814,27424,15142,4405,1843
2024,2024-04-01,JEFFERSON,27565,18644,5878,2031,1012
2024,2024-04-01,JUNIATA,13853,9673,2750,1083,347
2024,2024-04-01,LACKAWANNA,143638,48123,77955,14085,3475
2024,2024-04-01,LANCASTER,348110,177799,111898,41010,17403
2024,2024-04-01,LAWRENCE,55866,28080,20885,4842,2059
2024,2024-04-01,LEBANON,91648,50853,26247,10571,3977
2024,2024-04-01,LEHIGH,244035,85270,111747,39086,7932
2024,2024-04-01,LUZERNE,198052,84170,87017,20752,6113
2024,2024-04-01,LYCOMING,70481,42207,18592,6732,2950
2024,2024-04-01,McKEAN,24573,15475,5567,2435,1096
2024,2024-04-01,MERCER,71173,36461,24989,7570,2153
2024,2024-04-01,MIFFLIN,25563,17376,5446,2128,613
2024,2024-04-01,MONROE,113078,40356,49717,17215,5790
2024,2024-04-01,MONTGOMERY,607674,205758,303557,68053,30306
2024,2024-04-01,MONTOUR,12072,6393,3824,1449,406
2024,2024-04-01,NORTHAMPTON,221149,81735,95885,32946,10583
2024,2024-04-01,NORTHUMBERLAND,54680,30849,16233,5184,2414
2024,2024-04-01,PERRY,30029,20141,6105,2884,899
2024,2024-04-01,PHILADELPHIA,1035648,118290,775565,115878,25915
2024,2024-04-01,PIKE,44257,21069,13609,7125,2454
2024,2024-04-01,POTTER,10916,7843,1869,902,302
2024,2024-04-01,SCHUYLKILL,88056,49614,26502,8005,3935
2024,2024-04-01,SNYDER,22553,15110,4706,2027,710
2024,2024-04-01,SOMERSET,48137,31728,11540,4007,862
2024,2024-04-01,SULLIVAN,4208,2634,1096,319,159
2024,2024-04-01,SUSQUEHANNA,26286,16372,6338,2397,1179
2024,2024-04-01,TIOGA,26085,17456,5196,2620,813
2024,2024-04-01,UNION,25242,13716,7525,2974,1027
2024,2024-04-01,VENANGO,31917,19187,8508,2919,1303
2024,2024-04-01,WARREN,25836,15119,6861,2422,1434
2024,2024-04-01,WASHINGTON,142875,68875,55845,14154,4001
2024,2024-04-01,WAYNE,35400,20432,9157,4694,1117
2024,2024-04-01,WESTMORELAND,245751,124330,90833,20654,9934
2024,2024-04-01,WYOMING,17281,10589,4664,1359,669
2024,2024-04-01,YORK,311832,162192,96547,43887,9206
2024,2024-04-01,TOTALS,8707094,3492427,3891921,979871,342875
2024,2024-04-08,ADAMS,71898,41457,18842,8624,2975
2024,2024-04-08,ALLEGHENY,904596,258439,509543,98318,38296
2024,2024-04-08,ARMSTRONG,42608,26177,11492,3306,1633
2024,2024-04-08,BEAVER,112370,48843,47832,10619,5076
2024,2024-04-08,BEDFORD,32492,23740,5699,2081,972
2024,2024-04-08,BERKS,262703,111330,107558,32546,11269
2024,2024-04-08,BLAIR,77479,47912,19710,7055,2802
2024,2024-04-08,BRADFORD,37377,24163,8250,3312,1652
2024,2024-04-08,BUCKS,474585,196197,197907,59158,21323
2024,2024-04-08,BUTLER,138396,78953,39733,13983,5727
2024,2024-04-08,CAMBRIA,84937,43770,31885,7065,2217
2024,2024-04-08,CAMERON,2937,1835,740,228,134
2024,2024-04-08,CARBON,43428,22028,14552,4817,2031
2024,2024-04-08,CENTRE,100990,41045,42258,13923,3764
2024,2024-04-08,CHESTER,381067,151902,159052,49481,20632
2024,2024-04-08,CLARION,23478,15058,5727,1960,733
2024,2024-04-08,CLEARFIELD,47914,29469,12842,3702,1901
2024,2024-04-08,CLINTON,21826,12523,6464,2048,791
2024,2024-04-08,COLUMBIA,39203,20962,12242,4399,1600
2024,2024-04-08,CRAWFORD,49927,29611,14392,4090,1834
2024,2024-04-08,CUMBERLAND,178849,87923,61057,22517,7352
2024,2024-04-08,DAUPHIN,193534,74983,86075,24518,7958
2024,2024-04-08,DELAWARE,407687,146156,203451,40150,17930
2024,2024-04-08,ELK,20034,11419,6265,1521,829
2024,2024-04-08,ERIE,174116,68373,79981,18304,7458
2024,2024-04-08,FAYETTE,78197,37691,32388,5872,2246
2024,2024-04-08,FOREST,3160,1961,837,236,126
2024,2024-04-08,FRANKLIN,99994,61690,23322,11518,3464
2024,2024-04-08,FULTON,9387,6918,1519,682,268
2024,2024-04-08,GREENE,21579,11244,8196,1492,647
2024,2024-04-08,HUNTINGDON,27545,18326,6398,2164,657
2024,2024-04-08,INDIANA,48860,27454,15137,4430,1839
2024,2024-04-08,JEFFERSON,27557,18648,5868,2032,1009
2024,2024-04-08,JUNIATA,13850,9672,2746,1084,348
2024,2024-04-08,LACKAWANNA,143673,48161,77917,14117,3478
2024,2024-04-08,LANCASTER,348290,177938,111916,41086,17350
2024,2024-04-08,LAWRENCE,55913,28116,20884,4849,2064
2024,2024-04-08,LEBANON,91826,50928,26294,10620,3984
2024,2024-04-08,LEHIGH,244230,85408,111741,39145,7936
2024,2024-04-08,LUZERNE,198153,84244,86990,20809,6110
2024,2024-04-08,LYCOMING,70552,42239,18609,6753,2951
2024,2024-04-08,McKEAN,24589,15495,5560,2438,1096
2024,2024-04-08,MERCER,71182,36494,24956,7577,2155
2024,2024-04-08,MIFFLIN,25574,17384,5449,2128,613
2024,2024-04-08,MONROE,113138,40414,49707,17228,5789
2024,2024-04-08,MONTGOMERY,608182,205908,303877,68134,30263
2024,2024-04-08,MONTOUR,12090,6400,3825,1457,408
2024,2024-04-08,NORTHAMPTON,221260,81841,95886,32967,10566
2024,2024-04-08,NORTHUMBERLAND,54711,30882,16224,5194,2411
2024,2024-04-08,PERRY,30037,20156,6100,2887,894
2024,2024-04-08,PHILADELPHIA,1036730,118580,775868,116351,25931
2024,2024-04-08,PIKE,44235,21059,13592,7133,2451
2024,2024-04-08,POTTER,10919,7849,1868,900,302
2024,2024-04-08,SCHUYLKILL,88117,49670,26498,8025,3924
2024,2024-04-08,SNYDER,22572,15130,4702,2033,707
2024,2024-04-08,SOMERSET,48183,31758,11543,4023,859
2024,2024-04-08,SULLIVAN,4214,2640,1096,318,160
2024,2024-04-08,SUSQUEHANNA,26310,16394,6341,2399,1176
2024,2024-04-08,TIOGA,26094,17462,5196,2622,814
2024,2024-04-08,UNION,25277,13747,7527,2981,1022
2024,2024-04-08,VENANGO,31940,19197,8512,2929,1302
2024,2024-04-08,WARREN,25845,15134,6853,2427,1431
2024,2024-04-08,WASHINGTON,142970,68951,55842,14177,4000
2024,2024-04-08,WAYNE,35441,20458,9169,4693,1121
2024,2024-04-08,WESTMORELAND,245689,124333,90758,20678,9920
2024,2024-04-08,WYOMING,17499,10689,4740,1389,681
2024,2024-04-08,YORK,312339,162447,96619,44061,9212
2024,2024-04-08,TOTALS,8712334,3495378,3892619,981763,342574
2024,2024-04-29,ADAMS,71886,41456,18823,8632,2975
2024,2024-04-29,ALLEGHENY,905246,258577,509901,98473,38295
2024,2024-04-29,ARMSTRONG,42625,26197,11484,3313,1631
2024,2024-04-29,BEAVER,112390,48861,47809,10640,5080
2024,2024-04-29,BEDFORD,32511,23753,5704,2084,970
2024,2024-04-29,BERKS,262951,111484,107569,32628,11270
2024,2024-04-29,BLAIR,77491,47947,19679,7067,2798
2024,2024-04-29,BRADFORD,37385,24173,8250,3312,1650
2024,2024-04-29,BUCKS,474753,196326,197898,59228,21301
2024,2024-04-29,BUTLER,138539,79044,39779,13992,5724
2024,2024-04-29,CAMBRIA,84932,43780,31863,7069,2220
2024,2024-04-29,CAMERON,2933,1831,740,228,134
2024,2024-04-29,CARBON,43511,22078,14559,4845,2029
2024,2024-04-29,CENTRE,101130,41071,42355,13941,3763
2024,2024-04-29,CHESTER,381296,151977,159168,49516,20635
2024,2024-04-29,CLARION,23480,15063,5719,1963,735
2024,2024-04-29,CLEARFIELD,47959,29497,12843,3713,1906
2024,2024-04-29,CLINTON,21835,12535,6461,2047,792
2024,2024-04-29,COLUMBIA,39262,20991,12253,4418,1600
2024,2024-04-29,CRAWFORD,52825,30795,15475,4552,2003
2024,2024-04-29,CUMBERLAND,178783,87910,61035,22497,7341
2024,2024-04-29,DAUPHIN,193700,75041,86136,24571,7952
2024,2024-04-29,DELAWARE,407994,146215,203625,40230,17924
2024,2024-04-29,ELK,20033,11420,6263,1521,829
2024,2024-04-29,ERIE,174151,68438,79942,18313,7458
2024,2024-04-29,FAYETTE,78221,37732,32364,5879,2246
2024,2024-04-29,FOREST,3163,1964,836,237,126
2024,2024-04-29,FRANKLIN,99980,61687,23304,11522,3467
2024,2024-04-29,FULTON,9415,6937,1518,693,267
2024,2024-04-29,GREENE,21605,11264,8198,1498,645
2024,2024-04-29,HUNTINGDON,27577,18345,6400,2173,659
2024,2024-04-29,INDIANA,48950,27514,15142,4455,1839
2024,2024-04-29,JEFFERSON,27542,18638,5862,2032,1010
2024,2024-04-29,JUNIATA,13854,9674,2748,1083,349
2024,2024-04-29,LACKAWANNA,143669,48190,77868,14133,3478
2024,2024-04-29,LANCASTER,348320,177971,111912,41109,17328
2024,2024-04-29,LAWRENCE,55907,28130,20863,4851,2063
2024,2024-04-29,LEBANON,91768,50918,26272,10604,3974
2024,2024-04-29,LEHIGH,244445,85506,111815,39180,7944
2024,2024-04-29,LUZERNE,198338,84377,86983,20865,6113
2024,2024-04-29,LYCOMING,70599,42276,18622,6753,2948
2024,2024-04-29,McKEAN,24602,15500,5562,2443,1097
2024,2024-04-29,MERCER,71188,36505,24945,7583,2155
2024,2024-04-29,MIFFLIN,25569,17384,5442,2130,613
2024,2024-04-29,MONROE,113208,40446,49710,17253,5799
2024,2024-04-29,MONTGOMERY,608294,205876,303992,68198,30228
2024,2024-04-29,MONTOUR,12086,6399,3824,1456,407
2024,2024-04-29,NORTHAMPTON,221365,81916,95905,32988,10556
2024,2024-04-29,NORTHUMBERLAND,54730,30910,16211,5196,2413
2024,2024-04-29,PERRY,30065,20165,6110,2896,894
2024,2024-04-29,PHILADELPHIA,1037682,118806,776175,116774,25927
2024,2024-04-29,PIKE,44211,21035,13587,7137,2452
2024,2024-04-29,POTTER,10924,7852,1870,899,303
2024,2024-04-29,SCHUYLKILL,88156,49695,26492,8041,3928
2024,2024-04-29,SNYDER,22581,15134,4705,2034,708
2024,2024-04-29,SOMERSET,48160,31752,11526,4024,858
2024,2024-04-29,SULLIVAN,4423,2745,1162,342,174
2024,2024-04-29,SUSQUEHANNA,26335,16417,6343,2399,1176
2024,2024-04-29,TIOGA,26124,17481,5201,2627,815
2024,2024-04-29,UNION,25239,13726,7516,2973,1024
2024,2024-04-29,VENANGO,31928,19197,8498,2929,1304
2024,2024-04-29,WARREN,25858,15147,6855,2427,1429
2024,2024-04-29,WASHINGTON,143156,69052,55880,14219,4005
2024,2024-04-29,WAYNE,35456,20482,9164,4692,1118
2024,2024-04-29,WESTMORELAND,245890,124451,90811,20704,9924
2024,2024-04-29,WYOMING,17578,10737,4751,1406,684
2024,2024-04-29,YORK,312632,162631,96684,44095,9222
2024,2024-04-29,TOTALS,8720394,3499024,3894961,983725,342684
2024,2024-06-03,ADAMS,72196,41629,18836,8776,2955
2024,2024-06-03,ALLEGHENY,907956,259661,510211,99577,38507
2024,2024-06-03,ARMSTRONG,42728,26296,11438,3362,1632
2024,2024-06-03,BEAVER,112568,49066,47692,10732,5078
2024,2024-06-03,BEDFORD,32618,23859,5687,2106,966
2024,2024-06-03,BERKS,264021,112022,107506,33221,11272
2024,2024-06-03,BLAIR,77738,48126,19635,7183,2794
2024,2024-06-03,BRADFORD,37565,24305,8240,3370,1650
2024,2024-06-03,BUCKS,475538,196841,197865,59562,21270
2024,2024-06-03,BUTLER,138759,79191,39673,14178,5717
2024,2024-06-03,CAMBRIA,85085,43955,31746,7148,2236
2024,2024-06-03,CAMERON,2931,1828,737,228,138
2024,2024-06-03,CARBON,43741,22234,14530,4943,2034
2024,2024-06-03,CENTRE,101385,41155,42380,14092,3758
2024,2024-06-03,CHESTER,382218,152097,159257,50339,20525
2024,2024-06-03,CLARION,23516,15095,5721,1963,737
2024,2024-06-03,CLEARFIELD,48118,29615,12794,3794,1915
2024,2024-06-03,CLINTON,21898,12586,6453,2064,795
2024,2024-06-03,COLUMBIA,39334,21069,12218,4446,1601
2024,2024-06-03,CRAWFORD,53006,30918,15468,4616,2004
2024,2024-06-03,CUMBERLAND,179371,88080,61136,22808,7347
2024,2024-06-03,DAUPHIN,194435,75230,86188,25069,7948
2024,2024-06-03,DELAWARE,408744,146369,203670,40829,17876
2024,2024-06-03,ELK,20075,11469,6237,1541,828
2024,2024-06-03,ERIE,174622,68803,79844,18532,7443
2024,2024-06-03,FAYETTE,78360,37874,32311,5929,2246
2024,2024-06-03,FOREST,3165,1968,830,242,125
2024,2024-06-03,FRANKLIN,100320,61888,23276,11684,3472
2024,2024-06-03,FULTON,9459,6976,1517,701,265
2024,2024-06-03,GREENE,21638,11309,8183,1500,646
2024,2024-06-03,HUNTINGDON,27593,18349,6385,2200,659
2024,2024-06-03,INDIANA,49045,27601,15095,4516,1833
2024,2024-06-03,JEFFERSON,27655,18738,5836,2071,1010
2024,2024-06-03,JUNIATA,13874,9696,2743,1086,349
2024,2024-06-03,LACKAWANNA,144160,48500,77795,14373,3492
2024,2024-06-03,LANCASTER,349476,178482,111907,41833,17254
2024,2024-06-03,LAWRENCE,56009,28245,20788,4924,2052
2024,2024-06-03,LEBANON,91946,50993,26291,10683,3979
2024,2024-06-03,LEHIGH,245834,86157,111947,39747,7983
2024,2024-06-03,LUZERNE,198330,84372,86980,20865,6113
2024,2024-06-03,LYCOMING,70714,42352,18591,6836,2935
2024,2024-06-03,McKEAN,24663,15545,5539,2483,1096
2024,2024-06-03,MERCER,71364,36650,24886,7659,2169
2024,2024-06-03,MIFFLIN,25663,17476,5425,2146,616
2024,2024-06-03,MONROE,113715,40715,49703,17522,5775
2024,2024-06-03,MONTGOMERY,609879,206272,304212,69364,30031
2024,2024-06-03,MONTOUR,12095,6396,3831,1461,407
2024,2024-06-03,NORTHAMPTON,222118,82394,95781,33409,10534
2024,2024-06-03,NORTHUMBERLAND,54804,30940,16184,5259,2421
2024,2024-06-03,PERRY,30129,20218,6087,2935,889
2024,2024-06-03,PHILADELPHIA,1041763,119937,776138,119474,26214
2024,2024-06-03,PIKE,44516,21193,13626,7251,2446
2024,2024-06-03,POTTER,10941,7863,1865,907,306
2024,2024-06-03,SCHUYLKILL,88396,49860,26426,8184,3926
2024,2024-06-03,SNYDER,22633,15183,4699,2044,707
2024,2024-06-03,SOMERSET,48205,31799,11487,4058,861
2024,2024-06-03,SULLIVAN,4442,2754,1164,348,176
2024,2024-06-03,SUSQUEHANNA,26397,16458,6325,2441,1173
2024,2024-06-03,TIOGA,26187,17531,5203,2642,811
2024,2024-06-03,UNION,25246,13732,7508,2981,1025
2024,2024-06-03,VENANGO,32038,19284,8482,2973,1299
2024,2024-06-03,WARREN,25950,15205,6848,2471,1426
2024,2024-06-03,WASHINGTON,143357,69304,55702,14347,4004
2024,2024-06-03,WAYNE,35572,20582,9138,4735,1117
2024,2024-06-03,WESTMORELAND,246510,125013,90603,20960,9934
2024,2024-06-03,WYOMING,17620,10768,4745,1420,687
2024,2024-06-03,YORK,314129,163173,96807,44905,9244
2024,2024-06-03,TOTALS,8746076,3511244,3894051,998048,342733
2024,2024-06-10,ADAMS,72237,41636,18836,8810,2955
2024,2024-06-10,ALLEGHENY,907786,259596,509916,99664,38610
2024,2024-06-10,ARMSTRONG,42743,26310,11428,3370,1635
2024,2024-06-10,BEAVER,112601,49093,47675,10752,5081
2024,2024-06-10,BEDFORD,32593,23841,5677,2110,965
2024,2024-06-10,BERKS,264126,112087,107464,33300,11275
2024,2024-06-10,BLAIR,77763,48140,19634,7198,2791
2024,2024-06-10,BRADFORD,37594,24329,8234,3381,1650
2024,2024-06-10,BUCKS,475664,196860,197784,59756,21264
2024,2024-06-10,BUTLER,138761,79193,39635,14212,5721
2024,2024-06-10,CAMBRIA,85121,43982,31726,7178,2235
2024,2024-06-10,CAMERON,2931,1828,737,228,138
2024,2024-06-10,CARBON,43767,22261,14514,4958,2034
2024,2024-06-10,CENTRE,101421,41162,42385,14118,3756
2024,2024-06-10,CHESTER,382176,152050,159190,50426,20510
2024,2024-06-10,CLARION,23545,15119,5719,1966,741
2024,2024-06-10,CLEARFIELD,48141,29638,12789,3795,1919
2024,2024-06-10,CLINTON,21908,12596,6450,2068,794
2024,2024-06-10,COLUMBIA,39347,21086,12209,4449,1603
2024,2024-06-10,CRAWFORD,52982,30908,15451,4618,2005
2024,2024-06-10,CUMBERLAND,179387,88063,61116,22854,7354
2024,2024-06-10,DAUPHIN,194558,75240,86188,25173,7957
2024,2024-06-10,DELAWARE,409006,146371,203722,41032,17881
2024,2024-06-10,ELK,20079,11479,6233,1540,827
2024,2024-06-10,ERIE,174604,68814,79810,18537,7443
2024,2024-06-10,FAYETTE,78530,38035,32263,5990,2242
2024,2024-06-10,FOREST,3168,1967,830,245,126
2024,2024-06-10,FRANKLIN,100381,61924,23266,11721,3470
2024,2024-06-10,FULTON,9444,6968,1510,703,263
2024,2024-06-10,GREENE,21626,11311,8175,1495,645
2024,2024-06-10,HUNTINGDON,27612,18364,6385,2204,659
2024,2024-06-10,INDIANA,49051,27593,15092,4526,1840
2024,2024-06-10,JEFFERSON,27665,18750,5832,2073,1010
2024,2024-06-10,JUNIATA,13872,9694,2743,1086,349
2024,2024-06-10,LACKAWANNA,144233,48563,77758,14410,3502
2024,2024-06-10,LANCASTER,349746,178604,111914,41973,17255
2024,2024-06-10,LAWRENCE,56022,28260,20779,4931,2052
2024,2024-06-10,LEBANON,92329,51200,26357,10782,3990
2024,2024-06-10,LEHIGH,245940,86204,111902,39853,7981
2024,2024-06-10,LUZERNE,198479,84454,86997,20916,6112
2024,2024-06-10,LYCOMING,70732,42364,18579,6852,2937
2024,2024-06-10,McKEAN,24689,15560,5541,2489,1099
2024,2024-06-10,MERCER,71423,36690,24888,7671,2174
2024,2024-06-10,MIFFLIN,25678,17481,5424,2154,619
2024,2024-06-10,MONROE,113825,40749,49728,17570,5778
2024,2024-06-10,MONTGOMERY,610348,206353,304368,69600,30027
2024,2024-06-10,MONTOUR,12093,6397,3828,1463,405
2024,2024-06-10,NORTHAMPTON,222311,82482,95787,33509,10533
2024,2024-06-10,NORTHUMBERLAND,54813,30950,16177,5267,2419
2024,2024-06-10,PERRY,30161,20237,6091,2946,887
2024,2024-06-10,PHILADELPHIA,1042967,120335,775669,120695,26268
2024,2024-06-10,PIKE,44560,21213,13627,7277,2443
2024,2024-06-10,POTTER,10932,7856,1864,907,305
2024,2024-06-10,SCHUYLKILL,88461,49889,26436,8209,3927
2024,2024-06-10,SNYDER,22631,15182,4698,2044,707
2024,2024-06-10,SOMERSET,48289,31848,11493,4084,864
2024,2024-06-10,SULLIVAN,4440,2756,1161,347,176
2024,2024-06-10,SUSQUEHANNA,26411,16468,6323,2447,1173
2024,2024-06-10,TIOGA,26195,17538,5202,2641,814
2024,2024-06-10,UNION,25257,13737,7509,2987,1024
2024,2024-06-10,VENANGO,32054,19291,8485,2979,1299
2024,2024-06-10,WARREN,25967,15210,6847,2483,1427
2024,2024-06-10,WASHINGTON,143384,69344,55675,14364,4001
2024,2024-06-10,WAYNE,35596,20595,9143,4738,1120
2024,2024-06-10,WESTMORELAND,246525,125071,90521,21016,9917
2024,2024-06-10,WYOMING,17625,10768,4744,1426,687
2024,2024-06-10,YORK,314482,163335,96863,45046,9238
2024,2024-06-10,TOTALS,8750788,3513272,3892996,1001612,342908
2024,2024-06-24,ADAMS,72326,41684,18841,8846,2955
2024,2024-06-24,ALLEGHENY,908895,259866,510107,100180,38742
2024,2024-06-24,ARMSTRONG,42814,26354,11433,3386,1641
2024,2024-06-24,BEAVER,112581,49074,47645,10778,5084
2024,2024-06-24,BEDFORD,32605,23850,5672,2118,965
2024,2024-06-24,BERKS,264569,112243,107504,33519,11303
2024,2024-06-24,BLAIR,77864,48189,19640,7244,2791
2024,2024-06-24,BRADFORD,37638,24354,8233,3401,1650
2024,2024-06-24,BUCKS,476967,197383,197920,60426,21238
2024,2024-06-24,BUTLER,138918,79267,39652,14287,5712
2024,2024-06-24,CAMBRIA,85187,44038,31704,7208,2237
2024,2024-06-24,CAMERON,2932,1827,737,229,139
2024,2024-06-24,CARBON,43848,22299,14520,4994,2035
2024,2024-06-24,CENTRE,101476,41167,42397,14152,3760
2024,2024-06-24,CHESTER,382531,152127,159203,50704,20497
2024,2024-06-24,CLARION,23504,15101,5674,1994,735
2024,2024-06-24,CLEARFIELD,48172,29662,12782,3809,1919
2024,2024-06-24,CLINTON,21918,12606,6443,2075,794
2024,2024-06-24,COLUMBIA,39346,21096,12192,4452,1606
2024,2024-06-24,CRAWFORD,52987,30916,15427,4640,2004
2024,2024-06-24,CUMBERLAND,179610,88139,61183,22923,7365
2024,2024-06-24,DAUPHIN,194920,75349,86193,25414,7964
2024,2024-06-24,DELAWARE,409588,146410,203946,41358,17874
2024,2024-06-24,ELK,20068,11483,6218,1543,824
2024,2024-06-24,ERIE,174663,68882,79724,18623,7434
2024,2024-06-24,FAYETTE,78600,38115,32216,6019,2250
2024,2024-06-24,FOREST,3165,1969,827,243,126
2024,2024-06-24,FRANKLIN,100514,62001,23259,11778,3476
2024,2024-06-24,FULTON,9446,6966,1508,708,264
2024,2024-06-24,GREENE,21737,11399,8175,1518,645
2024,2024-06-24,HUNTINGDON,27636,18382,6386,2209,659
2024,2024-06-24,INDIANA,49155,27652,15100,4558,1845
2024,2024-06-24,JEFFERSON,27667,18751,5823,2081,1012
2024,2024-06-24,JUNIATA,13907,9721,2742,1094,350
2024,2024-06-24,LACKAWANNA,144417,48645,77740,14525,3507
2024,2024-06-24,LANCASTER,350303,178791,111967,42299,17246
2024,2024-06-24,LAWRENCE,56052,28292,20761,4947,2052
2024,2024-06-24,LEBANON,92314,51172,26345,10811,3986
2024,2024-06-24,LEHIGH,246235,86324,111822,40098,7991
2024,2024-06-24,LUZERNE,199166,84851,86969,21200,6146
2024,2024-06-24,LYCOMING,70733,42369,18559,6869,2936
2024,2024-06-24,McKEAN,24680,15556,5528,2500,1096
2024,2024-06-24,MERCER,71509,36743,24869,7716,2181
2024,2024-06-24,MIFFLIN,25692,17495,5414,2163,620
2024,2024-06-24,MONROE,113957,40801,49733,17641,5782
2024,2024-06-24,MONTGOMERY,611317,206533,304745,70004,30035
2024,2024-06-24,MONTOUR,12152,6418,3845,1482,407
2024,2024-06-24,NORTHAMPTON,222625,82578,95807,33704,10536
2024,2024-06-24,NORTHUMBERLAND,54817,30948,16183,5272,2414
2024,2024-06-24,PERRY,30202,20254,6096,2967,885
2024,2024-06-24,PHILADELPHIA,1045460,120944,775584,122271,26661
2024,2024-06-24,PIKE,44661,21263,13642,7313,2443
2024,2024-06-24,POTTER,10931,7861,1860,908,302
2024,2024-06-24,SCHUYLKILL,88551,49918,26434,8259,3940
2024,2024-06-24,SNYDER,22634,15177,4696,2051,710
2024,2024-06-24,SOMERSET,48349,31893,11480,4110,866
2024,2024-06-24,SULLIVAN,4422,2750,1153,344,175
2024,2024-06-24,SUSQUEHANNA,26431,16471,6322,2466,1172
2024,2024-06-24,TIOGA,26193,17539,5189,2648,817
2024,2024-06-24,UNION,25272,13746,7502,2996,1028
2024,2024-06-24,VENANGO,32076,19299,8483,2995,1299
2024,2024-06-24,WARREN,25994,15228,6840,2499,1427
2024,2024-06-24,WASHINGTON,143628,69475,55708,14436,4009
2024,2024-06-24,WAYNE,35655,20648,9147,4741,1119
2024,2024-06-24,WESTMORELAND,246461,125094,90381,21082,9904
2024,2024-06-24,WYOMING,17627,10764,4738,1440,685
2024,2024-06-24,YORK,314637,163340,96771,45273,9253
2024,2024-06-24,TOTALS,8762907,3517502,3893339,1008541,343525
2024,2024-08-05,ADAMS,72702,41931,18851,8964,2956
2024,2024-08-05,ALLEGHENY,913213,261527,510560,101960,39166
2024,2024-08-05,ARMSTRONG,43121,26613,11429,3427,1652
2024,2024-08-05,BEAVER,113269,49533,47665,10973,5098
2024,2024-08-05,BEDFORD,32730,23966,5654,2143,967
2024,2024-08-05,BERKS,266257,112968,107531,34425,11333
2024,2024-08-05,BLAIR,78345,48489,19714,7356,2786
2024,2024-08-05,BRADFORD,37910,24569,8229,3464,1648
2024,2024-08-05,BUCKS,479896,198805,198345,61568,21178
2024,2024-08-05,BUTLER,140098,80069,39680,14619,5730
2024,2024-08-05,CAMBRIA,85607,44443,31636,7285,2243
2024,2024-08-05,CAMERON,2942,1839,733,229,141
2024,2024-08-05,CARBON,44186,22520,14543,5089,2034
2024,2024-08-05,CENTRE,101530,41213,42330,14241,3746
2024,2024-08-05,CHESTER,384690,152749,159878,51703,20360
2024,2024-08-05,CLARION,23613,15203,5651,2022,737
2024,2024-08-05,CLEARFIELD,48427,29908,12740,3864,1915
2024,2024-08-05,CLINTON,22035,12680,6445,2108,802
2024,2024-08-05,COLUMBIA,39599,21268,12206,4518,1607
2024,2024-08-05,CRAWFORD,53205,31106,15407,4691,2001
2024,2024-08-05,CUMBERLAND,180586,88484,61357,23380,7365
2024,2024-08-05,DAUPHIN,196454,75825,86387,26247,7995
2024,2024-08-05,DELAWARE,411369,146832,204393,42299,17845
2024,2024-08-05,ELK,20172,11580,6204,1567,821
2024,2024-08-05,ERIE,175562,69315,79869,18920,7458
2024,2024-08-05,FAYETTE,79062,38517,32163,6115,2267
2024,2024-08-05,FOREST,3176,1973,828,245,130
2024,2024-08-05,FRANKLIN,101180,62340,23390,11969,3481
2024,2024-08-05,FULTON,9502,7018,1495,723,266
2024,2024-08-05,GREENE,21802,11480,8145,1529,648
2024,2024-08-05,HUNTINGDON,27769,18485,6391,2235,658
2024,2024-08-05,INDIANA,49342,27807,15063,4631,1841
2024,2024-08-05,JEFFERSON,27821,18889,5819,2107,1006
2024,2024-08-05,JUNIATA,13952,9767,2740,1097,348
2024,2024-08-05,LACKAWANNA,145483,49174,77964,14827,3518
2024,2024-08-05,LANCASTER,352380,179598,112169,43334,17279
2024,2024-08-05,LAWRENCE,56423,28580,20723,5067,2053
2024,2024-08-05,LEBANON,92459,51305,26257,10933,3964
2024,2024-08-05,LEHIGH,247816,86928,112102,40814,7972
2024,2024-08-05,LUZERNE,200774,85796,86990,21831,6157
2024,2024-08-05,LYCOMING,71024,42594,18530,6968,2932
2024,2024-08-05,McKEAN,24804,15630,5546,2531,1097
2024,2024-08-05,MERCER,71784,37024,24766,7795,2199
2024,2024-08-05,MIFFLIN,25900,17639,5437,2197,627
2024,2024-08-05,MONROE,114792,41206,49876,17912,5798
2024,2024-08-05,MONTGOMERY,614479,207447,305610,71482,29940
2024,2024-08-05,MONTOUR,12084,6423,3801,1468,392
2024,2024-08-05,NORTHAMPTON,223879,83213,95884,34246,10536
2024,2024-08-05,NORTHUMBERLAND,55102,31149,16195,5334,2424
2024,2024-08-05,PERRY,30300,20318,6093,2997,892
2024,2024-08-05,PHILADELPHIA,1055122,123236,777542,126811,27533
2024,2024-08-05,PIKE,44971,21480,13661,7401,2429
2024,2024-08-05,POTTER,10982,7909,1853,920,300
2024,2024-08-05,SCHUYLKILL,89076,50277,26464,8385,3950
2024,2024-08-05,SNYDER,22734,15249,4715,2061,709
2024,2024-08-05,SOMERSET,48521,32051,11433,4187,850
2024,2024-08-05,SULLIVAN,4435,2763,1145,351,176
2024,2024-08-05,SUSQUEHANNA,26613,16592,6337,2505,1179
2024,2024-08-05,TIOGA,26336,17635,5175,2694,832
2024,2024-08-05,UNION,25418,13817,7545,3029,1027
2024,2024-08-05,VENANGO,32213,19403,8483,3033,1294
2024,2024-08-05,WARREN,26131,15317,6835,2561,1418
2024,2024-08-05,WASHINGTON,143666,69671,55464,14536,3995
2024,2024-08-05,WAYNE,35858,20796,9139,4800,1123
2024,2024-08-05,WESTMORELAND,247662,126067,90378,21354,9863
2024,2024-08-05,WYOMING,17737,10826,4734,1486,691
2024,2024-08-05,YORK,317537,164780,97282,46195,9280
2024,2024-08-05,TOTALS,8815619,3541604,3899599,1029758,344658
2024,2024-11-11,ADAMS,75925,43875,19452,9618,2980
2024,2024-11-11,ALLEGHENY,952666,274206,526301,111072,41087
2024,2024-11-11,ARMSTRONG,44667,27980,11419,3610,1658
2024,2024-11-11,BEAVER,117419,52306,48268,11701,5144
2024,2024-11-11,BEDFORD,33806,24911,5674,2267,954
2024,2024-11-11,BERKS,276788,118827,108987,37686,11288
2024,2024-11-11,BLAIR,81279,50668,20005,7808,2798
2024,2024-11-11,BRADFORD,39313,25718,8278,3663,1654
2024,2024-11-11,BUCKS,493571,206576,200687,65295,21013
2024,2024-11-11,BUTLER,145724,83904,40515,15601,5704
2024,2024-11-11,CAMBRIA,88510,46871,31714,7669,2256
2024,2024-11-11,CAMERON,3010,1906,725,237,142
2024,2024-11-11,CARBON,45993,23761,14781,5401,2050
2024,2024-11-11,CENTRE,109862,44285,45263,16551,3763
2024,2024-11-11,CHESTER,396293,157289,163381,55457,20166
2024,2024-11-11,CLARION,24439,15906,5683,2117,733
2024,2024-11-11,CLEARFIELD,50073,31356,12762,4033,1922
2024,2024-11-11,CLINTON,23035,13453,6486,2292,804
2024,2024-11-11,COLUMBIA,41489,22578,12481,4837,1593
2024,2024-11-11,CRAWFORD,55147,32560,15591,4977,2019
2024,2024-11-11,CUMBERLAND,187337,91465,63213,25291,7368
2024,2024-11-11,DAUPHIN,203742,78807,88555,28376,8004
2024,2024-11-11,DELAWARE,424374,151042,209161,46345,17826
2024,2024-11-11,ELK,20835,12151,6205,1657,822
2024,2024-11-11,ERIE,183050,73059,81828,20624,7539
2024,2024-11-11,FAYETTE,82143,41144,32208,6515,2276
2024,2024-11-11,FOREST,3264,2053,829,252,130
2024,2024-11-11,FRANKLIN,104957,64814,24012,12535,3596
2024,2024-11-11,FULTON,9880,7335,1498,774,273
2024,2024-11-11,GREENE,22558,12100,8132,1661,665
2024,2024-11-11,HUNTINGDON,28728,19200,6494,2376,658
2024,2024-11-11,INDIANA,51732,29537,15402,4940,1853
2024,2024-11-11,JEFFERSON,28795,19749,5805,2246,995
2024,2024-11-11,JUNIATA,14352,10126,2741,1135,350
2024,2024-11-11,LACKAWANNA,150971,52323,79204,15889,3555
2024,2024-11-11,LANCASTER,365955,187120,114754,46806,17275
2024,2024-11-11,LAWRENCE,58475,30133,20882,5390,2070
2024,2024-11-11,LEBANON,95832,53494,26678,11658,4002
2024,2024-11-11,LEHIGH,258819,91635,115330,43864,7990
2024,2024-11-11,LUZERNE,209727,91448,88766,23378,6135
2024,2024-11-11,LYCOMING,73978,44586,19046,7400,2946
2024,2024-11-11,McKEAN,25759,16350,5634,2670,1105
2024,2024-11-11,MERCER,74014,38833,24809,8184,2188
2024,2024-11-11,MIFFLIN,27070,18559,5517,2367,627
2024,2024-11-11,MONROE,120056,43711,51318,19275,5752
2024,2024-11-11,MONTGOMERY,632708,214739,311196,77108,29665
2024,2024-11-11,MONTOUR,12587,6699,3904,1576,408
2024,2024-11-11,NORTHAMPTON,235296,87692,99670,37372,10562
2024,2024-11-11,NORTHUMBERLAND,57043,32577,16364,5681,2421
2024,2024-11-11,PERRY,31264,21073,6137,3155,899
2024,2024-11-11,PHILADELPHIA,1117381,136148,808580,144086,28567
2024,2024-11-11,PIKE,47186,22794,14103,7862,2427
2024,2024-11-11,POTTER,11268,8166,1845,963,294
2024,2024-11-11,SCHUYLKILL,92660,52928,26695,9058,3979
2024,2024-11-11,SNYDER,24144,16112,5003,2302,727
2024,2024-11-11,SOMERSET,49836,33247,11399,4315,875
2024,2024-11-11,SULLIVAN,4570,2871,1145,373,181
2024,2024-11-11,SUSQUEHANNA,27725,17444,6420,2658,1203
2024,2024-11-11,TIOGA,27188,18308,5214,2817,849
2024,2024-11-11,UNION,27694,14826,8292,3489,1087
2024,2024-11-11,VENANGO,33276,20249,8520,3206,1301
2024,2024-11-11,WARREN,26868,15831,6907,2710,1420
2024,2024-11-11,WASHINGTON,148812,73410,55897,15483,4022
2024,2024-11-11,WAYNE,37371,21928,9262,5044,1137
2024,2024-11-11,WESTMORELAND,255638,131879,91153,22698,9908
2024,2024-11-11,WYOMING,18419,11348,4773,1590,708
2024,2024-11-11,YORK,330857,172121,99685,49678,9373
2024,2024-11-11,TOTALS,9175203,3712100,3998638,1116724,347741
2024,2024-11-25,ADAMS,75935,43883,19453,9619,2980
2024,2024-11-25,ALLEGHENY,952690,274213,526313,111074,41090
2024,2024-11-25,ARMSTRONG,44714,28049,11382,3624,1659
2024,2024-11-25,BEAVER,117420,52308,48266,11702,5144
2024,2024-11-25,BEDFORD,33795,24905,5670,2266,954
2024,2024-11-25,BERKS,276791,118829,108986,37688,11288
2024,2024-11-25,BLAIR,81235,50640,19991,7807,2797
2024,2024-11-25,BRADFORD,39367,25761,8281,3673,1652
2024,2024-11-25,BUCKS,493579,206580,200690,65295,21014
2024,2024-11-25,BUTLER,145742,83915,40518,15604,5705
2024,2024-11-25,CAMBRIA,88510,46870,31715,7669,2256
2024,2024-11-25,CAMERON,3010,1906,725,237,142
2024,2024-11-25,CARBON,45947,23734,14766,5397,2050
2024,2024-11-25,CENTRE,109863,44286,45263,16551,3763
2024,2024-11-25,CHESTER,396417,157319,163431,55493,20174
2024,2024-11-25,CLARION,24441,15906,5684,2118,733
2024,2024-11-25,CLEARFIELD,50164,31465,12734,4052,1913
2024,2024-11-25,CLINTON,23036,13453,6487,2292,804
2024,2024-11-25,COLUMBIA,41489,22578,12481,4837,1593
2024,2024-11-25,CRAWFORD,55146,32559,15591,4977,2019
2024,2024-11-25,CUMBERLAND,187339,91460,63212,25298,7369
2024,2024-11-25,DAUPHIN,203742,78802,88555,28381,8004
2024,2024-11-25,DELAWARE,424377,151043,209160,46348,17826
2024,2024-11-25,ELK,20875,12177,6200,1673,825
2024,2024-11-25,ERIE,182993,73041,81791,20625,7536
2024,2024-11-25,FAYETTE,82142,41145,32205,6515,2277
2024,2024-11-25,FOREST,3264,2053,829,252,130
2024,2024-11-25,FRANKLIN,104966,64821,24013,12536,3596
2024,2024-11-25,FULTON,9880,7335,1498,774,273
2024,2024-11-25,GREENE,22557,12100,8131,1661,665
2024,2024-11-25,HUNTINGDON,28728,19200,6494,2376,658
2024,2024-11-25,INDIANA,51842,29616,15391,4977,1858
2024,2024-11-25,JEFFERSON,28787,19743,5803,2246,995
2024,2024-11-25,JUNIATA,14082,10019,2637,1090,336
2024,2024-11-25,LACKAWANNA,150975,52325,79206,15889,3555
2024,2024-11-25,LANCASTER,365972,187121,114764,46813,17274
2024,2024-11-25,LAWRENCE,58475,30133,20882,5390,2070
2024,2024-11-25,LEBANON,95784,53468,26659,11655,4002
2024,2024-11-25,LEHIGH,258841,91644,115336,43870,7991
2024,2024-11-25,LUZERNE,209728,91448,88766,23379,6135
2024,2024-11-25,LYCOMING,74190,44724,19058,7457,2951
2024,2024-11-25,McKEAN,25759,16350,5634,2670,1105
2024,2024-11-25,MERCER,74015,38833,24809,8185,2188
2024,2024-11-25,MIFFLIN,27082,18566,5517,2371,628
2024,2024-11-25,MONROE,120058,43712,51318,19275,5753
2024,2024-11-25,MONTGOMERY,632710,214741,311195,77109,29665
2024,2024-11-25,MONTOUR,12595,6707,3904,1576,408
2024,2024-11-25,NORTHAMPTON,235298,87693,99671,37372,10562
2024,2024-11-25,NORTHUMBERLAND,57047,32580,16364,5682,2421
2024,2024-11-25,PERRY,31264,21073,6137,3155,899
2024,2024-11-25,PHILADELPHIA,1117378,136150,808576,144085,28567
2024,2024-11-25,PIKE,47186,22794,14103,7862,2427
2024,2024-11-25,POTTER,11291,8196,1840,960,295
2024,2024-11-25,SCHUYLKILL,92661,52928,26696,9058,3979
2024,2024-11-25,SNYDER,24147,16113,5005,2302,727
2024,2024-11-25,SOMERSET,49835,33246,11399,4315,875
2024,2024-11-25,SULLIVAN,4570,2871,1145,373,181
2024,2024-11-25,SUSQUEHANNA,27743,17459,6413,2665,1206
2024,2024-11-25,TIOGA,27187,18308,5214,2816,849
2024,2024-11-25,UNION,27694,14826,8292,3489,1087
2024,2024-11-25,VENANGO,33278,20249,8520,3208,1301
2024,2024-11-25,WARREN,26868,15831,6907,2710,1420
2024,2024-11-25,WASHINGTON,148818,73412,55899,15485,4022
2024,2024-11-25,WAYNE,37414,21980,9245,5054,1135
2024,2024-11-25,WESTMORELAND,255644,131882,91155,22699,9908
2024,2024-11-25,WYOMING,18419,11348,4773,1590,708
2024,2024-11-25,YORK,330854,172120,99683,49678,9373
2024,2024-11-25,TOTALS,9175645,3712545,3998431,1116924,347745
2024,2024-12-09,ADAMS,76171,44053,19428,9707,2983
2024,2024-12-09,ALLEGHENY,952695,274214,526316,111075,41090
2024,2024-12-09,ARMSTRONG,44615,27994,11348,3620,1653
2024,2024-12-09,BEAVER,117355,52285,48227,11700,5143
2024,2024-12-09,BEDFORD,32869,24426,5418,2120,905
2024,2024-12-09,BERKS,276791,118829,108986,37688,11288
2024,2024-12-09,BLAIR,81500,50837,19970,7888,2805
2024,2024-12-09,BRADFORD,39475,25832,8279,3710,1654
2024,2024-12-09,BUCKS,493578,206580,200689,65295,21014
2024,2024-12-09,BUTLER,145745,83915,40519,15605,5706
2024,2024-12-09,CAMBRIA,88510,46870,31715,7669,2256
2024,2024-12-09,CAMERON,3008,1904,722,242,140
2024,2024-12-09,CARBON,46008,23773,14771,5413,2051
2024,2024-12-09,CENTRE,109902,44304,45269,16568,3761
2024,2024-12-09,CHESTER,396225,157248,163347,55467,20163
2024,2024-12-09,CLARION,24441,15906,5684,2118,733
2024,2024-12-09,CLEARFIELD,50151,31469,12714,4064,1904
2024,2024-12-09,CLINTON,23114,13521,6467,2322,804
2024,2024-12-09,COLUMBIA,41489,22578,12481,4837,1593
2024,2024-12-09,CRAWFORD,55160,32565,15588,4988,2019
2024,2024-12-09,CUMBERLAND,187341,91461,63212,25298,7370
2024,2024-12-09,DAUPHIN,204043,78941,88654,28455,7993
2024,2024-12-09,DELAWARE,424267,151014,209088,46341,17824
2024,2024-12-09,ELK,20869,12171,6195,1676,827
2024,2024-12-09,ERIE,182986,73037,81788,20625,7536
2024,2024-12-09,FAYETTE,82142,41145,32205,6515,2277
2024,2024-12-09,FOREST,3273,2058,827,258,130
2024,2024-12-09,FRANKLIN,104966,64821,24013,12536,3596
2024,2024-12-09,FULTON,9903,7355,1490,791,267
2024,2024-12-09,GREENE,22558,12100,8132,1661,665
2024,2024-12-09,HUNTINGDON,28728,19200,6494,2376,658
2024,2024-12-09,INDIANA,51764,29598,15344,4967,1855
2024,2024-12-09,JEFFERSON,28849,19805,5786,2254,1004
2024,2024-12-09,JUNIATA,14066,10014,2627,1089,336
2024,2024-12-09,LACKAWANNA,151050,52412,79140,15943,3555
2024,2024-12-09,LANCASTER,365973,187120,114765,46813,17275
2024,2024-12-09,LAWRENCE,58425,30133,20836,5388,2068
2024,2024-12-09,LEBANON,95949,53574,26621,11759,3995
2024,2024-12-09,LEHIGH,258842,91644,115336,43871,7991
2024,2024-12-09,LUZERNE,209727,91448,88766,23378,6135
2024,2024-12-09,LYCOMING,72006,43867,18285,7060,2794
2024,2024-12-09,McKEAN,25818,16397,5635,2685,1101
2024,2024-12-09,MERCER,74017,38833,24810,8186,2188
2024,2024-12-09,MIFFLIN,27130,18603,5516,2384,627
2024,2024-12-09,MONROE,119857,43640,51226,19248,5743
2024,2024-12-09,MONTGOMERY,633263,215058,311000,77584,29621
2024,2024-12-09,MONTOUR,12595,6709,3894,1583,409
2024,2024-12-09,NORTHAMPTON,235489,87803,99599,37524,10563
2024,2024-12-09,NORTHUMBERLAND,55125,31832,15658,5347,2288
2024,2024-12-09,PERRY,31262,21072,6136,3155,899
2024,2024-12-09,PHILADELPHIA,1117273,136131,808503,144076,28563
2024,2024-12-09,PIKE,47357,22901,14133,7907,2416
2024,2024-12-09,POTTER,11290,8195,1838,960,297
2024,2024-12-09,SCHUYLKILL,92663,52929,26697,9058,3979
2024,2024-12-09,SNYDER,24101,16094,4982,2300,725
2024,2024-12-09,SOMERSET,49774,33227,11363,4311,873
2024,2024-12-09,SULLIVAN,4572,2873,1146,372,181
2024,2024-12-09,SUSQUEHANNA,27744,17483,6388,2674,1199
2024,2024-12-09,TIOGA,27262,18362,5211,2842,847
2024,2024-12-09,UNION,27614,14794,8258,3477,1085
2024,2024-12-09,VENANGO,33352,20331,8497,3228,1296
2024,2024-12-09,WARREN,26868,15831,6907,2710,1420
2024,2024-12-09,WASHINGTON,148798,73430,55848,15503,4017
2024,2024-12-09,WAYNE,35820,21292,8728,4745,1055
2024,2024-12-09,WESTMORELAND,255831,132038,91136,22751,9906
2024,2024-12-09,WYOMING,18266,11291,4701,1577,697
2024,2024-12-09,YORK,330853,172120,99682,49678,9373
2024,2024-12-09,TOTALS,9170523,3711290,3995034,1117015,347184
2024,2024-12-23,ADAMS,74348,43264,18820,9378,2886
2024,2024-12-23,ALLEGHENY,952704,274215,526321,111076,41092
2024,2024-12-23,ARMSTRONG,43450,27477,10934,3452,1587
2024,2024-12-23,BEAVER,113950,51190,46745,11173,4842
2024,2024-12-23,BEDFORD,32914,24478,5408,2128,900
2024,2024-12-23,BERKS,266377,116028,103858,35845,10646
2024,2024-12-23,BLAIR,81179,50695,19848,7844,2792
2024,2024-12-23,BRADFORD,38138,25206,7887,3517,1528
2024,2024-12-23,BUCKS,478295,201914,193018,63410,19953
2024,2024-12-23,BUTLER,141278,82040,38922,14981,5335
2024,2024-12-23,CAMBRIA,88529,46974,31582,7732,2241
2024,2024-12-23,CAMERON,2908,1860,686,225,137
2024,2024-12-23,CARBON,44649,23301,14167,5245,1936
2024,2024-12-23,CENTRE,101870,42165,41460,15489,2756
2024,2024-12-23,CHESTER,381522,151989,157037,53569,18927
2024,2024-12-23,CLARION,23329,15434,5284,1958,653
2024,2024-12-23,CLEARFIELD,49293,31084,12420,3959,1830
2024,2024-12-23,CLINTON,22319,13187,6178,2191,763
2024,2024-12-23,COLUMBIA,40135,22185,11870,4560,1520
2024,2024-12-23,CRAWFORD,52791,31653,14630,4636,1872
2024,2024-12-23,CUMBERLAND,178191,87918,59659,23871,6743
2024,2024-12-23,DAUPHIN,194481,76263,83749,27102,7367
2024,2024-12-23,DELAWARE,406166,145861,199523,44547,16235
2024,2024-12-23,ELK,20447,12010,6012,1632,793
2024,2024-12-23,ERIE,173287,70110,77156,19182,6839
2024,2024-12-23,FAYETTE,78995,40168,30636,6082,2109
2024,2024-12-23,FOREST,3157,1997,789,251,120
2024,2024-12-23,FRANKLIN,105235,65024,23964,12633,3614
2024,2024-12-23,FULTON,9870,7331,1485,787,267
2024,2024-12-23,GREENE,21569,11695,7747,1526,601
2024,2024-12-23,HUNTINGDON,27713,18761,6102,2250,600
2024,2024-12-23,INDIANA,49092,28643,14349,4398,1702
2024,2024-12-23,JEFFERSON,27925,19342,5503,2132,948
2024,2024-12-23,JUNIATA,14060,10010,2623,1091,336
2024,2024-12-23,LACKAWANNA,146607,51292,76642,15308,3365
2024,2024-12-23,LANCASTER,355706,183588,110460,45160,16498
2024,2024-12-23,LAWRENCE,57019,29699,20149,5207,1964
2024,2024-12-23,LEBANON,92500,52424,25168,11080,3828
2024,2024-12-23,LEHIGH,247795,89046,109592,41761,7396
2024,2024-12-23,LUZERNE,210024,91633,88767,23489,6135
2024,2024-12-23,LYCOMING,72007,43875,18268,7069,2795
2024,2024-12-23,McKEAN,25854,16434,5616,2707,1097
2024,2024-12-23,MERCER,74018,38834,24810,8186,2188
2024,2024-12-23,MIFFLIN,26869,18466,5427,2353,623
2024,2024-12-23,MONROE,112731,41756,47750,18069,5156
2024,2024-12-23,MONTGOMERY,611560,209095,299762,74687,28016
2024,2024-12-23,MONTOUR,11937,6454,3667,1451,365
2024,2024-12-23,NORTHAMPTON,226569,85587,95089,35932,9961
2024,2024-12-23,NORTHUMBERLAND,55223,31896,15618,5416,2293
2024,2024-12-23,PERRY,30642,20767,5944,3076,855
2024,2024-12-23,PHILADELPHIA,1061525,130231,768992,136515,25787
2024,2024-12-23,PIKE,47510,23010,14119,7970,2411
2024,2024-12-23,POTTER,11057,8075,1788,917,277
2024,2024-12-23,SCHUYLKILL,90494,52152,25759,8792,3791
2024,2024-12-23,SNYDER,23777,15987,4877,2236,677
2024,2024-12-23,SOMERSET,49810,33294,11324,4320,872
2024,2024-12-23,SULLIVAN,4398,2800,1085,347,166
2024,2024-12-23,SUSQUEHANNA,27524,17359,6316,2663,1186
2024,2024-12-23,TIOGA,26243,17842,4936,2668,797
2024,2024-12-23,UNION,26200,14445,7677,3086,992
2024,2024-12-23,VENANGO,32633,20027,8227,3129,1250
2024,2024-12-23,WARREN,25024,15044,6374,2375,1231
2024,2024-12-23,WASHINGTON,144399,71900,53806,14897,3796
2024,2024-12-23,WAYNE,35820,21297,8720,4752,1051
2024,2024-12-23,WESTMORELAND,249869,129855,88434,22078,9502
2024,2024-12-23,WYOMING,18242,11277,4696,1571,698
2024,2024-12-23,YORK,330827,172103,99677,49675,9372
2024,2024-12-23,TOTALS,8902579,3639016,3855908,1078794,328861
2025,2025-01-13,ADAMS,74391,43278,18823,9413,2877
2025,2025-01-13,ALLEGHENY,952655,274205,526287,111071,41092
2025,2025-01-13,ARMSTRONG,43452,27485,10921,3464,1582
2025,2025-01-13,BEAVER,114050,51338,46602,11273,4837
2025,2025-01-13,BEDFORD,32913,24478,5404,2133,898
2025,2025-01-13,BERKS,267869,116843,103900,36458,10668
2025,2025-01-13,BLAIR,81172,50690,19834,7853,2795
2025,2025-01-13,BRADFORD,38172,25231,7882,3531,1528
2025,2025-01-13,BUCKS,478993,202253,192881,63952,19907
2025,2025-01-13,BUTLER,141122,82022,38796,14976,5328
2025,2025-01-13,CAMBRIA,85966,46127,30313,7406,2120
2025,2025-01-13,CAMERON,2908,1860,686,225,137
2025,2025-01-13,CARBON,44654,23336,14119,5277,1922
2025,2025-01-13,CENTRE,101729,42126,41376,15473,2754
2025,2025-01-13,CHESTER,381821,152061,157017,53821,18922
2025,2025-01-13,CLARION,23385,15490,5280,1961,654
2025,2025-01-13,CLEARFIELD,49296,31096,12396,3974,1830
2025,2025-01-13,CLINTON,22328,13194,6172,2199,763
2025,2025-01-13,COLUMBIA,40103,22182,11829,4564,1528
2025,2025-01-13,CRAWFORD,52688,31604,14577,4638,1869
2025,2025-01-13,CUMBERLAND,178759,88130,59729,24152,6748
2025,2025-01-13,DAUPHIN,194466,76266,83657,27189,7354
2025,2025-01-13,DELAWARE,406371,145946,199310,44918,16197
2025,2025-01-13,ELK,20450,12021,5999,1633,797
2025,2025-01-13,ERIE,173833,70456,77118,19423,6836
2025,2025-01-13,FAYETTE,79270,40441,30540,6188,2101
2025,2025-01-13,FOREST,3166,2002,790,254,120
2025,2025-01-13,FRANKLIN,102032,63661,22891,12067,3413
2025,2025-01-13,FULTON,9877,7341,1483,786,267
2025,2025-01-13,GREENE,21660,11773,7743,1545,599
2025,2025-01-13,HUNTINGDON,27751,18783,6109,2256,603
2025,2025-01-13,INDIANA,49097,28644,14341,4409,1703
2025,2025-01-13,JEFFERSON,27918,19356,5477,2139,946
2025,2025-01-13,JUNIATA,14075,10017,2625,1097,336
2025,2025-01-13,LACKAWANNA,146565,51280,76567,15348,3370
2025,2025-01-13,LANCASTER,355209,183300,110115,45337,16457
2025,2025-01-13,LAWRENCE,57123,29783,20130,5248,1962
2025,2025-01-13,LEBANON,92409,52376,25128,11079,3826
2025,2025-01-13,LEHIGH,249022,89641,109590,42356,7435
2025,2025-01-13,LUZERNE,203027,89892,84836,22644,5655
2025,2025-01-13,LYCOMING,72061,43909,18259,7101,2792
2025,2025-01-13,McKEAN,24803,15957,5294,2543,1009
2025,2025-01-13,MERCER,71616,38052,23657,7862,2045
2025,2025-01-13,MIFFLIN,26870,18470,5422,2358,620
2025,2025-01-13,MONROE,113474,42072,47799,18427,5176
2025,2025-01-13,MONTGOMERY,612504,209366,299907,75257,27974
2025,2025-01-13,MONTOUR,11900,6424,3660,1448,368
2025,2025-01-13,NORTHAMPTON,226141,85454,94801,35969,9917
2025,2025-01-13,NORTHUMBERLAND,55207,31893,15608,5418,2288
2025,2025-01-13,PERRY,30724,20814,5949,3104,857
2025,2025-01-13,PHILADELPHIA,1063976,131445,768776,137891,25864
2025,2025-01-13,PIKE,45116,22077,13196,7636,2207
2025,2025-01-13,POTTER,11060,8077,1787,919,277
2025,2025-01-13,SCHUYLKILL,90706,52340,25712,8877,3777
2025,2025-01-13,SNYDER,23823,16020,4879,2242,682
2025,2025-01-13,SOMERSET,48189,32520,10799,4076,794
2025,2025-01-13,SULLIVAN,4388,2797,1080,346,165
2025,2025-01-13,SUSQUEHANNA,27527,17364,6303,2677,1183
2025,2025-01-13,TIOGA,26260,17848,4937,2674,801
2025,2025-01-13,UNION,26155,14424,7653,3087,991
2025,2025-01-13,VENANGO,32646,20033,8229,3134,1250
2025,2025-01-13,WARREN,25049,15069,6369,2383,1228
2025,2025-01-13,WASHINGTON,144313,71900,53724,14898,3791
2025,2025-01-13,WAYNE,35854,21326,8724,4757,1047
2025,2025-01-13,WESTMORELAND,249677,129789,88286,22121,9481
2025,2025-01-13,WYOMING,18277,11302,4695,1587,693
2025,2025-01-13,YORK,316148,166189,94115,47138,8706
2025,2025-01-13,TOTALS,8876211,3630939,3838893,1079660,326719
2025,2025-02-03,ADAMS,74542,43362,18828,9476,2876
2025,2025-02-03,ALLEGHENY,909944,265053,501380,105414,38097
2025,2025-02-03,ARMSTRONG,43472,27496,10914,3477,1585
2025,2025-02-03,BEAVER,113926,51324,46501,11272,4829
2025,2025-02-03,BEDFORD,32903,24482,5381,2144,896
2025,2025-02-03,BERKS,267654,116748,103734,36528,10644
2025,2025-02-03,BLAIR,81103,50650,19784,7878,2791
2025,2025-02-03,BRADFORD,38214,25254,7879,3551,1530
2025,2025-02-03,BUCKS,479134,202349,192691,64240,19854
2025,2025-02-03,BUTLER,141207,82073,38769,15037,5328
2025,2025-02-03,CAMBRIA,85838,46081,30230,7411,2116
2025,2025-02-03,CAMERON,2909,1862,685,225,137
2025,2025-02-03,CARBON,44720,23375,14116,5300,1929
2025,2025-02-03,CENTRE,101746,42153,41327,15507,2759
2025,2025-02-03,CHESTER,381533,151967,156746,53941,18879
2025,2025-02-03,CLARION,23385,15511,5248,1970,656
2025,2025-02-03,CLEARFIELD,49295,31102,12368,3997,1828
2025,2025-02-03,CLINTON,22341,13204,6164,2210,763
2025,2025-02-03,COLUMBIA,40179,22236,11828,4582,1533
2025,2025-02-03,CRAWFORD,52769,31659,14580,4659,1871
2025,2025-02-03,CUMBERLAND,178893,88216,59709,24226,6742
2025,2025-02-03,DAUPHIN,194767,76373,83705,27337,7352
2025,2025-02-03,DELAWARE,406899,145986,199556,45180,16177
2025,2025-02-03,ELK,20450,12030,5985,1638,797
2025,2025-02-03,ERIE,173853,70493,77034,19483,6843
2025,2025-02-03,FAYETTE,79282,40502,30458,6220,2102
2025,2025-02-03,FOREST,3168,2007,787,254,120
2025,2025-02-03,FRANKLIN,102238,63757,22902,12164,3415
2025,2025-02-03,FULTON,9877,7336,1481,794,266
2025,2025-02-03,GREENE,21629,11762,7727,1542,598
2025,2025-02-03,HUNTINGDON,27796,18826,6108,2259,603
2025,2025-02-03,INDIANA,49101,28658,14327,4414,1702
2025,2025-02-03,JEFFERSON,27937,19368,5472,2150,947
2025,2025-02-03,JUNIATA,14091,10033,2619,1100,339
2025,2025-02-03,LACKAWANNA,146752,51402,76567,15410,3373
2025,2025-02-03,LANCASTER,355734,183483,110180,45612,16459
2025,2025-02-03,LAWRENCE,57088,29776,20075,5275,1962
2025,2025-02-03,LEBANON,92462,52391,25106,11128,3837
2025,2025-02-03,LEHIGH,248831,89599,109411,42398,7423
2025,2025-02-03,LUZERNE,202850,89903,84555,22726,5666
2025,2025-02-03,LYCOMING,72110,43948,18233,7137,2792
2025,2025-02-03,McKEAN,24804,15957,5294,2543,1010
2025,2025-02-03,MERCER,71618,38113,23560,7899,2046
2025,2025-02-03,MIFFLIN,26887,18485,5417,2366,619
2025,2025-02-03,MONROE,113655,42174,47806,18501,5174
2025,2025-02-03,MONTGOMERY,613253,209421,300088,75794,27950
2025,2025-02-03,MONTOUR,11893,6425,3656,1442,370
2025,2025-02-03,NORTHAMPTON,226554,85610,94851,36160,9933
2025,2025-02-03,NORTHUMBERLAND,55224,31909,15587,5447,2281
2025,2025-02-03,PERRY,30731,20819,5950,3102,860
2025,2025-02-03,PHILADELPHIA,1065281,131828,768513,138994,25946
2025,2025-02-03,PIKE,45207,22118,13203,7674,2212
2025,2025-02-03,POTTER,11057,8080,1775,924,278
2025,2025-02-03,SCHUYLKILL,90833,52427,25687,8925,3794
2025,2025-02-03,SNYDER,23776,15991,4866,2239,680
2025,2025-02-03,SOMERSET,48173,32533,10760,4084,796
2025,2025-02-03,SULLIVAN,4402,2800,1085,352,165
2025,2025-02-03,SUSQUEHANNA,27535,17359,6305,2692,1179
2025,2025-02-03,TIOGA,26290,17858,4937,2696,799
2025,2025-02-03,UNION,26171,14436,7652,3094,989
2025,2025-02-03,VENANGO,32647,20036,8209,3149,1253
2025,2025-02-03,WARREN,25053,15072,6369,2380,1232
2025,2025-02-03,WASHINGTON,144321,71957,53633,14944,3787
2025,2025-02-03,WAYNE,35896,21352,8721,4772,1051
2025,2025-02-03,WESTMORELAND,249718,129850,88209,22195,9464
2025,2025-02-03,WYOMING,18281,11316,4676,1594,695
2025,2025-02-03,YORK,317053,166525,94035,47790,8703
2025,2025-02-03,TOTALS,8838935,3624241,3811994,1079018,323682
2025,2025-02-17,ADAMS,74596,43384,18837,9505,2870
2025,2025-02-17,ALLEGHENY,909057,264878,500178,106013,37988
2025,2025-02-17,ARMSTRONG,43486,27513,10909,3479,1585
2025,2025-02-17,BEAVER,114031,51387,46503,11302,4839
2025,2025-02-17,BEDFORD,32921,24491,5384,2150,896
2025,2025-02-17,BERKS,267783,116796,103722,36631,10634
2025,2025-02-17,BLAIR,81090,50640,19774,7888,2788
2025,2025-02-17,BRADFORD,38233,25275,7864,3560,1534
2025,2025-02-17,BUCKS,479100,202394,192525,64374,19807
2025,2025-02-17,BUTLER,141354,82173,38771,15094,5316
2025,2025-02-17,CAMBRIA,85857,46128,30193,7421,2115
2025,2025-02-17,CAMERON,2910,1864,681,228,137
2025,2025-02-17,CARBON,44721,23393,14092,5310,1926
2025,2025-02-17,CENTRE,101743,42145,41313,15521,2764
2025,2025-02-17,CHESTER,381439,151900,156646,54031,18862
2025,2025-02-17,CLARION,23403,15533,5238,1974,658
2025,2025-02-17,CLEARFIELD,49288,31105,12355,4007,1821
2025,2025-02-17,CLINTON,22348,13204,6159,2223,762
2025,2025-02-17,COLUMBIA,40193,22237,11829,4594,1533
2025,2025-02-17,CRAWFORD,52758,31663,14567,4658,1870
2025,2025-02-17,CUMBERLAND,178982,88220,59695,24332,6735
2025,2025-02-17,DAUPHIN,194814,76362,83695,27410,7347
2025,2025-02-17,DELAWARE,406764,145882,199477,45242,16163
2025,2025-02-17,ELK,20445,12026,5987,1636,796
2025,2025-02-17,ERIE,173822,70491,76956,19536,6839
2025,2025-02-17,FAYETTE,79304,40535,30422,6240,2107
2025,2025-02-17,FOREST,3173,2014,784,255,120
2025,2025-02-17,FRANKLIN,102298,63789,22898,12193,3418
2025,2025-02-17,FULTON,9891,7346,1483,795,267
2025,2025-02-17,GREENE,21652,11780,7724,1548,600
2025,2025-02-17,HUNTINGDON,27770,18811,6100,2257,602
2025,2025-02-17,INDIANA,49102,28651,14320,4427,1704
2025,2025-02-17,JEFFERSON,27978,19396,5477,2157,948
2025,2025-02-17,JUNIATA,14081,10028,2616,1097,340
2025,2025-02-17,LACKAWANNA,146779,51445,76512,15447,3375
2025,2025-02-17,LANCASTER,355858,183462,110170,45778,16448
2025,2025-02-17,LAWRENCE,57091,29794,20033,5302,1962
2025,2025-02-17,LEBANON,92457,52393,25088,11139,3837
2025,2025-02-17,LEHIGH,249018,89642,109430,42529,7417
2025,2025-02-17,LUZERNE,202878,89977,84439,22791,5671
2025,2025-02-17,LYCOMING,72084,43930,18217,7148,2789
2025,2025-02-17,McKEAN,24819,15967,5294,2548,1010
2025,2025-02-17,MERCER,71627,38113,23540,7920,2054
2025,2025-02-17,MIFFLIN,26887,18486,5407,2373,621
2025,2025-02-17,MONROE,113703,42189,47812,18535,5167
2025,2025-02-17,MONTGOMERY,613278,209381,299980,75996,27921
2025,2025-02-17,MONTOUR,11885,6418,3651,1445,371
2025,2025-02-17,NORTHAMPTON,226619,85659,94788,36234,9938
2025,2025-02-17,NORTHUMBERLAND,55201,31894,15573,5451,2283
2025,2025-02-17,PERRY,30751,20823,5952,3112,864
2025,2025-02-17,PHILADELPHIA,1065632,131886,768466,139315,25965
2025,2025-02-17,PIKE,45232,22145,13191,7691,2205
2025,2025-02-17,POTTER,11049,8077,1772,920,280
2025,2025-02-17,SCHUYLKILL,90846,52470,25647,8937,3792
2025,2025-02-17,SNYDER,23793,15998,4870,2242,683
2025,2025-02-17,SOMERSET,48206,32561,10757,4095,793
2025,2025-02-17,SULLIVAN,4393,2796,1080,352,165
2025,2025-02-17,SUSQUEHANNA,27518,17348,6298,2694,1178
2025,2025-02-17,TIOGA,26274,17852,4925,2698,799
2025,2025-02-17,UNION,26179,14434,7655,3100,990
2025,2025-02-17,VENANGO,32637,20027,8208,3149,1253
2025,2025-02-17,WARREN,25051,15075,6363,2381,1232
2025,2025-02-17,WASHINGTON,144492,72055,53635,14995,3807
2025,2025-02-17,WAYNE,35905,21356,8713,4784,1052
2025,2025-02-17,WESTMORELAND,249925,129983,88199,22266,9477
2025,2025-02-17,WYOMING,18272,11321,4663,1595,693
2025,2025-02-17,YORK,317200,166591,94017,47895,8697
2025,2025-02-17,TOTALS,8839926,3624982,3809519,1081945,323480
2025,2025-03-03,ADAMS,74701,43449,18854,9528,2870
2025,2025-03-03,ALLEGHENY,907715,264446,499462,105914,37893
2025,2025-03-03,ARMSTRONG,43488,27532,10889,3483,1584
2025,2025-03-03,BEAVER,113996,51417,46453,11294,4832
2025,2025-03-03,BEDFORD,32931,24508,5374,2155,894
2025,2025-03-03,BERKS,267872,116837,103686,36719,10630
2025,2025-03-03,BLAIR,81083,50648,19753,7897,2785
2025,2025-03-03,BRADFORD,38242,25284,7863,3562,1533
2025,2025-03-03,BUCKS,479401,202483,192591,64545,19782
2025,2025-03-03,BUTLER,141314,82175,38732,15113,5294
2025,2025-03-03,CAMBRIA,85792,46102,30157,7421,2112
2025,2025-03-03,CAMERON,2911,1865,680,230,136
2025,2025-03-03,CARBON,44723,23398,14082,5314,1929
2025,2025-03-03,CENTRE,101680,42114,41283,15524,2759
2025,2025-03-03,CHESTER,381468,151873,156627,54125,18843
2025,2025-03-03,CLARION,23344,15502,5219,1968,655
2025,2025-03-03,CLEARFIELD,49291,31125,12349,3999,1818
2025,2025-03-03,CLINTON,22357,13220,6149,2230,758
2025,2025-03-03,COLUMBIA,40203,22260,11819,4595,1529
2025,2025-03-03,CRAWFORD,52763,31674,14549,4669,1871
2025,2025-03-03,CUMBERLAND,179069,88233,59693,24411,6732
2025,2025-03-03,DAUPHIN,194876,76351,83687,27505,7333
2025,2025-03-03,DELAWARE,407211,145844,199807,45411,16149
2025,2025-03-03,ELK,20441,12032,5981,1634,794
2025,2025-03-03,ERIE,173776,70514,76881,19541,6840
2025,2025-03-03,FAYETTE,79290,40578,30364,6246,2102
2025,2025-03-03,FOREST,3173,2015,783,254,121
2025,2025-03-03,FRANKLIN,102331,63811,22883,12221,3416
2025,2025-03-03,FULTON,9882,7339,1481,794,268
2025,2025-03-03,GREENE,21644,11786,7713,1545,600
2025,2025-03-03,HUNTINGDON,27793,18829,6097,2266,601
2025,2025-03-03,INDIANA,49085,28658,14285,4433,1709
2025,2025-03-03,JEFFERSON,27976,19410,5466,2150,950
2025,2025-03-03,JUNIATA,14089,10035,2614,1100,340
2025,2025-03-03,LACKAWANNA,146797,51467,76475,15477,3378
2025,2025-03-03,LANCASTER,356155,183576,110231,45905,16443
2025,2025-03-03,LAWRENCE,57086,29821,20006,5297,1962
2025,2025-03-03,LEBANON,92313,52363,25001,11126,3823
2025,2025-03-03,LEHIGH,249042,89646,109390,42583,7423
2025,2025-03-03,LUZERNE,202924,90043,84367,22845,5669
2025,2025-03-03,LYCOMING,72068,43914,18205,7166,2783
2025,2025-03-03,McKEAN,24865,16001,5297,2558,1009
2025,2025-03-03,MERCER,71607,38123,23505,7922,2057
2025,2025-03-03,MIFFLIN,26901,18496,5405,2378,622
2025,2025-03-03,MONROE,113840,42267,47838,18581,5154
2025,2025-03-03,MONTGOMERY,613954,209450,300311,76297,27896
2025,2025-03-03,MONTOUR,11876,6418,3644,1441,373
2025,2025-03-03,NORTHAMPTON,226710,85733,94742,36293,9942
2025,2025-03-03,NORTHUMBERLAND,55219,31913,15559,5470,2277
2025,2025-03-03,PERRY,30755,20837,5949,3108,861
2025,2025-03-03,PHILADELPHIA,1063724,131464,767128,139256,25876
2025,2025-03-03,PIKE,45274,22164,13211,7700,2199
2025,2025-03-03,POTTER,11041,8068,1767,925,281
2025,2025-03-03,SCHUYLKILL,90881,52521,25617,8957,3786
2025,2025-03-03,SNYDER,23798,16003,4874,2245,676
2025,2025-03-03,SOMERSET,48227,32581,10757,4095,794
2025,2025-03-03,SULLIVAN,4389,2792,1081,353,163
2025,2025-03-03,SUSQUEHANNA,27525,17362,6290,2697,1176
2025,2025-03-03,TIOGA,26303,17859,4927,2716,801
2025,2025-03-03,UNION,26146,14417,7640,3101,988
2025,2025-03-03,VENANGO,32638,20032,8199,3157,1250
2025,2025-03-03,WARREN,25051,15083,6358,2383,1227
2025,2025-03-03,WASHINGTON,144448,72083,53555,15008,3802
2025,2025-03-03,WAYNE,35937,21376,8716,4794,1051
2025,2025-03-03,WESTMORELAND,249801,129971,88086,22282,9462
2025,2025-03-03,WYOMING,18269,11324,4655,1597,693
2025,2025-03-03,YORK,317266,166599,94006,47980,8681
2025,2025-03-03,TOTALS,8838741,3625114,3807098,1083489,323040
2025,2025-03-17,ADAMS,74725,43450,18847,9569,2859
2025,2025-03-17,ALLEGHENY,907625,264500,499242,106016,37867
2025,2025-03-17,ARMSTRONG,43513,27556,10880,3491,1586
2025,2025-03-17,BEAVER,114163,51546,46468,11319,4830
2025,2025-03-17,BEDFORD,32937,24522,5362,2162,891
2025,2025-03-17,BERKS,268046,116950,103658,36800,10638
2025,2025-03-17,BLAIR,81120,50686,19754,7907,2773
2025,2025-03-17,BRADFORD,38263,25305,7855,3570,1533
2025,2025-03-17,BUCKS,479313,202487,192492,64614,19720
2025,2025-03-17,BUTLER,141539,82312,38766,15174,5287
2025,2025-03-17,CAMBRIA,85822,46165,30129,7421,2107
2025,2025-03-17,CAMERON,2912,1869,681,230,132
2025,2025-03-17,CARBON,44739,23432,14050,5329,1928
2025,2025-03-17,CENTRE,101678,42119,41272,15535,2752
2025,2025-03-17,CHESTER,381587,151877,156642,54243,18825
2025,2025-03-17,CLARION,23375,15529,5213,1979,654
2025,2025-03-17,CLEARFIELD,49306,31161,12331,4002,1812
2025,2025-03-17,CLINTON,22362,13237,6139,2227,759
2025,2025-03-17,COLUMBIA,40182,22267,11789,4601,1525
2025,2025-03-17,CRAWFORD,52809,31703,14544,4690,1872
2025,2025-03-17,CUMBERLAND,179174,88226,59725,24493,6730
2025,2025-03-17,DAUPHIN,194944,76361,83665,27588,7330
2025,2025-03-17,DELAWARE,407311,145791,199867,45519,16134
2025,2025-03-17,ELK,20434,12040,5961,1641,792
2025,2025-03-17,ERIE,173739,70532,76823,19549,6835
2025,2025-03-17,FAYETTE,79328,40660,30304,6258,2106
2025,2025-03-17,FOREST,3172,2015,782,254,121
2025,2025-03-17,FRANKLIN,102391,63815,22889,12266,3421
2025,2025-03-17,FULTON,9882,7340,1481,793,268
2025,2025-03-17,GREENE,21645,11803,7693,1549,600
2025,2025-03-17,HUNTINGDON,27817,18842,6100,2274,601
2025,2025-03-17,INDIANA,49109,28675,14277,4448,1709
2025,2025-03-17,JEFFERSON,27997,19423,5466,2158,950
2025,2025-03-17,JUNIATA,14090,10037,2612,1102,339
2025,2025-03-17,LACKAWANNA,146811,51503,76419,15510,3379
2025,2025-03-17,LANCASTER,356133,183500,110217,46009,16407
2025,2025-03-17,LAWRENCE,57115,29861,19983,5308,1963
2025,2025-03-17,LEBANON,92023,52313,24833,11063,3814
2025,2025-03-17,LEHIGH,249211,89723,109413,42658,7417
2025,2025-03-17,LUZERNE,203041,90152,84308,22911,5670
2025,2025-03-17,LYCOMING,72069,43925,18188,7172,2784
2025,2025-03-17,McKEAN,24880,16014,5300,2557,1009
2025,2025-03-17,MERCER,71626,38142,23489,7936,2059
2025,2025-03-17,MIFFLIN,26919,18501,5402,2393,623
2025,2025-03-17,MONROE,113918,42343,47822,18605,5148
2025,2025-03-17,MONTGOMERY,613891,209380,300221,76421,27869
2025,2025-03-17,MONTOUR,11868,6411,3642,1442,373
2025,2025-03-17,NORTHAMPTON,226847,85813,94739,36376,9919
2025,2025-03-17,NORTHUMBERLAND,55259,31954,15546,5482,2277
2025,2025-03-17,PERRY,30762,20846,5941,3110,865
2025,2025-03-17,PHILADELPHIA,1063004,131305,766447,139417,25835
2025,2025-03-17,PIKE,45313,22173,13224,7719,2197
2025,2025-03-17,POTTER,11038,8075,1761,923,279
2025,2025-03-17,SCHUYLKILL,90924,52560,25601,8978,3785
2025,2025-03-17,SNYDER,23765,15990,4857,2246,672
2025,2025-03-17,SOMERSET,48177,32553,10741,4090,793
2025,2025-03-17,SULLIVAN,4386,2791,1078,352,165
2025,2025-03-17,SUSQUEHANNA,27529,17369,6289,2701,1170
2025,2025-03-17,TIOGA,26314,17868,4928,2716,802
2025,2025-03-17,UNION,26135,14409,7633,3108,985
2025,2025-03-17,VENANGO,32654,20057,8194,3157,1246
2025,2025-03-17,WARREN,25065,15094,6354,2392,1225
2025,2025-03-17,WASHINGTON,144619,72223,53548,15038,3810
2025,2025-03-17,WAYNE,35964,21401,8705,4802,1056
2025,2025-03-17,WESTMORELAND,250023,130124,88096,22334,9469
2025,2025-03-17,WYOMING,18283,11328,4664,1601,690
2025,2025-03-17,YORK,317509,166707,94010,48120,8672
2025,2025-03-17,TOTALS,8840124,3626641,3805352,1085418,322713
2025,2025-04-14,ADAMS,74826,43461,18891,9622,2852
2025,2025-04-14,ALLEGHENY,907876,264481,499218,106352,37825
2025,2025-04-14,ARMSTRONG,43484,27535,10852,3510,1587
2025,2025-04-14,BEAVER,114200,51635,46404,11344,4817
2025,2025-04-14,BEDFORD,32968,24550,5360,2167,891
2025,2025-04-14,BERKS,268464,117121,103642,37084,10617
2025,2025-04-14,BLAIR,81150,50728,19708,7949,2765
2025,2025-04-14,BRADFORD,38301,25337,7846,3586,1532
2025,2025-04-14,BUCKS,479425,202502,192490,64818,19615
2025,2025-04-14,BUTLER,141620,82367,38743,15238,5272
2025,2025-04-14,CAMBRIA,85841,46208,30064,7458,2111
2025,2025-04-14,CAMERON,2905,1869,678,228,130
2025,2025-04-14,CARBON,44803,23491,14027,5356,1929
2025,2025-04-14,CENTRE,101607,42062,41247,15554,2744
2025,2025-04-14,CHESTER,381893,151887,156761,54463,18782
2025,2025-04-14,CLARION,23373,15554,5191,1981,647
2025,2025-04-14,CLEARFIELD,49329,31207,12288,4019,1815
2025,2025-04-14,CLINTON,22377,13246,6132,2234,765
2025,2025-04-14,COLUMBIA,40202,22279,11794,4608,1521
2025,2025-04-14,CRAWFORD,52751,31686,14512,4686,1867
2025,2025-04-14,CUMBERLAND,179373,88243,59779,24631,6720
2025,2025-04-14,DAUPHIN,195272,76432,83763,27747,7330
2025,2025-04-14,DELAWARE,407454,145642,199932,45779,16101
2025,2025-04-14,ELK,20428,12041,5947,1648,792
2025,2025-04-14,ERIE,173886,70600,76816,19643,6827
2025,2025-04-14,FAYETTE,79341,40728,30227,6285,2101
2025,2025-04-14,FOREST,3175,2015,783,254,123
2025,2025-04-14,FRANKLIN,102593,63896,22902,12369,3426
2025,2025-04-14,FULTON,9924,7365,1487,804,268
2025,2025-04-14,GREENE,21638,11827,7663,1550,598
2025,2025-04-14,HUNTINGDON,27826,18855,6082,2292,597
2025,2025-04-14,INDIANA,49080,28681,14236,4460,1703
2025,2025-04-14,JEFFERSON,27989,19424,5453,2164,948
2025,2025-04-14,JUNIATA,14066,10035,2592,1101,338
2025,2025-04-14,LACKAWANNA,146985,51609,76396,15590,3390
2025,2025-04-14,LANCASTER,356890,183819,110379,46323,16369
2025,2025-04-14,LAWRENCE,57137,29884,19962,5333,1958
2025,2025-04-14,LEBANON,90275,51798,24107,10716,3654
2025,2025-04-14,LEHIGH,249336,89752,109392,42774,7418
2025,2025-04-14,LUZERNE,203159,90243,84230,23015,5671
2025,2025-04-14,LYCOMING,72088,43920,18176,7212,2780
2025,2025-04-14,McKEAN,24886,16022,5296,2559,1009
2025,2025-04-14,MERCER,71670,38174,23455,7979,2062
2025,2025-04-14,MIFFLIN,26954,18528,5402,2403,621
2025,2025-04-14,MONROE,114149,42423,47896,18690,5140
2025,2025-04-14,MONTGOMERY,614394,209342,300360,76901,27791
2025,2025-04-14,MONTOUR,11886,6420,3644,1449,373
2025,2025-04-14,NORTHAMPTON,227086,85893,94754,36550,9889
2025,2025-04-14,NORTHUMBERLAND,55271,31967,15533,5500,2271
2025,2025-04-14,PERRY,30770,20864,5934,3108,864
2025,2025-04-14,PHILADELPHIA,1063098,131012,766362,139867,25857
2025,2025-04-14,PIKE,45419,22205,13246,7769,2199
2025,2025-04-14,POTTER,11043,8080,1757,926,280
2025,2025-04-14,SCHUYLKILL,90981,52621,25553,9028,3779
2025,2025-04-14,SNYDER,23769,15983,4851,2260,675
2025,2025-04-14,SOMERSET,48255,32608,10727,4123,797
2025,2025-04-14,SULLIVAN,4390,2792,1081,354,163
2025,2025-04-14,SUSQUEHANNA,27568,17390,6296,2713,1169
2025,2025-04-14,TIOGA,26369,17905,4930,2730,804
2025,2025-04-14,UNION,26129,14404,7633,3108,984
2025,2025-04-14,VENANGO,32682,20073,8188,3181,1240
2025,2025-04-14,WARREN,25084,15115,6347,2395,1227
2025,2025-04-14,WASHINGTON,144746,72311,53538,15094,3803
2025,2025-04-14,WAYNE,36000,21422,8701,4822,1055
2025,2025-04-14,WESTMORELAND,250227,130338,87952,22480,9457
2025,2025-04-14,WYOMING,18292,11337,4661,1605,689
2025,2025-04-14,YORK,317857,166814,93992,48364,8687
2025,2025-04-14,TOTALS,8844285,3628058,3804241,1089905,322081
2025,2025-06-02,ADAMS,74907,43502,18923,9635,2847
2025,2025-06-02,ALLEGHENY,908027,264345,499722,106331,37629
2025,2025-06-02,ARMSTRONG,43461,27519,10845,3512,1585
2025,2025-06-02,BEAVER,114131,51648,46346,11343,4794
2025,2025-06-02,BEDFORD,32959,24556,5346,2168,889
2025,2025-06-02,BERKS,268849,117251,103769,37248,10581
2025,2025-06-02,BLAIR,81172,50748,19701,7962,2761
2025,2025-06-02,BRADFORD,38351,25371,7855,3598,1527
2025,2025-06-02,BUCKS,479437,202423,192730,64837,19447
2025,2025-06-02,BUTLER,141763,82464,38797,15251,5251
2025,2025-06-02,CAMBRIA,85856,46251,30025,7475,2105
2025,2025-06-02,CAMERON,2900,1863,678,229,130
2025,2025-06-02,CARBON,44799,23495,14038,5354,1912
2025,2025-06-02,CENTRE,101559,42056,41241,15532,2730
2025,2025-06-02,CHESTER,382145,151910,157093,54503,18639
2025,2025-06-02,CLARION,23396,15580,5183,1983,650
2025,2025-06-02,CLEARFIELD,49391,31265,12286,4030,1810
2025,2025-06-02,CLINTON,22369,13253,6130,2227,759
2025,2025-06-02,COLUMBIA,40216,22305,11797,4596,1518
2025,2025-06-02,CRAWFORD,52744,31691,14498,4692,1863
2025,2025-06-02,CUMBERLAND,179528,88337,59878,24630,6683
2025,2025-06-02,DAUPHIN,195576,76492,83988,27800,7296
2025,2025-06-02,DELAWARE,407836,145472,200338,45958,16068
2025,2025-06-02,ELK,20505,12078,5957,1676,794
2025,2025-06-02,ERIE,173867,70625,76773,19678,6791
2025,2025-06-02,FAYETTE,79312,40799,30107,6304,2102
2025,2025-06-02,FOREST,3176,2013,782,258,123
2025,2025-06-02,FRANKLIN,102721,63943,22957,12406,3415
2025,2025-06-02,FULTON,9918,7354,1486,809,269
2025,2025-06-02,GREENE,21619,11839,7633,1550,597
2025,2025-06-02,HUNTINGDON,27860,18888,6078,2300,594
2025,2025-06-02,INDIANA,49175,28739,14244,4483,1709
2025,2025-06-02,JEFFERSON,28016,19455,5444,2170,947
2025,2025-06-02,JUNIATA,14069,10030,2596,1107,336
2025,2025-06-02,LACKAWANNA,147163,51700,76406,15661,3396
2025,2025-06-02,LANCASTER,356643,183657,110325,46382,16279
2025,2025-06-02,LAWRENCE,57160,29914,19951,5343,1952
2025,2025-06-02,LEBANON,92330,52511,24842,11195,3782
2025,2025-06-02,LEHIGH,249521,89769,109518,42831,7403
2025,2025-06-02,LUZERNE,203372,90426,84200,23097,5649
2025,2025-06-02,LYCOMING,72150,43964,18181,7238,2767
2025,2025-06-02,McKEAN,24917,16042,5285,2584,1006
2025,2025-06-02,MERCER,71641,38204,23403,7977,2057
2025,2025-06-02,MIFFLIN,26943,18549,5382,2401,611
2025,2025-06-02,MONROE,114266,42465,47953,18729,5119
2025,2025-06-02,MONTGOMERY,615020,209086,301202,77133,27599
2025,2025-06-02,MONTOUR,12164,6525,3731,1509,399
2025,2025-06-02,NORTHAMPTON,227324,85998,94843,36635,9848
2025,2025-06-02,NORTHUMBERLAND,55282,31990,15515,5503,2274
2025,2025-06-02,PERRY,30845,20926,5946,3110,863
2025,2025-06-02,PHILADELPHIA,1062929,130340,766791,139993,25805
2025,2025-06-02,PIKE,45601,22298,13300,7815,2188
2025,2025-06-02,POTTER,11051,8084,1759,929,279
2025,2025-06-02,SCHUYLKILL,91083,52745,25508,9063,3767
2025,2025-06-02,SNYDER,23772,15994,4848,2258,672
2025,2025-06-02,SOMERSET,48323,32649,10738,4144,792
2025,2025-06-02,SULLIVAN,4392,2795,1082,353,162
2025,2025-06-02,SUSQUEHANNA,27547,17377,6281,2726,1163
2025,2025-06-02,TIOGA,26357,17911,4921,2729,796
2025,2025-06-02,UNION,26126,14402,7637,3106,981
2025,2025-06-02,VENANGO,32683,20077,8178,3188,1240
2025,2025-06-02,WARREN,25096,15120,6354,2395,1227
2025,2025-06-02,WASHINGTON,144819,72412,53488,15122,3797
2025,2025-06-02,WAYNE,36111,21497,8701,4857,1056
2025,2025-06-02,WESTMORELAND,250099,130445,87771,22470,9413
2025,2025-06-02,WYOMING,18303,11334,4667,1616,686
2025,2025-06-02,YORK,318450,167085,94095,48565,8705
2025,2025-06-02,TOTALS,8851093,3629851,3808066,1092292,320884
2025,2025-07-14,ADAMS,75160,43584,18959,9771,2846
2025,2025-07-14,ALLEGHENY,908608,264351,499724,107049,37484
2025,2025-07-14,ARMSTRONG,43511,27586,10807,3541,1577
2025,2025-07-14,BEAVER,114016,51664,46168,11387,4797
2025,2025-07-14,BEDFORD,32965,24573,5318,2190,884
2025,2025-07-14,BERKS,269263,117364,103699,37647,10553
2025,2025-07-14,BLAIR,81205,50757,19671,8022,2755
2025,2025-07-14,BRADFORD,38403,25404,7846,3623,1530
2025,2025-07-14,BUCKS,479609,202314,192495,65509,19291
2025,2025-07-14,BUTLER,141817,82436,38760,15391,5230
2025,2025-07-14,CAMBRIA,85825,46282,29901,7535,2107
2025,2025-07-14,CAMERON,2894,1862,675,228,129
2025,2025-07-14,CARBON,44863,23540,13995,5424,1904
2025,2025-07-14,CENTRE,101573,42021,41236,15587,2729
2025,2025-07-14,CHESTER,382949,151926,157363,55088,18572
2025,2025-07-14,CLARION,23433,15608,5171,2005,649
2025,2025-07-14,CLEARFIELD,49377,31262,12262,4053,1800
2025,2025-07-14,CLINTON,22338,13251,6103,2229,755
2025,2025-07-14,COLUMBIA,40307,22383,11802,4611,1511
2025,2025-07-14,CRAWFORD,52794,31709,14504,4723,1858
2025,2025-07-14,CUMBERLAND,179791,88279,59951,24890,6671
2025,2025-07-14,DAUPHIN,196098,76526,84195,28095,7282
2025,2025-07-14,DELAWARE,407607,145212,200144,46240,16011
2025,2025-07-14,ELK,20489,12090,5931,1677,791
2025,2025-07-14,ERIE,174229,70772,76825,19867,6765
2025,2025-07-14,FAYETTE,79347,40884,30021,6350,2092
2025,2025-07-14,FOREST,3166,2009,775,262,120
2025,2025-07-14,FRANKLIN,103063,64050,23000,12605,3408
2025,2025-07-14,FULTON,9946,7372,1485,818,271
2025,2025-07-14,GREENE,21671,11887,7619,1565,600
2025,2025-07-14,HUNTINGDON,27839,18872,6070,2304,593
2025,2025-07-14,INDIANA,49118,28749,14184,4479,1706
2025,2025-07-14,JEFFERSON,27998,19448,5424,2179,947
2025,2025-07-14,JUNIATA,14053,10021,2589,1110,333
2025,2025-07-14,LACKAWANNA,147475,51859,76382,15823,3411
2025,2025-07-14,LANCASTER,357798,183877,110657,47038,16226
2025,2025-07-14,LAWRENCE,57173,29986,19885,5358,1944
2025,2025-07-14,LEBANON,92583,52573,24894,11337,3779
2025,2025-07-14,LEHIGH,249988,89863,109572,43165,7388
2025,2025-07-14,LUZERNE,203913,90623,84192,23430,5668
2025,2025-07-14,LYCOMING,72116,43909,18132,7304,2771
2025,2025-07-14,McKEAN,24922,16047,5284,2585,1006
2025,2025-07-14,MERCER,71674,38239,23348,8035,2052
2025,2025-07-14,MIFFLIN,26970,18559,5378,2417,616
2025,2025-07-14,MONROE,114687,42583,48020,18970,5114
2025,2025-07-14,MONTGOMERY,615099,208808,300993,77921,27377
2025,2025-07-14,MONTOUR,12111,6496,3699,1516,400
2025,2025-07-14,NORTHAMPTON,227684,86113,94774,36988,9809
2025,2025-07-14,NORTHUMBERLAND,55313,32018,15481,5538,2276
2025,2025-07-14,PERRY,30875,20913,5948,3144,870
2025,2025-07-14,PHILADELPHIA,1065725,130878,767576,141411,25860
2025,2025-07-14,PIKE,45784,22386,13322,7883,2193
2025,2025-07-14,POTTER,11028,8068,1749,936,275
2025,2025-07-14,SCHUYLKILL,91309,52899,25453,9185,3772
2025,2025-07-14,SNYDER,23755,15979,4846,2259,671
2025,2025-07-14,SOMERSET,48290,32653,10681,4163,793
2025,2025-07-14,SULLIVAN,4390,2792,1079,356,163
2025,2025-07-14,SUSQUEHANNA,27588,17406,6285,2739,1158
2025,2025-07-14,TIOGA,26427,17957,4924,2758,788
2025,2025-07-14,UNION,26114,14377,7641,3114,982
2025,2025-07-14,VENANGO,32693,20088,8161,3203,1241
2025,2025-07-14,WARREN,25110,15122,6348,2408,1232
2025,2025-07-14,WASHINGTON,144826,72476,53335,15224,3791
2025,2025-07-14,WAYNE,36126,21497,8690,4881,1058
2025,2025-07-14,WESTMORELAND,250606,130789,87710,22699,9408
2025,2025-07-14,WYOMING,18325,11342,4664,1635,684
2025,2025-07-14,YORK,319672,167531,94217,49196,8728
2025,2025-07-14,TOTALS,8863474,3632754,3807992,1102673,320055
2025,2025-09-01,ADAMS,75269,43623,18940,9860,2846
2025,2025-09-01,ALLEGHENY,910102,264382,500035,108109,37576
2025,2025-09-01,ARMSTRONG,43458,27559,10775,3548,1576
2025,2025-09-01,BEAVER,113926,51622,46081,11437,4786
2025,2025-09-01,BEDFORD,32938,24539,5319,2193,887
2025,2025-09-01,BERKS,269963,117467,103802,38144,10550
2025,2025-09-01,BLAIR,81257,50785,19641,8074,2757
2025,2025-09-01,BRADFORD,38454,25435,7831,3658,1530
2025,2025-09-01,BUCKS,480160,202303,192488,66188,19181
2025,2025-09-01,BUTLER,141926,82440,38749,15529,5208
2025,2025-09-01,CAMBRIA,85806,46323,29801,7575,2107
2025,2025-09-01,CAMERON,2897,1861,674,234,128
2025,2025-09-01,CARBON,45026,23627,13999,5493,1907
2025,2025-09-01,CENTRE,101689,42029,41230,15701,2729
2025,2025-09-01,CHESTER,383920,151909,157728,55790,18493
2025,2025-09-01,CLARION,23414,15597,5150,2021,646
2025,2025-09-01,CLEARFIELD,49417,31299,12230,4093,1795
2025,2025-09-01,CLINTON,22385,13257,6111,2263,754
2025,2025-09-01,COLUMBIA,40280,22347,11784,4648,1501
2025,2025-09-01,CRAWFORD,52806,31709,14496,4747,1854
2025,2025-09-01,CUMBERLAND,180129,88294,59992,25193,6650
2025,2025-09-01,DAUPHIN,196426,76402,84145,28577,7302
2025,2025-09-01,DELAWARE,408048,144845,200485,46715,16003
2025,2025-09-01,ELK,20464,12076,5908,1695,785
2025,2025-09-01,ERIE,174313,70830,76705,20036,6742
2025,2025-09-01,FAYETTE,79376,40960,29948,6386,2082
2025,2025-09-01,FOREST,3174,2016,771,267,120
2025,2025-09-01,FRANKLIN,103337,64118,23027,12769,3423
2025,2025-09-01,FULTON,9961,7378,1484,827,272
2025,2025-09-01,GREENE,21658,11901,7588,1572,597
2025,2025-09-01,HUNTINGDON,27893,18904,6073,2322,594
2025,2025-09-01,INDIANA,49178,28790,14184,4499,1705
2025,2025-09-01,JEFFERSON,27961,19427,5401,2183,950
2025,2025-09-01,JUNIATA,14081,10024,2597,1123,337
2025,2025-09-01,LACKAWANNA,147709,51948,76319,16018,3424
2025,2025-09-01,LANCASTER,358634,183833,110834,47727,16240
2025,2025-09-01,LAWRENCE,57163,29984,19853,5394,1932
2025,2025-09-01,LEBANON,92708,52545,24948,11446,3769
2025,2025-09-01,LEHIGH,250567,89875,109718,43580,7394
2025,2025-09-01,LUZERNE,204397,90732,84183,23802,5680
2025,2025-09-01,LYCOMING,72161,43891,18118,7380,2772
2025,2025-09-01,McKEAN,24920,16047,5283,2583,1007
2025,2025-09-01,MERCER,71711,38244,23314,8092,2061
2025,2025-09-01,MIFFLIN,26982,18575,5351,2434,622
2025,2025-09-01,MONROE,115098,42725,48031,19245,5097
2025,2025-09-01,MONTGOMERY,616034,208535,301411,78889,27199
2025,2025-09-01,MONTOUR,12149,6515,3699,1531,404
2025,2025-09-01,NORTHAMPTON,228157,86261,94722,37369,9805
2025,2025-09-01,NORTHUMBERLAND,55276,31997,15440,5560,2279
2025,2025-09-01,PERRY,30913,20930,5947,3172,864
2025,2025-09-01,PHILADELPHIA,1065082,130652,766494,142123,25813
2025,2025-09-01,PIKE,46038,22521,13373,7957,2187
2025,2025-09-01,POTTER,11032,8062,1751,943,276
2025,2025-09-01,SCHUYLKILL,91480,52972,25383,9355,3770
2025,2025-09-01,SNYDER,23765,15980,4841,2273,671
2025,2025-09-01,SOMERSET,48382,32713,10669,4210,790
2025,2025-09-01,SULLIVAN,4407,2803,1083,362,159
2025,2025-09-01,SUSQUEHANNA,27652,17450,6278,2762,1162
2025,2025-09-01,TIOGA,26456,17965,4912,2792,787
2025,2025-09-01,UNION,26218,14410,7698,3132,978
2025,2025-09-01,VENANGO,32751,20139,8134,3236,1242
2025,2025-09-01,WARREN,25164,15146,6345,2445,1228
2025,2025-09-01,WASHINGTON,144791,72462,53212,15317,3800
2025,2025-09-01,WAYNE,36219,21534,8680,4947,1058
2025,2025-09-01,WESTMORELAND,249993,130504,87332,22803,9354
2025,2025-09-01,WYOMING,18323,11324,4671,1645,683
2025,2025-09-01,YORK,321561,167892,94715,50192,8762
2025,2025-09-01,TOTALS,8874985,3633244,3807914,1114185,319642
2025,2025-10-06,ADAMS,75539,43778,18949,9964,2848
2025,2025-10-06,ALLEGHENY,912104,264839,500493,109122,37650
2025,2025-10-06,ARMSTRONG,43484,27609,10732,3567,1576
2025,2025-10-06,BEAVER,114082,51806,46005,11496,4775
2025,2025-10-06,BEDFORD,32992,24594,5296,2217,885
2025,2025-10-06,BERKS,270669,117872,103740,38516,10541
2025,2025-10-06,BLAIR,81379,50838,19634,8146,2761
2025,2025-10-06,BRADFORD,38488,25467,7803,3685,1533
2025,2025-10-06,BUCKS,480854,202658,192357,66750,19089
2025,2025-10-06,BUTLER,142273,82626,38760,15675,5212
2025,2025-10-06,CAMBRIA,85884,46433,29715,7631,2105
2025,2025-10-06,CAMERON,2892,1856,673,235,128
2025,2025-10-06,CARBON,45149,23702,14008,5527,1912
2025,2025-10-06,CENTRE,101784,42050,41217,15787,2730
2025,2025-10-06,CHESTER,384600,152018,157922,56210,18450
2025,2025-10-06,CLARION,23392,15607,5109,2025,651
2025,2025-10-06,CLEARFIELD,49458,31340,12203,4124,1791
2025,2025-10-06,CLINTON,22418,13297,6080,2281,760
2025,2025-10-06,COLUMBIA,40317,22403,11741,4678,1495
2025,2025-10-06,CRAWFORD,52878,31771,14489,4763,1855
2025,2025-10-06,CUMBERLAND,180727,88500,60112,25490,6625
2025,2025-10-06,DAUPHIN,197028,76473,84230,29019,7306
2025,2025-10-06,DELAWARE,408636,144849,200660,47155,15972
2025,2025-10-06,ELK,20469,12094,5887,1706,782
2025,2025-10-06,ERIE,174531,70996,76629,20169,6737
2025,2025-10-06,FAYETTE,79427,41052,29864,6420,2091
2025,2025-10-06,FOREST,3181,2023,772,267,119
2025,2025-10-06,FRANKLIN,103639,64256,23054,12907,3422
2025,2025-10-06,FULTON,10005,7407,1481,844,273
2025,2025-10-06,GREENE,21659,11930,7549,1584,596
2025,2025-10-06,HUNTINGDON,27933,18933,6070,2334,596
2025,2025-10-06,INDIANA,49223,28864,14151,4511,1697
2025,2025-10-06,JEFFERSON,27998,19441,5406,2199,952
2025,2025-10-06,JUNIATA,14089,10038,2581,1133,337
2025,2025-10-06,LACKAWANNA,147953,52112,76205,16209,3427
2025,2025-10-06,LANCASTER,359599,184127,110826,48280,16366
2025,2025-10-06,LAWRENCE,57229,30078,19801,5415,1935
2025,2025-10-06,LEBANON,92895,52614,24958,11558,3765
2025,2025-10-06,LEHIGH,250992,90040,109717,43846,7389
2025,2025-10-06,LUZERNE,204938,91020,84080,24162,5676
2025,2025-10-06,LYCOMING,72239,43936,18079,7450,2774
2025,2025-10-06,McKEAN,24924,16052,5275,2589,1008
2025,2025-10-06,MERCER,71784,38325,23256,8142,2061
2025,2025-10-06,MIFFLIN,27027,18613,5337,2455,622
2025,2025-10-06,MONROE,115482,42928,48022,19447,5085
2025,2025-10-06,MONTGOMERY,617016,208817,301454,79660,27085
2025,2025-10-06,MONTOUR,12180,6530,3706,1538,406
2025,2025-10-06,NORTHAMPTON,228854,86484,94804,37761,9805
2025,2025-10-06,NORTHUMBERLAND,55309,32037,15397,5603,2272
2025,2025-10-06,PERRY,30957,20970,5934,3189,864
2025,2025-10-06,PHILADELPHIA,1068878,131454,767514,143807,26103
2025,2025-10-06,PIKE,46245,22642,13364,8045,2194
2025,2025-10-06,POTTER,11030,8055,1748,952,275
2025,2025-10-06,SCHUYLKILL,91614,53069,25348,9425,3772
2025,2025-10-06,SNYDER,23800,15993,4845,2293,669
2025,2025-10-06,SOMERSET,48382,32751,10619,4228,784
2025,2025-10-06,SULLIVAN,4402,2807,1076,358,161
2025,2025-10-06,SUSQUEHANNA,27698,17490,6254,2787,1167
2025,2025-10-06,TIOGA,26516,18019,4901,2814,782
2025,2025-10-06,UNION,26236,14407,7701,3151,977
2025,2025-10-06,VENANGO,32777,20186,8106,3249,1236
2025,2025-10-06,WARREN,25218,15173,6339,2479,1227
2025,2025-10-06,WASHINGTON,144967,72656,53095,15412,3804
2025,2025-10-06,WAYNE,36254,21566,8665,4964,1059
2025,2025-10-06,WESTMORELAND,250596,130927,87300,23015,9354
2025,2025-10-06,WYOMING,18348,11347,4659,1665,677
2025,2025-10-06,YORK,322343,168092,94756,50754,8741
2025,2025-10-06,TOTALS,8893863,3640737,3808513,1124839,319774
2025,2025-12-29,ADAMS,75728,43810,18984,10098,2836
2025,2025-12-29,ALLEGHENY,914408,264992,501499,110434,37483
2025,2025-12-29,ARMSTRONG,43423,27564,10702,3585,1572
2025,2025-12-29,BEAVER,113981,51821,45824,11577,4759
2025,2025-12-29,BEDFORD,33073,24640,5288,2258,887
2025,2025-12-29,BERKS,271810,118123,103957,39243,10487
2025,2025-12-29,BLAIR,81345,50785,19615,8195,2750
2025,2025-12-29,BRADFORD,38619,25539,7799,3745,1536
2025,2025-12-29,BUCKS,482104,202727,192605,67865,18907
2025,2025-12-29,BUTLER,142378,82672,38715,15808,5183
2025,2025-12-29,CAMBRIA,85825,46439,29639,7646,2101
2025,2025-12-29,CAMERON,2893,1853,675,239,126
2025,2025-12-29,CARBON,45415,23823,14029,5634,1929
2025,2025-12-29,CENTRE,102062,42061,41402,15881,2718
2025,2025-12-29,CHESTER,385547,152070,158461,56640,18376
2025,2025-12-29,CLARION,23401,15618,5092,2041,650
2025,2025-12-29,CLEARFIELD,49477,31359,12141,4185,1792
2025,2025-12-29,CLINTON,22460,13314,6059,2332,755
2025,2025-12-29,COLUMBIA,40507,22460,11787,4761,1499
2025,2025-12-29,CRAWFORD,52957,31838,14472,4792,1855
2025,2025-12-29,CUMBERLAND,181532,88485,60459,25982,6606
2025,2025-12-29,DAUPHIN,197883,76450,84484,29637,7312
2025,2025-12-29,DELAWARE,409064,144399,201092,47693,15880
2025,2025-12-29,ELK,20473,12127,5844,1724,778
2025,2025-12-29,ERIE,174907,71149,76628,20422,6708
2025,2025-12-29,FAYETTE,79469,41117,29808,6453,2091
2025,2025-12-29,FOREST,3178,2021,771,266,120
2025,2025-12-29,FRANKLIN,103904,64273,23098,13117,3416
2025,2025-12-29,FULTON,10018,7415,1476,855,272
2025,2025-12-29,GREENE,21687,11980,7518,1590,599
2025,2025-12-29,HUNTINGDON,27908,18901,6066,2346,595
2025,2025-12-29,INDIANA,49194,28869,14091,4535,1699
2025,2025-12-29,JEFFERSON,28019,19474,5395,2206,944
2025,2025-12-29,JUNIATA,14097,10049,2568,1148,332
2025,2025-12-29,LACKAWANNA,148421,52278,76143,16572,3428
2025,2025-12-29,LANCASTER,360860,184143,111162,49256,16299
2025,2025-12-29,LAWRENCE,57312,30135,19775,5474,1928
2025,2025-12-29,LEBANON,93215,52638,25042,11794,3741
2025,2025-12-29,LEHIGH,252300,90183,110249,44483,7385
2025,2025-12-29,LUZERNE,205604,91121,84142,24673,5668
2025,2025-12-29,LYCOMING,72407,43975,18103,7580,2749
2025,2025-12-29,McKEAN,25014,16106,5254,2637,1017
2025,2025-12-29,MERCER,71879,38371,23217,8254,2037
2025,2025-12-29,MIFFLIN,27036,18618,5337,2463,618
2025,2025-12-29,MONROE,116122,43088,48140,19835,5059
2025,2025-12-29,MONTGOMERY,618823,208767,302275,80986,26795
2025,2025-12-29,MONTOUR,12216,6529,3733,1552,402
2025,2025-12-29,NORTHAMPTON,229673,86697,94897,38313,9766
2025,2025-12-29,NORTHUMBERLAND,55279,32039,15313,5660,2267
2025,2025-12-29,PERRY,30995,20992,5923,3223,857
2025,2025-12-29,PHILADELPHIA,1073135,131558,769464,145929,26184
2025,2025-12-29,PIKE,46581,22781,13411,8201,2188
2025,2025-12-29,POTTER,11036,8051,1748,965,272
2025,2025-12-29,SCHUYLKILL,91825,53159,25307,9577,3782
2025,2025-12-29,SNYDER,23839,15988,4859,2322,670
2025,2025-12-29,SOMERSET,48331,32728,10567,4249,787
2025,2025-12-29,SULLIVAN,4401,2819,1065,357,160
2025,2025-12-29,SUSQUEHANNA,27737,17525,6225,2824,1163
2025,2025-12-29,TIOGA,26613,18049,4910,2866,788
2025,2025-12-29,UNION,26239,14370,7713,3180,976
2025,2025-12-29,VENANGO,32791,20200,8067,3294,1230
2025,2025-12-29,WARREN,25331,15244,6335,2494,1258
2025,2025-12-29,WASHINGTON,145032,72751,52914,15568,3799
2025,2025-12-29,WAYNE,36373,21644,8647,5016,1066
2025,2025-12-29,WESTMORELAND,250479,130907,87020,23248,9304
2025,2025-12-29,WYOMING,18328,11313,4658,1685,672
2025,2025-12-29,YORK,324105,168445,95173,51730,8757
2025,2025-12-29,TOTALS,8918078,3643429,3814831,1141193,318625
2026,2026-02-02,ADAMS,75896,43863,19045,10160,2828
2026,2026-02-02,ALLEGHENY,913863,264412,501233,110845,37373
2026,2026-02-02,ARMSTRONG,43482,27598,10706,3603,1575
2026,2026-02-02,BEAVER,114082,51861,45848,11619,4754
2026,2026-02-02,BEDFORD,33032,24599,5271,2271,891
2026,2026-02-02,BERKS,272157,118054,103895,39748,10460
2026,2026-02-02,BLAIR,81372,50758,19632,8233,2749
2026,2026-02-02,BRADFORD,38663,25554,7808,3760,1541
2026,2026-02-02,BUCKS,482493,202682,192714,68267,18830
2026,2026-02-02,BUTLER,142728,82786,38815,15940,5187
2026,2026-02-02,CAMBRIA,85970,46553,29607,7705,2105
2026,2026-02-02,CAMERON,2888,1849,674,240,125
2026,2026-02-02,CARBON,45414,23815,14023,5647,1929
2026,2026-02-02,CENTRE,102086,42028,41404,15932,2722
2026,2026-02-02,CHESTER,385900,151976,158671,56996,18257
2026,2026-02-02,CLARION,23392,15617,5078,2050,647
2026,2026-02-02,CLEARFIELD,49497,31379,12124,4202,1792
2026,2026-02-02,CLINTON,22476,13310,6063,2351,752
2026,2026-02-02,COLUMBIA,40503,22452,11769,4781,1501
2026,2026-02-02,CRAWFORD,53034,31886,14464,4828,1856
2026,2026-02-02,CUMBERLAND,181782,88473,60560,26159,6590
2026,2026-02-02,DAUPHIN,198147,76404,84540,29876,7327
2026,2026-02-02,DELAWARE,409475,144180,201425,47982,15888
2026,2026-02-02,ELK,20457,12121,5831,1725,780
2026,2026-02-02,ERIE,174843,71062,76581,20497,6703
2026,2026-02-02,FAYETTE,79469,41154,29712,6519,2084
2026,2026-02-02,FOREST,3180,2024,770,266,120
2026,2026-02-02,FRANKLIN,104179,64346,23165,13242,3426
2026,2026-02-02,FULTON,10062,7439,1479,869,275
2026,2026-02-02,GREENE,21690,11994,7493,1605,598
2026,2026-02-02,HUNTINGDON,27889,18894,6059,2339,597
2026,2026-02-02,INDIANA,49154,28849,14050,4556,1699
2026,2026-02-02,JEFFERSON,28063,19484,5404,2233,942
2026,2026-02-02,JUNIATA,14098,10045,2564,1157,332
2026,2026-02-02,LACKAWANNA,148527,52272,76120,16693,3442
2026,2026-02-02,LANCASTER,361400,184075,111389,49686,16250
2026,2026-02-02,LAWRENCE,57324,30126,19771,5502,1925
2026,2026-02-02,LEBANON,93316,52643,25077,11852,3744
2026,2026-02-02,LEHIGH,252327,90036,110288,44622,7381
2026,2026-02-02,LUZERNE,205781,91175,84102,24838,5666
2026,2026-02-02,LYCOMING,72433,43968,18095,7635,2735
2026,2026-02-02,McKEAN,25015,16107,5254,2638,1016
2026,2026-02-02,MERCER,71920,38393,23210,8282,2035
2026,2026-02-02,MIFFLIN,27055,18619,5342,2474,620
2026,2026-02-02,MONROE,116248,43112,48140,19954,5042
2026,2026-02-02,MONTGOMERY,619422,208600,302566,81610,26646
2026,2026-02-02,MONTOUR,12292,6569,3744,1575,404
2026,2026-02-02,NORTHAMPTON,230253,86837,95099,38581,9736
2026,2026-02-02,NORTHUMBERLAND,55322,32030,15332,5687,2273
2026,2026-02-02,PERRY,31049,20976,5954,3267,852
2026,2026-02-02,PHILADELPHIA,1073425,131405,769356,146485,26179
2026,2026-02-02,PIKE,46726,22837,13458,8244,2187
2026,2026-02-02,POTTER,11042,8049,1750,971,272
2026,2026-02-02,SCHUYLKILL,91981,53185,25333,9679,3784
2026,2026-02-02,SNYDER,23838,15984,4856,2324,674
2026,2026-02-02,SOMERSET,48388,32780,10545,4277,786
2026,2026-02-02,SULLIVAN,4407,2821,1063,362,161
2026,2026-02-02,SUSQUEHANNA,27806,17552,6235,2855,1164
2026,2026-02-02,TIOGA,26624,18055,4906,2874,789
2026,2026-02-02,UNION,26248,14368,7716,3186,978
2026,2026-02-02,VENANGO,32815,20217,8062,3306,1230
2026,2026-02-02,WARREN,25368,15249,6343,2511,1265
2026,2026-02-02,WASHINGTON,145206,72807,52908,15683,3808
2026,2026-02-02,WAYNE,36425,21663,8654,5047,1061
2026,2026-02-02,WESTMORELAND,250665,130975,87022,23375,9293
2026,2026-02-02,WYOMING,18364,11341,4650,1704,669
2026,2026-02-02,YORK,324862,168587,95395,52105,8775
2026,2026-02-02,TOTALS,8925290,3642914,3816212,1148087,318077
2026,2026-08-10,ADAMS,76588,43981,19166,10658,2783
2026,2026-08-10,ALLEGHENY,916533,262982,502995,113892,36664
2026,2026-08-10,ARMSTRONG,43601,27648,10652,3716,1585
2026,2026-08-10,BEAVER,114088,51875,45719,11790,4704
2026,2026-08-10,BEDFORD,33026,24567,5265,2303,891
2026,2026-08-10,BERKS,274070,117942,104257,41495,10376
2026,2026-08-10,BLAIR,81562,50594,19790,8472,2706
2026,2026-08-10,BRADFORD,38863,25636,7816,3881,1530
2026,2026-08-10,BUCKS,484317,201889,193900,70235,18293
2026,2026-08-10,BUTLER,143543,82897,39187,16302,5157
2026,2026-08-10,CAMBRIA,85863,46489,29391,7856,2127
2026,2026-08-10,CAMERON,2884,1841,665,255,123
2026,2026-08-10,CARBON,45717,23882,14080,5842,1913
2026,2026-08-10,CENTRE,101931,41789,41377,16084,2681
2026,2026-08-10,CHESTER,389115,151802,160795,58616,17902
2026,2026-08-10,CLARION,23315,15543,5049,2081,642
2026,2026-08-10,CLEARFIELD,49530,31426,12012,4305,1787
2026,2026-08-10,CLINTON,22510,13286,6066,2417,741
2026,2026-08-10,COLUMBIA,40623,22482,11769,4881,1491
2026,2026-08-10,CRAWFORD,52903,31745,14392,4933,1833
2026,2026-08-10,CUMBERLAND,183478,88228,61607,27164,6479
2026,2026-08-10,DAUPHIN,200876,75995,86483,31168,7230
2026,2026-08-10,DELAWARE,410347,142793,202675,49191,15688
2026,2026-08-10,ELK,20454,12119,5782,1771,782
2026,2026-08-10,ERIE,174758,70819,76466,20822,6651
2026,2026-08-10,FAYETTE,79512,41293,29468,6687,2064
2026,2026-08-10,FOREST,3220,2044,778,274,124
2026,2026-08-10,FRANKLIN,105311,64343,23473,14079,3416
2026,2026-08-10,FULTON,10104,7463,1471,904,266
2026,2026-08-10,GREENE,21772,12155,7373,1644,600
2026,2026-08-10,HUNTINGDON,27883,18901,6012,2372,598
2026,2026-08-10,INDIANA,49156,28895,13907,4663,1691
2026,2026-08-10,JEFFERSON,28070,19425,5429,2284,932
2026,2026-08-10,JUNIATA,14064,10019,2537,1172,336
2026,2026-08-10,LACKAWANNA,149779,52312,76651,17310,3506
2026,2026-08-10,LANCASTER,364247,183755,112926,51524,16042
2026,2026-08-10,LAWRENCE,57333,30131,19677,5632,1893
2026,2026-08-10,LEBANON,94019,52610,25442,12288,3679
2026,2026-08-10,LEHIGH,253924,89461,111492,45628,7343
2026,2026-08-10,LUZERNE,207429,90917,85073,25755,5684
2026,2026-08-10,LYCOMING,72643,43753,18203,7969,2718
2026,2026-08-10,McKEAN,25184,16168,5287,2702,1027
2026,2026-08-10,MERCER,71855,38291,23113,8415,2036
2026,2026-08-10,MIFFLIN,27129,18623,5372,2511,623
2026,2026-08-10,MONROE,117414,43286,48502,20636,4990
2026,2026-08-10,MONTGOMERY,623462,207748,305291,84438,25985
2026,2026-08-10,MONTOUR,12349,6551,3771,1615,412
2026,2026-08-10,NORTHAMPTON,232091,86827,95963,39741,9560
2026,2026-08-10,NORTHUMBERLAND,55323,31920,15341,5824,2238
2026,2026-08-10,PERRY,31254,20945,6027,3433,849
2026,2026-08-10,PHILADELPHIA,1086434,131122,777217,151767,26328
2026,2026-08-10,PIKE,47285,23055,13594,8487,2149
2026,2026-08-10,POTTER,11010,8005,1739,993,273
2026,2026-08-10,SCHUYLKILL,92383,53159,25343,10113,3768
2026,2026-08-10,SNYDER,23852,15950,4884,2349,669
2026,2026-08-10,SOMERSET,48521,32858,10500,4394,769
2026,2026-08-10,SULLIVAN,4449,2846,1063,378,162
2026,2026-08-10,SUSQUEHANNA,27759,17451,6231,2929,1148
2026,2026-08-10,TIOGA,26786,18104,4924,2964,794
2026,2026-08-10,UNION,26421,14405,7796,3241,979
2026,2026-08-10,VENANGO,32799,20133,8026,3422,1218
2026,2026-08-10,WARREN,25416,15234,6344,2593,1245
2026,2026-08-10,WASHINGTON,144929,72651,52604,15897,3777
2026,2026-08-10,WAYNE,36643,21722,8701,5169,1051
2026,2026-08-10,WESTMORELAND,250713,130824,86776,23925,9188
2026,2026-08-10,WYOMING,18460,11322,4665,1813,660
2026,2026-08-10,YORK,327486,168254,96498,53871,8863
2026,2026-08-10,TOTALS,8976368,3635181,3842840,1183935,314412
2026,2026-09-28,ADAMS,76877,44057,19239,10810,2771
2026,2026-09-28,ALLEGHENY,920474,263044,505147,115675,36608
2026,2026-09-28,ARMSTRONG,43649,27687,10633,3742,1587
2026,2026-09-28,BEAVER,114230,51886,45755,11877,4712
2026,2026-09-28,BEDFORD,33065,24591,5255,2328,891
2026,2026-09-28,BERKS,274749,117995,104411,41999,10344
2026,2026-09-28,BLAIR,81616,50567,19829,8520,2700
2026,2026-09-28,BRADFORD,38950,25655,7833,3931,1531
2026,2026-09-28,BUCKS,485600,201725,194510,71137,18228
2026,2026-09-28,BUTLER,143986,83007,39368,16473,5138
2026,2026-09-28,CAMBRIA,85968,46505,29380,7952,2131
2026,2026-09-28,CAMERON,2881,1841,661,256,123
2026,2026-09-28,CARBON,45812,23942,14081,5904,1885
2026,2026-09-28,CENTRE,102260,41784,41578,16206,2692
2026,2026-09-28,CHESTER,390844,151802,161861,59368,17813
2026,2026-09-28,CLARION,23278,15508,5044,2085,641
2026,2026-09-28,CLEARFIELD,49587,31432,12035,4331,1789
2026,2026-09-28,CLINTON,22555,13270,6090,2451,744
2026,2026-09-28,COLUMBIA,40639,22445,11809,4894,1491
2026,2026-09-28,CRAWFORD,53016,31791,14420,4971,1834
2026,2026-09-28,CUMBERLAND,184321,88209,62027,27574,6511
2026,2026-09-28,DAUPHIN,201881,75909,87008,31729,7235
2026,2026-09-28,DELAWARE,411895,142582,203683,49998,15632
2026,2026-09-28,ELK,20443,12122,5762,1783,776
2026,2026-09-28,ERIE,174916,70798,76534,20932,6652
2026,2026-09-28,FAYETTE,79571,41322,29439,6746,2064
2026,2026-09-28,FOREST,3263,2066,789,282,126
2026,2026-09-28,FRANKLIN,105585,64312,23591,14260,3422
2026,2026-09-28,FULTON,10130,7475,1471,920,264
2026,2026-09-28,GREENE,21809,12197,7334,1673,605
2026,2026-09-28,HUNTINGDON,27897,18884,6022,2391,600
2026,2026-09-28,INDIANA,49137,28866,13870,4713,1688
2026,2026-09-28,JEFFERSON,28169,19466,5451,2316,936
2026,2026-09-28,JUNIATA,14081,10024,2542,1182,333
2026,2026-09-28,LACKAWANNA,150187,52297,76952,17428,3510
2026,2026-09-28,LANCASTER,365423,183739,113639,51995,16050
2026,2026-09-28,LAWRENCE,57337,30112,19664,5676,1885
2026,2026-09-28,LEBANON,94390,52678,25573,12452,3687
2026,2026-09-28,LEHIGH,254952,89478,112182,45953,7339
2026,2026-09-28,LUZERNE,208344,90796,85846,25999,5703
2026,2026-09-28,LYCOMING,72765,43737,18251,8067,2710
2026,2026-09-28,McKEAN,25311,16212,5315,2757,1027
2026,2026-09-28,MERCER,71974,38310,23166,8468,2030
2026,2026-09-28,MIFFLIN,27163,18636,5389,2518,620
2026,2026-09-28,MONROE,118080,43398,48823,20881,4978
2026,2026-09-28,MONTGOMERY,625310,207561,306389,85554,25806
2026,2026-09-28,MONTOUR,12385,6567,3778,1627,413
2026,2026-09-28,NORTHAMPTON,233219,86979,96596,40109,9535
2026,2026-09-28,NORTHUMBERLAND,55419,31955,15351,5873,2240
2026,2026-09-28,PERRY,31294,20939,6028,3468,859
2026,2026-09-28,PHILADELPHIA,1095892,131330,782259,155874,26429
2026,2026-09-28,PIKE,47492,23136,13661,8555,2140
2026,2026-09-28,POTTER,10996,7986,1740,999,271
2026,2026-09-28,SCHUYLKILL,92613,53187,25413,10260,3753
2026,2026-09-28,SNYDER,23945,15957,4928,2386,674
2026,2026-09-28,SOMERSET,48521,32808,10495,4443,775
2026,2026-09-28,SULLIVAN,4466,2857,1069,382,158
2026,2026-09-28,SUSQUEHANNA,27449,17286,6142,2898,1123
2026,2026-09-28,TIOGA,26834,18108,4939,2992,795
2026,2026-09-28,UNION,26520,14368,7896,3277,979
2026,2026-09-28,VENANGO,32859,20143,8031,3467,1218
2026,2026-09-28,WARREN,25434,15225,6352,2610,1247
2026,2026-09-28,WASHINGTON,145231,72763,52641,16053,3774
2026,2026-09-28,WAYNE,36759,21749,8727,5226,1057
2026,2026-09-28,WESTMORELAND,250931,130799,86841,24108,9183
2026,2026-09-28,WYOMING,18525,11305,4726,1836,658
2026,2026-09-28,YORK,328750,168386,96964,54484,8916
2026,2026-09-28,TOTALS,9009904,3635553,3860228,1200084,314039
