Year,Date,County,Total,Active,Inactive
2015,01/01/2015,ANDERSON,26090,24153,1937
2015,01/01/2015,ANDREWS,8176,7693,483
2015,01/01/2015,ANGELINA,48000,44678,3322
2015,01/01/2015,ARANSAS,15073,14010,1063
2015,01/01/2015,ARCHER,6089,5813,276
2015,01/01/2015,ARMSTRONG,1343,1338,5
2015,01/01/2015,ATASCOSA,23646,22387,1259
2015,01/01/2015,AUSTIN,18058,17309,749
2015,01/01/2015,BAILEY,3519,3290,229
2015,01/01/2015,BANDERA,14241,13351,890
2015,01/01/2015,BASTROP,40144,37536,2608
2015,01/01/2015,BAYLOR,2380,2201,179
2015,01/01/2015,BEE,14565,13720,845
2015,01/01/2015,BELL,159958,139358,20600
2015,01/01/2015,BEXAR,919763,840981,78782
2015,01/01/2015,BLANCO,7271,6878,393
2015,01/01/2015,BORDEN,438,438,0
2015,01/01/2015,BOSQUE,11320,10509,811
2015,01/01/2015,BOWIE,54739,50319,4420
2015,01/01/2015,BRAZORIA,178804,168677,10127
2015,01/01/2015,BRAZOS,89087,78341,10746
2015,01/01/2015,BREWSTER,7057,6076,981
2015,01/01/2015,BRISCOE,1072,1023,49
2015,01/01/2015,BROOKS,6431,5602,829
2015,01/01/2015,BROWN,21793,20044,1749
2015,01/01/2015,BURLESON,11110,10160,950
2015,01/01/2015,BURNET,26438,24999,1439
2015,01/01/2015,CALDWELL,21354,19864,1490
2015,01/01/2015,CALHOUN,12260,11643,617
2015,01/01/2015,CALLAHAN,8548,8060,488
2015,01/01/2015,CAMERON,180004,168728,11276
2015,01/01/2015,CAMP,6949,6493,456
2015,01/01/2015,CARSON,4102,3907,195
2015,01/01/2015,CASS,18729,17641,1088
2015,01/01/2015,CASTRO,3968,3578,390
2015,01/01/2015,CHAMBERS,24481,23360,1121
2015,01/01/2015,CHEROKEE,25784,24165,1619
2015,01/01/2015,CHILDRESS,3463,3294,169
2015,01/01/2015,CLAY,7646,6824,822
2015,01/01/2015,COCHRAN,1771,1646,125
2015,01/01/2015,COKE,2123,1969,154
2015,01/01/2015,COLEMAN,5649,5298,351
2015,01/01/2015,COLLIN,470696,443154,27542
2015,01/01/2015,COLLINGSWORTH,1831,1731,100
2015,01/01/2015,COLORADO,13085,12506,579
2015,01/01/2015,COMAL,80269,75786,4483
2015,01/01/2015,COMANCHE,8607,8544,63
2015,01/01/2015,CONCHO,1645,1470,175
2015,01/01/2015,COOKE,23155,21772,1383
2015,01/01/2015,CORYELL,32477,27651,4826
2015,01/01/2015,COTTLE,1078,1043,35
2015,01/01/2015,CRANE,2420,2322,98
2015,01/01/2015,CROCKETT,2460,2376,84
2015,01/01/2015,CROSBY,3462,3238,224
2015,01/01/2015,CULBERSON,1766,1563,203
2015,01/01/2015,DALLAM,2930,2615,315
2015,01/01/2015,DALLAS,1166713,1072886,93827
2015,01/01/2015,DAWSON,7400,6792,608
2015,01/01/2015,DEAF SMITH,8059,7529,530
2015,01/01/2015,DELTA,3580,3445,135
2015,01/01/2015,DENTON,410243,355479,54764
2015,01/01/2015,DEWITT,11460,10805,655
2015,01/01/2015,DICKENS,1316,1315,1
2015,01/01/2015,DIMMIT,7297,6659,638
2015,01/01/2015,DONLEY,2301,2106,195
2015,01/01/2015,DUVAL,8400,7899,501
2015,01/01/2015,EASTLAND,10571,9777,794
2015,01/01/2015,ECTOR,65911,61552,4359
2015,01/01/2015,EDWARDS,1497,1332,165
2015,01/01/2015,ELLIS,91239,84323,6916
2015,01/01/2015,EL PASO,379001,354943,24058
2015,01/01/2015,ERATH,19585,18010,1575
2015,01/01/2015,FALLS,9874,9282,592
2015,01/01/2015,FANNIN,19086,17788,1298
2015,01/01/2015,FAYETTE,15938,15020,918
2015,01/01/2015,FISHER,2760,2617,143
2015,01/01/2015,FLOYD,4092,3669,423
2015,01/01/2015,FOARD,932,855,77
2015,01/01/2015,FORT BEND,359046,334652,24394
2015,01/01/2015,FRANKLIN,6370,5857,513
2015,01/01/2015,FREESTONE,11170,10436,734
2015,01/01/2015,FRIO,9975,9383,592
2015,01/01/2015,GAINES,7942,7608,334
2015,01/01/2015,GALVESTON,194770,171126,23644
2015,01/01/2015,GARZA,2742,2573,169
2015,01/01/2015,GILLESPIE,18265,16485,1780
2015,01/01/2015,GLASSCOCK,744,711,33
2015,01/01/2015,GOLIAD,5537,5113,424
2015,01/01/2015,GONZALES,12104,10713,1391
2015,01/01/2015,GRAY,12045,11256,789
2015,01/01/2015,GRAYSON,71422,66384,5038
2015,01/01/2015,GREGG,64757,59651,5106
2015,01/01/2015,GRIMES,15222,13330,1892
2015,01/01/2015,GUADALUPE,82038,76752,5286
2015,01/01/2015,HALE,18253,16854,1399
2015,01/01/2015,HALL,2032,1820,212
2015,01/01/2015,HAMILTON,5403,4951,452
2015,01/01/2015,HANSFORD,2939,2794,145
2015,01/01/2015,HARDEMAN,2429,2275,154
2015,01/01/2015,HARDIN,35819,34593,1226
2015,01/01/2015,HARRIS,1998988,1870666,128322
2015,01/01/2015,HARRISON,41773,38933,2840
2015,01/01/2015,HARTLEY,2794,2524,270
2015,01/01/2015,HASKELL,3273,2987,286
2015,01/01/2015,HAYS,101570,90662,10908
2015,01/01/2015,HEMPHILL,2296,2282,14
2015,01/01/2015,HENDERSON,46655,43664,2991
2015,01/01/2015,HIDALGO,302490,287789,14701
2015,01/01/2015,HILL,21643,19786,1857
2015,01/01/2015,HOCKLEY,12963,12161,802
2015,01/01/2015,HOOD,34615,32214,2401
2015,01/01/2015,HOPKINS,21635,19391,2244
2015,01/01/2015,HOUSTON,12303,11419,884
2015,01/01/2015,HOWARD,16842,14838,2004
2015,01/01/2015,HUDSPETH,1747,1588,159
2015,01/01/2015,HUNT,46949,43856,3093
2015,01/01/2015,HUTCHINSON,12901,12100,801
2015,01/01/2015,IRION,1270,1172,98
2015,01/01/2015,JACK,4861,4387,474
2015,01/01/2015,JACKSON,8505,8137,368
2015,01/01/2015,JASPER,22374,19632,2742
2015,01/01/2015,JEFF DAVIS,1691,1541,150
2015,01/01/2015,JEFFERSON,141533,131917,9616
2015,01/01/2015,JIM HOGG,3850,3604,246
2015,01/01/2015,JIM WELLS,24885,23739,1146
2015,01/01/2015,JOHNSON,81749,77045,4704
2015,01/01/2015,JONES,9469,8852,617
2015,01/01/2015,KARNES,7828,7160,668
2015,01/01/2015,KAUFMAN,59486,55836,3650
2015,01/01/2015,KENDALL,25954,24385,1569
2015,01/01/2015,KENEDY,318,260,58
2015,01/01/2015,KENT,609,575,34
2015,01/01/2015,KERR,31621,29677,1944
2015,01/01/2015,KIMBLE,2883,2633,250
2015,01/01/2015,KING,180,170,10
2015,01/01/2015,KINNEY,2172,2053,119
2015,01/01/2015,KLEBERG,16627,15476,1151
2015,01/01/2015,KNOX,2356,2264,92
2015,01/01/2015,LAMAR,28547,26730,1817
2015,01/01/2015,LAMB,7834,7323,511
2015,01/01/2015,LAMPASAS,12478,11568,910
2015,01/01/2015,LA SALLE,4102,3690,412
2015,01/01/2015,LAVACA,12817,12251,566
2015,01/01/2015,LEE,9582,9139,443
2015,01/01/2015,LEON,10538,9980,558
2015,01/01/2015,LIBERTY,40251,37082,3169
2015,01/01/2015,LIMESTONE,12860,12134,726
2015,01/01/2015,LIPSCOMB,1995,1825,170
2015,01/01/2015,LIVE OAK,6809,6202,607
2015,01/01/2015,LLANO,13905,13020,885
2015,01/01/2015,LOVING,106,99,7
2015,01/01/2015,LUBBOCK,148889,133288,15601
2015,01/01/2015,LYNN,3872,3583,289
2015,01/01/2015,MADISON,6673,6200,473
2015,01/01/2015,MARION,7070,6363,707
2015,01/01/2015,MARTIN,2993,2894,99
2015,01/01/2015,MASON,2782,2655,127
2015,01/01/2015,MATAGORDA,20265,18843,1422
2015,01/01/2015,MAVERICK,28342,25693,2649
2015,01/01/2015,MCCULLOCH,5242,4662,580
2015,01/01/2015,MCLENNAN,123000,110452,12548
2015,01/01/2015,MCMULLEN,699,639,60
2015,01/01/2015,MEDINA,27706,26019,1687
2015,01/01/2015,MENARD,1444,1351,93
2015,01/01/2015,MIDLAND,72271,66084,6187
2015,01/01/2015,MILAM,14414,12716,1698
2015,01/01/2015,MILLS,3291,3124,167
2015,01/01/2015,MITCHELL,4571,4159,412
2015,01/01/2015,MONTAGUE,12535,11793,742
2015,01/01/2015,MONTGOMERY,273352,250898,22454
2015,01/01/2015,MOORE,8983,8338,645
2015,01/01/2015,MORRIS,8315,7697,618
2015,01/01/2015,MOTLEY,793,770,23
2015,01/01/2015,NACOGDOCHES,31156,28211,2945
2015,01/01/2015,NAVARRO,25911,24296,1615
2015,01/01/2015,NEWTON,9003,8165,838
2015,01/01/2015,NOLAN,8187,7762,425
2015,01/01/2015,NUECES,181493,168366,13127
2015,01/01/2015,OCHILTREE,5056,4740,316
2015,01/01/2015,OLDHAM,1297,1236,61
2015,01/01/2015,ORANGE,48983,46556,2427
2015,01/01/2015,PALO PINTO,16104,15171,933
2015,01/01/2015,PANOLA,15275,14528,747
2015,01/01/2015,PARKER,75313,70999,4314
2015,01/01/2015,PARMER,4289,4180,109
2015,01/01/2015,PECOS,7817,7390,427
2015,01/01/2015,POLK,37504,32454,5050
2015,01/01/2015,POTTER,50156,45738,4418
2015,01/01/2015,PRESIDIO,5237,4165,1072
2015,01/01/2015,RAINS,6561,6136,425
2015,01/01/2015,RANDALL,77487,72495,4992
2015,01/01/2015,REAGAN,1721,1619,102
2015,01/01/2015,REAL,2350,2237,113
2015,01/01/2015,RED RIVER,7721,7368,353
2015,01/01/2015,REEVES,6593,6267,326
2015,01/01/2015,REFUGIO,4883,4680,203
2015,01/01/2015,ROBERTS,672,654,18
2015,01/01/2015,ROBERTSON,11037,10471,566
2015,01/01/2015,ROCKWALL,50489,47744,2745
2015,01/01/2015,RUNNELS,6364,6110,254
2015,01/01/2015,RUSK,29226,27284,1942
2015,01/01/2015,SABINE,7233,6773,460
2015,01/01/2015,SAN AUGUSTINE,6000,5714,286
2015,01/01/2015,SAN JACINTO,16050,15172,878
2015,01/01/2015,SAN PATRICIO,37824,35021,2803
2015,01/01/2015,SAN SABA,3681,3624,57
2015,01/01/2015,SCHLEICHER,1756,1564,192
2015,01/01/2015,SCURRY,9039,8433,606
2015,01/01/2015,SHACKELFORD,2181,1989,192
2015,01/01/2015,SHELBY,14679,13481,1198
2015,01/01/2015,SHERMAN,1459,1356,103
2015,01/01/2015,SMITH,125437,114557,10880
2015,01/01/2015,SOMERVELL,5634,5420,214
2015,01/01/2015,STARR,29297,28403,894
2015,01/01/2015,STEPHENS,5391,5036,355
2015,01/01/2015,STERLING,830,811,19
2015,01/01/2015,STONEWALL,1014,1014,0
2015,01/01/2015,SUTTON,2505,2181,324
2015,01/01/2015,SWISHER,3939,3712,227
2015,01/01/2015,TARRANT,968549,886432,82117
2015,01/01/2015,TAYLOR,71850,64141,7709
2015,01/01/2015,TERRELL,729,703,26
2015,01/01/2015,TERRY,6816,6096,720
2015,01/01/2015,THROCKMORTON,1290,1175,115
2015,01/01/2015,TITUS,16067,14358,1709
2015,01/01/2015,TOM GREEN,58471,53446,5025
2015,01/01/2015,TRAVIS,626970,565234,61736
2015,01/01/2015,TRINITY,10979,10791,188
2015,01/01/2015,TYLER,13302,12209,1093
2015,01/01/2015,UPSHUR,26230,24063,2167
2015,01/01/2015,UPTON,2187,2064,123
2015,01/01/2015,UVALDE,16285,14827,1458
2015,01/01/2015,VAL VERDE,26578,22927,3651
2015,01/01/2015,VAN ZANDT,32856,31124,1732
2015,01/01/2015,VICTORIA,50433,47866,2567
2015,01/01/2015,WALKER,29044,26460,2584
2015,01/01/2015,WALLER,28344,26073,2271
2015,01/01/2015,WARD,6078,5688,390
2015,01/01/2015,WASHINGTON,22405,20521,1884
2015,01/01/2015,WEBB,113192,108718,4474
2015,01/01/2015,WHARTON,23743,22418,1325
2015,01/01/2015,WHEELER,3454,3081,373
2015,01/01/2015,WICHITA,69107,63406,5701
2015,01/01/2015,WILBARGER,7642,7288,354
2015,01/01/2015,WILLACY,11546,11533,13
2015,01/01/2015,WILLIAMSON,262595,242876,19719
2015,01/01/2015,WILSON,29099,26888,2211
2015,01/01/2015,WINKLER,3511,3313,198
2015,01/01/2015,WISE,35093,32872,2221
2015,01/01/2015,WOOD,26766,25463,1303
2015,01/01/2015,YOAKUM,3994,3691,303
2015,01/01/2015,YOUNG,11357,10655,702
2015,01/01/2015,ZAPATA,7458,6824,634
2015,01/01/2015,ZAVALA,8539,7759,780
2015,01/01/2015,TOTALS,13582973,12533430,1049543
2015,11/01/2015,ANDERSON,26621,24678,1943
2015,11/01/2015,ANDREWS,8383,7916,467
2015,11/01/2015,ANGELINA,49261,46340,2921
2015,11/01/2015,ARANSAS,15518,14408,1110
2015,11/01/2015,ARCHER,6170,5875,295
2015,11/01/2015,ARMSTRONG,1360,1360,0
2015,11/01/2015,ATASCOSA,24616,23318,1298
2015,11/01/2015,AUSTIN,18488,17779,709
2015,11/01/2015,BAILEY,3622,3383,239
2015,11/01/2015,BANDERA,14555,13537,1018
2015,11/01/2015,BASTROP,41175,38572,2603
2015,11/01/2015,BAYLOR,2394,2226,168
2015,11/01/2015,BEE,14837,14024,813
2015,11/01/2015,BELL,168317,134332,33985
2015,11/01/2015,BEXAR,959760,878786,80974
2015,11/01/2015,BLANCO,7479,7055,424
2015,11/01/2015,BORDEN,428,428,0
2015,11/01/2015,BOSQUE,11584,10823,761
2015,11/01/2015,BOWIE,56135,51839,4296
2015,11/01/2015,BRAZORIA,184284,174030,10254
2015,11/01/2015,BRAZOS,92338,81449,10889
2015,11/01/2015,BREWSTER,6859,6291,568
2015,11/01/2015,BRISCOE,1080,1037,43
2015,11/01/2015,BROOKS,6372,5585,787
2015,11/01/2015,BROWN,22282,20620,1662
2015,11/01/2015,BURLESON,10990,10384,606
2015,11/01/2015,BURNET,27326,25825,1501
2015,11/01/2015,CALDWELL,20891,20332,559
2015,11/01/2015,CALHOUN,12420,11839,581
2015,11/01/2015,CALLAHAN,8757,8294,463
2015,11/01/2015,CAMERON,183900,173419,10481
2015,11/01/2015,CAMP,7137,6722,415
2015,11/01/2015,CARSON,4197,4014,183
2015,11/01/2015,CASS,19037,17949,1088
2015,11/01/2015,CASTRO,3826,3599,227
2015,11/01/2015,CHAMBERS,25263,24158,1105
2015,11/01/2015,CHEROKEE,26303,24535,1768
2015,11/01/2015,CHILDRESS,3517,3323,194
2015,11/01/2015,CLAY,7393,6911,482
2015,11/01/2015,COCHRAN,1712,1660,52
2015,11/01/2015,COKE,2030,1975,55
2015,11/01/2015,COLEMAN,5793,5467,326
2015,11/01/2015,COLLIN,489400,425273,64127
2015,11/01/2015,COLLINGSWORTH,1863,1774,89
2015,11/01/2015,COLORADO,13324,12773,551
2015,11/01/2015,COMAL,83560,76106,7454
2015,11/01/2015,COMANCHE,8709,8687,22
2015,11/01/2015,CONCHO,1603,1500,103
2015,11/01/2015,COOKE,23789,22482,1307
2015,11/01/2015,CORYELL,34178,29369,4809
2015,11/01/2015,COTTLE,1076,1045,31
2015,11/01/2015,CRANE,2511,2421,90
2015,11/01/2015,CROCKETT,2487,2414,73
2015,11/01/2015,CROSBY,3487,3286,201
2015,11/01/2015,CULBERSON,1688,1572,116
2015,11/01/2015,DALLAM,3013,2707,306
2015,11/01/2015,DALLAS,1197238,1077321,119917
2015,11/01/2015,DAWSON,7115,6780,335
2015,11/01/2015,DEAF SMITH,8248,7658,590
2015,11/01/2015,DELTA,3665,3546,119
2015,11/01/2015,DENTON,420036,348417,71619
2015,11/01/2015,DEWITT,11578,10924,654
2015,11/01/2015,DICKENS,1305,1304,1
2015,11/01/2015,DIMMIT,7205,6818,387
2015,11/01/2015,DONLEY,2309,2119,190
2015,11/01/2015,DUVAL,8198,7898,300
2015,11/01/2015,EASTLAND,10852,10011,841
2015,11/01/2015,ECTOR,67890,60388,7502
2015,11/01/2015,EDWARDS,1422,1350,72
2015,11/01/2015,ELLIS,94348,81621,12727
2015,11/01/2015,EL PASO,394703,370172,24531
2015,11/01/2015,ERATH,20072,18703,1369
2015,11/01/2015,FALLS,9890,9382,508
2015,11/01/2015,FANNIN,19554,18260,1294
2015,11/01/2015,FAYETTE,15754,15319,435
2015,11/01/2015,FISHER,2691,2620,71
2015,11/01/2015,FLOYD,3974,3660,314
2015,11/01/2015,FOARD,918,845,73
2015,11/01/2015,FORT BEND,373836,337087,36749
2015,11/01/2015,FRANKLIN,6491,5983,508
2015,11/01/2015,FREESTONE,11335,10629,706
2015,11/01/2015,FRIO,9724,9439,285
2015,11/01/2015,GAINES,8178,7868,310
2015,11/01/2015,GALVESTON,193369,178995,14374
2015,11/01/2015,GARZA,2659,2620,39
2015,11/01/2015,GILLESPIE,18000,16829,1171
2015,11/01/2015,GLASSCOCK,752,715,37
2015,11/01/2015,GOLIAD,5332,5170,162
2015,11/01/2015,GONZALES,11827,11157,670
2015,11/01/2015,GRAY,12309,11552,757
2015,11/01/2015,GRAYSON,73497,68357,5140
2015,11/01/2015,GREGG,65703,57650,8053
2015,11/01/2015,GRIMES,14871,13747,1124
2015,11/01/2015,GUADALUPE,84865,75524,9341
2015,11/01/2015,HALE,18719,17405,1314
2015,11/01/2015,HALL,1951,1863,88
2015,11/01/2015,HAMILTON,5235,5010,225
2015,11/01/2015,HANSFORD,2988,2849,139
2015,11/01/2015,HARDEMAN,2451,2312,139
2015,11/01/2015,HARDIN,36417,35218,1199
2015,11/01/2015,HARRIS,2063247,1811737,251510
2015,11/01/2015,HARRISON,42726,39800,2926
2015,11/01/2015,HARTLEY,2867,2568,299
2015,11/01/2015,HASKELL,3306,3018,288
2015,11/01/2015,HAYS,106009,95117,10892
2015,11/01/2015,HEMPHILL,2308,2297,11
2015,11/01/2015,HENDERSON,47620,44845,2775
2015,11/01/2015,HIDALGO,312516,291750,20766
2015,11/01/2015,HILL,22082,20371,1711
2015,11/01/2015,HOCKLEY,13290,12521,769
2015,11/01/2015,HOOD,35671,33310,2361
2015,11/01/2015,HOPKINS,21150,20009,1141
2015,11/01/2015,HOUSTON,12527,11681,846
2015,11/01/2015,HOWARD,16204,15015,1189
2015,11/01/2015,HUDSPETH,1689,1585,104
2015,11/01/2015,HUNT,48444,45169,3275
2015,11/01/2015,HUTCHINSON,13109,12353,756
2015,11/01/2015,IRION,1279,1173,106
2015,11/01/2015,JACK,4768,4471,297
2015,11/01/2015,JACKSON,8600,8235,365
2015,11/01/2015,JASPER,22872,20317,2555
2015,11/01/2015,JEFF DAVIS,1610,1543,67
2015,11/01/2015,JEFFERSON,143424,133385,10039
2015,11/01/2015,JIM HOGG,3732,3618,114
2015,11/01/2015,JIM WELLS,25324,24248,1076
2015,11/01/2015,JOHNSON,84476,79654,4822
2015,11/01/2015,JONES,9717,9125,592
2015,11/01/2015,KARNES,7677,7208,469
2015,11/01/2015,KAUFMAN,61804,58355,3449
2015,11/01/2015,KENDALL,26807,24954,1853
2015,11/01/2015,KENEDY,313,239,74
2015,11/01/2015,KENT,597,579,18
2015,11/01/2015,KERR,32513,30648,1865
2015,11/01/2015,KIMBLE,2842,2659,183
2015,11/01/2015,KING,185,175,10
2015,11/01/2015,KINNEY,2167,2049,118
2015,11/01/2015,KLEBERG,16949,15862,1087
2015,11/01/2015,KNOX,2378,2331,47
2015,11/01/2015,LAMAR,29390,27750,1640
2015,11/01/2015,LAMB,7955,7447,508
2015,11/01/2015,LAMPASAS,12933,12051,882
2015,11/01/2015,LA SALLE,4062,3748,314
2015,11/01/2015,LAVACA,12911,12343,568
2015,11/01/2015,LEE,9761,9330,431
2015,11/01/2015,LEON,10735,10149,586
2015,11/01/2015,LIBERTY,40948,37874,3074
2015,11/01/2015,LIMESTONE,13052,12285,767
2015,11/01/2015,LIPSCOMB,1961,1854,107
2015,11/01/2015,LIVE OAK,6957,6351,606
2015,11/01/2015,LLANO,14224,13302,922
2015,11/01/2015,LOVING,109,102,7
2015,11/01/2015,LUBBOCK,152910,136307,16603
2015,11/01/2015,LYNN,3736,3658,78
2015,11/01/2015,MADISON,6798,6278,520
2015,11/01/2015,MARION,6858,6427,431
2015,11/01/2015,MARTIN,3006,2911,95
2015,11/01/2015,MASON,2831,2706,125
2015,11/01/2015,MATAGORDA,20693,19360,1333
2015,11/01/2015,MAVERICK,29040,26577,2463
2015,11/01/2015,MCCULLOCH,5071,4764,307
2015,11/01/2015,MCLENNAN,125688,110048,15640
2015,11/01/2015,MCMULLEN,678,634,44
2015,11/01/2015,MEDINA,28347,26564,1783
2015,11/01/2015,MENARD,1459,1363,96
2015,11/01/2015,MIDLAND,73891,66697,7194
2015,11/01/2015,MILAM,14077,13112,965
2015,11/01/2015,MILLS,3352,3161,191
2015,11/01/2015,MITCHELL,4408,4262,146
2015,11/01/2015,MONTAGUE,12770,12016,754
2015,11/01/2015,MONTGOMERY,286491,251519,34972
2015,11/01/2015,MOORE,9238,8578,660
2015,11/01/2015,MORRIS,8422,7830,592
2015,11/01/2015,MOTLEY,826,816,10
2015,11/01/2015,NACOGDOCHES,30681,28730,1951
2015,11/01/2015,NAVARRO,26358,24776,1582
2015,11/01/2015,NEWTON,9112,8525,587
2015,11/01/2015,NOLAN,8326,7928,398
2015,11/01/2015,NUECES,185841,159990,25851
2015,11/01/2015,OCHILTREE,5190,4900,290
2015,11/01/2015,OLDHAM,1348,1282,66
2015,11/01/2015,ORANGE,50214,47991,2223
2015,11/01/2015,PALO PINTO,16555,15673,882
2015,11/01/2015,PANOLA,15641,14961,680
2015,11/01/2015,PARKER,78243,73919,4324
2015,11/01/2015,PARMER,4371,4268,103
2015,11/01/2015,PECOS,7945,7508,437
2015,11/01/2015,POLK,36212,33816,2396
2015,11/01/2015,POTTER,51590,46755,4835
2015,11/01/2015,PRESIDIO,4453,4250,203
2015,11/01/2015,RAINS,6744,6292,452
2015,11/01/2015,RANDALL,79848,75250,4598
2015,11/01/2015,REAGAN,1801,1702,99
2015,11/01/2015,REAL,2383,2269,114
2015,11/01/2015,RED RIVER,7909,7605,304
2015,11/01/2015,REEVES,6750,6449,301
2015,11/01/2015,REFUGIO,4936,4745,191
2015,11/01/2015,ROBERTS,678,661,17
2015,11/01/2015,ROBERTSON,11156,10573,583
2015,11/01/2015,ROCKWALL,52285,45613,6672
2015,11/01/2015,RUNNELS,6470,6226,244
2015,11/01/2015,RUSK,29804,27928,1876
2015,11/01/2015,SABINE,7331,6919,412
2015,11/01/2015,SAN AUGUSTINE,5993,5737,256
2015,11/01/2015,SAN JACINTO,16484,15661,823
2015,11/01/2015,SAN PATRICIO,38989,36280,2709
2015,11/01/2015,SAN SABA,3703,3648,55
2015,11/01/2015,SCHLEICHER,1769,1565,204
2015,11/01/2015,SCURRY,9244,8667,577
2015,11/01/2015,SHACKELFORD,2229,2051,178
2015,11/01/2015,SHELBY,14577,13834,743
2015,11/01/2015,SHERMAN,1461,1350,111
2015,11/01/2015,SMITH,127382,109981,17401
2015,11/01/2015,SOMERVELL,5734,5537,197
2015,11/01/2015,STARR,30057,29212,845
2015,11/01/2015,STEPHENS,5483,5140,343
2015,11/01/2015,STERLING,836,819,17
2015,11/01/2015,STONEWALL,993,993,0
2015,11/01/2015,SUTTON,2445,2284,161
2015,11/01/2015,SWISHER,4004,3780,224
2015,11/01/2015,TARRANT,1002488,838838,163650
2015,11/01/2015,TAYLOR,73697,60133,13564
2015,11/01/2015,TERRELL,691,665,26
2015,11/01/2015,TERRY,6917,6199,718
2015,11/01/2015,THROCKMORTON,1234,1172,62
2015,11/01/2015,TITUS,15778,14813,965
2015,11/01/2015,TOM GREEN,60188,51161,9027
2015,11/01/2015,TRAVIS,654398,592007,62391
2015,11/01/2015,TRINITY,11330,11167,163
2015,11/01/2015,TYLER,12959,12420,539
2015,11/01/2015,UPSHUR,26768,24732,2036
2015,11/01/2015,UPTON,2202,1949,253
2015,11/01/2015,UVALDE,15892,15098,794
2015,11/01/2015,VAL VERDE,26201,23435,2766
2015,11/01/2015,VAN ZANDT,33871,32254,1617
2015,11/01/2015,VICTORIA,51753,49327,2426
2015,11/01/2015,WALKER,29866,27382,2484
2015,11/01/2015,WALLER,29004,26667,2337
2015,11/01/2015,WARD,6219,5833,386
2015,11/01/2015,WASHINGTON,21958,20887,1071
2015,11/01/2015,WEBB,116175,111878,4297
2015,11/01/2015,WHARTON,24259,22998,1261
2015,11/01/2015,WHEELER,3357,3180,177
2015,11/01/2015,WICHITA,74812,65296,9516
2015,11/01/2015,WILBARGER,7770,7446,324
2015,11/01/2015,WILLACY,11629,11627,2
2015,11/01/2015,WILLIAMSON,273559,236151,37408
2015,11/01/2015,WILSON,28939,27641,1298
2015,11/01/2015,WINKLER,3620,3431,189
2015,11/01/2015,WISE,36186,33833,2353
2015,11/01/2015,WOOD,27285,26018,1267
2015,11/01/2015,YOAKUM,4011,3860,151
2015,11/01/2015,YOUNG,11521,10717,804
2015,11/01/2015,ZAPATA,7282,6962,320
2015,11/01/2015,ZAVALA,8584,7882,702
2015,11/01/2015,TOTALS,13988920,12563851,1425069
2016,01/01/2016,ANDERSON,26773,22909,3864
2016,01/01/2016,ANDREWS,8468,7469,999
2016,01/01/2016,ANGELINA,49669,46449,3220
2016,01/01/2016,ARANSAS,15729,13309,2420
2016,01/01/2016,ARCHER,6180,5574,606
2016,01/01/2016,ARMSTRONG,1368,1368,0
2016,01/01/2016,ATASCOSA,24825,22202,2623
2016,01/01/2016,AUSTIN,18601,17908,693
2016,01/01/2016,BAILEY,3651,3419,232
2016,01/01/2016,BANDERA,14676,12787,1889
2016,01/01/2016,BASTROP,41624,37905,3719
2016,01/01/2016,BAYLOR,2404,2062,342
2016,01/01/2016,BEE,14956,13199,1757
2016,01/01/2016,BELL,170482,131422,39060
2016,01/01/2016,BEXAR,970497,805924,164573
2016,01/01/2016,BLANCO,7494,6699,795
2016,01/01/2016,BORDEN,434,434,0
2016,01/01/2016,BOSQUE,11479,9979,1500
2016,01/01/2016,BOWIE,56503,47378,9125
2016,01/01/2016,BRAZORIA,186517,176560,9957
2016,01/01/2016,BRAZOS,93321,76098,17223
2016,01/01/2016,BREWSTER,6907,5759,1148
2016,01/01/2016,BRISCOE,1079,972,107
2016,01/01/2016,BROOKS,6383,5613,770
2016,01/01/2016,BROWN,22413,20558,1855
2016,01/01/2016,BURLESON,11015,10167,848
2016,01/01/2016,BURNET,27609,24717,2892
2016,01/01/2016,CALDWELL,21035,20483,552
2016,01/01/2016,CALHOUN,12493,11779,714
2016,01/01/2016,CALLAHAN,8779,7743,1036
2016,01/01/2016,CAMERON,185116,169039,16077
2016,01/01/2016,CAMP,7174,6765,409
2016,01/01/2016,CARSON,4214,4035,179
2016,01/01/2016,CASS,19076,16660,2416
2016,01/01/2016,CASTRO,3893,3670,223
2016,01/01/2016,CHAMBERS,25479,23166,2313
2016,01/01/2016,CHEROKEE,26500,24645,1855
2016,01/01/2016,CHILDRESS,3549,3346,203
2016,01/01/2016,CLAY,7432,6882,550
2016,01/01/2016,COCHRAN,1720,1668,52
2016,01/01/2016,COKE,2023,1970,53
2016,01/01/2016,COLEMAN,5790,5053,737
2016,01/01/2016,COLLIN,496545,434269,62276
2016,01/01/2016,COLLINGSWORTH,1817,1672,145
2016,01/01/2016,COLORADO,13391,12037,1354
2016,01/01/2016,COMAL,84672,77567,7105
2016,01/01/2016,COMANCHE,8732,8710,22
2016,01/01/2016,CONCHO,1608,1402,206
2016,01/01/2016,COOKE,23995,22187,1808
2016,01/01/2016,CORYELL,34622,26646,7976
2016,01/01/2016,COTTLE,1076,989,87
2016,01/01/2016,CRANE,2505,2319,186
2016,01/01/2016,CROCKETT,2497,2321,176
2016,01/01/2016,CROSBY,3494,3088,406
2016,01/01/2016,CULBERSON,1699,1547,152
2016,01/01/2016,DALLAM,3047,2496,551
2016,01/01/2016,DALLAS,1210062,1002630,207432
2016,01/01/2016,DAWSON,7116,6253,863
2016,01/01/2016,DEAF SMITH,8313,7730,583
2016,01/01/2016,DELTA,3658,3299,359
2016,01/01/2016,DENTON,425149,356238,68911
2016,01/01/2016,DEWITT,11508,10281,1227
2016,01/01/2016,DICKENS,1287,1286,1
2016,01/01/2016,DIMMIT,7246,6864,382
2016,01/01/2016,DONLEY,2299,2004,295
2016,01/01/2016,DUVAL,8214,7821,393
2016,01/01/2016,EASTLAND,11048,9368,1680
2016,01/01/2016,ECTOR,68594,60512,8082
2016,01/01/2016,EDWARDS,1424,1315,109
2016,01/01/2016,ELLIS,95395,80955,14440
2016,01/01/2016,EL PASO,398252,374505,23747
2016,01/01/2016,ERATH,20245,18922,1323
2016,01/01/2016,FALLS,9898,9108,790
2016,01/01/2016,FANNIN,19429,17375,2054
2016,01/01/2016,FAYETTE,15852,14614,1238
2016,01/01/2016,FISHER,2752,2683,69
2016,01/01/2016,FLOYD,3988,3676,312
2016,01/01/2016,FOARD,932,686,246
2016,01/01/2016,FORT BEND,379254,344050,35204
2016,01/01/2016,FRANKLIN,6525,5579,946
2016,01/01/2016,FREESTONE,11422,9953,1469
2016,01/01/2016,FRIO,9824,9556,268
2016,01/01/2016,GAINES,8242,7744,498
2016,01/01/2016,GALVESTON,195988,169175,26813
2016,01/01/2016,GARZA,2647,2607,40
2016,01/01/2016,GILLESPIE,18150,16108,2042
2016,01/01/2016,GLASSCOCK,752,715,37
2016,01/01/2016,GOLIAD,5336,5020,316
2016,01/01/2016,GONZALES,11873,10813,1060
2016,01/01/2016,GRAY,12337,10619,1718
2016,01/01/2016,GRAYSON,74246,67676,6570
2016,01/01/2016,GREGG,66260,57906,8354
2016,01/01/2016,GRIMES,15006,13216,1790
2016,01/01/2016,GUADALUPE,86235,73827,12408
2016,01/01/2016,HALE,18816,17023,1793
2016,01/01/2016,HALL,1953,1700,253
2016,01/01/2016,HAMILTON,5261,5038,223
2016,01/01/2016,HANSFORD,3002,2675,327
2016,01/01/2016,HARDEMAN,2461,2155,306
2016,01/01/2016,HARDIN,36578,35394,1184
2016,01/01/2016,HARRIS,2084462,1852829,231633
2016,01/01/2016,HARRISON,42894,39968,2926
2016,01/01/2016,HARTLEY,2817,2308,509
2016,01/01/2016,HASKELL,3333,2790,543
2016,01/01/2016,HAYS,107625,86065,21560
2016,01/01/2016,HEMPHILL,2244,2162,82
2016,01/01/2016,HENDERSON,48211,42558,5653
2016,01/01/2016,HIDALGO,315697,290237,25460
2016,01/01/2016,HILL,22175,20220,1955
2016,01/01/2016,HOCKLEY,13355,11902,1453
2016,01/01/2016,HOOD,36008,32648,3360
2016,01/01/2016,HOPKINS,21256,20151,1105
2016,01/01/2016,HOUSTON,12575,11505,1070
2016,01/01/2016,HOWARD,16292,14516,1776
2016,01/01/2016,HUDSPETH,1748,1646,102
2016,01/01/2016,HUNT,48919,44720,4199
2016,01/01/2016,HUTCHINSON,13175,12147,1028
2016,01/01/2016,IRION,1294,1120,174
2016,01/01/2016,JACK,4795,4444,351
2016,01/01/2016,JACKSON,8662,7779,883
2016,01/01/2016,JASPER,22954,18808,4146
2016,01/01/2016,JEFF DAVIS,1606,1554,52
2016,01/01/2016,JEFFERSON,144095,126549,17546
2016,01/01/2016,JIM HOGG,3775,3380,395
2016,01/01/2016,JIM WELLS,25495,24454,1041
2016,01/01/2016,JOHNSON,85606,80901,4705
2016,01/01/2016,JONES,9763,8441,1322
2016,01/01/2016,KARNES,7667,6834,833
2016,01/01/2016,KAUFMAN,62540,53787,8753
2016,01/01/2016,KENDALL,27188,25092,2096
2016,01/01/2016,KENEDY,313,241,72
2016,01/01/2016,KENT,601,559,42
2016,01/01/2016,KERR,32906,28374,4532
2016,01/01/2016,KIMBLE,2841,2502,339
2016,01/01/2016,KING,187,176,11
2016,01/01/2016,KINNEY,2198,2047,151
2016,01/01/2016,KLEBERG,17001,15935,1066
2016,01/01/2016,KNOX,2380,2086,294
2016,01/01/2016,LAMAR,29619,26768,2851
2016,01/01/2016,LAMB,8001,7011,990
2016,01/01/2016,LAMPASAS,12998,11718,1280
2016,01/01/2016,LA SALLE,4069,3767,302
2016,01/01/2016,LAVACA,12947,11763,1184
2016,01/01/2016,LEE,9831,8908,923
2016,01/01/2016,LEON,10789,9742,1047
2016,01/01/2016,LIBERTY,41130,38076,3054
2016,01/01/2016,LIMESTONE,13128,12204,924
2016,01/01/2016,LIPSCOMB,1974,1745,229
2016,01/01/2016,LIVE OAK,6958,5958,1000
2016,01/01/2016,LLANO,14361,12525,1836
2016,01/01/2016,LOVING,111,104,7
2016,01/01/2016,LUBBOCK,153836,123132,30704
2016,01/01/2016,LYNN,3745,3668,77
2016,01/01/2016,MADISON,6825,5981,844
2016,01/01/2016,MARION,6914,6455,459
2016,01/01/2016,MARTIN,3004,2757,247
2016,01/01/2016,MASON,2858,2624,234
2016,01/01/2016,MATAGORDA,20826,18809,2017
2016,01/01/2016,MAVERICK,29289,26591,2698
2016,01/01/2016,MCCULLOCH,5095,4676,419
2016,01/01/2016,MCLENNAN,126860,109533,17327
2016,01/01/2016,MCMULLEN,656,628,28
2016,01/01/2016,MEDINA,28586,26807,1779
2016,01/01/2016,MENARD,1478,1379,99
2016,01/01/2016,MIDLAND,74640,67462,7178
2016,01/01/2016,MILAM,14160,13223,937
2016,01/01/2016,MILLS,3375,3103,272
2016,01/01/2016,MITCHELL,4413,4256,157
2016,01/01/2016,MONTAGUE,12885,11161,1724
2016,01/01/2016,MONTGOMERY,290259,254549,35710
2016,01/01/2016,MOORE,9295,8245,1050
2016,01/01/2016,MORRIS,8498,7750,748
2016,01/01/2016,MOTLEY,819,809,10
2016,01/01/2016,NACOGDOCHES,31151,29001,2150
2016,01/01/2016,NAVARRO,26560,22846,3714
2016,01/01/2016,NEWTON,9171,8296,875
2016,01/01/2016,NOLAN,8347,7301,1046
2016,01/01/2016,NUECES,187049,163232,23817
2016,01/01/2016,OCHILTREE,5216,4725,491
2016,01/01/2016,OLDHAM,1349,1184,165
2016,01/01/2016,ORANGE,50463,44633,5830
2016,01/01/2016,PALO PINTO,16660,14448,2212
2016,01/01/2016,PANOLA,15709,15047,662
2016,01/01/2016,PARKER,79306,70603,8703
2016,01/01/2016,PARMER,4281,4180,101
2016,01/01/2016,PECOS,7975,7050,925
2016,01/01/2016,POLK,36512,34145,2367
2016,01/01/2016,POTTER,52200,44864,7336
2016,01/01/2016,PRESIDIO,4509,4312,197
2016,01/01/2016,RAINS,6808,6315,493
2016,01/01/2016,RANDALL,80689,71240,9449
2016,01/01/2016,REAGAN,1803,1659,144
2016,01/01/2016,REAL,2418,2186,232
2016,01/01/2016,RED RIVER,7873,7578,295
2016,01/01/2016,REEVES,6782,6487,295
2016,01/01/2016,REFUGIO,4935,4418,517
2016,01/01/2016,ROBERTS,677,629,48
2016,01/01/2016,ROBERTSON,11200,9873,1327
2016,01/01/2016,ROCKWALL,53038,45765,7273
2016,01/01/2016,RUNNELS,6516,5821,695
2016,01/01/2016,RUSK,30030,27350,2680
2016,01/01/2016,SABINE,7385,6981,404
2016,01/01/2016,SAN AUGUSTINE,6010,5363,647
2016,01/01/2016,SAN JACINTO,16566,14817,1749
2016,01/01/2016,SAN PATRICIO,39354,35669,3685
2016,01/01/2016,SAN SABA,3722,3658,64
2016,01/01/2016,SCHLEICHER,1773,1574,199
2016,01/01/2016,SCURRY,9285,7856,1429
2016,01/01/2016,SHACKELFORD,2233,1939,294
2016,01/01/2016,SHELBY,14606,13058,1548
2016,01/01/2016,SHERMAN,1476,1303,173
2016,01/01/2016,SMITH,128448,107336,21112
2016,01/01/2016,SOMERVELL,5773,5121,652
2016,01/01/2016,STARR,30281,29464,817
2016,01/01/2016,STEPHENS,5510,4840,670
2016,01/01/2016,STERLING,847,831,16
2016,01/01/2016,STONEWALL,949,949,0
2016,01/01/2016,SUTTON,2452,2145,307
2016,01/01/2016,SWISHER,4010,3497,513
2016,01/01/2016,TARRANT,1012612,856864,155748
2016,01/01/2016,TAYLOR,74267,58638,15629
2016,01/01/2016,TERRELL,688,616,72
2016,01/01/2016,TERRY,6915,5779,1136
2016,01/01/2016,THROCKMORTON,1227,1128,99
2016,01/01/2016,TITUS,15820,14055,1765
2016,01/01/2016,TOM GREEN,60425,50471,9954
2016,01/01/2016,TRAVIS,661242,541241,120001
2016,01/01/2016,TRINITY,11355,10179,1176
2016,01/01/2016,TYLER,12965,12444,521
2016,01/01/2016,UPSHUR,26897,23180,3717
2016,01/01/2016,UPTON,2211,1963,248
2016,01/01/2016,UVALDE,16007,14530,1477
2016,01/01/2016,VAL VERDE,26480,23376,3104
2016,01/01/2016,VAN ZANDT,34262,32691,1571
2016,01/01/2016,VICTORIA,52156,45712,6444
2016,01/01/2016,WALKER,30179,25707,4472
2016,01/01/2016,WALLER,29237,25386,3851
2016,01/01/2016,WARD,6242,5369,873
2016,01/01/2016,WASHINGTON,22044,19450,2594
2016,01/01/2016,WEBB,116995,107401,9594
2016,01/01/2016,WHARTON,24387,21770,2617
2016,01/01/2016,WHEELER,3380,3198,182
2016,01/01/2016,WICHITA,75445,66061,9384
2016,01/01/2016,WILBARGER,7791,7474,317
2016,01/01/2016,WILLACY,11742,11740,2
2016,01/01/2016,WILLIAMSON,277561,243298,34263
2016,01/01/2016,WILSON,29266,27952,1314
2016,01/01/2016,WINKLER,3664,3275,389
2016,01/01/2016,WISE,36567,31434,5133
2016,01/01/2016,WOOD,27547,25315,2232
2016,01/01/2016,YOAKUM,4032,3673,359
2016,01/01/2016,YOUNG,11544,9882,1662
2016,01/01/2016,ZAPATA,7334,6847,487
2016,01/01/2016,ZAVALA,8568,7887,681
2016,01/01/2016,TOTALS,14129705,12314565,1815140
2016,03/01/2016,ANDERSON,26900,23103,3797
2016,03/01/2016,ANDREWS,8585,7712,873
2016,03/01/2016,ANGELINA,49835,43311,6524
2016,03/01/2016,ARANSAS,16000,13820,2180
2016,03/01/2016,ARCHER,6179,5601,578
2016,03/01/2016,ARMSTRONG,1383,1320,63
2016,03/01/2016,ATASCOSA,25012,22464,2548
2016,03/01/2016,AUSTIN,18731,17545,1186
2016,03/01/2016,BAILEY,3649,3047,602
2016,03/01/2016,BANDERA,14782,12958,1824
2016,03/01/2016,BASTROP,42095,38503,3592
2016,03/01/2016,BAYLOR,2408,2083,325
2016,03/01/2016,BEE,15065,13260,1805
2016,03/01/2016,BELL,172183,131751,40432
2016,03/01/2016,BEXAR,977150,817436,159714
2016,03/01/2016,BLANCO,7573,6821,752
2016,03/01/2016,BORDEN,441,437,4
2016,03/01/2016,BOSQUE,11502,10153,1349
2016,03/01/2016,BOWIE,56778,47957,8821
2016,03/01/2016,BRAZORIA,187464,170711,16753
2016,03/01/2016,BRAZOS,95397,75674,19723
2016,03/01/2016,BREWSTER,6943,5821,1122
2016,03/01/2016,BRISCOE,1077,971,106
2016,03/01/2016,BROOKS,6433,5613,820
2016,03/01/2016,BROWN,22566,19153,3413
2016,03/01/2016,BURLESON,11156,10116,1040
2016,03/01/2016,BURNET,27847,24725,3122
2016,03/01/2016,CALDWELL,21270,20727,543
2016,03/01/2016,CALHOUN,12611,11410,1201
2016,03/01/2016,CALLAHAN,8837,7855,982
2016,03/01/2016,CAMERON,186214,165511,20703
2016,03/01/2016,CAMP,7233,6271,962
2016,03/01/2016,CARSON,4240,3842,398
2016,03/01/2016,CASS,19243,17043,2200
2016,03/01/2016,CASTRO,3880,3432,448
2016,03/01/2016,CHAMBERS,25615,22934,2681
2016,03/01/2016,CHEROKEE,26630,23302,3328
2016,03/01/2016,CHILDRESS,3555,3184,371
2016,03/01/2016,CLAY,7454,6671,783
2016,03/01/2016,COCHRAN,1741,1619,122
2016,03/01/2016,COKE,2101,2053,48
2016,03/01/2016,COLEMAN,5843,5211,632
2016,03/01/2016,COLLIN,500059,417650,82409
2016,03/01/2016,COLLINGSWORTH,1841,1697,144
2016,03/01/2016,COLORADO,13389,12157,1232
2016,03/01/2016,COMAL,85926,75480,10446
2016,03/01/2016,COMANCHE,8618,8596,22
2016,03/01/2016,CONCHO,1624,1431,193
2016,03/01/2016,COOKE,24005,21022,2983
2016,03/01/2016,CORYELL,34950,26246,8704
2016,03/01/2016,COTTLE,1070,987,83
2016,03/01/2016,CRANE,2558,2262,296
2016,03/01/2016,CROCKETT,2524,2350,174
2016,03/01/2016,CROSBY,3488,3100,388
2016,03/01/2016,CULBERSON,1705,1503,202
2016,03/01/2016,DALLAM,3044,2466,578
2016,03/01/2016,DALLAS,1217771,986457,231314
2016,03/01/2016,DAWSON,7114,6340,774
2016,03/01/2016,DEAF SMITH,8380,7364,1016
2016,03/01/2016,DELTA,3677,3334,343
2016,03/01/2016,DENTON,429934,351789,78145
2016,03/01/2016,DEWITT,11593,10413,1180
2016,03/01/2016,DICKENS,1302,1301,1
2016,03/01/2016,DIMMIT,7363,6607,756
2016,03/01/2016,DONLEY,2312,2015,297
2016,03/01/2016,DUVAL,8252,7649,603
2016,03/01/2016,EASTLAND,11135,9552,1583
2016,03/01/2016,ECTOR,69265,59674,9591
2016,03/01/2016,EDWARDS,1445,1303,142
2016,03/01/2016,ELLIS,96027,82032,13995
2016,03/01/2016,EL PASO,401489,361219,40270
2016,03/01/2016,ERATH,20520,17093,3427
2016,03/01/2016,FALLS,9918,8271,1647
2016,03/01/2016,FANNIN,19576,17570,2006
2016,03/01/2016,FAYETTE,15921,14839,1082
2016,03/01/2016,FISHER,2767,2701,66
2016,03/01/2016,FLOYD,4021,3717,304
2016,03/01/2016,FOARD,938,769,169
2016,03/01/2016,FORT BEND,380982,334889,46093
2016,03/01/2016,FRANKLIN,6584,5658,926
2016,03/01/2016,FREESTONE,11585,10266,1319
2016,03/01/2016,FRIO,9958,9704,254
2016,03/01/2016,GAINES,8335,7780,555
2016,03/01/2016,GALVESTON,197168,170573,26595
2016,03/01/2016,GARZA,2656,2544,112
2016,03/01/2016,GILLESPIE,18252,16333,1919
2016,03/01/2016,GLASSCOCK,763,690,73
2016,03/01/2016,GOLIAD,5411,4974,437
2016,03/01/2016,GONZALES,11912,10532,1380
2016,03/01/2016,GRAY,12396,10788,1608
2016,03/01/2016,GRAYSON,74599,64492,10107
2016,03/01/2016,GREGG,66731,56234,10497
2016,03/01/2016,GRIMES,15096,13355,1741
2016,03/01/2016,GUADALUPE,86930,75145,11785
2016,03/01/2016,HALE,18923,15967,2956
2016,03/01/2016,HALL,1945,1681,264
2016,03/01/2016,HAMILTON,5306,4792,514
2016,03/01/2016,HANSFORD,2990,2716,274
2016,03/01/2016,HARDEMAN,2471,2173,298
2016,03/01/2016,HARDIN,36875,35480,1395
2016,03/01/2016,HARRIS,2102820,1867792,235028
2016,03/01/2016,HARRISON,43083,39942,3141
2016,03/01/2016,HARTLEY,2834,2341,493
2016,03/01/2016,HASKELL,3326,2827,499
2016,03/01/2016,HAYS,109236,88148,21088
2016,03/01/2016,HEMPHILL,2263,2154,109
2016,03/01/2016,HENDERSON,48520,43021,5499
2016,03/01/2016,HIDALGO,318297,288768,29529
2016,03/01/2016,HILL,22300,20383,1917
2016,03/01/2016,HOCKLEY,13414,11757,1657
2016,03/01/2016,HOOD,36211,31450,4761
2016,03/01/2016,HOPKINS,21506,20432,1074
2016,03/01/2016,HOUSTON,12665,11223,1442
2016,03/01/2016,HOWARD,16456,13823,2633
2016,03/01/2016,HUDSPETH,1732,1531,201
2016,03/01/2016,HUNT,49321,42841,6480
2016,03/01/2016,HUTCHINSON,13229,11628,1601
2016,03/01/2016,IRION,1310,1139,171
2016,03/01/2016,JACK,4835,4260,575
2016,03/01/2016,JACKSON,8700,7863,837
2016,03/01/2016,JASPER,23089,19151,3938
2016,03/01/2016,JEFF DAVIS,1598,1465,133
2016,03/01/2016,JEFFERSON,144867,127547,17320
2016,03/01/2016,JIM HOGG,3845,3519,326
2016,03/01/2016,JIM WELLS,25680,23197,2483
2016,03/01/2016,JOHNSON,86026,75434,10592
2016,03/01/2016,JONES,9806,8548,1258
2016,03/01/2016,KARNES,7718,6916,802
2016,03/01/2016,KAUFMAN,62991,54758,8233
2016,03/01/2016,KENDALL,27472,25389,2083
2016,03/01/2016,KENEDY,315,248,67
2016,03/01/2016,KENT,602,554,48
2016,03/01/2016,KERR,33039,29004,4035
2016,03/01/2016,KIMBLE,2833,2533,300
2016,03/01/2016,KING,187,170,17
2016,03/01/2016,KINNEY,2204,1983,221
2016,03/01/2016,KLEBERG,17108,14903,2205
2016,03/01/2016,KNOX,2392,2138,254
2016,03/01/2016,LAMAR,29811,25931,3880
2016,03/01/2016,LAMB,8032,7105,927
2016,03/01/2016,LAMPASAS,13102,11887,1215
2016,03/01/2016,LA SALLE,4125,3840,285
2016,03/01/2016,LAVACA,12948,11815,1133
2016,03/01/2016,LEE,9870,9017,853
2016,03/01/2016,LEON,10821,9834,987
2016,03/01/2016,LIBERTY,41396,37271,4125
2016,03/01/2016,LIMESTONE,13174,11412,1762
2016,03/01/2016,LIPSCOMB,2010,1803,207
2016,03/01/2016,LIVE OAK,6995,6001,994
2016,03/01/2016,LLANO,14449,12721,1728
2016,03/01/2016,LOVING,110,103,7
2016,03/01/2016,LUBBOCK,155189,125551,29638
2016,03/01/2016,LYNN,3769,3455,314
2016,03/01/2016,MADISON,6880,6067,813
2016,03/01/2016,MARION,6936,6025,911
2016,03/01/2016,MARTIN,3001,2761,240
2016,03/01/2016,MASON,2884,2674,210
2016,03/01/2016,MATAGORDA,20921,18388,2533
2016,03/01/2016,MAVERICK,29478,25464,4014
2016,03/01/2016,MCCULLOCH,5133,4517,616
2016,03/01/2016,MCLENNAN,127563,107165,20398
2016,03/01/2016,MCMULLEN,667,644,23
2016,03/01/2016,MEDINA,28768,25529,3239
2016,03/01/2016,MENARD,1477,1337,140
2016,03/01/2016,MIDLAND,75245,63287,11958
2016,03/01/2016,MILAM,14279,13193,1086
2016,03/01/2016,MILLS,3372,2985,387
2016,03/01/2016,MITCHELL,4429,4277,152
2016,03/01/2016,MONTAGUE,12935,11352,1583
2016,03/01/2016,MONTGOMERY,293067,248922,44145
2016,03/01/2016,MOORE,9314,8102,1212
2016,03/01/2016,MORRIS,8444,7427,1017
2016,03/01/2016,MOTLEY,830,810,20
2016,03/01/2016,NACOGDOCHES,31552,27498,4054
2016,03/01/2016,NAVARRO,26730,23244,3486
2016,03/01/2016,NEWTON,9254,8048,1206
2016,03/01/2016,NOLAN,8452,7484,968
2016,03/01/2016,NUECES,188421,163952,24469
2016,03/01/2016,OCHILTREE,5188,4517,671
2016,03/01/2016,OLDHAM,1356,1200,156
2016,03/01/2016,ORANGE,50999,45636,5363
2016,03/01/2016,PALO PINTO,16745,14699,2046
2016,03/01/2016,PANOLA,15782,14090,1692
2016,03/01/2016,PARKER,79997,71344,8653
2016,03/01/2016,PARMER,4278,4092,186
2016,03/01/2016,PECOS,7999,7068,931
2016,03/01/2016,POLK,36741,31407,5334
2016,03/01/2016,POTTER,52519,43767,8752
2016,03/01/2016,PRESIDIO,4643,4449,194
2016,03/01/2016,RAINS,6836,5990,846
2016,03/01/2016,RANDALL,81048,70113,10935
2016,03/01/2016,REAGAN,1833,1640,193
2016,03/01/2016,REAL,2455,2222,233
2016,03/01/2016,RED RIVER,7912,7164,748
2016,03/01/2016,REEVES,6840,6547,293
2016,03/01/2016,REFUGIO,4962,4477,485
2016,03/01/2016,ROBERTS,682,638,44
2016,03/01/2016,ROBERTSON,11227,9932,1295
2016,03/01/2016,ROCKWALL,53500,46474,7026
2016,03/01/2016,RUNNELS,6513,5792,721
2016,03/01/2016,RUSK,30103,26504,3599
2016,03/01/2016,SABINE,7451,6671,780
2016,03/01/2016,SAN AUGUSTINE,6062,5496,566
2016,03/01/2016,SAN JACINTO,16673,15014,1659
2016,03/01/2016,SAN PATRICIO,39398,35378,4020
2016,03/01/2016,SAN SABA,3716,3248,468
2016,03/01/2016,SCHLEICHER,1778,1512,266
2016,03/01/2016,SCURRY,9305,8008,1297
2016,03/01/2016,SHACKELFORD,2248,1973,275
2016,03/01/2016,SHELBY,14713,13314,1399
2016,03/01/2016,SHERMAN,1471,1305,166
2016,03/01/2016,SMITH,129215,107415,21800
2016,03/01/2016,SOMERVELL,5812,5201,611
2016,03/01/2016,STARR,30583,29774,809
2016,03/01/2016,STEPHENS,5558,4917,641
2016,03/01/2016,STERLING,852,796,56
2016,03/01/2016,STONEWALL,954,954,0
2016,03/01/2016,SUTTON,2466,2182,284
2016,03/01/2016,SWISHER,4006,3518,488
2016,03/01/2016,TARRANT,1019633,876220,143413
2016,03/01/2016,TAYLOR,74665,60209,14456
2016,03/01/2016,TERRELL,691,624,67
2016,03/01/2016,TERRY,6950,5870,1080
2016,03/01/2016,THROCKMORTON,1223,1055,168
2016,03/01/2016,TITUS,15967,14234,1733
2016,03/01/2016,TOM GREEN,60919,51175,9744
2016,03/01/2016,TRAVIS,667116,557003,110113
2016,03/01/2016,TRINITY,11436,10268,1168
2016,03/01/2016,TYLER,13033,12524,509
2016,03/01/2016,UPSHUR,26938,23307,3631
2016,03/01/2016,UPTON,2201,1959,242
2016,03/01/2016,UVALDE,16075,14223,1852
2016,03/01/2016,VAL VERDE,26594,21921,4673
2016,03/01/2016,VAN ZANDT,34474,30329,4145
2016,03/01/2016,VICTORIA,52432,46166,6266
2016,03/01/2016,WALKER,30358,25600,4758
2016,03/01/2016,WALLER,29599,25865,3734
2016,03/01/2016,WARD,6254,5496,758
2016,03/01/2016,WASHINGTON,22079,19719,2360
2016,03/01/2016,WEBB,117905,107464,10441
2016,03/01/2016,WHARTON,24463,22000,2463
2016,03/01/2016,WHEELER,3409,3121,288
2016,03/01/2016,WICHITA,75923,58821,17102
2016,03/01/2016,WILBARGER,7832,7524,308
2016,03/01/2016,WILLACY,11856,11854,2
2016,03/01/2016,WILLIAMSON,281615,240059,41556
2016,03/01/2016,WILSON,29470,26694,2776
2016,03/01/2016,WINKLER,3685,3323,362
2016,03/01/2016,WISE,36943,32403,4540
2016,03/01/2016,WOOD,27855,25441,2414
2016,03/01/2016,YOAKUM,4071,3713,358
2016,03/01/2016,YOUNG,11571,9997,1574
2016,03/01/2016,ZAPATA,7515,7000,515
2016,03/01/2016,ZAVALA,8614,7573,1041
2016,03/01/2016,TOTALS,14238436,12255723,1982713
2016,11/01/2016,ANDERSON,28111,24859,3252
2016,11/01/2016,ANDREWS,9130,8460,670
2016,11/01/2016,ANGELINA,51610,46371,5239
2016,11/01/2016,ARANSAS,17263,15505,1758
2016,11/01/2016,ARCHER,6314,5845,469
2016,11/01/2016,ARMSTRONG,1391,1366,25
2016,11/01/2016,ATASCOSA,26488,24213,2275
2016,11/01/2016,AUSTIN,19263,17874,1389
2016,11/01/2016,BAILEY,3714,3207,507
2016,11/01/2016,BANDERA,15524,14037,1487
2016,11/01/2016,BASTROP,45137,42090,3047
2016,11/01/2016,BAYLOR,2433,2164,269
2016,11/01/2016,BEE,15709,14104,1605
2016,11/01/2016,BELL,186533,153230,33303
2016,11/01/2016,BEXAR,1045357,917914,127443
2016,11/01/2016,BLANCO,8033,7421,612
2016,11/01/2016,BORDEN,463,457,6
2016,11/01/2016,BOSQUE,12002,10838,1164
2016,11/01/2016,BOWIE,59083,51546,7537
2016,11/01/2016,BRAZORIA,196507,178721,17786
2016,11/01/2016,BRAZOS,106804,92174,14630
2016,11/01/2016,BREWSTER,7369,6429,940
2016,11/01/2016,BRISCOE,1096,1001,95
2016,11/01/2016,BROOKS,6428,5246,1182
2016,11/01/2016,BROWN,23424,20867,2557
2016,11/01/2016,BURLESON,11637,10760,877
2016,11/01/2016,BURNET,29587,27022,2565
2016,11/01/2016,CALDWELL,22560,21892,668
2016,11/01/2016,CALHOUN,12863,11844,1019
2016,11/01/2016,CALLAHAN,9192,8376,816
2016,11/01/2016,CAMERON,197726,181028,16698
2016,11/01/2016,CAMP,7582,6799,783
2016,11/01/2016,CARSON,4317,3994,323
2016,11/01/2016,CASS,20040,18185,1855
2016,11/01/2016,CASTRO,3959,3573,386
2016,11/01/2016,CHAMBERS,26930,24720,2210
2016,11/01/2016,CHEROKEE,27788,24984,2804
2016,11/01/2016,CHILDRESS,3564,3270,294
2016,11/01/2016,CLAY,7656,7003,653
2016,11/01/2016,COCHRAN,1777,1685,92
2016,11/01/2016,COKE,2192,2130,62
2016,11/01/2016,COLEMAN,5942,5474,468
2016,11/01/2016,COLLIN,537358,475828,61530
2016,11/01/2016,COLLINGSWORTH,1901,1775,126
2016,11/01/2016,COLORADO,13871,12859,1012
2016,11/01/2016,COMAL,92403,83055,9348
2016,11/01/2016,COMANCHE,8911,8889,22
2016,11/01/2016,CONCHO,1662,1504,158
2016,11/01/2016,COOKE,25086,22713,2373
2016,11/01/2016,CORYELL,37644,30211,7433
2016,11/01/2016,COTTLE,1072,982,90
2016,11/01/2016,CRANE,2679,2440,239
2016,11/01/2016,CROCKETT,2553,2394,159
2016,11/01/2016,CROSBY,3604,3248,356
2016,11/01/2016,CULBERSON,1762,1568,194
2016,11/01/2016,DALLAM,3151,2639,512
2016,11/01/2016,DALLAS,1287082,1112375,174707
2016,11/01/2016,DAWSON,7343,6681,662
2016,11/01/2016,DEAF SMITH,8669,7733,936
2016,11/01/2016,DELTA,3845,3540,305
2016,11/01/2016,DENTON,464790,401234,63556
2016,11/01/2016,DEWITT,11856,10832,1024
2016,11/01/2016,DICKENS,1330,1324,6
2016,11/01/2016,DIMMIT,7440,6759,681
2016,11/01/2016,DONLEY,2312,2064,248
2016,11/01/2016,DUVAL,8357,7780,577
2016,11/01/2016,EASTLAND,11683,10387,1296
2016,11/01/2016,ECTOR,73142,65144,7998
2016,11/01/2016,EDWARDS,1514,1405,109
2016,11/01/2016,ELLIS,102235,91317,10918
2016,11/01/2016,EL PASO,428319,389968,38351
2016,11/01/2016,ERATH,21537,19209,2328
2016,11/01/2016,FALLS,10135,8676,1459
2016,11/01/2016,FANNIN,20565,18696,1869
2016,11/01/2016,FAYETTE,16279,15681,598
2016,11/01/2016,FISHER,2769,2609,160
2016,11/01/2016,FLOYD,4068,3661,407
2016,11/01/2016,FOARD,948,818,130
2016,11/01/2016,FORT BEND,404035,367480,36555
2016,11/01/2016,FRANKLIN,6798,5983,815
2016,11/01/2016,FREESTONE,11987,10884,1103
2016,11/01/2016,FRIO,9130,7581,1549
2016,11/01/2016,GAINES,8616,8164,452
2016,11/01/2016,GALVESTON,208232,186110,22122
2016,11/01/2016,GARZA,2721,2429,292
2016,11/01/2016,GILLESPIE,18968,17501,1467
2016,11/01/2016,GLASSCOCK,769,715,54
2016,11/01/2016,GOLIAD,5580,5239,341
2016,11/01/2016,GONZALES,12272,11010,1262
2016,11/01/2016,GRAY,12725,11393,1332
2016,11/01/2016,GRAYSON,78686,70401,8285
2016,11/01/2016,GREGG,69403,60966,8437
2016,11/01/2016,GRIMES,15713,14168,1545
2016,11/01/2016,GUADALUPE,93543,84438,9105
2016,11/01/2016,HALE,19473,16990,2483
2016,11/01/2016,HALL,2021,1793,228
2016,11/01/2016,HAMILTON,5467,4990,477
2016,11/01/2016,HANSFORD,3065,2807,258
2016,11/01/2016,HARDEMAN,2536,2284,252
2016,11/01/2016,HARDIN,38154,35773,2381
2016,11/01/2016,HARRIS,2234671,1986011,248660
2016,11/01/2016,HARRISON,44622,40083,4539
2016,11/01/2016,HARTLEY,2975,2536,439
2016,11/01/2016,HASKELL,3394,2929,465
2016,11/01/2016,HAYS,121326,105042,16284
2016,11/01/2016,HEMPHILL,2368,2280,88
2016,11/01/2016,HENDERSON,50692,46208,4484
2016,11/01/2016,HIDALGO,338562,315184,23378
2016,11/01/2016,HILL,22825,21173,1652
2016,11/01/2016,HOCKLEY,13723,12323,1400
2016,11/01/2016,HOOD,38284,34581,3703
2016,11/01/2016,HOPKINS,22495,21552,943
2016,11/01/2016,HOUSTON,13157,11799,1358
2016,11/01/2016,HOWARD,17041,14805,2236
2016,11/01/2016,HUDSPETH,1840,1675,165
2016,11/01/2016,HUNT,52384,46881,5503
2016,11/01/2016,HUTCHINSON,13620,12272,1348
2016,11/01/2016,IRION,1338,1166,172
2016,11/01/2016,JACK,5080,4624,456
2016,11/01/2016,JACKSON,9095,8365,730
2016,11/01/2016,JASPER,23642,20260,3382
2016,11/01/2016,JEFF DAVIS,1655,1526,129
2016,11/01/2016,JEFFERSON,149233,134592,14641
2016,11/01/2016,JIM HOGG,3942,3711,231
2016,11/01/2016,JIM WELLS,26508,24504,2004
2016,11/01/2016,JOHNSON,91725,83373,8352
2016,11/01/2016,JONES,10101,9102,999
2016,11/01/2016,KARNES,7934,7262,672
2016,11/01/2016,KAUFMAN,67544,61081,6463
2016,11/01/2016,KENDALL,29077,26429,2648
2016,11/01/2016,KENEDY,318,260,58
2016,11/01/2016,KENT,615,576,39
2016,11/01/2016,KERR,34644,31443,3201
2016,11/01/2016,KIMBLE,2916,2668,248
2016,11/01/2016,KING,202,186,16
2016,11/01/2016,KINNEY,2243,2047,196
2016,11/01/2016,KLEBERG,17998,16241,1757
2016,11/01/2016,KNOX,2445,2228,217
2016,11/01/2016,LAMAR,31011,27828,3183
2016,11/01/2016,LAMB,8305,7500,805
2016,11/01/2016,LAMPASAS,13786,12693,1093
2016,11/01/2016,LASALLE,4173,3710,463
2016,11/01/2016,LAVACA,13253,12288,965
2016,11/01/2016,LEE,10298,9592,706
2016,11/01/2016,LEON,11159,10382,777
2016,11/01/2016,LIBERTY,43685,38773,4912
2016,11/01/2016,LIMESTONE,13667,12219,1448
2016,11/01/2016,LIPSCOMB,2048,1879,169
2016,11/01/2016,LIVE OAK,7255,6445,810
2016,11/01/2016,LLANO,15160,13776,1384
2016,11/01/2016,LOVING,110,101,9
2016,11/01/2016,LUBBOCK,166489,143287,23202
2016,11/01/2016,LYNN,3893,3626,267
2016,11/01/2016,MADISON,7193,6461,732
2016,11/01/2016,MARION,7258,6493,765
2016,11/01/2016,MARTIN,3130,2911,219
2016,11/01/2016,MASON,2966,2789,177
2016,11/01/2016,MATAGORDA,21578,19488,2090
2016,11/01/2016,MAVERICK,30689,27352,3337
2016,11/01/2016,MCCULLOCH,5284,4795,489
2016,11/01/2016,MCLENNAN,136088,120336,15752
2016,11/01/2016,MCMULLEN,709,693,16
2016,11/01/2016,MEDINA,30318,27648,2670
2016,11/01/2016,MENARD,1488,1370,118
2016,11/01/2016,MIDLAND,79919,70534,9385
2016,11/01/2016,MILAM,14794,13235,1559
2016,11/01/2016,MILLS,3441,3117,324
2016,11/01/2016,MITCHELL,4495,3922,573
2016,11/01/2016,MONTAGUE,13320,11959,1361
2016,11/01/2016,MONTGOMERY,311880,276739,35141
2016,11/01/2016,MOORE,9667,8642,1025
2016,11/01/2016,MORRIS,8561,7802,759
2016,11/01/2016,MOTLEY,857,840,17
2016,11/01/2016,NACOGDOCHES,34769,31606,3163
2016,11/01/2016,NAVARRO,27786,24955,2831
2016,11/01/2016,NEWTON,9581,8541,1040
2016,11/01/2016,NOLAN,8748,7938,810
2016,11/01/2016,NUECES,199467,174146,25321
2016,11/01/2016,OCHILTREE,5295,4759,536
2016,11/01/2016,OLDHAM,1413,1290,123
2016,11/01/2016,ORANGE,53040,48856,4184
2016,11/01/2016,PALO PINTO,17495,15856,1639
2016,11/01/2016,PANOLA,16348,15011,1337
2016,11/01/2016,PARKER,85221,78264,6957
2016,11/01/2016,PARMER,4463,4292,171
2016,11/01/2016,PECOS,8170,7380,790
2016,11/01/2016,POLK,38530,33642,4888
2016,11/01/2016,POTTER,54999,47398,7601
2016,11/01/2016,PRESIDIO,4806,4271,535
2016,11/01/2016,RAINS,7220,6531,689
2016,11/01/2016,RANDALL,85106,76579,8527
2016,11/01/2016,REAGAN,1893,1722,171
2016,11/01/2016,REAL,2522,2329,193
2016,11/01/2016,RED RIVER,8243,7646,597
2016,11/01/2016,REEVES,7103,6848,255
2016,11/01/2016,REFUGIO,5085,4697,388
2016,11/01/2016,ROBERTS,716,676,40
2016,11/01/2016,ROBERTSON,11505,10390,1115
2016,11/01/2016,ROCKWALL,57428,52066,5362
2016,11/01/2016,RUNNELS,6679,6057,622
2016,11/01/2016,RUSK,31331,28262,3069
2016,11/01/2016,SABINE,7710,7013,697
2016,11/01/2016,SAN AUGUSTINE,6181,5710,471
2016,11/01/2016,SAN JACINTO,17574,16194,1380
2016,11/01/2016,SAN PATRICIO,41354,36684,4670
2016,11/01/2016,SAN SABA,3776,3346,430
2016,11/01/2016,SCHLEICHER,1823,1574,249
2016,11/01/2016,SCURRY,9486,8452,1034
2016,11/01/2016,SHACKELFORD,2328,2070,258
2016,11/01/2016,SHELBY,15179,14072,1107
2016,11/01/2016,SHERMAN,1518,1359,159
2016,11/01/2016,SMITH,135216,118256,16960
2016,11/01/2016,SOMERVELL,6018,5522,496
2016,11/01/2016,STARR,32064,30375,1689
2016,11/01/2016,STEPHENS,5726,5113,613
2016,11/01/2016,STERLING,935,891,44
2016,11/01/2016,STONEWALL,998,998,0
2016,11/01/2016,SUTTON,2536,2280,256
2016,11/01/2016,SWISHER,4065,3656,409
2016,11/01/2016,TARRANT,1077598,938312,139286
2016,11/01/2016,TAYLOR,78621,67072,11549
2016,11/01/2016,TERRELL,700,641,59
2016,11/01/2016,TERRY,6998,6026,972
2016,11/01/2016,THROCKMORTON,1229,1055,174
2016,11/01/2016,TITUS,16605,15065,1540
2016,11/01/2016,TOM GREEN,64471,56856,7615
2016,11/01/2016,TRAVIS,725035,641000,84035
2016,11/01/2016,TRINITY,11580,10541,1039
2016,11/01/2016,TYLER,13559,13131,428
2016,11/01/2016,UPSHUR,27915,24952,2963
2016,11/01/2016,UPTON,2245,2008,237
2016,11/01/2016,UVALDE,16843,15365,1478
2016,11/01/2016,VAL VERDE,27690,23697,3993
2016,11/01/2016,VAN ZANDT,36123,32547,3576
2016,11/01/2016,VICTORIA,54466,49444,5022
2016,11/01/2016,WALKER,32523,28901,3622
2016,11/01/2016,WALLER,31132,27225,3907
2016,11/01/2016,WARD,6476,5833,643
2016,11/01/2016,WASHINGTON,22951,21023,1928
2016,11/01/2016,WEBB,123291,115178,8113
2016,11/01/2016,WHARTON,25206,23282,1924
2016,11/01/2016,WHEELER,3527,3215,312
2016,11/01/2016,WICHITA,78618,64587,14031
2016,11/01/2016,WILBARGER,8071,7800,271
2016,11/01/2016,WILLACY,12306,12304,2
2016,11/01/2016,WILLIAMSON,299958,265452,34506
2016,11/01/2016,WILSON,31245,29062,2183
2016,11/01/2016,WINKLER,3817,3500,317
2016,11/01/2016,WISE,39092,35408,3684
2016,11/01/2016,WOOD,29127,27016,2111
2016,11/01/2016,YOAKUM,4170,3891,279
2016,11/01/2016,YOUNG,11762,10603,1159
2016,11/01/2016,ZAPATA,7645,7170,475
2016,11/01/2016,ZAVALA,8615,7767,848
2016,11/01/2016,TOTALS,15101087,13408480,1692607
2017,01/01/2017,ANDERSON,28242,25355,2887
2017,01/01/2017,ANDREWS,8803,8515,288
2017,01/01/2017,ANGELINA,51892,47236,4656
2017,01/01/2017,ARANSAS,16784,15883,901
2017,01/01/2017,ARCHER,6187,5906,281
2017,01/01/2017,ARMSTRONG,1389,1368,21
2017,01/01/2017,ATASCOSA,26064,24714,1350
2017,01/01/2017,AUSTIN,18897,18031,866
2017,01/01/2017,BAILEY,3691,3190,501
2017,01/01/2017,BANDERA,15675,14288,1387
2017,01/01/2017,BASTROP,43845,42697,1148
2017,01/01/2017,BAYLOR,2336,2199,137
2017,01/01/2017,BEE,15283,14350,933
2017,01/01/2017,BELL,189374,159039,30335
2017,01/01/2017,BEXAR,1017005,942561,74444
2017,01/01/2017,BLANCO,7854,7486,368
2017,01/01/2017,BORDEN,461,455,6
2017,01/01/2017,BOSQUE,11713,11095,618
2017,01/01/2017,BOWIE,56713,52731,3982
2017,01/01/2017,BRAZORIA,200248,183723,16525
2017,01/01/2017,BRAZOS,102794,96000,6794
2017,01/01/2017,BREWSTER,7417,6492,925
2017,01/01/2017,BRISCOE,1057,996,61
2017,01/01/2017,BROOKS,5912,5266,646
2017,01/01/2017,BROWN,23546,21357,2189
2017,01/01/2017,BURLESON,11335,10893,442
2017,01/01/2017,BURNET,28948,27520,1428
2017,01/01/2017,CALDWELL,22942,22306,636
2017,01/01/2017,CALHOUN,12928,11969,959
2017,01/01/2017,CALLAHAN,8961,8505,456
2017,01/01/2017,CAMERON,193264,185807,7457
2017,01/01/2017,CAMP,7278,6823,455
2017,01/01/2017,CARSON,4195,4018,177
2017,01/01/2017,CASS,19931,18245,1686
2017,01/01/2017,CASTRO,3784,3585,199
2017,01/01/2017,CHAMBERS,26688,25625,1063
2017,01/01/2017,CHEROKEE,28052,25533,2519
2017,01/01/2017,CHILDRESS,3458,3291,167
2017,01/01/2017,CLAY,7371,7074,297
2017,01/01/2017,COCHRAN,1761,1673,88
2017,01/01/2017,COKE,2221,2163,58
2017,01/01/2017,COLEMAN,5782,5539,243
2017,01/01/2017,COLLIN,525977,495307,30670
2017,01/01/2017,COLLINGSWORTH,1826,1781,45
2017,01/01/2017,COLORADO,13552,13037,515
2017,01/01/2017,COMAL,90793,85232,5561
2017,01/01/2017,COMANCHE,8944,8923,21
2017,01/01/2017,CONCHO,1652,1505,147
2017,01/01/2017,COOKE,24446,23185,1261
2017,01/01/2017,CORYELL,34889,31280,3609
2017,01/01/2017,COTTLE,1061,998,63
2017,01/01/2017,CRANE,2595,2446,149
2017,01/01/2017,CROCKETT,2489,2405,84
2017,01/01/2017,CROSBY,3452,3278,174
2017,01/01/2017,CULBERSON,1759,1568,191
2017,01/01/2017,DALLAM,2947,2706,241
2017,01/01/2017,DALLAS,1248879,1160759,88120
2017,01/01/2017,DAWSON,7358,6750,608
2017,01/01/2017,DEAF SMITH,8712,7851,861
2017,01/01/2017,DELTA,3753,3569,184
2017,01/01/2017,DENTON,473687,420247,53440
2017,01/01/2017,DEWITT,11891,10978,913
2017,01/01/2017,DICKENS,1322,1317,5
2017,01/01/2017,DIMMIT,7175,6717,458
2017,01/01/2017,DONLEY,2192,2075,117
2017,01/01/2017,DUVAL,8350,7792,558
2017,01/01/2017,EASTLAND,11715,10547,1168
2017,01/01/2017,ECTOR,73990,67169,6821
2017,01/01/2017,EDWARDS,1466,1415,51
2017,01/01/2017,ELLIS,103866,94924,8942
2017,01/01/2017,EL PASO,420147,402339,17808
2017,01/01/2017,ERATH,20889,19767,1122
2017,01/01/2017,FALLS,10170,8780,1390
2017,01/01/2017,FANNIN,19928,19093,835
2017,01/01/2017,FAYETTE,16257,15847,410
2017,01/01/2017,FISHER,2756,2609,147
2017,01/01/2017,FLOYD,4080,3662,418
2017,01/01/2017,FOARD,884,820,64
2017,01/01/2017,FORT BEND,412810,383211,29599
2017,01/01/2017,FRANKLIN,6580,6106,474
2017,01/01/2017,FREESTONE,11718,11018,700
2017,01/01/2017,FRIO,8945,7915,1030
2017,01/01/2017,GAINES,8471,8279,192
2017,01/01/2017,GALVESTON,203348,191523,11825
2017,01/01/2017,GARZA,2729,2468,261
2017,01/01/2017,GILLESPIE,18412,17750,662
2017,01/01/2017,GLASSCOCK,742,713,29
2017,01/01/2017,GOLIAD,5611,5320,291
2017,01/01/2017,GONZALES,12298,11178,1120
2017,01/01/2017,GRAY,12277,11553,724
2017,01/01/2017,GRAYSON,76489,72220,4269
2017,01/01/2017,GREGG,69764,62494,7270
2017,01/01/2017,GRIMES,15453,14724,729
2017,01/01/2017,GUADALUPE,95038,86876,8162
2017,01/01/2017,HALE,19644,17338,2306
2017,01/01/2017,HALL,2001,1783,218
2017,01/01/2017,HAMILTON,5348,5068,280
2017,01/01/2017,HANSFORD,2973,2839,134
2017,01/01/2017,HARDEMAN,2455,2333,122
2017,01/01/2017,HARDIN,38448,36428,2020
2017,01/01/2017,HARRIS,2189228,2057959,131269
2017,01/01/2017,HARRISON,45204,41126,4078
2017,01/01/2017,HARTLEY,2825,2590,235
2017,01/01/2017,HASKELL,3216,2962,254
2017,01/01/2017,HAYS,123968,110112,13856
2017,01/01/2017,HEMPHILL,2332,2260,72
2017,01/01/2017,HENDERSON,49475,47221,2254
2017,01/01/2017,HIDALGO,335627,324067,11560
2017,01/01/2017,HILL,22963,21432,1531
2017,01/01/2017,HOCKLEY,13261,12520,741
2017,01/01/2017,HOOD,37444,35648,1796
2017,01/01/2017,HOPKINS,22521,21625,896
2017,01/01/2017,HOUSTON,13128,11878,1250
2017,01/01/2017,HOWARD,16460,15124,1336
2017,01/01/2017,HUDSPETH,1847,1690,157
2017,01/01/2017,HUNT,51341,48044,3297
2017,01/01/2017,HUTCHINSON,13746,12506,1240
2017,01/01/2017,IRION,1321,1145,176
2017,01/01/2017,JACK,4935,4706,229
2017,01/01/2017,JACKSON,8914,8452,462
2017,01/01/2017,JASPER,21823,20576,1247
2017,01/01/2017,JEFF DAVIS,1659,1537,122
2017,01/01/2017,JEFFERSON,145121,138533,6588
2017,01/01/2017,JIM HOGG,3931,3714,217
2017,01/01/2017,JIM WELLS,25807,24667,1140
2017,01/01/2017,JOHNSON,89572,85116,4456
2017,01/01/2017,JONES,9735,9230,505
2017,01/01/2017,KARNES,7715,7366,349
2017,01/01/2017,KAUFMAN,66637,63248,3389
2017,01/01/2017,KENDALL,28511,27191,1320
2017,01/01/2017,KENEDY,280,263,17
2017,01/01/2017,KENT,605,582,23
2017,01/01/2017,KERR,33877,32103,1774
2017,01/01/2017,KIMBLE,2836,2707,129
2017,01/01/2017,KING,199,183,16
2017,01/01/2017,KINNEY,2251,2057,194
2017,01/01/2017,KLEBERG,17387,16525,862
2017,01/01/2017,KNOX,2435,2221,214
2017,01/01/2017,LAMAR,31312,28436,2876
2017,01/01/2017,LAMB,7892,7514,378
2017,01/01/2017,LAMPASAS,13853,12841,1012
2017,01/01/2017,LASALLE,4060,3770,290
2017,01/01/2017,LAVACA,12998,12454,544
2017,01/01/2017,LEE,10045,9710,335
2017,01/01/2017,LEON,10933,10558,375
2017,01/01/2017,LIBERTY,43619,38963,4656
2017,01/01/2017,LIMESTONE,13779,12497,1282
2017,01/01/2017,LIPSCOMB,1983,1882,101
2017,01/01/2017,LIVE OAK,7340,6648,692
2017,01/01/2017,LLANO,14661,13933,728
2017,01/01/2017,LOVING,114,105,9
2017,01/01/2017,LUBBOCK,163422,152258,11164
2017,01/01/2017,LYNN,3888,3629,259
2017,01/01/2017,MADISON,7250,6574,676
2017,01/01/2017,MARION,7324,6628,696
2017,01/01/2017,MARTIN,3095,2953,142
2017,01/01/2017,MASON,2984,2824,160
2017,01/01/2017,MATAGORDA,20941,19759,1182
2017,01/01/2017,MAVERICK,29410,28096,1314
2017,01/01/2017,MCCULLOCH,5102,4849,253
2017,01/01/2017,MCLENNAN,130294,124213,6081
2017,01/01/2017,MCMULLEN,712,696,16
2017,01/01/2017,MEDINA,30390,27955,2435
2017,01/01/2017,MENARD,1495,1381,114
2017,01/01/2017,MIDLAND,78268,73763,4505
2017,01/01/2017,MILAM,14903,13474,1429
2017,01/01/2017,MILLS,3381,3185,196
2017,01/01/2017,MITCHELL,4507,3997,510
2017,01/01/2017,MONTAGUE,12920,12135,785
2017,01/01/2017,MONTGOMERY,306564,289547,17017
2017,01/01/2017,MOORE,9350,8849,501
2017,01/01/2017,MORRIS,8318,7969,349
2017,01/01/2017,MOTLEY,867,852,15
2017,01/01/2017,NACOGDOCHES,34975,32159,2816
2017,01/01/2017,NAVARRO,27017,25448,1569
2017,01/01/2017,NEWTON,9623,8639,984
2017,01/01/2017,NOLAN,8831,8096,735
2017,01/01/2017,NUECES,201274,179528,21746
2017,01/01/2017,OCHILTREE,5089,4802,287
2017,01/01/2017,OLDHAM,1365,1282,83
2017,01/01/2017,ORANGE,51738,49495,2243
2017,01/01/2017,PALO PINTO,17104,16209,895
2017,01/01/2017,PANOLA,16462,15328,1134
2017,01/01/2017,PARKER,83995,80595,3400
2017,01/01/2017,PARMER,4382,4296,86
2017,01/01/2017,PECOS,7940,7470,470
2017,01/01/2017,POLK,38805,34223,4582
2017,01/01/2017,POTTER,52867,48583,4284
2017,01/01/2017,PRESIDIO,4817,4293,524
2017,01/01/2017,RAINS,6922,6581,341
2017,01/01/2017,RANDALL,83136,78677,4459
2017,01/01/2017,REAGAN,1818,1705,113
2017,01/01/2017,REAL,2448,2350,98
2017,01/01/2017,RED RIVER,8084,7750,334
2017,01/01/2017,REEVES,6924,6902,22
2017,01/01/2017,REFUGIO,4976,4759,217
2017,01/01/2017,ROBERTS,705,681,24
2017,01/01/2017,ROBERTSON,11243,10607,636
2017,01/01/2017,ROCKWALL,57278,54209,3069
2017,01/01/2017,RUNNELS,6690,6144,546
2017,01/01/2017,RUSK,30371,28697,1674
2017,01/01/2017,SABINE,7724,7059,665
2017,01/01/2017,SAN AUGUSTINE,5995,5769,226
2017,01/01/2017,SAN JACINTO,17191,16515,676
2017,01/01/2017,SAN PATRICIO,40038,37588,2450
2017,01/01/2017,SAN SABA,3738,3426,312
2017,01/01/2017,SCHLEICHER,1774,1586,188
2017,01/01/2017,SCURRY,9557,8650,907
2017,01/01/2017,SHACKELFORD,2243,2102,141
2017,01/01/2017,SHELBY,14764,14268,496
2017,01/01/2017,SHERMAN,1467,1374,93
2017,01/01/2017,SMITH,136864,122270,14594
2017,01/01/2017,SOMERVELL,5902,5601,301
2017,01/01/2017,STARR,31980,30504,1476
2017,01/01/2017,STEPHENS,5483,5191,292
2017,01/01/2017,STERLING,929,885,44
2017,01/01/2017,STONEWALL,997,997,
2017,01/01/2017,SUTTON,2532,2259,273
2017,01/01/2017,SWISHER,3913,3689,224
2017,01/01/2017,TARRANT,1099003,985933,113070
2017,01/01/2017,TAYLOR,74711,69011,5700
2017,01/01/2017,TERRELL,675,641,34
2017,01/01/2017,TERRY,7008,6100,908
2017,01/01/2017,THROCKMORTON,1229,1065,164
2017,01/01/2017,TITUS,16751,15359,1392
2017,01/01/2017,TOM GREEN,62988,59237,3751
2017,01/01/2017,TRAVIS,741950,672739,69211
2017,01/01/2017,TRINITY,11505,10486,1019
2017,01/01/2017,TYLER,13636,13226,410
2017,01/01/2017,UPSHUR,26604,25302,1302
2017,01/01/2017,UPTON,2288,2065,223
2017,01/01/2017,UVALDE,16801,15370,1431
2017,01/01/2017,VAL VERDE,27638,24049,3589
2017,01/01/2017,VAN ZANDT,36072,32796,3276
2017,01/01/2017,VICTORIA,53414,50509,2905
2017,01/01/2017,WALKER,31334,29499,1835
2017,01/01/2017,WALLER,30351,28109,2242
2017,01/01/2017,WARD,6263,5958,305
2017,01/01/2017,WASHINGTON,22435,21325,1110
2017,01/01/2017,WEBB,122255,117836,4419
2017,01/01/2017,WHARTON,24612,23687,925
2017,01/01/2017,WHEELER,3524,3220,304
2017,01/01/2017,WICHITA,79220,66371,12849
2017,01/01/2017,WILBARGER,7819,7814,5
2017,01/01/2017,WILLACY,12305,12303,2
2017,01/01/2017,WILLIAMSON,309261,281240,28021
2017,01/01/2017,WILSON,31587,29638,1949
2017,01/01/2017,WINKLER,3803,3505,298
2017,01/01/2017,WISE,38285,36462,1823
2017,01/01/2017,WOOD,29286,27324,1962
2017,01/01/2017,YOAKUM,4173,3916,257
2017,01/01/2017,YOUNG,11534,10809,725
2017,01/01/2017,ZAPATA,7634,7194,440
2017,01/01/2017,ZAVALA,8576,7802,774
2017,01/01/2017,TOTALS,14954095,13872241,1081854
2017,11/01/2017,ANDERSON,27713,25572,2141
2017,11/01/2017,ANDREWS,9174,8913,261
2017,11/01/2017,ANGELINA,50689,48133,2556
2017,11/01/2017,ARANSAS,17134,16043,1091
2017,11/01/2017,ARCHER,6247,5992,255
2017,11/01/2017,ARMSTRONG,1407,1382,25
2017,11/01/2017,ATASCOSA,26495,25151,1344
2017,11/01/2017,AUSTIN,19094,18254,840
2017,11/01/2017,BAILEY,3677,3369,308
2017,11/01/2017,BANDERA,15339,14537,802
2017,11/01/2017,BASTROP,44909,41507,3402
2017,11/01/2017,BAYLOR,2357,2220,137
2017,11/01/2017,BEE,15439,14371,1068
2017,11/01/2017,BELL,183734,150444,33290
2017,11/01/2017,BEXAR,1050992,981871,69121
2017,11/01/2017,BLANCO,8063,7648,415
2017,11/01/2017,BORDEN,468,461,7
2017,11/01/2017,BOSQUE,11854,11171,683
2017,11/01/2017,BOWIE,57827,54061,3766
2017,11/01/2017,BRAZORIA,199577,191459,8118
2017,11/01/2017,BRAZOS,104582,97057,7525
2017,11/01/2017,BREWSTER,6987,6541,446
2017,11/01/2017,BRISCOE,1072,1012,60
2017,11/01/2017,BROOKS,5858,5129,729
2017,11/01/2017,BROWN,22802,21629,1173
2017,11/01/2017,BURLESON,11468,10853,615
2017,11/01/2017,BURNET,29571,28146,1425
2017,11/01/2017,CALDWELL,22810,21248,1562
2017,11/01/2017,CALHOUN,12629,12093,536
2017,11/01/2017,CALLAHAN,9075,8589,486
2017,11/01/2017,CAMERON,199074,184948,14126
2017,11/01/2017,CAMP,7465,7032,433
2017,11/01/2017,CARSON,4200,4030,170
2017,11/01/2017,CASS,19595,18289,1306
2017,11/01/2017,CASTRO,3836,3646,190
2017,11/01/2017,CHAMBERS,27174,26172,1002
2017,11/01/2017,CHEROKEE,27544,25853,1691
2017,11/01/2017,CHILDRESS,3494,3373,121
2017,11/01/2017,CLAY,7477,7183,294
2017,11/01/2017,COCHRAN,1722,1682,40
2017,11/01/2017,COKE,2229,2193,36
2017,11/01/2017,COLEMAN,5877,5639,238
2017,11/01/2017,COLLIN,543576,468944,74632
2017,11/01/2017,COLLINGSWORTH,1865,1825,40
2017,11/01/2017,COLORADO,13674,13169,505
2017,11/01/2017,COMAL,93958,88526,5432
2017,11/01/2017,COMANCHE,9055,9047,8
2017,11/01/2017,CONCHO,1597,1480,117
2017,11/01/2017,COOKE,24918,23787,1131
2017,11/01/2017,CORYELL,36448,32882,3566
2017,11/01/2017,COTTLE,1048,971,77
2017,11/01/2017,CRANE,2631,2488,143
2017,11/01/2017,CROCKETT,2469,2351,118
2017,11/01/2017,CROSBY,3478,3309,169
2017,11/01/2017,CULBERSON,1676,1530,146
2017,11/01/2017,DALLAM,2985,2722,263
2017,11/01/2017,DALLAS,1276948,1100300,176648
2017,11/01/2017,DAWSON,7134,6784,350
2017,11/01/2017,DEAF SMITH,8587,8039,548
2017,11/01/2017,DELTA,3765,3599,166
2017,11/01/2017,DENTON,467714,396085,71629
2017,11/01/2017,DEWITT,11600,11118,482
2017,11/01/2017,DICKENS,1336,1331,5
2017,11/01/2017,DIMMIT,7237,6689,548
2017,11/01/2017,DONLEY,2184,2056,128
2017,11/01/2017,DUVAL,8083,7656,427
2017,11/01/2017,EASTLAND,11389,10755,634
2017,11/01/2017,ECTOR,73928,69552,4376
2017,11/01/2017,EDWARDS,1463,1406,57
2017,11/01/2017,ELLIS,102923,97903,5020
2017,11/01/2017,EL PASO,434682,414657,20025
2017,11/01/2017,ERATH,21367,20395,972
2017,11/01/2017,FALLS,10162,9060,1102
2017,11/01/2017,FANNIN,20376,19462,914
2017,11/01/2017,FAYETTE,16315,15961,354
2017,11/01/2017,FISHER,2722,2647,75
2017,11/01/2017,FLOYD,3919,3692,227
2017,11/01/2017,FOARD,894,833,61
2017,11/01/2017,FORT BEND,409927,375463,34464
2017,11/01/2017,FRANKLIN,6632,6148,484
2017,11/01/2017,FREESTONE,11770,11120,650
2017,11/01/2017,FRIO,8263,7107,1156
2017,11/01/2017,GAINES,8661,8461,200
2017,11/01/2017,GALVESTON,207793,195020,12773
2017,11/01/2017,GARZA,2696,2486,210
2017,11/01/2017,GILLESPIE,18675,17991,684
2017,11/01/2017,GLASSCOCK,750,723,27
2017,11/01/2017,GOLIAD,5469,5305,164
2017,11/01/2017,GONZALES,11966,11156,810
2017,11/01/2017,GRAY,12347,11663,684
2017,11/01/2017,GRAYSON,77817,69455,8362
2017,11/01/2017,GREGG,67677,60461,7216
2017,11/01/2017,GRIMES,15735,14985,750
2017,11/01/2017,GUADALUPE,94202,84783,9419
2017,11/01/2017,HALE,18716,17525,1191
2017,11/01/2017,HALL,1958,1792,166
2017,11/01/2017,HAMILTON,5429,5156,273
2017,11/01/2017,HANSFORD,3000,2833,167
2017,11/01/2017,HARDEMAN,2437,2330,107
2017,11/01/2017,HARDIN,37927,36809,1118
2017,11/01/2017,HARRIS,2233355,2102868,130487
2017,11/01/2017,HARRISON,43941,40467,3474
2017,11/01/2017,HARTLEY,2866,2628,238
2017,11/01/2017,HASKELL,3256,2988,268
2017,11/01/2017,HAYS,120898,113576,7322
2017,11/01/2017,HEMPHILL,2306,2263,43
2017,11/01/2017,HENDERSON,50109,48016,2093
2017,11/01/2017,HIDALGO,345162,325928,19234
2017,11/01/2017,HILL,22110,21588,522
2017,11/01/2017,HOCKLEY,13413,12741,672
2017,11/01/2017,HOOD,38491,36748,1743
2017,11/01/2017,HOPKINS,22233,22044,189
2017,11/01/2017,HOUSTON,12839,12030,809
2017,11/01/2017,HOWARD,16641,15175,1466
2017,11/01/2017,HUDSPETH,1822,1728,94
2017,11/01/2017,HUNT,52606,49093,3513
2017,11/01/2017,HUTCHINSON,13424,12659,765
2017,11/01/2017,IRION,1268,1137,131
2017,11/01/2017,JACK,4996,4744,252
2017,11/01/2017,JACKSON,9019,8544,475
2017,11/01/2017,JASPER,22285,21127,1158
2017,11/01/2017,JEFF DAVIS,1680,1576,104
2017,11/01/2017,JEFFERSON,146751,139850,6901
2017,11/01/2017,JIM HOGG,3843,3711,132
2017,11/01/2017,JIM WELLS,26172,25096,1076
2017,11/01/2017,JOHNSON,92797,88489,4308
2017,11/01/2017,JONES,9843,9315,528
2017,11/01/2017,KARNES,7772,7443,329
2017,11/01/2017,KAUFMAN,68060,61127,6933
2017,11/01/2017,KENDALL,29307,28061,1246
2017,11/01/2017,KENEDY,280,262,18
2017,11/01/2017,KENT,603,582,21
2017,11/01/2017,KERR,34464,32763,1701
2017,11/01/2017,KIMBLE,2838,2706,132
2017,11/01/2017,KING,180,172,8
2017,11/01/2017,KINNEY,2181,2073,108
2017,11/01/2017,KLEBERG,17563,16700,863
2017,11/01/2017,KNOX,2452,2292,160
2017,11/01/2017,LAMAR,30836,29292,1544
2017,11/01/2017,LAMB,7992,7645,347
2017,11/01/2017,LAMPASAS,13464,13017,447
2017,11/01/2017,LASALLE,4108,3872,236
2017,11/01/2017,LAVACA,13048,12521,527
2017,11/01/2017,LEE,10204,9862,342
2017,11/01/2017,LEON,10936,10588,348
2017,11/01/2017,LIBERTY,42933,40297,2636
2017,11/01/2017,LIMESTONE,13427,12478,949
2017,11/01/2017,LIPSCOMB,1989,1893,96
2017,11/01/2017,LIVE OAK,7067,6630,437
2017,11/01/2017,LLANO,14939,14206,733
2017,11/01/2017,LOVING,108,96,12
2017,11/01/2017,LUBBOCK,167157,155252,11905
2017,11/01/2017,LYNN,3876,3656,220
2017,11/01/2017,MADISON,7167,6701,466
2017,11/01/2017,MARION,7224,6751,473
2017,11/01/2017,MARTIN,3140,2990,150
2017,11/01/2017,MASON,2888,2813,75
2017,11/01/2017,MATAGORDA,21368,19907,1461
2017,11/01/2017,MAVERICK,29951,28837,1114
2017,11/01/2017,MCCULLOCH,5163,4937,226
2017,11/01/2017,MCLENNAN,132658,119354,13304
2017,11/01/2017,MCMULLEN,702,684,18
2017,11/01/2017,MEDINA,30040,28798,1242
2017,11/01/2017,MENARD,1431,1372,59
2017,11/01/2017,MIDLAND,80526,75193,5333
2017,11/01/2017,MILAM,14504,13672,832
2017,11/01/2017,MILLS,3399,3133,266
2017,11/01/2017,MITCHELL,4472,4074,398
2017,11/01/2017,MONTAGUE,13116,12386,730
2017,11/01/2017,MONTGOMERY,315708,284436,31272
2017,11/01/2017,MOORE,9560,9062,498
2017,11/01/2017,MORRIS,8281,7933,348
2017,11/01/2017,MOTLEY,852,838,14
2017,11/01/2017,NACOGDOCHES,34926,32842,2084
2017,11/01/2017,NAVARRO,27757,26178,1579
2017,11/01/2017,NEWTON,9202,8741,461
2017,11/01/2017,NOLAN,8610,8147,463
2017,11/01/2017,NUECES,197601,170960,26641
2017,11/01/2017,OCHILTREE,5147,4829,318
2017,11/01/2017,OLDHAM,1375,1299,76
2017,11/01/2017,ORANGE,53119,51031,2088
2017,11/01/2017,PALO PINTO,17303,15781,1522
2017,11/01/2017,PANOLA,16125,15488,637
2017,11/01/2017,PARKER,86204,78894,7310
2017,11/01/2017,PARMER,4425,4338,87
2017,11/01/2017,PECOS,8069,7618,451
2017,11/01/2017,POLK,37279,34730,2549
2017,11/01/2017,POTTER,54017,49344,4673
2017,11/01/2017,PRESIDIO,4812,4378,434
2017,11/01/2017,RAINS,7230,6873,357
2017,11/01/2017,RANDALL,85040,80701,4339
2017,11/01/2017,REAGAN,1833,1712,121
2017,11/01/2017,REAL,2474,2372,102
2017,11/01/2017,RED RIVER,8177,7874,303
2017,11/01/2017,REEVES,6941,6919,22
2017,11/01/2017,REFUGIO,4991,4793,198
2017,11/01/2017,ROBERTS,711,691,20
2017,11/01/2017,ROBERTSON,11372,10763,609
2017,11/01/2017,ROCKWALL,59367,56358,3009
2017,11/01/2017,RUNNELS,6602,6172,430
2017,11/01/2017,RUSK,30722,28896,1826
2017,11/01/2017,SABINE,7570,7193,377
2017,11/01/2017,SAN AUGUSTINE,6013,5799,214
2017,11/01/2017,SAN JACINTO,17448,16835,613
2017,11/01/2017,SAN PATRICIO,40782,38246,2536
2017,11/01/2017,SAN SABA,3722,3420,302
2017,11/01/2017,SCHLEICHER,1775,1580,195
2017,11/01/2017,SCURRY,9269,8780,489
2017,11/01/2017,SHACKELFORD,2248,2086,162
2017,11/01/2017,SHELBY,14905,14421,484
2017,11/01/2017,SHERMAN,1494,1389,105
2017,11/01/2017,SMITH,130346,126217,4129
2017,11/01/2017,SOMERVELL,6026,5693,333
2017,11/01/2017,STARR,32171,31371,800
2017,11/01/2017,STEPHENS,5472,5148,324
2017,11/01/2017,STERLING,885,853,32
2017,11/01/2017,STONEWALL,989,982,7
2017,11/01/2017,SUTTON,2472,2276,196
2017,11/01/2017,SWISHER,3917,3695,222
2017,11/01/2017,TARRANT,1083728,1018355,65373
2017,11/01/2017,TAYLOR,76943,65096,11847
2017,11/01/2017,TERRELL,675,641,34
2017,11/01/2017,TERRY,6626,6169,457
2017,11/01/2017,THROCKMORTON,1198,1081,117
2017,11/01/2017,TITUS,16504,15754,750
2017,11/01/2017,TOM GREEN,64029,56127,7902
2017,11/01/2017,TRAVIS,725541,689148,36393
2017,11/01/2017,TRINITY,11450,10419,1031
2017,11/01/2017,TYLER,13492,13180,312
2017,11/01/2017,UPSHUR,27117,25664,1453
2017,11/01/2017,UPTON,2098,2061,37
2017,11/01/2017,UVALDE,16849,15765,1084
2017,11/01/2017,VAL VERDE,27046,24778,2268
2017,11/01/2017,VAN ZANDT,36003,33999,2004
2017,11/01/2017,VICTORIA,54214,51390,2824
2017,11/01/2017,WALKER,31655,29872,1783
2017,11/01/2017,WALLER,31205,29023,2182
2017,11/01/2017,WARD,6354,6075,279
2017,11/01/2017,WASHINGTON,22606,21528,1078
2017,11/01/2017,WEBB,124613,120414,4199
2017,11/01/2017,WHARTON,24795,23982,813
2017,11/01/2017,WHEELER,3425,3152,273
2017,11/01/2017,WICHITA,79399,68018,11381
2017,11/01/2017,WILBARGER,7927,7921,6
2017,11/01/2017,WILLACY,12483,12478,5
2017,11/01/2017,WILLIAMSON,310163,274842,35321
2017,11/01/2017,WILSON,31421,30231,1190
2017,11/01/2017,WINKLER,3765,3632,133
2017,11/01/2017,WISE,39509,37718,1791
2017,11/01/2017,WOOD,29309,27836,1473
2017,11/01/2017,YOAKUM,4161,4028,133
2017,11/01/2017,YOUNG,11652,10824,828
2017,11/01/2017,ZAPATA,7480,7188,292
2017,11/01/2017,ZAVALA,8024,7656,368
2017,11/01/2017,TOTALS,15099137,13932916,1166221
2018,01/01/2018,ANDERSON,27788,23795,3993
2018,01/01/2018,ANDREWS,9204,8151,1053
2018,01/01/2018,ANGELINA,50779,44035,6744
2018,01/01/2018,ARANSAS,17130,13762,3368
2018,01/01/2018,ARCHER,6266,5637,629
2018,01/01/2018,ARMSTRONG,1406,1318,88
2018,01/01/2018,ATASCOSA,26590,23732,2858
2018,01/01/2018,AUSTIN,19112,17688,1424
2018,01/01/2018,BAILEY,3669,3191,478
2018,01/01/2018,BANDERA,15475,13898,1577
2018,01/01/2018,BASTROP,45123,40519,4604
2018,01/01/2018,BAYLOR,2343,2077,266
2018,01/01/2018,BEE,15520,13502,2018
2018,01/01/2018,BELL,185379,153654,31725
2018,01/01/2018,BEXAR,1057296,882452,174844
2018,01/01/2018,BLANCO,8115,7241,874
2018,01/01/2018,BORDEN,473,466,7
2018,01/01/2018,BOSQUE,11890,10461,1429
2018,01/01/2018,BOWIE,58158,49336,8822
2018,01/01/2018,BRAZORIA,200830,187605,13225
2018,01/01/2018,BRAZOS,105123,90758,14365
2018,01/01/2018,BREWSTER,7012,6422,590
2018,01/01/2018,BRISCOE,1068,965,103
2018,01/01/2018,BROOKS,5883,4951,932
2018,01/01/2018,BROWN,22939,20548,2391
2018,01/01/2018,BURLESON,11507,10304,1203
2018,01/01/2018,BURNET,29739,25989,3750
2018,01/01/2018,CALDWELL,22862,20592,2270
2018,01/01/2018,CALHOUN,12704,12183,521
2018,01/01/2018,CALLAHAN,9110,8248,862
2018,01/01/2018,CAMERON,200258,181010,19248
2018,01/01/2018,CAMP,7461,7014,447
2018,01/01/2018,CARSON,4199,3806,393
2018,01/01/2018,CASS,19643,18197,1446
2018,01/01/2018,CASTRO,3849,3451,398
2018,01/01/2018,CHAMBERS,27299,26338,961
2018,01/01/2018,CHEROKEE,27640,24092,3548
2018,01/01/2018,CHILDRESS,3493,3354,139
2018,01/01/2018,CLAY,7477,6792,685
2018,01/01/2018,COCHRAN,1720,1681,39
2018,01/01/2018,COKE,2184,2149,35
2018,01/01/2018,COLEMAN,5886,5237,649
2018,01/01/2018,COLLIN,548472,477448,71024
2018,01/01/2018,COLLINGSWORTH,1867,1827,40
2018,01/01/2018,COLORADO,13714,12505,1209
2018,01/01/2018,COMAL,94698,82421,12277
2018,01/01/2018,COMANCHE,9026,9018,8
2018,01/01/2018,CONCHO,1606,1424,182
2018,01/01/2018,COOKE,25064,23673,1391
2018,01/01/2018,CORYELL,36778,28071,8707
2018,01/01/2018,COTTLE,1050,903,147
2018,01/01/2018,CRANE,2634,2431,203
2018,01/01/2018,CROCKETT,2455,2202,253
2018,01/01/2018,CROSBY,3469,3168,301
2018,01/01/2018,CULBERSON,1685,1539,146
2018,01/01/2018,DALLAM,3000,2723,277
2018,01/01/2018,DALLAS,1278778,1099247,179531
2018,01/01/2018,DAWSON,7158,6811,347
2018,01/01/2018,DEAF SMITH,8601,7970,631
2018,01/01/2018,DELTA,3785,3369,416
2018,01/01/2018,DENTON,471711,405890,65821
2018,01/01/2018,DEWITT,11575,10417,1158
2018,01/01/2018,DICKENS,1272,1263,9
2018,01/01/2018,DIMMIT,7266,6566,700
2018,01/01/2018,DONLEY,2198,1956,242
2018,01/01/2018,DUVAL,8144,7595,549
2018,01/01/2018,EASTLAND,11440,10225,1215
2018,01/01/2018,ECTOR,74140,65390,8750
2018,01/01/2018,EDWARDS,1450,1386,64
2018,01/01/2018,ELLIS,103425,92229,11196
2018,01/01/2018,EL PASO,436981,416417,20564
2018,01/01/2018,ERATH,21508,18395,3113
2018,01/01/2018,FALLS,10166,8946,1220
2018,01/01/2018,FANNIN,20089,18451,1638
2018,01/01/2018,FAYETTE,16373,15122,1251
2018,01/01/2018,FISHER,2720,2646,74
2018,01/01/2018,FLOYD,3920,3676,244
2018,01/01/2018,FOARD,901,769,132
2018,01/01/2018,FORT BEND,413446,378011,35435
2018,01/01/2018,FRANKLIN,6643,5671,972
2018,01/01/2018,FREESTONE,11795,10365,1430
2018,01/01/2018,FRIO,8277,6787,1490
2018,01/01/2018,GAINES,8708,8364,344
2018,01/01/2018,GALVESTON,207560,178811,28749
2018,01/01/2018,GARZA,2699,2380,319
2018,01/01/2018,GILLESPIE,18789,16948,1841
2018,01/01/2018,GLASSCOCK,751,725,26
2018,01/01/2018,GOLIAD,5460,5029,431
2018,01/01/2018,GONZALES,12008,10696,1312
2018,01/01/2018,GRAY,12333,11562,771
2018,01/01/2018,GRAYSON,78018,70096,7922
2018,01/01/2018,GREGG,67857,57575,10282
2018,01/01/2018,GRIMES,15804,14282,1522
2018,01/01/2018,GUADALUPE,95185,82329,12856
2018,01/01/2018,HALE,18775,17610,1165
2018,01/01/2018,HALL,1950,1681,269
2018,01/01/2018,HAMILTON,5437,5160,277
2018,01/01/2018,HANSFORD,3012,2672,340
2018,01/01/2018,HARDEMAN,2446,2202,244
2018,01/01/2018,HARDIN,38013,36926,1087
2018,01/01/2018,HARRIS,2248921,2120430,128491
2018,01/01/2018,HARRISON,43910,40531,3379
2018,01/01/2018,HARTLEY,2869,2403,466
2018,01/01/2018,HASKELL,3259,2948,311
2018,01/01/2018,HAYS,121518,103713,17805
2018,01/01/2018,HEMPHILL,2308,2100,208
2018,01/01/2018,HENDERSON,50318,45352,4966
2018,01/01/2018,HIDALGO,347328,328840,18488
2018,01/01/2018,HILL,22210,21029,1181
2018,01/01/2018,HOCKLEY,13393,11709,1684
2018,01/01/2018,HOOD,38869,34567,4302
2018,01/01/2018,HOPKINS,22256,21704,552
2018,01/01/2018,HOUSTON,12908,11668,1240
2018,01/01/2018,HOWARD,16720,14786,1934
2018,01/01/2018,HUDSPETH,1832,1740,92
2018,01/01/2018,HUNT,52926,45649,7277
2018,01/01/2018,HUTCHINSON,13445,12677,768
2018,01/01/2018,IRION,1273,1084,189
2018,01/01/2018,JACK,5009,4764,245
2018,01/01/2018,JACKSON,9068,8058,1010
2018,01/01/2018,JASPER,22356,19773,2583
2018,01/01/2018,JEFF DAVIS,1682,1579,103
2018,01/01/2018,JEFFERSON,146724,128109,18615
2018,01/01/2018,JIM HOGG,3824,3499,325
2018,01/01/2018,JIM WELLS,26162,25144,1018
2018,01/01/2018,JOHNSON,93488,87847,5641
2018,01/01/2018,JONES,9869,9248,621
2018,01/01/2018,KARNES,7798,7118,680
2018,01/01/2018,KAUFMAN,68939,59442,9497
2018,01/01/2018,KENDALL,29568,28352,1216
2018,01/01/2018,KENEDY,288,255,33
2018,01/01/2018,KENT,596,563,33
2018,01/01/2018,KERR,34589,30044,4545
2018,01/01/2018,KIMBLE,2838,2585,253
2018,01/01/2018,KING,180,164,16
2018,01/01/2018,KINNEY,2236,2126,110
2018,01/01/2018,KLEBERG,17675,16831,844
2018,01/01/2018,KNOX,2453,2156,297
2018,01/01/2018,LAMAR,31005,27607,3398
2018,01/01/2018,LAMB,7999,7118,881
2018,01/01/2018,LAMPASAS,13580,12367,1213
2018,01/01/2018,LASALLE,4141,3914,227
2018,01/01/2018,LAVACA,13071,11887,1184
2018,01/01/2018,LEE,10235,9277,958
2018,01/01/2018,LEON,10917,10180,737
2018,01/01/2018,LIBERTY,43109,38912,4197
2018,01/01/2018,LIMESTONE,13424,11548,1876
2018,01/01/2018,LIPSCOMB,2004,1844,160
2018,01/01/2018,LIVE OAK,7130,6263,867
2018,01/01/2018,LLANO,15051,13151,1900
2018,01/01/2018,LOVING,114,102,12
2018,01/01/2018,LUBBOCK,168239,152732,15507
2018,01/01/2018,LYNN,3870,3656,214
2018,01/01/2018,MADISON,7205,6454,751
2018,01/01/2018,MARION,7239,6776,463
2018,01/01/2018,MARTIN,3167,2888,279
2018,01/01/2018,MASON,2911,2691,220
2018,01/01/2018,MATAGORDA,21338,19984,1354
2018,01/01/2018,MAVERICK,30208,29002,1206
2018,01/01/2018,MCCULLOCH,5181,4570,611
2018,01/01/2018,MCLENNAN,133667,120858,12809
2018,01/01/2018,MCMULLEN,700,648,52
2018,01/01/2018,MEDINA,30202,28978,1224
2018,01/01/2018,MENARD,1423,1364,59
2018,01/01/2018,MIDLAND,81180,71056,10124
2018,01/01/2018,MILAM,14574,13724,850
2018,01/01/2018,MILLS,3400,3133,267
2018,01/01/2018,MITCHELL,4483,4088,395
2018,01/01/2018,MONTAGUE,13188,11636,1552
2018,01/01/2018,MONTGOMERY,318611,287758,30853
2018,01/01/2018,MOORE,9629,8835,794
2018,01/01/2018,MORRIS,8232,7706,526
2018,01/01/2018,MOTLEY,867,853,14
2018,01/01/2018,NACOGDOCHES,34713,30220,4493
2018,01/01/2018,NAVARRO,27822,24573,3249
2018,01/01/2018,NEWTON,9208,8271,937
2018,01/01/2018,NOLAN,8624,7510,1114
2018,01/01/2018,NUECES,197853,172760,25093
2018,01/01/2018,OCHILTREE,5160,4488,672
2018,01/01/2018,OLDHAM,1384,1249,135
2018,01/01/2018,ORANGE,52762,46141,6621
2018,01/01/2018,PALO PINTO,17462,15125,2337
2018,01/01/2018,PANOLA,16141,14664,1477
2018,01/01/2018,PARKER,87052,77370,9682
2018,01/01/2018,PARMER,4374,4149,225
2018,01/01/2018,PECOS,8099,7117,982
2018,01/01/2018,POLK,37482,31975,5507
2018,01/01/2018,POTTER,54091,45055,9036
2018,01/01/2018,PRESIDIO,4809,4269,540
2018,01/01/2018,RAINS,7299,6840,459
2018,01/01/2018,RANDALL,85513,74056,11457
2018,01/01/2018,REAGAN,1831,1717,114
2018,01/01/2018,REAL,2482,2308,174
2018,01/01/2018,RED RIVER,8183,7374,809
2018,01/01/2018,REEVES,6961,6476,485
2018,01/01/2018,REFUGIO,4996,4591,405
2018,01/01/2018,ROBERTS,711,653,58
2018,01/01/2018,ROBERTSON,11386,10196,1190
2018,01/01/2018,ROCKWALL,60095,57005,3090
2018,01/01/2018,RUNNELS,6627,6167,460
2018,01/01/2018,RUSK,30760,26483,4277
2018,01/01/2018,SABINE,7575,7203,372
2018,01/01/2018,SAN AUGUSTINE,5988,5344,644
2018,01/01/2018,SAN JACINTO,17479,15733,1746
2018,01/01/2018,SAN PATRICIO,41045,37119,3926
2018,01/01/2018,SAN SABA,3679,3269,410
2018,01/01/2018,SCHLEICHER,1773,1396,377
2018,01/01/2018,SCURRY,9263,7973,1290
2018,01/01/2018,SHACKELFORD,2273,2109,164
2018,01/01/2018,SHELBY,14960,13907,1053
2018,01/01/2018,SHERMAN,1500,1387,113
2018,01/01/2018,SMITH,131234,127060,4174
2018,01/01/2018,SOMERVELL,6082,5415,667
2018,01/01/2018,STARR,32220,31457,763
2018,01/01/2018,STEPHENS,5509,4748,761
2018,01/01/2018,STERLING,896,864,32
2018,01/01/2018,STONEWALL,946,939,7
2018,01/01/2018,SUTTON,2464,2099,365
2018,01/01/2018,SWISHER,3934,3472,462
2018,01/01/2018,TARRANT,1091026,939283,151743
2018,01/01/2018,TAYLOR,77233,63336,13897
2018,01/01/2018,TERRELL,678,608,70
2018,01/01/2018,TERRY,6603,5569,1034
2018,01/01/2018,THROCKMORTON,1195,995,200
2018,01/01/2018,TITUS,16589,15726,863
2018,01/01/2018,TOM GREEN,64308,54135,10173
2018,01/01/2018,TRAVIS,730218,694869,35349
2018,01/01/2018,TRINITY,11414,10188,1226
2018,01/01/2018,TYLER,13514,13168,346
2018,01/01/2018,UPSHUR,27256,23659,3597
2018,01/01/2018,UPTON,2107,2072,35
2018,01/01/2018,UVALDE,16820,14913,1907
2018,01/01/2018,VAL VERDE,27230,23303,3927
2018,01/01/2018,VAN ZANDT,36177,34162,2015
2018,01/01/2018,VICTORIA,54332,47389,6943
2018,01/01/2018,WALKER,31835,27571,4264
2018,01/01/2018,WALLER,30984,27065,3919
2018,01/01/2018,WARD,6391,6123,268
2018,01/01/2018,WASHINGTON,22633,20208,2425
2018,01/01/2018,WEBB,125473,119599,5874
2018,01/01/2018,WHARTON,24795,22558,2237
2018,01/01/2018,WHEELER,3413,3150,263
2018,01/01/2018,WICHITA,79907,68658,11249
2018,01/01/2018,WILBARGER,7961,7956,5
2018,01/01/2018,WILLACY,12467,12024,443
2018,01/01/2018,WILLIAMSON,313033,271973,41060
2018,01/01/2018,WILSON,31428,28487,2941
2018,01/01/2018,WINKLER,3783,3651,132
2018,01/01/2018,WISE,39850,35158,4692
2018,01/01/2018,WOOD,29511,26521,2990
2018,01/01/2018,YOAKUM,4190,4057,133
2018,01/01/2018,YOUNG,11690,9970,1720
2018,01/01/2018,ZAPATA,7508,7223,285
2018,01/01/2018,ZAVALA,8047,7648,399
2018,01/01/2018,TOTALS,15182885,13593990,1588895
2018,03/01/2018,ANDERSON,27843,23986,3857
2018,03/01/2018,ANDREWS,9296,8089,1207
2018,03/01/2018,ANGELINA,50891,44618,6273
2018,03/01/2018,ARANSAS,17103,13947,3156
2018,03/01/2018,ARCHER,6265,5712,553
2018,03/01/2018,ARMSTRONG,1404,1323,81
2018,03/01/2018,ATASCOSA,26715,23906,2809
2018,03/01/2018,AUSTIN,19163,17210,1953
2018,03/01/2018,BAILEY,3694,3156,538
2018,03/01/2018,BANDERA,15515,13868,1647
2018,03/01/2018,BASTROP,45384,40915,4469
2018,03/01/2018,BAYLOR,2343,2074,269
2018,03/01/2018,BEE,15546,13534,2012
2018,03/01/2018,BELL,186444,143616,42828
2018,03/01/2018,BEXAR,1062051,888130,173921
2018,03/01/2018,BLANCO,8155,7327,828
2018,03/01/2018,BORDEN,486,462,24
2018,03/01/2018,BOSQUE,11907,10564,1343
2018,03/01/2018,BOWIE,58305,49295,9010
2018,03/01/2018,BRAZORIA,201229,181803,19426
2018,03/01/2018,BRAZOS,105170,85813,19357
2018,03/01/2018,BREWSTER,7055,6065,990
2018,03/01/2018,BRISCOE,1070,971,99
2018,03/01/2018,BROOKS,5923,4859,1064
2018,03/01/2018,BROWN,22930,19901,3029
2018,03/01/2018,BURLESON,11515,10380,1135
2018,03/01/2018,BURNET,29838,26179,3659
2018,03/01/2018,CALDWELL,22950,20364,2586
2018,03/01/2018,CALHOUN,12689,11322,1367
2018,03/01/2018,CALLAHAN,9128,8147,981
2018,03/01/2018,CAMERON,201020,180694,20326
2018,03/01/2018,CAMP,7486,6545,941
2018,03/01/2018,CARSON,4205,3828,377
2018,03/01/2018,CASS,19767,17305,2462
2018,03/01/2018,CASTRO,3820,3362,458
2018,03/01/2018,CHAMBERS,27403,24656,2747
2018,03/01/2018,CHEROKEE,27712,24365,3347
2018,03/01/2018,CHILDRESS,3513,3220,293
2018,03/01/2018,CLAY,7487,6858,629
2018,03/01/2018,COCHRAN,1716,1678,38
2018,03/01/2018,COKE,2204,2051,153
2018,03/01/2018,COLEMAN,5883,5269,614
2018,03/01/2018,COLLIN,551400,466940,84460
2018,03/01/2018,COLLINGSWORTH,1891,1760,131
2018,03/01/2018,COLORADO,13700,12567,1133
2018,03/01/2018,COMAL,95356,84026,11330
2018,03/01/2018,COMANCHE,9044,8924,120
2018,03/01/2018,CONCHO,1619,1443,176
2018,03/01/2018,COOKE,25078,22822,2256
2018,03/01/2018,CORYELL,37068,28511,8557
2018,03/01/2018,COTTLE,1051,906,145
2018,03/01/2018,CRANE,2663,2349,314
2018,03/01/2018,CROCKETT,2492,2248,244
2018,03/01/2018,CROSBY,3501,3136,365
2018,03/01/2018,CULBERSON,1705,1469,236
2018,03/01/2018,DALLAM,3000,2445,555
2018,03/01/2018,DALLAS,1284089,1089201,194888
2018,03/01/2018,DAWSON,7181,6425,756
2018,03/01/2018,DEAF SMITH,8634,7719,915
2018,03/01/2018,DELTA,3813,3404,409
2018,03/01/2018,DENTON,475203,389881,85322
2018,03/01/2018,DEWITT,11571,10492,1079
2018,03/01/2018,DICKENS,1253,1245,8
2018,03/01/2018,DIMMIT,7337,6420,917
2018,03/01/2018,DONLEY,2199,1960,239
2018,03/01/2018,DUVAL,8353,7590,763
2018,03/01/2018,EASTLAND,11510,9858,1652
2018,03/01/2018,ECTOR,74485,65427,9058
2018,03/01/2018,EDWARDS,1450,1343,107
2018,03/01/2018,ELLIS,104069,91370,12699
2018,03/01/2018,EL PASO,439943,405126,34817
2018,03/01/2018,ERATH,21622,18614,3008
2018,03/01/2018,FALLS,10186,8368,1818
2018,03/01/2018,FANNIN,20219,18591,1628
2018,03/01/2018,FAYETTE,16386,15221,1165
2018,03/01/2018,FISHER,2667,2593,74
2018,03/01/2018,FLOYD,3917,3465,452
2018,03/01/2018,FOARD,900,775,125
2018,03/01/2018,FORT BEND,414668,368476,46192
2018,03/01/2018,FRANKLIN,6688,5784,904
2018,03/01/2018,FREESTONE,11822,10462,1360
2018,03/01/2018,FRIO,8369,6872,1497
2018,03/01/2018,GAINES,8736,8198,538
2018,03/01/2018,GALVESTON,207821,177259,30562
2018,03/01/2018,GARZA,2698,2335,363
2018,03/01/2018,GILLESPIE,18814,17169,1645
2018,03/01/2018,GLASSCOCK,749,701,48
2018,03/01/2018,GOLIAD,5493,5097,396
2018,03/01/2018,GONZALES,12007,10691,1316
2018,03/01/2018,GRAY,12344,11263,1081
2018,03/01/2018,GRAYSON,78357,66616,11741
2018,03/01/2018,GREGG,67989,58199,9790
2018,03/01/2018,GRIMES,15869,14390,1479
2018,03/01/2018,GUADALUPE,95900,83357,12543
2018,03/01/2018,HALE,18860,16133,2727
2018,03/01/2018,HALL,1957,1633,324
2018,03/01/2018,HAMILTON,5478,4933,545
2018,03/01/2018,HANSFORD,2999,2690,309
2018,03/01/2018,HARDEMAN,2442,2205,237
2018,03/01/2018,HARDIN,38042,36049,1993
2018,03/01/2018,HARRIS,2257546,1952170,305376
2018,03/01/2018,HARRISON,43962,39623,4339
2018,03/01/2018,HARTLEY,2874,2416,458
2018,03/01/2018,HASKELL,3264,2775,489
2018,03/01/2018,HAYS,121935,100909,21026
2018,03/01/2018,HEMPHILL,2286,2103,183
2018,03/01/2018,HENDERSON,50488,44527,5961
2018,03/01/2018,HIDALGO,349202,320263,28939
2018,03/01/2018,HILL,22209,19824,2385
2018,03/01/2018,HOCKLEY,13436,11782,1654
2018,03/01/2018,HOOD,39066,34848,4218
2018,03/01/2018,HOPKINS,22464,21639,825
2018,03/01/2018,HOUSTON,12911,11399,1512
2018,03/01/2018,HOWARD,16744,13770,2974
2018,03/01/2018,HUDSPETH,1850,1759,91
2018,03/01/2018,HUNT,53100,45989,7111
2018,03/01/2018,HUTCHINSON,13396,11642,1754
2018,03/01/2018,IRION,1291,1104,187
2018,03/01/2018,JACK,5009,4432,577
2018,03/01/2018,JACKSON,9064,8091,973
2018,03/01/2018,JASPER,22491,19890,2601
2018,03/01/2018,JEFF DAVIS,1678,1493,185
2018,03/01/2018,JEFFERSON,146565,128516,18049
2018,03/01/2018,JIM HOGG,3881,3474,407
2018,03/01/2018,JIM WELLS,26173,24156,2017
2018,03/01/2018,JOHNSON,93647,82723,10924
2018,03/01/2018,JONES,9926,8701,1225
2018,03/01/2018,KARNES,7840,7177,663
2018,03/01/2018,KAUFMAN,69299,60146,9153
2018,03/01/2018,KENDALL,29840,27180,2660
2018,03/01/2018,KENEDY,317,285,32
2018,03/01/2018,KENT,602,551,51
2018,03/01/2018,KERR,34642,30458,4184
2018,03/01/2018,KIMBLE,2844,2602,242
2018,03/01/2018,KING,177,165,12
2018,03/01/2018,KINNEY,2251,2029,222
2018,03/01/2018,KLEBERG,17662,15288,2374
2018,03/01/2018,KNOX,2440,2019,421
2018,03/01/2018,LAMAR,30980,26746,4234
2018,03/01/2018,LAMB,8028,7186,842
2018,03/01/2018,LAMPASAS,13613,12096,1517
2018,03/01/2018,LASALLE,4214,3771,443
2018,03/01/2018,LAVACA,13100,11996,1104
2018,03/01/2018,LEE,10258,9364,894
2018,03/01/2018,LEON,10944,10239,705
2018,03/01/2018,LIBERTY,43251,38321,4930
2018,03/01/2018,LIMESTONE,13514,11662,1852
2018,03/01/2018,LIPSCOMB,1990,1773,217
2018,03/01/2018,LIVE OAK,7118,6304,814
2018,03/01/2018,LLANO,15124,13317,1807
2018,03/01/2018,LOVING,118,106,12
2018,03/01/2018,LUBBOCK,168514,138779,29735
2018,03/01/2018,LYNN,3879,3533,346
2018,03/01/2018,MADISON,7246,6516,730
2018,03/01/2018,MARION,7263,6353,910
2018,03/01/2018,MARTIN,3172,2905,267
2018,03/01/2018,MASON,2906,2709,197
2018,03/01/2018,MATAGORDA,21362,18218,3144
2018,03/01/2018,MAVERICK,30521,28228,2293
2018,03/01/2018,MCCULLOCH,5203,4582,621
2018,03/01/2018,MCLENNAN,134276,117296,16980
2018,03/01/2018,MCMULLEN,690,618,72
2018,03/01/2018,MEDINA,30480,27853,2627
2018,03/01/2018,MENARD,1437,1315,122
2018,03/01/2018,MIDLAND,81457,69532,11925
2018,03/01/2018,MILAM,14657,13035,1622
2018,03/01/2018,MILLS,3429,3132,297
2018,03/01/2018,MITCHELL,4488,3747,741
2018,03/01/2018,MONTAGUE,13227,11490,1737
2018,03/01/2018,MONTGOMERY,320083,273088,46995
2018,03/01/2018,MOORE,9623,8501,1122
2018,03/01/2018,MORRIS,8256,7500,756
2018,03/01/2018,MOTLEY,859,847,12
2018,03/01/2018,NACOGDOCHES,34804,30550,4254
2018,03/01/2018,NAVARRO,27913,24029,3884
2018,03/01/2018,NEWTON,9227,8312,915
2018,03/01/2018,NOLAN,8649,7561,1088
2018,03/01/2018,NUECES,199378,165332,34046
2018,03/01/2018,OCHILTREE,5157,4496,661
2018,03/01/2018,OLDHAM,1379,1189,190
2018,03/01/2018,ORANGE,52951,46903,6048
2018,03/01/2018,PALO PINTO,17522,15325,2197
2018,03/01/2018,PANOLA,16128,14628,1500
2018,03/01/2018,PARKER,87589,78100,9489
2018,03/01/2018,PARMER,4356,4124,232
2018,03/01/2018,PECOS,8088,7131,957
2018,03/01/2018,POLK,37458,32108,5350
2018,03/01/2018,POTTER,54366,45481,8885
2018,03/01/2018,PRESIDIO,4830,4046,784
2018,03/01/2018,RAINS,7307,6550,757
2018,03/01/2018,RANDALL,85302,73720,11582
2018,03/01/2018,REAGAN,1822,1650,172
2018,03/01/2018,REAL,2524,2315,209
2018,03/01/2018,RED RIVER,8196,7449,747
2018,03/01/2018,REEVES,6990,6530,460
2018,03/01/2018,REFUGIO,4986,4396,590
2018,03/01/2018,ROBERTS,712,656,56
2018,03/01/2018,ROBERTSON,11444,10297,1147
2018,03/01/2018,ROCKWALL,60442,53767,6675
2018,03/01/2018,RUNNELS,6645,5803,842
2018,03/01/2018,RUSK,30850,26656,4194
2018,03/01/2018,SABINE,7629,6865,764
2018,03/01/2018,SAN AUGUSTINE,5999,5399,600
2018,03/01/2018,SAN JACINTO,17560,15868,1692
2018,03/01/2018,SAN PATRICIO,41129,35239,5890
2018,03/01/2018,SAN SABA,3687,3246,441
2018,03/01/2018,SCHLEICHER,1770,1435,335
2018,03/01/2018,SCURRY,9253,8041,1212
2018,03/01/2018,SHACKELFORD,2296,2017,279
2018,03/01/2018,SHELBY,15026,13799,1227
2018,03/01/2018,SHERMAN,1505,1348,157
2018,03/01/2018,SMITH,131644,119831,11813
2018,03/01/2018,SOMERVELL,6162,5490,672
2018,03/01/2018,STARR,32451,31730,721
2018,03/01/2018,STEPHENS,5535,4825,710
2018,03/01/2018,STERLING,905,848,57
2018,03/01/2018,STONEWALL,950,942,8
2018,03/01/2018,SUTTON,2464,2117,347
2018,03/01/2018,SWISHER,3934,3453,481
2018,03/01/2018,TARRANT,1095458,949885,145573
2018,03/01/2018,TAYLOR,77546,64020,13526
2018,03/01/2018,TERRELL,681,624,57
2018,03/01/2018,TERRY,6594,5611,983
2018,03/01/2018,THROCKMORTON,1211,1021,190
2018,03/01/2018,TITUS,16685,14628,2057
2018,03/01/2018,TOM GREEN,64542,54523,10019
2018,03/01/2018,TRAVIS,736112,597737,138375
2018,03/01/2018,TRINITY,11461,10239,1222
2018,03/01/2018,TYLER,13598,12135,1463
2018,03/01/2018,UPSHUR,27261,23842,3419
2018,03/01/2018,UPTON,2108,2073,35
2018,03/01/2018,UVALDE,16844,14805,2039
2018,03/01/2018,VAL VERDE,27337,23022,4315
2018,03/01/2018,VAN ZANDT,36504,31863,4641
2018,03/01/2018,VICTORIA,54547,47601,6946
2018,03/01/2018,WALKER,31906,27555,4351
2018,03/01/2018,WALLER,31149,27184,3965
2018,03/01/2018,WARD,6430,5746,684
2018,03/01/2018,WASHINGTON,22689,20410,2279
2018,03/01/2018,WEBB,126180,115671,10509
2018,03/01/2018,WHARTON,24810,22684,2126
2018,03/01/2018,WHEELER,3415,3060,355
2018,03/01/2018,WICHITA,80128,61647,18481
2018,03/01/2018,WILBARGER,7968,7963,5
2018,03/01/2018,WILLACY,12439,10429,2010
2018,03/01/2018,WILLIAMSON,315917,266167,49750
2018,03/01/2018,WILSON,31666,28800,2866
2018,03/01/2018,WINKLER,3797,3410,387
2018,03/01/2018,WISE,40013,35722,4291
2018,03/01/2018,WOOD,29546,26308,3238
2018,03/01/2018,YOAKUM,4209,3805,404
2018,03/01/2018,YOUNG,11674,10127,1547
2018,03/01/2018,ZAPATA,7569,5608,1961
2018,03/01/2018,ZAVALA,8101,7375,726
2018,03/01/2018,TOTALS,15249541,13147986,2101555
2018,11/01/2018,ANDERSON,28487,25136,3351
2018,11/01/2018,ANDREWS,9574,8527,1047
2018,11/01/2018,ANGELINA,51751,46426,5325
2018,11/01/2018,ARANSAS,17308,14593,2715
2018,11/01/2018,ARCHER,6317,5848,469
2018,11/01/2018,ARMSTRONG,1428,1350,78
2018,11/01/2018,ATASCOSA,27338,24825,2513
2018,11/01/2018,AUSTIN,19406,17666,1740
2018,11/01/2018,BAILEY,3727,3258,469
2018,11/01/2018,BANDERA,15869,14487,1382
2018,11/01/2018,BASTROP,47438,41799,5639
2018,11/01/2018,BAYLOR,2365,2121,244
2018,11/01/2018,BEE,15883,13986,1897
2018,11/01/2018,BELL,195760,158030,37730
2018,11/01/2018,BEXAR,1098257,947258,150999
2018,11/01/2018,BLANCO,8504,7777,727
2018,11/01/2018,BORDEN,488,467,21
2018,11/01/2018,BOSQUE,12209,10996,1213
2018,11/01/2018,BOWIE,59618,51525,8093
2018,11/01/2018,BRAZORIA,207446,188363,19083
2018,11/01/2018,BRAZOS,114377,98388,15989
2018,11/01/2018,BREWSTER,7292,6439,853
2018,11/01/2018,BRISCOE,1084,1000,84
2018,11/01/2018,BROOKS,5843,4994,849
2018,11/01/2018,BROWN,23368,20842,2526
2018,11/01/2018,BURLESON,11782,10776,1006
2018,11/01/2018,BURNET,31072,27937,3135
2018,11/01/2018,CALDWELL,23777,20462,3315
2018,11/01/2018,CALHOUN,12835,11654,1181
2018,11/01/2018,CALLAHAN,9337,8465,872
2018,11/01/2018,CAMERON,206966,189212,17754
2018,11/01/2018,CAMP,7648,6814,834
2018,11/01/2018,CARSON,4263,3924,339
2018,11/01/2018,CASS,20119,17905,2214
2018,11/01/2018,CASTRO,3842,3332,510
2018,11/01/2018,CHAMBERS,28063,25813,2250
2018,11/01/2018,CHEROKEE,27949,25051,2898
2018,11/01/2018,CHILDRESS,3559,3296,263
2018,11/01/2018,CLAY,7655,7082,573
2018,11/01/2018,COCHRAN,1729,1693,36
2018,11/01/2018,COKE,2285,2148,137
2018,11/01/2018,COLEMAN,5912,5402,510
2018,11/01/2018,COLLIN,579893,504748,75145
2018,11/01/2018,COLLINGSWORTH,1906,1782,124
2018,11/01/2018,COLORADO,13938,12939,999
2018,11/01/2018,COMAL,100867,91239,9628
2018,11/01/2018,COMANCHE,9197,9090,107
2018,11/01/2018,CONCHO,1677,1517,160
2018,11/01/2018,COOKE,25747,23256,2491
2018,11/01/2018,CORYELL,38635,30816,7819
2018,11/01/2018,COTTLE,1063,930,133
2018,11/01/2018,CRANE,2666,2412,254
2018,11/01/2018,CROCKETT,2497,2247,250
2018,11/01/2018,CROSBY,3540,3214,326
2018,11/01/2018,CULBERSON,1722,1497,225
2018,11/01/2018,DALLAM,3039,2539,500
2018,11/01/2018,DALLAS,1335313,1161328,173985
2018,11/01/2018,DAWSON,7202,6544,658
2018,11/01/2018,DEAF SMITH,8855,8040,815
2018,11/01/2018,DELTA,3896,3533,363
2018,11/01/2018,DENTON,497490,425475,72015
2018,11/01/2018,DEWITT,11744,10862,882
2018,11/01/2018,DICKENS,1288,1282,6
2018,11/01/2018,DIMMIT,7378,6585,793
2018,11/01/2018,DONLEY,2237,2034,203
2018,11/01/2018,DUVAL,8377,7705,672
2018,11/01/2018,EASTLAND,11775,10326,1449
2018,11/01/2018,ECTOR,76536,68364,8172
2018,11/01/2018,EDWARDS,1449,1349,100
2018,11/01/2018,ELLIS,108349,97507,10842
2018,11/01/2018,EL PASO,455992,411072,44920
2018,11/01/2018,ERATH,22492,20245,2247
2018,11/01/2018,FALLS,10399,8672,1727
2018,11/01/2018,FANNIN,20756,19287,1469
2018,11/01/2018,FAYETTE,16626,15638,988
2018,11/01/2018,FISHER,2682,2611,71
2018,11/01/2018,FLOYD,3965,3549,416
2018,11/01/2018,FOARD,913,807,106
2018,11/01/2018,FORT BEND,431832,391379,40453
2018,11/01/2018,FRANKLIN,6807,6015,792
2018,11/01/2018,FREESTONE,11978,10813,1165
2018,11/01/2018,FRIO,8606,7302,1304
2018,11/01/2018,GAINES,8921,8352,569
2018,11/01/2018,GALVESTON,212630,185400,27230
2018,11/01/2018,GARZA,2712,2393,319
2018,11/01/2018,GILLESPIE,19294,17940,1354
2018,11/01/2018,GLASSCOCK,782,741,41
2018,11/01/2018,GOLIAD,5597,5268,329
2018,11/01/2018,GONZALES,12210,10966,1244
2018,11/01/2018,GRAY,12493,11499,994
2018,11/01/2018,GRAYSON,80863,70968,9895
2018,11/01/2018,GREGG,69893,61118,8775
2018,11/01/2018,GRIMES,16176,14823,1353
2018,11/01/2018,GUADALUPE,100552,89791,10761
2018,11/01/2018,HALE,19170,16735,2435
2018,11/01/2018,HALL,1987,1693,294
2018,11/01/2018,HAMILTON,5611,5148,463
2018,11/01/2018,HANSFORD,3034,2762,272
2018,11/01/2018,HARDEMAN,2459,2251,208
2018,11/01/2018,HARDIN,38259,36448,1811
2018,11/01/2018,HARRIS,2338460,2073715,264745
2018,11/01/2018,HARRISON,44462,38858,5604
2018,11/01/2018,HARTLEY,2875,2484,391
2018,11/01/2018,HASKELL,3331,2884,447
2018,11/01/2018,HAYS,134403,116261,18142
2018,11/01/2018,HEMPHILL,2289,2149,140
2018,11/01/2018,HENDERSON,51770,46741,5029
2018,11/01/2018,HIDALGO,361562,335694,25868
2018,11/01/2018,HILL,22743,20551,2192
2018,11/01/2018,HOCKLEY,13582,12170,1412
2018,11/01/2018,HOOD,40835,37150,3685
2018,11/01/2018,HOPKINS,22706,21984,722
2018,11/01/2018,HOUSTON,13090,11507,1583
2018,11/01/2018,HOWARD,16968,14273,2695
2018,11/01/2018,HUDSPETH,1922,1799,123
2018,11/01/2018,HUNT,55193,48905,6288
2018,11/01/2018,HUTCHINSON,13547,11988,1559
2018,11/01/2018,IRION,1314,1120,194
2018,11/01/2018,JACK,5082,4593,489
2018,11/01/2018,JACKSON,9195,8367,828
2018,11/01/2018,JASPER,22848,20672,2176
2018,11/01/2018,JEFF DAVIS,1719,1572,147
2018,11/01/2018,JEFFERSON,148344,132410,15934
2018,11/01/2018,JIM HOGG,3833,3486,347
2018,11/01/2018,JIM WELLS,26438,24732,1706
2018,11/01/2018,JOHNSON,97157,87894,9263
2018,11/01/2018,JONES,10024,9017,1007
2018,11/01/2018,KARNES,8071,7526,545
2018,11/01/2018,KAUFMAN,72579,64838,7741
2018,11/01/2018,KENDALL,30774,28039,2735
2018,11/01/2018,KENEDY,309,282,27
2018,11/01/2018,KENT,588,545,43
2018,11/01/2018,KERR,35854,32381,3473
2018,11/01/2018,KIMBLE,2908,2682,226
2018,11/01/2018,KING,184,174,10
2018,11/01/2018,KINNEY,2255,2061,194
2018,11/01/2018,KLEBERG,18186,16165,2021
2018,11/01/2018,KNOX,2434,2088,346
2018,11/01/2018,LAMAR,31591,27948,3643
2018,11/01/2018,LAMB,8096,7346,750
2018,11/01/2018,LAMPASAS,14099,12794,1305
2018,11/01/2018,LASALLE,4300,3937,363
2018,11/01/2018,LAVACA,13234,12264,970
2018,11/01/2018,LEE,10453,9699,754
2018,11/01/2018,LEON,11163,10566,597
2018,11/01/2018,LIBERTY,43981,39443,4538
2018,11/01/2018,LIMESTONE,13621,12024,1597
2018,11/01/2018,LIPSCOMB,1988,1802,186
2018,11/01/2018,LIVE OAK,7240,6496,744
2018,11/01/2018,LLANO,15758,14252,1506
2018,11/01/2018,LOVING,121,100,21
2018,11/01/2018,LUBBOCK,175881,149527,26354
2018,11/01/2018,LYNN,3945,3631,314
2018,11/01/2018,MADISON,7428,6803,625
2018,11/01/2018,MARION,7368,6572,796
2018,11/01/2018,MARTIN,3252,3003,249
2018,11/01/2018,MASON,2956,2787,169
2018,11/01/2018,MATAGORDA,21654,18770,2884
2018,11/01/2018,MAVERICK,31453,29631,1822
2018,11/01/2018,MCCULLOCH,5243,4686,557
2018,11/01/2018,MCLENNAN,139699,125051,14648
2018,11/01/2018,MCMULLEN,704,643,61
2018,11/01/2018,MEDINA,31354,28731,2623
2018,11/01/2018,MENARD,1443,1336,107
2018,11/01/2018,MIDLAND,84393,73802,10591
2018,11/01/2018,MILAM,15038,13484,1554
2018,11/01/2018,MILLS,3426,3052,374
2018,11/01/2018,MITCHELL,4562,3873,689
2018,11/01/2018,MONTAGUE,13588,12097,1491
2018,11/01/2018,MONTGOMERY,333488,291704,41784
2018,11/01/2018,MOORE,9764,8721,1043
2018,11/01/2018,MORRIS,8302,7639,663
2018,11/01/2018,MOTLEY,847,819,28
2018,11/01/2018,NACOGDOCHES,36993,33463,3530
2018,11/01/2018,NAVARRO,28641,25334,3307
2018,11/01/2018,NEWTON,9293,8492,801
2018,11/01/2018,NOLAN,8778,7823,955
2018,11/01/2018,NUECES,205176,175014,30162
2018,11/01/2018,OCHILTREE,5216,4627,589
2018,11/01/2018,OLDHAM,1417,1250,167
2018,11/01/2018,ORANGE,53392,48133,5259
2018,11/01/2018,PALO PINTO,17984,16076,1908
2018,11/01/2018,PANOLA,16392,15092,1300
2018,11/01/2018,PARKER,91858,83381,8477
2018,11/01/2018,PARMER,4428,4208,220
2018,11/01/2018,PECOS,8223,7349,874
2018,11/01/2018,POLK,38018,33118,4900
2018,11/01/2018,POTTER,55580,46875,8705
2018,11/01/2018,PRESIDIO,4884,3751,1133
2018,11/01/2018,RAINS,7668,6990,678
2018,11/01/2018,RANDALL,87827,77760,10067
2018,11/01/2018,REAGAN,1845,1687,158
2018,11/01/2018,REAL,2590,2403,187
2018,11/01/2018,RED RIVER,8268,7616,652
2018,11/01/2018,REEVES,7089,6710,379
2018,11/01/2018,REFUGIO,4949,4489,460
2018,11/01/2018,ROBERTS,707,664,43
2018,11/01/2018,ROBERTSON,11654,10614,1040
2018,11/01/2018,ROCKWALL,62933,57188,5745
2018,11/01/2018,RUNNELS,6692,5920,772
2018,11/01/2018,RUSK,31242,27609,3633
2018,11/01/2018,SABINE,7802,7122,680
2018,11/01/2018,SAN AUGUSTINE,5989,5488,501
2018,11/01/2018,SAN JACINTO,17976,16533,1443
2018,11/01/2018,SAN PATRICIO,41762,36599,5163
2018,11/01/2018,SAN SABA,3737,3319,418
2018,11/01/2018,SCHLEICHER,1789,1473,316
2018,11/01/2018,SCURRY,9393,8327,1066
2018,11/01/2018,SHACKELFORD,2320,2060,260
2018,11/01/2018,SHELBY,15294,14225,1069
2018,11/01/2018,SHERMAN,1535,1370,165
2018,11/01/2018,SMITH,134712,125422,9290
2018,11/01/2018,SOMERVELL,6287,5724,563
2018,11/01/2018,STARR,33110,31290,1820
2018,11/01/2018,STEPHENS,5573,4963,610
2018,11/01/2018,STERLING,880,828,52
2018,11/01/2018,STONEWALL,957,943,14
2018,11/01/2018,SUTTON,2478,2184,294
2018,11/01/2018,SWISHER,3968,3483,485
2018,11/01/2018,TARRANT,1122597,961714,160883
2018,11/01/2018,TAYLOR,80168,67869,12299
2018,11/01/2018,TERRELL,694,650,44
2018,11/01/2018,TERRY,6633,5726,907
2018,11/01/2018,THROCKMORTON,1219,1041,178
2018,11/01/2018,TITUS,17020,15259,1761
2018,11/01/2018,TOM GREEN,66826,58006,8820
2018,11/01/2018,TRAVIS,775950,667230,108720
2018,11/01/2018,TRINITY,11455,10348,1107
2018,11/01/2018,TYLER,13725,12565,1160
2018,11/01/2018,UPSHUR,27708,24757,2951
2018,11/01/2018,UPTON,2116,2006,110
2018,11/01/2018,UVALDE,17118,15340,1778
2018,11/01/2018,VAL VERDE,27972,24048,3924
2018,11/01/2018,VAN ZANDT,36982,32971,4011
2018,11/01/2018,VICTORIA,55473,49388,6085
2018,11/01/2018,WALKER,33422,29672,3750
2018,11/01/2018,WALLER,32584,28740,3844
2018,11/01/2018,WARD,6522,5942,580
2018,11/01/2018,WASHINGTON,23253,21246,2007
2018,11/01/2018,WEBB,130784,121773,9011
2018,11/01/2018,WHARTON,25132,23312,1820
2018,11/01/2018,WHEELER,3415,3062,353
2018,11/01/2018,WICHITA,81419,65502,15917
2018,11/01/2018,WILBARGER,8134,8129,5
2018,11/01/2018,WILLACY,12405,10618,1787
2018,11/01/2018,WILLIAMSON,331985,292343,39642
2018,11/01/2018,WILSON,32537,30010,2527
2018,11/01/2018,WINKLER,3870,3533,337
2018,11/01/2018,WISE,41749,37960,3789
2018,11/01/2018,WOOD,30065,27307,2758
2018,11/01/2018,YOAKUM,4264,3907,357
2018,11/01/2018,YOUNG,11854,10476,1378
2018,11/01/2018,ZAPATA,7587,6030,1557
2018,11/01/2018,ZAVALA,8157,7474,683
2018,11/01/2018,TOTALS,15793257,13913646,1879611
2019,01/01/2019,ANDERSON,27491,25665,1826
2019,01/01/2019,ANDREWS,9483,8695,788
2019,01/01/2019,ANGELINA,50347,47256,3091
2019,01/01/2019,ARANSAS,17406,14963,2443
2019,01/01/2019,ARCHER,6173,5905,268
2019,01/01/2019,ARMSTRONG,1418,1341,77
2019,01/01/2019,ATASCOSA,26941,25405,1536
2019,01/01/2019,AUSTIN,19223,18109,1114
2019,01/01/2019,BAILEY,3672,3240,432
2019,01/01/2019,BANDERA,15662,14845,817
2019,01/01/2019,BASTROP,46416,42964,3452
2019,01/01/2019,BAYLOR,2371,2145,226
2019,01/01/2019,BEE,15393,14220,1173
2019,01/01/2019,BELL,186246,163908,22338
2019,01/01/2019,BEXAR,1073320,986455,86865
2019,01/01/2019,BLANCO,8369,7943,426
2019,01/01/2019,BORDEN,486,468,18
2019,01/01/2019,BOSQUE,11920,11174,746
2019,01/01/2019,BOWIE,57425,52420,5005
2019,01/01/2019,BRAZORIA,210087,193663,16424
2019,01/01/2019,BRAZOS,111236,102313,8923
2019,01/01/2019,BREWSTER,7268,6473,795
2019,01/01/2019,BRISCOE,1035,996,39
2019,01/01/2019,BROOKS,5558,4951,607
2019,01/01/2019,BROWN,22749,21318,1431
2019,01/01/2019,BURLESON,11602,10960,642
2019,01/01/2019,BURNET,31372,28571,2801
2019,01/01/2019,CALDWELL,23917,21046,2871
2019,01/01/2019,CALHOUN,12491,11750,741
2019,01/01/2019,CALLAHAN,9099,8570,529
2019,01/01/2019,CAMERON,203616,193288,10328
2019,01/01/2019,CAMP,7360,6857,503
2019,01/01/2019,CARSON,4170,3966,204
2019,01/01/2019,CASS,19581,18159,1422
2019,01/01/2019,CASTRO,3708,3348,360
2019,01/01/2019,CHAMBERS,28589,26441,2148
2019,01/01/2019,CHEROKEE,28143,25471,2672
2019,01/01/2019,CHILDRESS,3473,3308,165
2019,01/01/2019,CLAY,7520,7165,355
2019,01/01/2019,COCHRAN,1740,1666,74
2019,01/01/2019,COKE,2293,2161,132
2019,01/01/2019,COLEMAN,5761,5463,298
2019,01/01/2019,COLLIN,566938,525570,41368
2019,01/01/2019,COLLINGSWORTH,1882,1788,94
2019,01/01/2019,COLORADO,13673,13119,554
2019,01/01/2019,COMAL,99101,93710,5391
2019,01/01/2019,COMANCHE,9182,9079,103
2019,01/01/2019,CONCHO,1673,1508,165
2019,01/01/2019,COOKE,25188,23753,1435
2019,01/01/2019,CORYELL,36538,31938,4600
2019,01/01/2019,COTTLE,1022,937,85
2019,01/01/2019,CRANE,2676,2436,240
2019,01/01/2019,CROCKETT,2448,2268,180
2019,01/01/2019,CROSBY,3420,3234,186
2019,01/01/2019,CULBERSON,1637,1511,126
2019,01/01/2019,DALLAM,3063,2578,485
2019,01/01/2019,DALLAS,1284755,1202032,82723
2019,01/01/2019,DAWSON,7185,6580,605
2019,01/01/2019,DEAF SMITH,8566,8153,413
2019,01/01/2019,DELTA,3898,3562,336
2019,01/01/2019,DENTON,511497,450000,61497
2019,01/01/2019,DEWITT,11815,11021,794
2019,01/01/2019,DICKENS,1293,1287,6
2019,01/01/2019,DIMMIT,7190,6597,593
2019,01/01/2019,DONLEY,2167,2048,119
2019,01/01/2019,DUVAL,8181,7699,482
2019,01/01/2019,EASTLAND,11356,10443,913
2019,01/01/2019,ECTOR,74255,69884,4371
2019,01/01/2019,EDWARDS,1449,1351,98
2019,01/01/2019,ELLIS,107079,101049,6030
2019,01/01/2019,EL PASO,450028,424538,25490
2019,01/01/2019,ERATH,21882,20691,1191
2019,01/01/2019,FALLS,10446,8791,1655
2019,01/01/2019,FANNIN,20445,19605,840
2019,01/01/2019,FAYETTE,16466,15868,598
2019,01/01/2019,FISHER,2696,2627,69
2019,01/01/2019,FLOYD,3960,3560,400
2019,01/01/2019,FOARD,870,815,55
2019,01/01/2019,FORT BEND,428679,405301,23378
2019,01/01/2019,FRANKLIN,6575,6107,468
2019,01/01/2019,FREESTONE,11715,11012,703
2019,01/01/2019,FRIO,8209,7465,744
2019,01/01/2019,GAINES,8889,8502,387
2019,01/01/2019,GALVESTON,210663,191851,18812
2019,01/01/2019,GARZA,2575,2426,149
2019,01/01/2019,GILLESPIE,19018,18217,801
2019,01/01/2019,GLASSCOCK,788,750,38
2019,01/01/2019,GOLIAD,5477,5282,195
2019,01/01/2019,GONZALES,12267,11128,1139
2019,01/01/2019,GRAY,11984,11371,613
2019,01/01/2019,GRAYSON,78942,72930,6012
2019,01/01/2019,GREGG,67628,62663,4965
2019,01/01/2019,GRIMES,16165,15438,727
2019,01/01/2019,GUADALUPE,99042,92666,6376
2019,01/01/2019,HALE,19346,17068,2278
2019,01/01/2019,HALL,2004,1725,279
2019,01/01/2019,HAMILTON,5479,5209,270
2019,01/01/2019,HANSFORD,2953,2796,157
2019,01/01/2019,HARDEMAN,2476,2275,201
2019,01/01/2019,HARDIN,37654,36946,708
2019,01/01/2019,HARRIS,2357199,2138112,219087
2019,01/01/2019,HARRISON,43459,39680,3779
2019,01/01/2019,HARTLEY,2750,2515,235
2019,01/01/2019,HASKELL,3196,2928,268
2019,01/01/2019,HAYS,137185,121983,15202
2019,01/01/2019,HEMPHILL,2266,2169,97
2019,01/01/2019,HENDERSON,50797,47759,3038
2019,01/01/2019,HIDALGO,358850,343865,14985
2019,01/01/2019,HILL,22751,20938,1813
2019,01/01/2019,HOCKLEY,13159,12343,816
2019,01/01/2019,HOOD,40157,38027,2130
2019,01/01/2019,HOPKINS,22842,22128,714
2019,01/01/2019,HOUSTON,12779,11620,1159
2019,01/01/2019,HOWARD,16255,14622,1633
2019,01/01/2019,HUDSPETH,1949,1829,120
2019,01/01/2019,HUNT,53916,49987,3929
2019,01/01/2019,HUTCHINSON,13587,12127,1460
2019,01/01/2019,IRION,1310,1124,186
2019,01/01/2019,JACK,4978,4684,294
2019,01/01/2019,JACKSON,8979,8508,471
2019,01/01/2019,JASPER,22205,21041,1164
2019,01/01/2019,JEFF DAVIS,1711,1571,140
2019,01/01/2019,JEFFERSON,144589,135148,9441
2019,01/01/2019,JIM HOGG,3746,3483,263
2019,01/01/2019,JIM WELLS,25624,24749,875
2019,01/01/2019,JOHNSON,96033,90875,5158
2019,01/01/2019,JONES,9757,9170,587
2019,01/01/2019,KARNES,7954,7589,365
2019,01/01/2019,KAUFMAN,71703,67268,4435
2019,01/01/2019,KENDALL,30260,28734,1526
2019,01/01/2019,KENEDY,306,276,30
2019,01/01/2019,KENT,572,543,29
2019,01/01/2019,KERR,34894,32937,1957
2019,01/01/2019,KIMBLE,2921,2718,203
2019,01/01/2019,KING,180,170,10
2019,01/01/2019,KINNEY,2222,2035,187
2019,01/01/2019,KLEBERG,17762,16474,1288
2019,01/01/2019,KNOX,2410,2077,333
2019,01/01/2019,LAMAR,31796,28433,3363
2019,01/01/2019,LAMB,7864,7379,485
2019,01/01/2019,LAMPASAS,13955,13010,945
2019,01/01/2019,LASALLE,4276,3928,348
2019,01/01/2019,LAVACA,12935,12407,528
2019,01/01/2019,LEE,10301,9851,450
2019,01/01/2019,LEON,11047,10696,351
2019,01/01/2019,LIBERTY,44285,40032,4253
2019,01/01/2019,LIMESTONE,13169,12255,914
2019,01/01/2019,LIPSCOMB,1928,1823,105
2019,01/01/2019,LIVE OAK,7096,6610,486
2019,01/01/2019,LLANO,15392,14493,899
2019,01/01/2019,LOVING,121,99,22
2019,01/01/2019,LUBBOCK,170765,155453,15312
2019,01/01/2019,LYNN,3961,3657,304
2019,01/01/2019,MADISON,7501,6895,606
2019,01/01/2019,MARION,7429,6692,737
2019,01/01/2019,MARTIN,3287,3048,239
2019,01/01/2019,MASON,2976,2814,162
2019,01/01/2019,MATAGORDA,21745,19123,2622
2019,01/01/2019,MAVERICK,30957,29974,983
2019,01/01/2019,MCCULLOCH,5114,4749,365
2019,01/01/2019,MCLENNAN,136953,128872,8081
2019,01/01/2019,MCMULLEN,711,653,58
2019,01/01/2019,MEDINA,30951,29440,1511
2019,01/01/2019,MENARD,1409,1339,70
2019,01/01/2019,MIDLAND,82352,75988,6364
2019,01/01/2019,MILAM,15156,13714,1442
2019,01/01/2019,MILLS,3435,3067,368
2019,01/01/2019,MITCHELL,4555,3887,668
2019,01/01/2019,MONTAGUE,13201,12271,930
2019,01/01/2019,MONTGOMERY,327629,302235,25394
2019,01/01/2019,MOORE,9410,8818,592
2019,01/01/2019,MORRIS,8130,7748,382
2019,01/01/2019,MOTLEY,857,856,1
2019,01/01/2019,NACOGDOCHES,36512,34416,2096
2019,01/01/2019,NAVARRO,27958,26009,1949
2019,01/01/2019,NEWTON,8995,8601,394
2019,01/01/2019,NOLAN,8505,7963,542
2019,01/01/2019,NUECES,206711,179778,26933
2019,01/01/2019,OCHILTREE,5043,4695,348
2019,01/01/2019,OLDHAM,1337,1255,82
2019,01/01/2019,ORANGE,51838,48792,3046
2019,01/01/2019,PALO PINTO,17709,16449,1260
2019,01/01/2019,PANOLA,16482,15283,1199
2019,01/01/2019,PARKER,92018,85719,6299
2019,01/01/2019,PARMER,4404,4257,147
2019,01/01/2019,PECOS,7933,7410,523
2019,01/01/2019,POLK,36556,33775,2781
2019,01/01/2019,POTTER,53219,47889,5330
2019,01/01/2019,PRESIDIO,4887,3540,1347
2019,01/01/2019,RAINS,7458,7056,402
2019,01/01/2019,RANDALL,85464,79591,5873
2019,01/01/2019,REAGAN,1781,1700,81
2019,01/01/2019,REAL,2504,2382,122
2019,01/01/2019,RED RIVER,8094,7730,364
2019,01/01/2019,REEVES,7139,6784,355
2019,01/01/2019,REFUGIO,4972,4558,414
2019,01/01/2019,ROBERTS,714,676,38
2019,01/01/2019,ROBERTSON,11359,10770,589
2019,01/01/2019,ROCKWALL,62047,59176,2871
2019,01/01/2019,RUNNELS,6676,5922,754
2019,01/01/2019,RUSK,30501,28217,2284
2019,01/01/2019,SABINE,7571,7183,388
2019,01/01/2019,SAN AUGUSTINE,5857,5564,293
2019,01/01/2019,SAN JACINTO,17694,16823,871
2019,01/01/2019,SAN PATRICIO,40418,37252,3166
2019,01/01/2019,SAN SABA,3559,3370,189
2019,01/01/2019,SCHLEICHER,1794,1498,296
2019,01/01/2019,SCURRY,9386,8402,984
2019,01/01/2019,SHACKELFORD,2339,2094,245
2019,01/01/2019,SHELBY,15370,14334,1036
2019,01/01/2019,SHERMAN,1530,1358,172
2019,01/01/2019,SMITH,134976,130071,4905
2019,01/01/2019,SOMERVELL,6124,5826,298
2019,01/01/2019,STARR,32794,31704,1090
2019,01/01/2019,STEPHENS,5605,5036,569
2019,01/01/2019,STERLING,880,833,47
2019,01/01/2019,STONEWALL,960,946,14
2019,01/01/2019,SUTTON,2479,2204,275
2019,01/01/2019,SWISHER,3829,3511,318
2019,01/01/2019,TARRANT,1101749,1013445,88304
2019,01/01/2019,TAYLOR,76938,69793,7145
2019,01/01/2019,TERRELL,666,649,17
2019,01/01/2019,TERRY,6659,5806,853
2019,01/01/2019,THROCKMORTON,1225,1059,166
2019,01/01/2019,TITUS,17157,15592,1565
2019,01/01/2019,TOM GREEN,64985,59647,5338
2019,01/01/2019,TRAVIS,774302,706027,68275
2019,01/01/2019,TRINITY,11378,10298,1080
2019,01/01/2019,TYLER,13758,12679,1079
2019,01/01/2019,UPSHUR,27040,25166,1874
2019,01/01/2019,UPTON,2123,2026,97
2019,01/01/2019,UVALDE,17170,15545,1625
2019,01/01/2019,VAL VERDE,28288,24622,3666
2019,01/01/2019,VAN ZANDT,36397,33948,2449
2019,01/01/2019,VICTORIA,53962,50272,3690
2019,01/01/2019,WALKER,32572,30283,2289
2019,01/01/2019,WALLER,31952,29762,2190
2019,01/01/2019,WARD,6365,6038,327
2019,01/01/2019,WASHINGTON,22711,21535,1176
2019,01/01/2019,WEBB,129281,124044,5237
2019,01/01/2019,WHARTON,25207,23604,1603
2019,01/01/2019,WHEELER,3346,3064,282
2019,01/01/2019,WICHITA,78677,66591,12086
2019,01/01/2019,WILBARGER,8129,8124,5
2019,01/01/2019,WILLACY,12453,10747,1706
2019,01/01/2019,WILLIAMSON,329516,308249,21267
2019,01/01/2019,WILSON,32289,30701,1588
2019,01/01/2019,WINKLER,3833,3502,331
2019,01/01/2019,WISE,41058,38871,2187
2019,01/01/2019,WOOD,29727,28086,1641
2019,01/01/2019,YOAKUM,4297,3969,328
2019,01/01/2019,YOUNG,11499,10650,849
2019,01/01/2019,ZAPATA,7587,6207,1380
2019,01/01/2019,ZAVALA,8181,7547,634
2019,01/01/2019,TOTALS,15596898,14388448,1208450
2019,11/01/2019,ANDERSON,28065,26393,1672
2019,11/01/2019,ANDREWS,9793,9068,725
2019,11/01/2019,ANGELINA,51220,48396,2824
2019,11/01/2019,ARANSAS,17091,15277,1814
2019,11/01/2019,ARCHER,6246,5987,259
2019,11/01/2019,ARMSTRONG,1439,1371,68
2019,11/01/2019,ATASCOSA,27586,26004,1582
2019,11/01/2019,AUSTIN,19503,18348,1155
2019,11/01/2019,BAILEY,3491,3321,170
2019,11/01/2019,BANDERA,16064,15281,783
2019,11/01/2019,BASTROP,48017,43495,4522
2019,11/01/2019,BAYLOR,2315,2163,152
2019,11/01/2019,BEE,15582,14311,1271
2019,11/01/2019,BELL,196652,160346,36306
2019,11/01/2019,BEXAR,1114559,1023831,90728
2019,11/01/2019,BLANCO,8601,8173,428
2019,11/01/2019,BORDEN,476,451,25
2019,11/01/2019,BOSQUE,12114,11315,799
2019,11/01/2019,BOWIE,58718,53869,4849
2019,11/01/2019,BRAZORIA,210590,199570,11020
2019,11/01/2019,BRAZOS,114623,104349,10274
2019,11/01/2019,BREWSTER,7156,6552,604
2019,11/01/2019,BRISCOE,1043,1009,34
2019,11/01/2019,BROOKS,5522,4954,568
2019,11/01/2019,BROWN,23110,21732,1378
2019,11/01/2019,BURLESON,11763,11078,685
2019,11/01/2019,BURNET,31290,29284,2006
2019,11/01/2019,CALDWELL,24807,21675,3132
2019,11/01/2019,CALHOUN,12677,11972,705
2019,11/01/2019,CALLAHAN,9289,8752,537
2019,11/01/2019,CAMERON,210981,194696,16285
2019,11/01/2019,CAMP,7598,7142,456
2019,11/01/2019,CARSON,4259,4046,213
2019,11/01/2019,CASS,20060,18492,1568
2019,11/01/2019,CASTRO,3781,3395,386
2019,11/01/2019,CHAMBERS,28708,27343,1365
2019,11/01/2019,CHEROKEE,27719,26169,1550
2019,11/01/2019,CHILDRESS,3544,3385,159
2019,11/01/2019,CLAY,7607,7268,339
2019,11/01/2019,COCHRAN,1749,1718,31
2019,11/01/2019,COKE,2331,2212,119
2019,11/01/2019,COLEMAN,5793,5488,305
2019,11/01/2019,COLLIN,590533,517009,73524
2019,11/01/2019,COLLINGSWORTH,1892,1811,81
2019,11/01/2019,COLORADO,13839,13303,536
2019,11/01/2019,COMAL,103866,98298,5568
2019,11/01/2019,COMANCHE,9342,9248,94
2019,11/01/2019,CONCHO,1676,1545,131
2019,11/01/2019,COOKE,25716,24321,1395
2019,11/01/2019,CORYELL,38478,34099,4379
2019,11/01/2019,COTTLE,1034,947,87
2019,11/01/2019,CRANE,2638,2468,170
2019,11/01/2019,CROCKETT,2458,2269,189
2019,11/01/2019,CROSBY,3508,3322,186
2019,11/01/2019,CULBERSON,1667,1520,147
2019,11/01/2019,DALLAM,2940,2659,281
2019,11/01/2019,DALLAS,1325571,1210584,114987
2019,11/01/2019,DAWSON,7036,6697,339
2019,11/01/2019,DEAF SMITH,8777,8262,515
2019,11/01/2019,DELTA,3787,3624,163
2019,11/01/2019,DENTON,513357,448400,64957
2019,11/01/2019,DEWITT,11605,11118,487
2019,11/01/2019,DICKENS,1322,1320,2
2019,11/01/2019,DIMMIT,7236,6685,551
2019,11/01/2019,DONLEY,2215,2094,121
2019,11/01/2019,DUVAL,8076,7685,391
2019,11/01/2019,EASTLAND,11650,10803,847
2019,11/01/2019,ECTOR,76469,71888,4581
2019,11/01/2019,EDWARDS,1438,1371,67
2019,11/01/2019,ELLIS,110651,105067,5584
2019,11/01/2019,EL PASO,464725,437020,27705
2019,11/01/2019,ERATH,22634,21593,1041
2019,11/01/2019,FALLS,10094,9130,964
2019,11/01/2019,FANNIN,20842,19929,913
2019,11/01/2019,FAYETTE,16732,16187,545
2019,11/01/2019,FISHER,2674,2654,20
2019,11/01/2019,FLOYD,3861,3588,273
2019,11/01/2019,FOARD,867,817,50
2019,11/01/2019,FORT BEND,446442,407435,39007
2019,11/01/2019,FRANKLIN,6723,6278,445
2019,11/01/2019,FREESTONE,11936,11282,654
2019,11/01/2019,FRIO,8438,7684,754
2019,11/01/2019,GAINES,9162,8768,394
2019,11/01/2019,GALVESTON,215531,196160,19371
2019,11/01/2019,GARZA,2580,2437,143
2019,11/01/2019,GILLESPIE,19416,18611,805
2019,11/01/2019,GLASSCOCK,786,759,27
2019,11/01/2019,GOLIAD,5538,5355,183
2019,11/01/2019,GONZALES,12125,11411,714
2019,11/01/2019,GRAY,12130,11549,581
2019,11/01/2019,GRAYSON,81142,75348,5794
2019,11/01/2019,GREGG,69284,61937,7347
2019,11/01/2019,GRIMES,16557,15793,764
2019,11/01/2019,GUADALUPE,102621,91860,10761
2019,11/01/2019,HALE,18726,17448,1278
2019,11/01/2019,HALL,1947,1755,192
2019,11/01/2019,HAMILTON,5599,5300,299
2019,11/01/2019,HANSFORD,2976,2816,160
2019,11/01/2019,HARDEMAN,2427,2326,101
2019,11/01/2019,HARDIN,38024,37322,702
2019,11/01/2019,HARRIS,2349292,2237507,111785
2019,11/01/2019,HARRISON,44352,40805,3547
2019,11/01/2019,HARTLEY,2799,2531,268
2019,11/01/2019,HASKELL,3238,2949,289
2019,11/01/2019,HAYS,139745,128889,10856
2019,11/01/2019,HEMPHILL,2284,2194,90
2019,11/01/2019,HENDERSON,52060,49225,2835
2019,11/01/2019,HIDALGO,372338,350130,22208
2019,11/01/2019,HILL,23187,21460,1727
2019,11/01/2019,HOCKLEY,13428,12681,747
2019,11/01/2019,HOOD,41431,39382,2049
2019,11/01/2019,HOPKINS,22950,22378,572
2019,11/01/2019,HOUSTON,13065,11718,1347
2019,11/01/2019,HOWARD,16758,15136,1622
2019,11/01/2019,HUDSPETH,1958,1905,53
2019,11/01/2019,HUNT,55521,51788,3733
2019,11/01/2019,HUTCHINSON,13234,12241,993
2019,11/01/2019,IRION,1254,1090,164
2019,11/01/2019,JACK,5030,4697,333
2019,11/01/2019,JACKSON,9110,8629,481
2019,11/01/2019,JASPER,22441,21293,1148
2019,11/01/2019,JEFF DAVIS,1693,1597,96
2019,11/01/2019,JEFFERSON,146326,137439,8887
2019,11/01/2019,JIM HOGG,3742,3492,250
2019,11/01/2019,JIM WELLS,26179,25244,935
2019,11/01/2019,JOHNSON,99046,94148,4898
2019,11/01/2019,JONES,9453,9405,48
2019,11/01/2019,KARNES,8059,7715,344
2019,11/01/2019,KAUFMAN,74265,65722,8543
2019,11/01/2019,KENDALL,31272,29905,1367
2019,11/01/2019,KENEDY,292,276,16
2019,11/01/2019,KENT,575,548,27
2019,11/01/2019,KERR,35715,33909,1806
2019,11/01/2019,KIMBLE,2930,2774,156
2019,11/01/2019,KING,175,170,5
2019,11/01/2019,KINNEY,2213,2085,128
2019,11/01/2019,KLEBERG,17954,16791,1163
2019,11/01/2019,KNOX,2352,2144,208
2019,11/01/2019,LAMAR,31250,29180,2070
2019,11/01/2019,LAMB,7934,7446,488
2019,11/01/2019,LAMPASAS,14354,13508,846
2019,11/01/2019,LASALLE,4237,4031,206
2019,11/01/2019,LAVACA,13194,12656,538
2019,11/01/2019,LEE,10534,10095,439
2019,11/01/2019,LEON,11240,10822,418
2019,11/01/2019,LIBERTY,44380,41612,2768
2019,11/01/2019,LIMESTONE,13371,12484,887
2019,11/01/2019,LIPSCOMB,1960,1862,98
2019,11/01/2019,LIVE OAK,7243,6708,535
2019,11/01/2019,LLANO,15696,14866,830
2019,11/01/2019,LOVING,123,105,18
2019,11/01/2019,LUBBOCK,174629,159654,14975
2019,11/01/2019,LYNN,3895,3718,177
2019,11/01/2019,MADISON,7478,6959,519
2019,11/01/2019,MARION,7245,6867,378
2019,11/01/2019,MARTIN,3267,3087,180
2019,11/01/2019,MASON,2975,2845,130
2019,11/01/2019,MATAGORDA,21394,19384,2010
2019,11/01/2019,MAVERICK,31800,30954,846
2019,11/01/2019,MCCULLOCH,5154,4789,365
2019,11/01/2019,MCLENNAN,141474,127512,13962
2019,11/01/2019,MCMULLEN,705,672,33
2019,11/01/2019,MEDINA,31720,30178,1542
2019,11/01/2019,MENARD,1434,1367,67
2019,11/01/2019,MIDLAND,85470,78720,6750
2019,11/01/2019,MILAM,14988,13969,1019
2019,11/01/2019,MILLS,3329,3071,258
2019,11/01/2019,MITCHELL,4348,4022,326
2019,11/01/2019,MONTAGUE,13344,12600,744
2019,11/01/2019,MONTGOMERY,340916,304544,36372
2019,11/01/2019,MOORE,9664,9076,588
2019,11/01/2019,MORRIS,8259,7888,371
2019,11/01/2019,MOTLEY,872,865,7
2019,11/01/2019,NACOGDOCHES,37276,34656,2620
2019,11/01/2019,NAVARRO,28559,26793,1766
2019,11/01/2019,NEWTON,9059,8699,360
2019,11/01/2019,NOLAN,8674,8184,490
2019,11/01/2019,NUECES,201406,173946,27460
2019,11/01/2019,OCHILTREE,5131,4786,345
2019,11/01/2019,OLDHAM,1354,1286,68
2019,11/01/2019,ORANGE,52540,49710,2830
2019,11/01/2019,PALO PINTO,18183,16852,1331
2019,11/01/2019,PANOLA,16300,15606,694
2019,11/01/2019,PARKER,94972,86096,8876
2019,11/01/2019,PARMER,4501,4350,151
2019,11/01/2019,PECOS,8136,7623,513
2019,11/01/2019,POLK,37921,35173,2748
2019,11/01/2019,POTTER,54906,49040,5866
2019,11/01/2019,PRESIDIO,4694,3710,984
2019,11/01/2019,RAINS,7620,7242,378
2019,11/01/2019,RANDALL,87802,82233,5569
2019,11/01/2019,REAGAN,1831,1731,100
2019,11/01/2019,REAL,2596,2480,116
2019,11/01/2019,RED RIVER,8214,7865,349
2019,11/01/2019,REEVES,7339,7012,327
2019,11/01/2019,REFUGIO,4883,4626,257
2019,11/01/2019,ROBERTS,700,673,27
2019,11/01/2019,ROBERTSON,11441,10809,632
2019,11/01/2019,ROCKWALL,64625,61601,3024
2019,11/01/2019,RUNNELS,6805,6096,709
2019,11/01/2019,RUSK,31130,28589,2541
2019,11/01/2019,SABINE,7773,7388,385
2019,11/01/2019,SAN AUGUSTINE,5898,5624,274
2019,11/01/2019,SAN JACINTO,17988,17175,813
2019,11/01/2019,SAN PATRICIO,41224,37992,3232
2019,11/01/2019,SAN SABA,3619,3423,196
2019,11/01/2019,SCHLEICHER,1662,1531,131
2019,11/01/2019,SCURRY,9219,8642,577
2019,11/01/2019,SHACKELFORD,2291,2120,171
2019,11/01/2019,SHELBY,15202,14567,635
2019,11/01/2019,SHERMAN,1491,1352,139
2019,11/01/2019,SMITH,138031,133315,4716
2019,11/01/2019,SOMERVELL,6272,5961,311
2019,11/01/2019,STARR,33135,32099,1036
2019,11/01/2019,STEPHENS,5471,5105,366
2019,11/01/2019,STERLING,883,855,28
2019,11/01/2019,STONEWALL,961,947,14
2019,11/01/2019,SUTTON,2435,2228,207
2019,11/01/2019,SWISHER,3860,3540,320
2019,11/01/2019,TARRANT,1141166,1051601,89565
2019,11/01/2019,TAYLOR,79095,65949,13146
2019,11/01/2019,TERRELL,672,655,17
2019,11/01/2019,TERRY,6473,5942,531
2019,11/01/2019,THROCKMORTON,1159,1065,94
2019,11/01/2019,TITUS,17111,15909,1202
2019,11/01/2019,TOM GREEN,66577,58071,8506
2019,11/01/2019,TRAVIS,806359,739741,66618
2019,11/01/2019,TRINITY,11074,10596,478
2019,11/01/2019,TYLER,13899,12736,1163
2019,11/01/2019,UPSHUR,27534,25667,1867
2019,11/01/2019,UPTON,2130,2048,82
2019,11/01/2019,UVALDE,16887,15744,1143
2019,11/01/2019,VAL VERDE,27713,25360,2353
2019,11/01/2019,VAN ZANDT,36970,34607,2363
2019,11/01/2019,VICTORIA,54870,51321,3549
2019,11/01/2019,WALKER,33369,31176,2193
2019,11/01/2019,WALLER,32958,30885,2073
2019,11/01/2019,WARD,6570,6228,342
2019,11/01/2019,WASHINGTON,23169,22029,1140
2019,11/01/2019,WEBB,133715,128138,5577
2019,11/01/2019,WHARTON,25004,24056,948
2019,11/01/2019,WHEELER,3396,3134,262
2019,11/01/2019,WICHITA,80527,69143,11384
2019,11/01/2019,WILBARGER,8269,8266,3
2019,11/01/2019,WILLACY,12531,10770,1761
2019,11/01/2019,WILLIAMSON,344339,304678,39661
2019,11/01/2019,WILSON,32895,31335,1560
2019,11/01/2019,WINKLER,3854,3637,217
2019,11/01/2019,WISE,42382,40216,2166
2019,11/01/2019,WOOD,30401,28863,1538
2019,11/01/2019,YOAKUM,4297,4080,217
2019,11/01/2019,YOUNG,11645,10799,846
2019,11/01/2019,ZAPATA,7587,6392,1195
2019,11/01/2019,ZAVALA,7938,7530,408
2019,11/01/2019,TOTALS,15962988,14718456,1244532
2020,01/01/2020,ANDERSON,28095,24613,3482
2020,01/01/2020,ANDREWS,9891,8356,1535
2020,01/01/2020,ANGELINA,51559,45919,5640
2020,01/01/2020,ARANSAS,17220,15415,1805
2020,01/01/2020,ARCHER,6289,5828,461
2020,01/01/2020,ARMSTRONG,1441,1273,168
2020,01/01/2020,ATASCOSA,27933,25322,2611
2020,01/01/2020,AUSTIN,19618,17428,2190
2020,01/01/2020,BAILEY,3498,3102,396
2020,01/01/2020,BANDERA,16189,14370,1819
2020,01/01/2020,BASTROP,48419,42463,5956
2020,01/01/2020,BAYLOR,2318,2046,272
2020,01/01/2020,BEE,15633,13515,2118
2020,01/01/2020,BELL,199502,164150,35352
2020,01/01/2020,BEXAR,1125759,925168,200591
2020,01/01/2020,BLANCO,8667,7834,833
2020,01/01/2020,BORDEN,476,442,34
2020,01/01/2020,BOSQUE,12166,10675,1491
2020,01/01/2020,BOWIE,59230,52911,6319
2020,01/01/2020,BRAZORIA,212602,186466,26136
2020,01/01/2020,BRAZOS,115551,93690,21861
2020,01/01/2020,BREWSTER,7155,5931,1224
2020,01/01/2020,BRISCOE,1032,944,88
2020,01/01/2020,BROOKS,5517,4566,951
2020,01/01/2020,BROWN,23274,20102,3172
2020,01/01/2020,BURLESON,11856,10615,1241
2020,01/01/2020,BURNET,31395,28858,2537
2020,01/01/2020,CALDWELL,25022,21754,3268
2020,01/01/2020,CALHOUN,12726,11804,922
2020,01/01/2020,CALLAHAN,9387,8406,981
2020,01/01/2020,CAMERON,212472,196482,15990
2020,01/01/2020,CAMP,7665,6692,973
2020,01/01/2020,CARSON,4266,3844,422
2020,01/01/2020,CASS,20105,18387,1718
2020,01/01/2020,CASTRO,3801,3430,371
2020,01/01/2020,CHAMBERS,29015,27707,1308
2020,01/01/2020,CHEROKEE,27961,24939,3022
2020,01/01/2020,CHILDRESS,3555,3265,290
2020,01/01/2020,CLAY,7634,6911,723
2020,01/01/2020,COCHRAN,1739,1648,91
2020,01/01/2020,COKE,2337,2146,191
2020,01/01/2020,COLEMAN,5819,5280,539
2020,01/01/2020,COLLIN,598396,520482,77914
2020,01/01/2020,COLLINGSWORTH,1906,1727,179
2020,01/01/2020,COLORADO,13900,12767,1133
2020,01/01/2020,COMAL,105346,94211,11135
2020,01/01/2020,COMANCHE,9268,9108,160
2020,01/01/2020,CONCHO,1667,1517,150
2020,01/01/2020,COOKE,25963,24339,1624
2020,01/01/2020,CORYELL,38653,33786,4867
2020,01/01/2020,COTTLE,1027,900,127
2020,01/01/2020,CRANE,2645,2319,326
2020,01/01/2020,CROCKETT,2457,2261,196
2020,01/01/2020,CROSBY,3509,3136,373
2020,01/01/2020,CULBERSON,1665,1434,231
2020,01/01/2020,DALLAM,2951,2634,317
2020,01/01/2020,DALLAS,1335478,1219267,116211
2020,01/01/2020,DAWSON,7052,6335,717
2020,01/01/2020,DEAF SMITH,8797,7796,1001
2020,01/01/2020,DELTA,3825,3430,395
2020,01/01/2020,DENTON,520324,455896,64428
2020,01/01/2020,DEWITT,11668,10500,1168
2020,01/01/2020,DICKENS,1325,1323,2
2020,01/01/2020,DIMMIT,7284,6758,526
2020,01/01/2020,DONLEY,2218,2016,202
2020,01/01/2020,DUVAL,8110,7734,376
2020,01/01/2020,EASTLAND,11668,10164,1504
2020,01/01/2020,ECTOR,77196,72717,4479
2020,01/01/2020,EDWARDS,1442,1325,117
2020,01/01/2020,ELLIS,112172,106278,5894
2020,01/01/2020,EL PASO,469342,442121,27221
2020,01/01/2020,ERATH,22805,19596,3209
2020,01/01/2020,FALLS,10105,8900,1205
2020,01/01/2020,FANNIN,20863,18595,2268
2020,01/01/2020,FAYETTE,16786,15741,1045
2020,01/01/2020,FISHER,2658,2639,19
2020,01/01/2020,FLOYD,3839,3532,307
2020,01/01/2020,FOARD,862,743,119
2020,01/01/2020,FORT BEND,452662,407721,44941
2020,01/01/2020,FRANKLIN,6777,6035,742
2020,01/01/2020,FREESTONE,12009,10911,1098
2020,01/01/2020,FRIO,8555,7667,888
2020,01/01/2020,GAINES,9226,8286,940
2020,01/01/2020,GALVESTON,217501,183611,33890
2020,01/01/2020,GARZA,2585,2314,271
2020,01/01/2020,GILLESPIE,19467,17535,1932
2020,01/01/2020,GLASSCOCK,790,731,59
2020,01/01/2020,GOLIAD,5559,5079,480
2020,01/01/2020,GONZALES,12226,10851,1375
2020,01/01/2020,GRAY,12135,10447,1688
2020,01/01/2020,GRAYSON,81854,72682,9172
2020,01/01/2020,GREGG,69657,62268,7389
2020,01/01/2020,GRIMES,16657,15845,812
2020,01/01/2020,GUADALUPE,103730,88704,15026
2020,01/01/2020,HALE,18772,16135,2637
2020,01/01/2020,HALL,1937,1682,255
2020,01/01/2020,HAMILTON,5645,5363,282
2020,01/01/2020,HANSFORD,2968,2652,316
2020,01/01/2020,HARDEMAN,2419,2196,223
2020,01/01/2020,HARDIN,38286,37597,689
2020,01/01/2020,HARRIS,2370968,2263154,107814
2020,01/01/2020,HARRISON,44538,39394,5144
2020,01/01/2020,HARTLEY,2795,2351,444
2020,01/01/2020,HASKELL,3268,2916,352
2020,01/01/2020,HAYS,141286,129561,11725
2020,01/01/2020,HEMPHILL,2288,2083,205
2020,01/01/2020,HENDERSON,52436,45780,6656
2020,01/01/2020,HIDALGO,376616,345517,31099
2020,01/01/2020,HILL,22621,20732,1889
2020,01/01/2020,HOCKLEY,13396,11839,1557
2020,01/01/2020,HOOD,41958,36831,5127
2020,01/01/2020,HOPKINS,23060,20763,2297
2020,01/01/2020,HOUSTON,13126,11372,1754
2020,01/01/2020,HOWARD,16861,14132,2729
2020,01/01/2020,HUDSPETH,1968,1916,52
2020,01/01/2020,HUNT,55926,47681,8245
2020,01/01/2020,HUTCHINSON,13307,11660,1647
2020,01/01/2020,IRION,1258,1061,197
2020,01/01/2020,JACK,5048,4423,625
2020,01/01/2020,JACKSON,9160,8167,993
2020,01/01/2020,JASPER,22593,19933,2660
2020,01/01/2020,JEFF DAVIS,1637,1529,108
2020,01/01/2020,JEFFERSON,146555,124697,21858
2020,01/01/2020,JIM HOGG,3737,3147,590
2020,01/01/2020,JIM WELLS,26305,25317,988
2020,01/01/2020,JOHNSON,100127,92579,7548
2020,01/01/2020,JONES,9291,9177,114
2020,01/01/2020,KARNES,8105,7474,631
2020,01/01/2020,KAUFMAN,75177,64749,10428
2020,01/01/2020,KENDALL,31639,28005,3634
2020,01/01/2020,KENEDY,296,220,76
2020,01/01/2020,KENT,586,537,49
2020,01/01/2020,KERR,36028,32498,3530
2020,01/01/2020,KIMBLE,2951,2666,285
2020,01/01/2020,KING,176,163,13
2020,01/01/2020,KINNEY,2205,1943,262
2020,01/01/2020,KLEBERG,18049,15853,2196
2020,01/01/2020,KNOX,2346,2124,222
2020,01/01/2020,LAMAR,31415,26924,4491
2020,01/01/2020,LAMB,7966,7167,799
2020,01/01/2020,LAMPASAS,14518,12546,1972
2020,01/01/2020,LASALLE,4285,4087,198
2020,01/01/2020,LAVACA,13268,12122,1146
2020,01/01/2020,LEE,10607,10133,474
2020,01/01/2020,LEON,11245,10450,795
2020,01/01/2020,LIBERTY,44698,39296,5402
2020,01/01/2020,LIMESTONE,13449,11780,1669
2020,01/01/2020,LIPSCOMB,1964,1797,167
2020,01/01/2020,LIVE OAK,7308,6553,755
2020,01/01/2020,LLANO,15701,13754,1947
2020,01/01/2020,LOVING,116,92,24
2020,01/01/2020,LUBBOCK,175888,141641,34247
2020,01/01/2020,LYNN,3880,3625,255
2020,01/01/2020,MADISON,7496,6590,906
2020,01/01/2020,MARION,7306,6570,736
2020,01/01/2020,MARTIN,3276,2969,307
2020,01/01/2020,MASON,2984,2758,226
2020,01/01/2020,MATAGORDA,21442,17980,3462
2020,01/01/2020,MAVERICK,32163,31353,810
2020,01/01/2020,MCCULLOCH,5217,4717,500
2020,01/01/2020,MCLENNAN,142509,124697,17812
2020,01/01/2020,MCMULLEN,698,639,59
2020,01/01/2020,MEDINA,31997,29427,2570
2020,01/01/2020,MENARD,1424,1359,65
2020,01/01/2020,MIDLAND,86367,73875,12492
2020,01/01/2020,MILAM,15059,13478,1581
2020,01/01/2020,MILLS,3327,3063,264
2020,01/01/2020,MITCHELL,4381,3926,455
2020,01/01/2020,MONTAGUE,13398,11922,1476
2020,01/01/2020,MONTGOMERY,345404,294646,50758
2020,01/01/2020,MOORE,9792,9006,786
2020,01/01/2020,MORRIS,8299,7417,882
2020,01/01/2020,MOTLEY,863,853,10
2020,01/01/2020,NACOGDOCHES,37273,31966,5307
2020,01/01/2020,NAVARRO,28754,25074,3680
2020,01/01/2020,NEWTON,9092,8161,931
2020,01/01/2020,NOLAN,8676,7549,1127
2020,01/01/2020,NUECES,202613,170672,31941
2020,01/01/2020,OCHILTREE,5107,4468,639
2020,01/01/2020,OLDHAM,1366,1185,181
2020,01/01/2020,ORANGE,52742,46241,6501
2020,01/01/2020,PALO PINTO,18322,16512,1810
2020,01/01/2020,PANOLA,16384,14775,1609
2020,01/01/2020,PARKER,96152,82768,13384
2020,01/01/2020,PARMER,4430,4163,267
2020,01/01/2020,PECOS,8158,7668,490
2020,01/01/2020,POLK,38305,33054,5251
2020,01/01/2020,POTTER,55279,45710,9569
2020,01/01/2020,PRESIDIO,4718,3603,1115
2020,01/01/2020,RAINS,7741,7339,402
2020,01/01/2020,RANDALL,88330,75699,12631
2020,01/01/2020,REAGAN,1839,1646,193
2020,01/01/2020,REAL,2599,2332,267
2020,01/01/2020,RED RIVER,8233,7346,887
2020,01/01/2020,REEVES,7340,7027,313
2020,01/01/2020,REFUGIO,4872,4628,244
2020,01/01/2020,ROBERTS,706,652,54
2020,01/01/2020,ROBERTSON,11520,10543,977
2020,01/01/2020,ROCKWALL,65197,62116,3081
2020,01/01/2020,RUNNELS,6814,6123,691
2020,01/01/2020,RUSK,31163,27069,4094
2020,01/01/2020,SABINE,7823,7028,795
2020,01/01/2020,SAN AUGUSTINE,5916,5445,471
2020,01/01/2020,SAN JACINTO,18093,17308,785
2020,01/01/2020,SAN PATRICIO,41540,35819,5721
2020,01/01/2020,SAN SABA,3638,3222,416
2020,01/01/2020,SCHLEICHER,1652,1425,227
2020,01/01/2020,SCURRY,9275,8019,1256
2020,01/01/2020,SHACKELFORD,2304,2034,270
2020,01/01/2020,SHELBY,15246,13699,1547
2020,01/01/2020,SHERMAN,1485,1301,184
2020,01/01/2020,SMITH,138992,124168,14824
2020,01/01/2020,SOMERVELL,6340,5900,440
2020,01/01/2020,STARR,33161,32134,1027
2020,01/01/2020,STEPHENS,5509,4896,613
2020,01/01/2020,STERLING,882,854,28
2020,01/01/2020,STONEWALL,941,927,14
2020,01/01/2020,SUTTON,2426,2068,358
2020,01/01/2020,SWISHER,3855,3308,547
2020,01/01/2020,TARRANT,1151733,978873,172860
2020,01/01/2020,TAYLOR,79516,64882,14634
2020,01/01/2020,TERRELL,670,620,50
2020,01/01/2020,TERRY,6488,5559,929
2020,01/01/2020,THROCKMORTON,1153,1023,130
2020,01/01/2020,TITUS,17213,15081,2132
2020,01/01/2020,TOM GREEN,67026,57380,9646
2020,01/01/2020,TRAVIS,813626,747985,65641
2020,01/01/2020,TRINITY,11088,10582,506
2020,01/01/2020,TYLER,14026,12604,1422
2020,01/01/2020,UPSHUR,27740,23811,3929
2020,01/01/2020,UPTON,2131,1911,220
2020,01/01/2020,UVALDE,16943,15017,1926
2020,01/01/2020,VAL VERDE,27904,23970,3934
2020,01/01/2020,VAN ZANDT,37137,33626,3511
2020,01/01/2020,VICTORIA,55030,47611,7419
2020,01/01/2020,WALKER,33658,28960,5698
2020,01/01/2020,WALLER,33201,29173,4028
2020,01/01/2020,WARD,6635,5830,805
2020,01/01/2020,WASHINGTON,23259,21198,2061
2020,01/01/2020,WEBB,134432,123388,11044
2020,01/01/2020,WHARTON,25064,23734,1330
2020,01/01/2020,WHEELER,3393,2953,440
2020,01/01/2020,WICHITA,81110,69781,11329
2020,01/01/2020,WILBARGER,8268,7821,447
2020,01/01/2020,WILLACY,12549,10471,2078
2020,01/01/2020,WILLIAMSON,349422,301241,48181
2020,01/01/2020,WILSON,33137,29986,3151
2020,01/01/2020,WINKLER,3891,3480,411
2020,01/01/2020,WISE,42744,38668,4076
2020,01/01/2020,WOOD,30642,26970,3672
2020,01/01/2020,YOAKUM,4337,4031,306
2020,01/01/2020,YOUNG,11594,10202,1392
2020,01/01/2020,ZAPATA,7661,6532,1129
2020,01/01/2020,ZAVALA,7985,7592,393
2020,01/01/2020,TOTALS,16106984,14366382,1740602
2020,03/01/2020,ANDERSON,28190,24730,3460
2020,03/01/2020,ANDREWS,9955,8451,1504
2020,03/01/2020,ANGELINA,51617,46153,5464
2020,03/01/2020,ARANSAS,17357,14529,2828
2020,03/01/2020,ARCHER,6333,5890,443
2020,03/01/2020,ARMSTRONG,1443,1289,154
2020,03/01/2020,ATASCOSA,28100,25162,2938
2020,03/01/2020,AUSTIN,19683,17633,2050
2020,03/01/2020,BAILEY,3499,2982,517
2020,03/01/2020,BANDERA,16271,14546,1725
2020,03/01/2020,BASTROP,48930,43225,5705
2020,03/01/2020,BAYLOR,2325,2054,271
2020,03/01/2020,BEE,15667,13546,2121
2020,03/01/2020,BELL,201425,155828,45597
2020,03/01/2020,BEXAR,1131650,942795,188855
2020,03/01/2020,BLANCO,8748,7961,787
2020,03/01/2020,BORDEN,484,446,38
2020,03/01/2020,BOSQUE,12194,10757,1437
2020,03/01/2020,BOWIE,59404,52421,6983
2020,03/01/2020,BRAZORIA,213220,188348,24872
2020,03/01/2020,BRAZOS,117020,95880,21140
2020,03/01/2020,BREWSTER,7204,6041,1163
2020,03/01/2020,BRISCOE,1025,942,83
2020,03/01/2020,BROOKS,5534,4582,952
2020,03/01/2020,BROWN,23340,20486,2854
2020,03/01/2020,BURLESON,11900,10688,1212
2020,03/01/2020,BURNET,31837,29261,2576
2020,03/01/2020,CALDWELL,25109,21460,3649
2020,03/01/2020,CALHOUN,12720,11547,1173
2020,03/01/2020,CALLAHAN,9432,8517,915
2020,03/01/2020,CAMERON,213667,193087,20580
2020,03/01/2020,CAMP,7677,6694,983
2020,03/01/2020,CARSON,4271,3858,413
2020,03/01/2020,CASS,20237,17667,2570
2020,03/01/2020,CASTRO,3811,3434,377
2020,03/01/2020,CHAMBERS,29217,27935,1282
2020,03/01/2020,CHEROKEE,28002,25064,2938
2020,03/01/2020,CHILDRESS,3567,3278,289
2020,03/01/2020,CLAY,7698,6968,730
2020,03/01/2020,COCHRAN,1757,1546,211
2020,03/01/2020,COKE,2299,2169,130
2020,03/01/2020,COLEMAN,5818,5215,603
2020,03/01/2020,COLLIN,603975,516510,87465
2020,03/01/2020,COLLINGSWORTH,1905,1730,175
2020,03/01/2020,COLORADO,13966,12860,1106
2020,03/01/2020,COMAL,106520,93926,12594
2020,03/01/2020,COMANCHE,9288,8719,569
2020,03/01/2020,CONCHO,1669,1486,183
2020,03/01/2020,COOKE,26040,23579,2461
2020,03/01/2020,CORYELL,39032,34240,4792
2020,03/01/2020,COTTLE,1029,903,126
2020,03/01/2020,CRANE,2643,2343,300
2020,03/01/2020,CROCKETT,2458,2182,276
2020,03/01/2020,CROSBY,3525,3167,358
2020,03/01/2020,CULBERSON,1684,1458,226
2020,03/01/2020,DALLAM,3003,2449,554
2020,03/01/2020,DALLAS,1343237,1158085,185152
2020,03/01/2020,DAWSON,7048,6336,712
2020,03/01/2020,DEAF SMITH,8816,7813,1003
2020,03/01/2020,DELTA,3855,3467,388
2020,03/01/2020,DENTON,525530,450048,75482
2020,03/01/2020,DEWITT,11713,10548,1165
2020,03/01/2020,DICKENS,1291,1289,2
2020,03/01/2020,DIMMIT,7302,6395,907
2020,03/01/2020,DONLEY,2232,2031,201
2020,03/01/2020,DUVAL,8177,7496,681
2020,03/01/2020,EASTLAND,11715,10150,1565
2020,03/01/2020,ECTOR,77692,67312,10380
2020,03/01/2020,EDWARDS,1447,1300,147
2020,03/01/2020,ELLIS,113007,101650,11357
2020,03/01/2020,EL PASO,471296,409990,61306
2020,03/01/2020,ERATH,22962,20037,2925
2020,03/01/2020,FALLS,10123,8570,1553
2020,03/01/2020,FANNIN,20816,18845,1971
2020,03/01/2020,FAYETTE,16812,15802,1010
2020,03/01/2020,FISHER,2583,2404,179
2020,03/01/2020,FLOYD,3851,3468,383
2020,03/01/2020,FOARD,867,751,116
2020,03/01/2020,FORT BEND,456128,406895,49233
2020,03/01/2020,FRANKLIN,6792,6049,743
2020,03/01/2020,FREESTONE,12040,10756,1284
2020,03/01/2020,FRIO,8687,7810,877
2020,03/01/2020,GAINES,9250,8138,1112
2020,03/01/2020,GALVESTON,218067,185457,32610
2020,03/01/2020,GARZA,2599,2316,283
2020,03/01/2020,GILLESPIE,19533,17672,1861
2020,03/01/2020,GLASSCOCK,791,741,50
2020,03/01/2020,GOLIAD,5560,5040,520
2020,03/01/2020,GONZALES,12283,10955,1328
2020,03/01/2020,GRAY,12163,10613,1550
2020,03/01/2020,GRAYSON,82333,72822,9511
2020,03/01/2020,GREGG,70223,60322,9901
2020,03/01/2020,GRIMES,16759,15958,801
2020,03/01/2020,GUADALUPE,104498,90236,14262
2020,03/01/2020,HALE,18778,16127,2651
2020,03/01/2020,HALL,1939,1683,256
2020,03/01/2020,HAMILTON,5679,5099,580
2020,03/01/2020,HANSFORD,2975,2673,302
2020,03/01/2020,HARDEMAN,2425,2205,220
2020,03/01/2020,HARDIN,38491,37736,755
2020,03/01/2020,HARRIS,2385906,2229787,156119
2020,03/01/2020,HARRISON,44668,38305,6363
2020,03/01/2020,HARTLEY,2800,2375,425
2020,03/01/2020,HASKELL,3264,2883,381
2020,03/01/2020,HAYS,142166,117064,25102
2020,03/01/2020,HEMPHILL,2303,2111,192
2020,03/01/2020,HENDERSON,52583,46159,6424
2020,03/01/2020,HIDALGO,379061,347696,31365
2020,03/01/2020,HILL,22739,20879,1860
2020,03/01/2020,HOCKLEY,13435,11920,1515
2020,03/01/2020,HOOD,42225,37367,4858
2020,03/01/2020,HOPKINS,23190,20730,2460
2020,03/01/2020,HOUSTON,13151,11407,1744
2020,03/01/2020,HOWARD,16906,14343,2563
2020,03/01/2020,HUDSPETH,1988,1928,60
2020,03/01/2020,HUNT,56217,48179,8038
2020,03/01/2020,HUTCHINSON,13300,11555,1745
2020,03/01/2020,IRION,1267,1077,190
2020,03/01/2020,JACK,5074,4456,618
2020,03/01/2020,JACKSON,9177,8177,1000
2020,03/01/2020,JASPER,22623,20148,2475
2020,03/01/2020,JEFF DAVIS,1626,1514,112
2020,03/01/2020,JEFFERSON,146950,126081,20869
2020,03/01/2020,JIM HOGG,3824,3310,514
2020,03/01/2020,JIM WELLS,26363,23923,2440
2020,03/01/2020,JOHNSON,100757,88808,11949
2020,03/01/2020,JONES,9287,9124,163
2020,03/01/2020,KARNES,8132,7432,700
2020,03/01/2020,KAUFMAN,75777,65706,10071
2020,03/01/2020,KENDALL,31742,28411,3331
2020,03/01/2020,KENEDY,299,221,78
2020,03/01/2020,KENT,592,547,45
2020,03/01/2020,KERR,36119,32144,3975
2020,03/01/2020,KIMBLE,2977,2698,279
2020,03/01/2020,KING,174,163,11
2020,03/01/2020,KINNEY,2219,1971,248
2020,03/01/2020,KLEBERG,18093,15609,2484
2020,03/01/2020,KNOX,2371,2065,306
2020,03/01/2020,LAMAR,31414,27193,4221
2020,03/01/2020,LAMB,7953,7151,802
2020,03/01/2020,LAMPASAS,14535,12692,1843
2020,03/01/2020,LASALLE,4364,3958,406
2020,03/01/2020,LAVACA,13277,12254,1023
2020,03/01/2020,LEE,10635,9658,977
2020,03/01/2020,LEON,11300,10529,771
2020,03/01/2020,LIBERTY,44872,39592,5280
2020,03/01/2020,LIMESTONE,13566,11927,1639
2020,03/01/2020,LIPSCOMB,1970,1728,242
2020,03/01/2020,LIVE OAK,7313,6577,736
2020,03/01/2020,LLANO,15782,13929,1853
2020,03/01/2020,LOVING,113,92,21
2020,03/01/2020,LUBBOCK,176740,144630,32110
2020,03/01/2020,LYNN,3934,3646,288
2020,03/01/2020,MADISON,7542,6666,876
2020,03/01/2020,MARION,7325,6453,872
2020,03/01/2020,MARTIN,3317,3015,302
2020,03/01/2020,MASON,3031,2826,205
2020,03/01/2020,MATAGORDA,21498,18132,3366
2020,03/01/2020,MAVERICK,32459,30235,2224
2020,03/01/2020,MCCULLOCH,5250,4465,785
2020,03/01/2020,MCLENNAN,143184,122255,20929
2020,03/01/2020,MCMULLEN,697,639,58
2020,03/01/2020,MEDINA,32179,29475,2704
2020,03/01/2020,MENARD,1424,1315,109
2020,03/01/2020,MIDLAND,86618,74682,11936
2020,03/01/2020,MILAM,15107,13547,1560
2020,03/01/2020,MILLS,3358,3003,355
2020,03/01/2020,MITCHELL,4389,3918,471
2020,03/01/2020,MONTAGUE,13455,12016,1439
2020,03/01/2020,MONTGOMERY,347703,297896,49807
2020,03/01/2020,MOORE,9798,8632,1166
2020,03/01/2020,MORRIS,8319,7457,862
2020,03/01/2020,MOTLEY,828,801,27
2020,03/01/2020,NACOGDOCHES,37588,32569,5019
2020,03/01/2020,NAVARRO,28883,25327,3556
2020,03/01/2020,NEWTON,9135,8235,900
2020,03/01/2020,NOLAN,8690,7571,1119
2020,03/01/2020,NUECES,203661,169773,33888
2020,03/01/2020,OCHILTREE,5119,4481,638
2020,03/01/2020,OLDHAM,1384,1212,172
2020,03/01/2020,ORANGE,52823,46551,6272
2020,03/01/2020,PALO PINTO,18393,16524,1869
2020,03/01/2020,PANOLA,16441,14891,1550
2020,03/01/2020,PARKER,96775,84154,12621
2020,03/01/2020,PARMER,4426,4158,268
2020,03/01/2020,PECOS,8209,7483,726
2020,03/01/2020,POLK,38580,33422,5158
2020,03/01/2020,POTTER,55609,46259,9350
2020,03/01/2020,PRESIDIO,4752,3597,1155
2020,03/01/2020,RAINS,7807,6961,846
2020,03/01/2020,RANDALL,88871,76713,12158
2020,03/01/2020,REAGAN,1837,1639,198
2020,03/01/2020,REAL,2603,2373,230
2020,03/01/2020,RED RIVER,8249,7426,823
2020,03/01/2020,REEVES,7386,6813,573
2020,03/01/2020,REFUGIO,4887,4336,551
2020,03/01/2020,ROBERTS,707,657,50
2020,03/01/2020,ROBERTSON,11552,10625,927
2020,03/01/2020,ROCKWALL,65780,62311,3469
2020,03/01/2020,RUNNELS,6871,5964,907
2020,03/01/2020,RUSK,31369,27362,4007
2020,03/01/2020,SABINE,7843,7066,777
2020,03/01/2020,SAN AUGUSTINE,5943,5387,556
2020,03/01/2020,SAN JACINTO,18172,16350,1822
2020,03/01/2020,SAN PATRICIO,41696,36142,5554
2020,03/01/2020,SAN SABA,3643,3250,393
2020,03/01/2020,SCHLEICHER,1652,1444,208
2020,03/01/2020,SCURRY,9316,8194,1122
2020,03/01/2020,SHACKELFORD,2298,2047,251
2020,03/01/2020,SHELBY,15285,13778,1507
2020,03/01/2020,SHERMAN,1486,1305,181
2020,03/01/2020,SMITH,140178,126097,14081
2020,03/01/2020,SOMERVELL,6410,5753,657
2020,03/01/2020,STARR,33487,32281,1206
2020,03/01/2020,STEPHENS,5531,4843,688
2020,03/01/2020,STERLING,896,866,30
2020,03/01/2020,STONEWALL,940,926,14
2020,03/01/2020,SUTTON,2410,2076,334
2020,03/01/2020,SWISHER,3865,3325,540
2020,03/01/2020,TARRANT,1160856,999453,161403
2020,03/01/2020,TAYLOR,79737,65538,14199
2020,03/01/2020,TERRELL,672,625,47
2020,03/01/2020,TERRY,6472,5558,914
2020,03/01/2020,THROCKMORTON,1156,1022,134
2020,03/01/2020,TITUS,17277,15154,2123
2020,03/01/2020,TOM GREEN,67470,56336,11134
2020,03/01/2020,TRAVIS,822720,702084,120636
2020,03/01/2020,TRINITY,11213,10720,493
2020,03/01/2020,TYLER,14080,12615,1465
2020,03/01/2020,UPSHUR,27709,24062,3647
2020,03/01/2020,UPTON,2151,1897,254
2020,03/01/2020,UVALDE,16950,15091,1859
2020,03/01/2020,VAL VERDE,28027,23763,4264
2020,03/01/2020,VAN ZANDT,37411,32863,4548
2020,03/01/2020,VICTORIA,55100,47675,7425
2020,03/01/2020,WALKER,33769,29133,4636
2020,03/01/2020,WALLER,33472,29355,4117
2020,03/01/2020,WARD,6646,5896,750
2020,03/01/2020,WASHINGTON,23286,20947,2339
2020,03/01/2020,WEBB,135124,122801,12323
2020,03/01/2020,WHARTON,25115,22874,2241
2020,03/01/2020,WHEELER,3412,2943,469
2020,03/01/2020,WICHITA,81374,63674,17700
2020,03/01/2020,WILBARGER,8277,7468,809
2020,03/01/2020,WILLACY,12591,10157,2434
2020,03/01/2020,WILLIAMSON,353476,299193,54283
2020,03/01/2020,WILSON,33325,30295,3030
2020,03/01/2020,WINKLER,3876,3491,385
2020,03/01/2020,WISE,43002,39117,3885
2020,03/01/2020,WOOD,30806,27343,3463
2020,03/01/2020,YOAKUM,4329,3911,418
2020,03/01/2020,YOUNG,11625,10241,1384
2020,03/01/2020,ZAPATA,7878,6524,1354
2020,03/01/2020,ZAVALA,8043,7304,739
2020,03/01/2020,TOTALS,16211198,14190604,2020594
2020,11/01/2020,ANDERSON,29274,26342,2932
2020,11/01/2020,ANDREWS,10272,9016,1256
2020,11/01/2020,ANGELINA,53166,48627,4539
2020,11/01/2020,ARANSAS,18306,16034,2272
2020,11/01/2020,ARCHER,6538,6156,382
2020,11/01/2020,ARMSTRONG,1498,1369,129
2020,11/01/2020,ATASCOSA,29409,26933,2476
2020,11/01/2020,AUSTIN,20293,18609,1684
2020,11/01/2020,BAILEY,3539,3092,447
2020,11/01/2020,BANDERA,17098,15666,1432
2020,11/01/2020,BASTROP,52096,47596,4500
2020,11/01/2020,BAYLOR,2408,2183,225
2020,11/01/2020,BEE,16033,14248,1785
2020,11/01/2020,BELL,215974,179369,36605
2020,11/01/2020,BEXAR,1189373,1047563,141810
2020,11/01/2020,BLANCO,9344,8722,622
2020,11/01/2020,BORDEN,499,471,28
2020,11/01/2020,BOSQUE,12724,11558,1166
2020,11/01/2020,BOWIE,61407,55173,6234
2020,11/01/2020,BRAZORIA,224256,205151,19105
2020,11/01/2020,BRAZOS,122137,106719,15418
2020,11/01/2020,BREWSTER,7524,6563,961
2020,11/01/2020,BRISCOE,1025,956,69
2020,11/01/2020,BROOKS,5521,4670,851
2020,11/01/2020,BROWN,23954,21664,2290
2020,11/01/2020,BURLESON,12440,11440,1000
2020,11/01/2020,BURNET,33697,30849,2848
2020,11/01/2020,CALDWELL,25945,22429,3516
2020,11/01/2020,CALHOUN,13080,12063,1017
2020,11/01/2020,CALLAHAN,9773,8981,792
2020,11/01/2020,CAMERON,218910,201026,17884
2020,11/01/2020,CAMP,7904,7092,812
2020,11/01/2020,CARSON,4345,4014,331
2020,11/01/2020,CASS,20889,18690,2199
2020,11/01/2020,CASTRO,3853,3384,469
2020,11/01/2020,CHAMBERS,30709,29601,1108
2020,11/01/2020,CHEROKEE,29166,26739,2427
2020,11/01/2020,CHILDRESS,3658,3414,244
2020,11/01/2020,CLAY,7959,7345,614
2020,11/01/2020,COCHRAN,1771,1601,170
2020,11/01/2020,COKE,2414,2319,95
2020,11/01/2020,COLEMAN,5960,5429,531
2020,11/01/2020,COLLIN,648670,583823,64847
2020,11/01/2020,COLLINGSWORTH,1942,1788,154
2020,11/01/2020,COLORADO,14378,13473,905
2020,11/01/2020,COMAL,115876,106437,9439
2020,11/01/2020,COMANCHE,9562,9062,500
2020,11/01/2020,CONCHO,1757,1604,153
2020,11/01/2020,COOKE,27268,24896,2372
2020,11/01/2020,CORYELL,41450,36455,4995
2020,11/01/2020,COTTLE,1041,937,104
2020,11/01/2020,CRANE,2663,2409,254
2020,11/01/2020,CROCKETT,2473,2230,243
2020,11/01/2020,CROSBY,3629,3328,301
2020,11/01/2020,CULBERSON,1709,1508,201
2020,11/01/2020,DALLAM,3046,2554,492
2020,11/01/2020,DALLAS,1398469,1256406,142063
2020,11/01/2020,DAWSON,7104,6448,656
2020,11/01/2020,DEAF SMITH,8900,7977,923
2020,11/01/2020,DELTA,3949,3614,335
2020,11/01/2020,DENTON,565089,508800,56289
2020,11/01/2020,DEWITT,12094,11160,934
2020,11/01/2020,DICKENS,1328,1326,2
2020,11/01/2020,DIMMIT,7341,6511,830
2020,11/01/2020,DONLEY,2322,2149,173
2020,11/01/2020,DUVAL,8346,7764,582
2020,11/01/2020,EASTLAND,12230,10922,1308
2020,11/01/2020,ECTOR,80872,72498,8374
2020,11/01/2020,EDWARDS,1499,1375,124
2020,11/01/2020,ELLIS,120188,111121,9067
2020,11/01/2020,EL PASO,488470,437158,51312
2020,11/01/2020,ERATH,23935,21796,2139
2020,11/01/2020,FALLS,10361,8967,1394
2020,11/01/2020,FANNIN,22199,20325,1874
2020,11/01/2020,FAYETTE,17398,16560,838
2020,11/01/2020,FISHER,2646,2486,160
2020,11/01/2020,FLOYD,3850,3451,399
2020,11/01/2020,FOARD,884,777,107
2020,11/01/2020,FORT BEND,482368,445573,36795
2020,11/01/2020,FRANKLIN,7061,6421,640
2020,11/01/2020,FREESTONE,12481,11419,1062
2020,11/01/2020,FRIO,8984,8050,934
2020,11/01/2020,GAINES,9701,8791,910
2020,11/01/2020,GALVESTON,228482,201857,26625
2020,11/01/2020,GARZA,2681,2441,240
2020,11/01/2020,GILLESPIE,20404,18953,1451
2020,11/01/2020,GLASSCOCK,800,763,37
2020,11/01/2020,GOLIAD,5766,5303,463
2020,11/01/2020,GONZALES,12629,11533,1096
2020,11/01/2020,GRAY,12406,11083,1323
2020,11/01/2020,GRAYSON,86740,78171,8569
2020,11/01/2020,GREGG,72867,64791,8076
2020,11/01/2020,GRIMES,17877,16640,1237
2020,11/01/2020,GUADALUPE,111142,100484,10658
2020,11/01/2020,HALE,18997,16634,2363
2020,11/01/2020,HALL,1926,1697,229
2020,11/01/2020,HAMILTON,5832,5399,433
2020,11/01/2020,HANSFORD,3009,2747,262
2020,11/01/2020,HARDEMAN,2486,2298,188
2020,11/01/2020,HARDIN,39952,39263,689
2020,11/01/2020,HARRIS,2480522,2277033,203489
2020,11/01/2020,HARRISON,45933,40508,5425
2020,11/01/2020,HARTLEY,2909,2569,340
2020,11/01/2020,HASKELL,3377,3040,337
2020,11/01/2020,HAYS,152840,134198,18642
2020,11/01/2020,HEMPHILL,2355,2192,163
2020,11/01/2020,HENDERSON,54663,49423,5240
2020,11/01/2020,HIDALGO,391309,365036,26273
2020,11/01/2020,HILL,23625,21987,1638
2020,11/01/2020,HOCKLEY,13781,12473,1308
2020,11/01/2020,HOOD,44831,40955,3876
2020,11/01/2020,HOPKINS,23954,21836,2118
2020,11/01/2020,HOUSTON,13444,12044,1400
2020,11/01/2020,HOWARD,17526,15333,2193
2020,11/01/2020,HUDSPETH,2085,2027,58
2020,11/01/2020,HUNT,59367,52857,6510
2020,11/01/2020,HUTCHINSON,13533,12090,1443
2020,11/01/2020,IRION,1298,1130,168
2020,11/01/2020,JACK,5254,4748,506
2020,11/01/2020,JACKSON,9482,8651,831
2020,11/01/2020,JASPER,23374,21354,2020
2020,11/01/2020,JEFF DAVIS,1670,1565,105
2020,11/01/2020,JEFFERSON,149372,133008,16364
2020,11/01/2020,JIM HOGG,3800,3375,425
2020,11/01/2020,JIM WELLS,26636,24489,2147
2020,11/01/2020,JOHNSON,105574,96451,9123
2020,11/01/2020,JONES,9635,9488,147
2020,11/01/2020,KARNES,8359,7718,641
2020,11/01/2020,KAUFMAN,81901,74183,7718
2020,11/01/2020,KENDALL,33836,31421,2415
2020,11/01/2020,KENEDY,296,242,54
2020,11/01/2020,KENT,592,561,31
2020,11/01/2020,KERR,37726,34558,3168
2020,11/01/2020,KIMBLE,3113,2898,215
2020,11/01/2020,KING,183,173,10
2020,11/01/2020,KINNEY,2270,2078,192
2020,11/01/2020,KLEBERG,18749,16693,2056
2020,11/01/2020,KNOX,2391,2104,287
2020,11/01/2020,LAMAR,32390,28852,3538
2020,11/01/2020,LAMB,8085,7393,692
2020,11/01/2020,LAMPASAS,15424,13899,1525
2020,11/01/2020,LASALLE,4426,4085,341
2020,11/01/2020,LAVACA,13661,12849,812
2020,11/01/2020,LEE,11145,10377,768
2020,11/01/2020,LEON,11727,11140,587
2020,11/01/2020,LIBERTY,46155,41631,4524
2020,11/01/2020,LIMESTONE,13963,12592,1371
2020,11/01/2020,LIPSCOMB,1977,1773,204
2020,11/01/2020,LIVE OAK,7572,6953,619
2020,11/01/2020,LLANO,16688,15217,1471
2020,11/01/2020,LOVING,111,94,17
2020,11/01/2020,LUBBOCK,183320,159150,24170
2020,11/01/2020,LYNN,4028,3785,243
2020,11/01/2020,MADISON,7822,7129,693
2020,11/01/2020,MARION,7596,6856,740
2020,11/01/2020,MARTIN,3467,3192,275
2020,11/01/2020,MASON,3168,2988,180
2020,11/01/2020,MATAGORDA,22026,19234,2792
2020,11/01/2020,MAVERICK,33050,31217,1833
2020,11/01/2020,MCCULLOCH,5361,4674,687
2020,11/01/2020,MCLENNAN,149461,133337,16124
2020,11/01/2020,MCMULLEN,706,659,47
2020,11/01/2020,MEDINA,33763,31465,2298
2020,11/01/2020,MENARD,1469,1379,90
2020,11/01/2020,MIDLAND,90392,80800,9592
2020,11/01/2020,MILAM,15838,14471,1367
2020,11/01/2020,MILLS,3429,3128,301
2020,11/01/2020,MITCHELL,4524,4077,447
2020,11/01/2020,MONTAGUE,14001,12794,1207
2020,11/01/2020,MONTGOMERY,370060,331924,38136
2020,11/01/2020,MOORE,9995,9004,991
2020,11/01/2020,MORRIS,8583,7856,727
2020,11/01/2020,MOTLEY,859,844,15
2020,11/01/2020,NACOGDOCHES,38786,34668,4118
2020,11/01/2020,NAVARRO,29959,27018,2941
2020,11/01/2020,NEWTON,9400,8626,774
2020,11/01/2020,NOLAN,8871,7954,917
2020,11/01/2020,NUECES,211652,184442,27210
2020,11/01/2020,OCHILTREE,5192,4632,560
2020,11/01/2020,OLDHAM,1425,1278,147
2020,11/01/2020,ORANGE,54442,49329,5113
2020,11/01/2020,PALO PINTO,18946,17012,1934
2020,11/01/2020,PANOLA,16808,15490,1318
2020,11/01/2020,PARKER,103999,93921,10078
2020,11/01/2020,PARMER,4537,4284,253
2020,11/01/2020,PECOS,8323,7735,588
2020,11/01/2020,POLK,40520,35908,4612
2020,11/01/2020,POTTER,57736,49757,7979
2020,11/01/2020,PRESIDIO,4789,3755,1034
2020,11/01/2020,RAINS,8320,7613,707
2020,11/01/2020,RANDALL,93313,83603,9710
2020,11/01/2020,REAGAN,1879,1696,183
2020,11/01/2020,REAL,2702,2521,181
2020,11/01/2020,RED RIVER,8489,7788,701
2020,11/01/2020,REEVES,7558,7085,473
2020,11/01/2020,REFUGIO,5007,4549,458
2020,11/01/2020,ROBERTS,680,648,32
2020,11/01/2020,ROBERTSON,11844,11067,777
2020,11/01/2020,ROCKWALL,71102,66949,4153
2020,11/01/2020,RUNNELS,7025,6219,806
2020,11/01/2020,RUSK,32388,29009,3379
2020,11/01/2020,SABINE,8050,7388,662
2020,11/01/2020,SAN AUGUSTINE,6108,5652,456
2020,11/01/2020,SAN JACINTO,18969,17533,1436
2020,11/01/2020,SAN PATRICIO,43248,38570,4678
2020,11/01/2020,SAN SABA,3776,3433,343
2020,11/01/2020,SCHLEICHER,1709,1537,172
2020,11/01/2020,SCURRY,9489,8537,952
2020,11/01/2020,SHACKELFORD,2320,2115,205
2020,11/01/2020,SHELBY,15570,14323,1247
2020,11/01/2020,SHERMAN,1520,1351,169
2020,11/01/2020,SMITH,146149,135054,11095
2020,11/01/2020,SOMERVELL,6712,6202,510
2020,11/01/2020,STARR,34050,33020,1030
2020,11/01/2020,STEPHENS,5672,5055,617
2020,11/01/2020,STERLING,939,911,28
2020,11/01/2020,STONEWALL,953,939,14
2020,11/01/2020,SUTTON,2449,2156,293
2020,11/01/2020,SWISHER,3941,3472,469
2020,11/01/2020,TARRANT,1212524,1072408,140116
2020,11/01/2020,TAYLOR,83696,72209,11487
2020,11/01/2020,TERRELL,673,640,33
2020,11/01/2020,TERRY,6589,5779,810
2020,11/01/2020,THROCKMORTON,1216,1119,97
2020,11/01/2020,TITUS,17666,15829,1837
2020,11/01/2020,TOM GREEN,70086,61211,8875
2020,11/01/2020,TRAVIS,854577,772352,82225
2020,11/01/2020,TRINITY,11541,11051,490
2020,11/01/2020,TYLER,14556,13042,1514
2020,11/01/2020,UPSHUR,28619,25504,3115
2020,11/01/2020,UPTON,2207,1995,212
2020,11/01/2020,UVALDE,17420,15869,1551
2020,11/01/2020,VAL VERDE,28927,25361,3566
2020,11/01/2020,VAN ZANDT,38965,34958,4007
2020,11/01/2020,VICTORIA,56612,50547,6065
2020,11/01/2020,WALKER,35038,31484,3554
2020,11/01/2020,WALLER,35116,31772,3344
2020,11/01/2020,WARD,6880,6259,621
2020,11/01/2020,WASHINGTON,23947,22095,1852
2020,11/01/2020,WEBB,137840,127617,10223
2020,11/01/2020,WHARTON,25697,23889,1808
2020,11/01/2020,WHEELER,3514,3101,413
2020,11/01/2020,WICHITA,83575,67126,16449
2020,11/01/2020,WILBARGER,8196,7407,789
2020,11/01/2020,WILLACY,12804,10635,2169
2020,11/01/2020,WILLIAMSON,376672,338544,38128
2020,11/01/2020,WILSON,35036,32649,2387
2020,11/01/2020,WINKLER,4013,3666,347
2020,11/01/2020,WISE,45643,42415,3228
2020,11/01/2020,WOOD,32382,29510,2872
2020,11/01/2020,YOAKUM,4407,4024,383
2020,11/01/2020,YOUNG,11769,10670,1099
2020,11/01/2020,ZAPATA,8257,7304,953
2020,11/01/2020,ZAVALA,8066,7446,620
2020,11/01/2020,TOTALS,16955519,15279870,1675649
2021,01/01/2021,ANDERSON,28443,27092,1351
2021,01/01/2021,ANDREWS,9895,9290,605
2021,01/01/2021,ANGELINA,51898,49735,2163
2021,01/01/2021,ARANSAS,17482,16469,1013
2021,01/01/2021,ARCHER,6432,6244,188
2021,01/01/2021,ARMSTRONG,1459,1378,81
2021,01/01/2021,ATASCOSA,28964,27660,1304
2021,01/01/2021,AUSTIN,19949,19128,821
2021,01/01/2021,BAILEY,3432,3130,302
2021,01/01/2021,BANDERA,16900,16103,797
2021,01/01/2021,BASTROP,50849,49057,1792
2021,01/01/2021,BAYLOR,2342,2238,104
2021,01/01/2021,BEE,15551,14662,889
2021,01/01/2021,BELL,205562,187608,17954
2021,01/01/2021,BEXAR,1149875,1080488,69387
2021,01/01/2021,BLANCO,9266,8986,280
2021,01/01/2021,BORDEN,480,461,19
2021,01/01/2021,BOSQUE,12436,11853,583
2021,01/01/2021,BOWIE,58803,56183,2620
2021,01/01/2021,BRAZORIA,221732,213120,8612
2021,01/01/2021,BRAZOS,119069,111572,7497
2021,01/01/2021,BREWSTER,7276,6645,631
2021,01/01/2021,BRISCOE,1001,962,39
2021,01/01/2021,BROOKS,5203,4718,485
2021,01/01/2021,BROWN,23373,22215,1158
2021,01/01/2021,BURLESON,12183,11717,466
2021,01/01/2021,BURNET,33095,31908,1187
2021,01/01/2021,CALDWELL,25608,22225,3383
2021,01/01/2021,CALHOUN,12695,12231,464
2021,01/01/2021,CALLAHAN,9566,9194,372
2021,01/01/2021,CAMERON,215373,206265,9108
2021,01/01/2021,CAMP,7644,7186,458
2021,01/01/2021,CARSON,4247,4068,179
2021,01/01/2021,CASS,20104,19111,993
2021,01/01/2021,CASTRO,3602,3402,200
2021,01/01/2021,CHAMBERS,30778,30624,154
2021,01/01/2021,CHEROKEE,28482,27339,1143
2021,01/01/2021,CHILDRESS,3551,3423,128
2021,01/01/2021,CLAY,8009,7488,521
2021,01/01/2021,COCHRAN,1777,1615,162
2021,01/01/2021,COKE,2371,2360,11
2021,01/01/2021,COLEMAN,5779,5544,235
2021,01/01/2021,COLLIN,639799,606259,33540
2021,01/01/2021,COLLINGSWORTH,1879,1809,70
2021,01/01/2021,COLORADO,14126,13668,458
2021,01/01/2021,COMAL,115965,110549,5416
2021,01/01/2021,COMANCHE,9496,9020,476
2021,01/01/2021,CONCHO,1696,1630,66
2021,01/01/2021,COOKE,26708,25450,1258
2021,01/01/2021,CORYELL,39158,37428,1730
2021,01/01/2021,COTTLE,977,942,35
2021,01/01/2021,CRANE,2576,2436,140
2021,01/01/2021,CROCKETT,2463,2246,217
2021,01/01/2021,CROSBY,3507,3349,158
2021,01/01/2021,CULBERSON,1699,1503,196
2021,01/01/2021,DALLAM,2860,2626,234
2021,01/01/2021,DALLAS,1358816,1291250,67566
2021,01/01/2021,DAWSON,7072,6481,591
2021,01/01/2021,DEAF SMITH,8639,8112,527
2021,01/01/2021,DELTA,3821,3623,198
2021,01/01/2021,DENTON,551324,527723,23601
2021,01/01/2021,DEWITT,12182,11358,824
2021,01/01/2021,DICKENS,1328,1325,3
2021,01/01/2021,DIMMIT,6980,6485,495
2021,01/01/2021,DONLEY,2239,2148,91
2021,01/01/2021,DUVAL,8331,7793,538
2021,01/01/2021,EASTLAND,11878,11066,812
2021,01/01/2021,ECTOR,79402,74874,4528
2021,01/01/2021,EDWARDS,1466,1385,81
2021,01/01/2021,ELLIS,119320,115342,3978
2021,01/01/2021,EL PASO,477646,450234,27412
2021,01/01/2021,ERATH,23450,22420,1030
2021,01/01/2021,FALLS,10524,9202,1322
2021,01/01/2021,FANNIN,22462,20756,1706
2021,01/01/2021,FAYETTE,17189,16823,366
2021,01/01/2021,FISHER,2651,2498,153
2021,01/01/2021,FLOYD,3827,3459,368
2021,01/01/2021,FOARD,847,784,63
2021,01/01/2021,FORT BEND,481602,463606,17996
2021,01/01/2021,FRANKLIN,6852,6583,269
2021,01/01/2021,FREESTONE,12146,11653,493
2021,01/01/2021,FRIO,8664,8229,435
2021,01/01/2021,GAINES,9529,8945,584
2021,01/01/2021,GALVESTON,222838,209020,13818
2021,01/01/2021,GARZA,2672,2453,219
2021,01/01/2021,GILLESPIE,20134,19421,713
2021,01/01/2021,GLASSCOCK,804,762,42
2021,01/01/2021,GOLIAD,5667,5392,275
2021,01/01/2021,GONZALES,12305,11732,573
2021,01/01/2021,GRAY,12247,11234,1013
2021,01/01/2021,GRAYSON,88269,80854,7415
2021,01/01/2021,GREGG,70574,66671,3903
2021,01/01/2021,GRIMES,17734,17045,689
2021,01/01/2021,GUADALUPE,109633,104282,5351
2021,01/01/2021,HALE,18048,16769,1279
2021,01/01/2021,HALL,1930,1726,204
2021,01/01/2021,HAMILTON,5702,5444,258
2021,01/01/2021,HANSFORD,2924,2792,132
2021,01/01/2021,HARDEMAN,2413,2318,95
2021,01/01/2021,HARDIN,39887,39735,152
2021,01/01/2021,HARRIS,2503936,2335068,168868
2021,01/01/2021,HARRISON,43837,41516,2321
2021,01/01/2021,HARTLEY,2648,2619,29
2021,01/01/2021,HASKELL,3225,3076,149
2021,01/01/2021,HAYS,150345,141344,9001
2021,01/01/2021,HEMPHILL,2362,2213,149
2021,01/01/2021,HENDERSON,55627,51138,4489
2021,01/01/2021,HIDALGO,387947,374826,13121
2021,01/01/2021,HILL,24024,22540,1484
2021,01/01/2021,HOCKLEY,13318,12647,671
2021,01/01/2021,HOOD,44313,42097,2216
2021,01/01/2021,HOPKINS,24179,22423,1756
2021,01/01/2021,HOUSTON,13071,12361,710
2021,01/01/2021,HOWARD,16568,15685,883
2021,01/01/2021,HUDSPETH,2094,2038,56
2021,01/01/2021,HUNT,60544,54632,5912
2021,01/01/2021,HUTCHINSON,13011,12299,712
2021,01/01/2021,IRION,1215,1140,75
2021,01/01/2021,JACK,5307,4869,438
2021,01/01/2021,JACKSON,9339,8872,467
2021,01/01/2021,JASPER,22991,21860,1131
2021,01/01/2021,JEFF DAVIS,1665,1563,102
2021,01/01/2021,JEFFERSON,145611,137041,8570
2021,01/01/2021,JIM HOGG,3628,3376,252
2021,01/01/2021,JIM WELLS,26682,24755,1927
2021,01/01/2021,JOHNSON,104263,99760,4503
2021,01/01/2021,JONES,9763,9633,130
2021,01/01/2021,KARNES,8185,7809,376
2021,01/01/2021,KAUFMAN,82058,78484,3574
2021,01/01/2021,KENDALL,33623,32455,1168
2021,01/01/2021,KENEDY,293,250,43
2021,01/01/2021,KENT,577,564,13
2021,01/01/2021,KERR,36977,35313,1664
2021,01/01/2021,KIMBLE,3018,2911,107
2021,01/01/2021,KING,181,174,7
2021,01/01/2021,KINNEY,2243,2062,181
2021,01/01/2021,KLEBERG,18058,16985,1073
2021,01/01/2021,KNOX,2365,2097,268
2021,01/01/2021,LAMAR,32663,29590,3073
2021,01/01/2021,LAMB,7757,7415,342
2021,01/01/2021,LAMPASAS,14972,14214,758
2021,01/01/2021,LASALLE,4424,4115,309
2021,01/01/2021,LAVACA,13451,13065,386
2021,01/01/2021,LEE,10989,10607,382
2021,01/01/2021,LEON,11669,11365,304
2021,01/01/2021,LIBERTY,45925,43332,2593
2021,01/01/2021,LIMESTONE,13536,12888,648
2021,01/01/2021,LIPSCOMB,1948,1762,186
2021,01/01/2021,LIVE OAK,7674,7088,586
2021,01/01/2021,LLANO,16878,15546,1332
2021,01/01/2021,LOVING,112,95,17
2021,01/01/2021,LUBBOCK,178848,160348,18500
2021,01/01/2021,LYNN,4079,3852,227
2021,01/01/2021,MADISON,7646,7168,478
2021,01/01/2021,MARION,7667,6978,689
2021,01/01/2021,MARTIN,3419,3283,136
2021,01/01/2021,MASON,3106,2999,107
2021,01/01/2021,MATAGORDA,21042,19659,1383
2021,01/01/2021,MAVERICK,32644,31660,984
2021,01/01/2021,MCCULLOCH,5131,4697,434
2021,01/01/2021,MCLENNAN,145869,137095,8774
2021,01/01/2021,MCMULLEN,700,652,48
2021,01/01/2021,MEDINA,33586,32391,1195
2021,01/01/2021,MENARD,1454,1370,84
2021,01/01/2021,MIDLAND,91736,83322,8414
2021,01/01/2021,MILAM,15502,14811,691
2021,01/01/2021,MILLS,3456,3187,269
2021,01/01/2021,MITCHELL,4547,4144,403
2021,01/01/2021,MONTAGUE,13636,13073,563
2021,01/01/2021,MONTGOMERY,367467,351316,16151
2021,01/01/2021,MOORE,9660,9140,520
2021,01/01/2021,MORRIS,8443,8023,420
2021,01/01/2021,MOTLEY,862,848,14
2021,01/01/2021,NACOGDOCHES,38663,35231,3432
2021,01/01/2021,NAVARRO,29302,27771,1531
2021,01/01/2021,NEWTON,9183,8748,435
2021,01/01/2021,NOLAN,8880,8087,793
2021,01/01/2021,NUECES,202841,189530,13311
2021,01/01/2021,OCHILTREE,4945,4663,282
2021,01/01/2021,OLDHAM,1351,1282,69
2021,01/01/2021,ORANGE,52551,50167,2384
2021,01/01/2021,PALO PINTO,19134,17433,1701
2021,01/01/2021,PANOLA,16479,15854,625
2021,01/01/2021,PARKER,106180,97730,8450
2021,01/01/2021,PARMER,4439,4312,127
2021,01/01/2021,PECOS,8026,7790,236
2021,01/01/2021,POLK,39188,36677,2511
2021,01/01/2021,POTTER,55091,51231,3860
2021,01/01/2021,PRESIDIO,4243,3786,457
2021,01/01/2021,RAINS,8170,7771,399
2021,01/01/2021,RANDALL,90569,85820,4749
2021,01/01/2021,REAGAN,1824,1719,105
2021,01/01/2021,REAL,2674,2500,174
2021,01/01/2021,RED RIVER,8302,7933,369
2021,01/01/2021,REEVES,7376,7146,230
2021,01/01/2021,REFUGIO,5018,4611,407
2021,01/01/2021,ROBERTS,687,657,30
2021,01/01/2021,ROBERTSON,11601,11274,327
2021,01/01/2021,ROCKWALL,70844,68774,2070
2021,01/01/2021,RUNNELS,6522,6232,290
2021,01/01/2021,RUSK,31416,29795,1621
2021,01/01/2021,SABINE,7835,7497,338
2021,01/01/2021,SAN AUGUSTINE,5987,5750,237
2021,01/01/2021,SAN JACINTO,18660,18005,655
2021,01/01/2021,SAN PATRICIO,41856,39729,2127
2021,01/01/2021,SAN SABA,3667,3526,141
2021,01/01/2021,SCHLEICHER,1637,1556,81
2021,01/01/2021,SCURRY,9149,8664,485
2021,01/01/2021,SHACKELFORD,2270,2158,112
2021,01/01/2021,SHELBY,15371,14590,781
2021,01/01/2021,SHERMAN,1442,1349,93
2021,01/01/2021,SMITH,144752,137933,6819
2021,01/01/2021,SOMERVELL,6631,6399,232
2021,01/01/2021,STARR,33903,32952,951
2021,01/01/2021,STEPHENS,5646,5054,592
2021,01/01/2021,STERLING,928,901,27
2021,01/01/2021,STONEWALL,946,946,0
2021,01/01/2021,SUTTON,2330,2181,149
2021,01/01/2021,SWISHER,3758,3543,215
2021,01/01/2021,TARRANT,1182469,1119575,62894
2021,01/01/2021,TAYLOR,80144,74569,5575
2021,01/01/2021,TERRELL,657,636,21
2021,01/01/2021,TERRY,6235,5898,337
2021,01/01/2021,THROCKMORTON,1170,1126,44
2021,01/01/2021,TITUS,17276,16204,1072
2021,01/01/2021,TOM GREEN,67766,63361,4405
2021,01/01/2021,TRAVIS,826488,793355,33133
2021,01/01/2021,TRINITY,11051,10927,124
2021,01/01/2021,TYLER,14581,13110,1471
2021,01/01/2021,UPSHUR,28797,26112,2685
2021,01/01/2021,UPTON,2149,2014,135
2021,01/01/2021,UVALDE,17549,16203,1346
2021,01/01/2021,VAL VERDE,29232,25971,3261
2021,01/01/2021,VAN ZANDT,38190,36077,2113
2021,01/01/2021,VICTORIA,54584,51668,2916
2021,01/01/2021,WALKER,34134,32351,1783
2021,01/01/2021,WALLER,34393,32743,1650
2021,01/01/2021,WARD,6723,6385,338
2021,01/01/2021,WASHINGTON,23547,22624,923
2021,01/01/2021,WEBB,135773,129947,5826
2021,01/01/2021,WHARTON,25117,24190,927
2021,01/01/2021,WHEELER,3504,3121,383
2021,01/01/2021,WICHITA,75221,68920,6301
2021,01/01/2021,WILBARGER,8187,7486,701
2021,01/01/2021,WILLACY,12828,10771,2057
2021,01/01/2021,WILLIAMSON,378575,359573,19002
2021,01/01/2021,WILSON,34482,33271,1211
2021,01/01/2021,WINKLER,3862,3699,163
2021,01/01/2021,WISE,45209,43645,1564
2021,01/01/2021,WOOD,31617,30147,1470
2021,01/01/2021,YOAKUM,4403,4045,358
2021,01/01/2021,YOUNG,11414,10978,436
2021,01/01/2021,ZAPATA,7700,7364,336
2021,01/01/2021,ZAVALA,8057,7490,567
2021,01/01/2021,TOTALS,16676353,15757825,918528
2021,11/01/2021,ANDERSON,28856,27558,1298
2021,11/01/2021,ANDREWS,10131,9572,559
2021,11/01/2021,ANGELINA,52649,50691,1958
2021,11/01/2021,ARANSAS,17969,16908,1061
2021,11/01/2021,ARCHER,6439,6253,186
2021,11/01/2021,ARMSTRONG,1459,1384,75
2021,11/01/2021,ATASCOSA,29457,28023,1434
2021,11/01/2021,AUSTIN,20320,19513,807
2021,11/01/2021,BAILEY,3464,3188,276
2021,11/01/2021,BANDERA,17210,16442,768
2021,11/01/2021,BASTROP,52551,49064,3487
2021,11/01/2021,BAYLOR,2364,2260,104
2021,11/01/2021,BEE,15621,14588,1033
2021,11/01/2021,BELL,214467,180227,34240
2021,11/01/2021,BEXAR,1181031,1112462,68569
2021,11/01/2021,BLANCO,9553,9259,294
2021,11/01/2021,BORDEN,468,417,51
2021,11/01/2021,BOSQUE,12638,12109,529
2021,11/01/2021,BOWIE,59615,56875,2740
2021,11/01/2021,BRAZORIA,226451,218874,7577
2021,11/01/2021,BRAZOS,121363,111688,9675
2021,11/01/2021,BREWSTER,7319,6665,654
2021,11/01/2021,BRISCOE,972,937,35
2021,11/01/2021,BROOKS,5166,4708,458
2021,11/01/2021,BROWN,23900,22844,1056
2021,11/01/2021,BURLESON,12453,11968,485
2021,11/01/2021,BURNET,34422,33324,1098
2021,11/01/2021,CALDWELL,24372,23313,1059
2021,11/01/2021,CALHOUN,12731,12282,449
2021,11/01/2021,CALLAHAN,9712,9383,329
2021,11/01/2021,CAMERON,220760,211754,9006
2021,11/01/2021,CAMP,7775,7353,422
2021,11/01/2021,CARSON,4185,4025,160
2021,11/01/2021,CASS,20556,19426,1130
2021,11/01/2021,CASTRO,3655,3461,194
2021,11/01/2021,CHAMBERS,31625,31359,266
2021,11/01/2021,CHEROKEE,29011,27918,1093
2021,11/01/2021,CHILDRESS,3590,3476,114
2021,11/01/2021,CLAY,7872,7553,319
2021,11/01/2021,COCHRAN,1749,1573,176
2021,11/01/2021,COKE,2369,2363,6
2021,11/01/2021,COLEMAN,5871,5611,260
2021,11/01/2021,COLLIN,660815,593965,66850
2021,11/01/2021,COLLINGSWORTH,1889,1821,68
2021,11/01/2021,COLORADO,14183,13649,534
2021,11/01/2021,COMAL,121689,116688,5001
2021,11/01/2021,COMANCHE,9634,9251,383
2021,11/01/2021,CONCHO,1709,1641,68
2021,11/01/2021,COOKE,27469,26242,1227
2021,11/01/2021,CORYELL,40632,38986,1646
2021,11/01/2021,COTTLE,970,935,35
2021,11/01/2021,CRANE,2598,2474,124
2021,11/01/2021,CROCKETT,2318,2220,98
2021,11/01/2021,CROSBY,3530,3387,143
2021,11/01/2021,CULBERSON,1642,1541,101
2021,11/01/2021,DALLAM,2908,2700,208
2021,11/01/2021,DALLAS,1379147,1314019,65128
2021,11/01/2021,DAWSON,6986,6661,325
2021,11/01/2021,DEAF SMITH,8689,8205,484
2021,11/01/2021,DELTA,3878,3693,185
2021,11/01/2021,DENTON,569691,511386,58305
2021,11/01/2021,DEWITT,11995,11479,516
2021,11/01/2021,DICKENS,1324,1322,2
2021,11/01/2021,DIMMIT,6952,6489,463
2021,11/01/2021,DONLEY,2222,2137,85
2021,11/01/2021,DUVAL,8060,7732,328
2021,11/01/2021,EASTLAND,12026,11303,723
2021,11/01/2021,ECTOR,81083,76802,4281
2021,11/01/2021,EDWARDS,1431,1241,190
2021,11/01/2021,ELLIS,123538,119259,4279
2021,11/01/2021,EL PASO,489879,461663,28216
2021,11/01/2021,ERATH,23982,23085,897
2021,11/01/2021,FALLS,10013,9450,563
2021,11/01/2021,FANNIN,22680,21252,1428
2021,11/01/2021,FAYETTE,17445,17088,357
2021,11/01/2021,FISHER,2651,2550,101
2021,11/01/2021,FLOYD,3674,3493,181
2021,11/01/2021,FOARD,841,785,56
2021,11/01/2021,FORT BEND,497026,463309,33717
2021,11/01/2021,FRANKLIN,6961,6714,247
2021,11/01/2021,FREESTONE,12371,11907,464
2021,11/01/2021,FRIO,8764,8285,479
2021,11/01/2021,GAINES,9681,9156,525
2021,11/01/2021,GALVESTON,228679,215163,13516
2021,11/01/2021,GARZA,2633,2515,118
2021,11/01/2021,GILLESPIE,20485,19755,730
2021,11/01/2021,GLASSCOCK,793,765,28
2021,11/01/2021,GOLIAD,5717,5452,265
2021,11/01/2021,GONZALES,12456,11928,528
2021,11/01/2021,GRAY,12432,11482,950
2021,11/01/2021,GRAYSON,87157,83530,3627
2021,11/01/2021,GREGG,71553,65309,6244
2021,11/01/2021,GRIMES,18328,17538,790
2021,11/01/2021,GUADALUPE,113447,103977,9470
2021,11/01/2021,HALE,18344,17171,1173
2021,11/01/2021,HALL,1827,1728,99
2021,11/01/2021,HAMILTON,5781,5535,246
2021,11/01/2021,HANSFORD,2958,2817,141
2021,11/01/2021,HARDEMAN,2462,2378,84
2021,11/01/2021,HARDIN,40537,40380,157
2021,11/01/2021,HARRIS,2484266,2390579,93687
2021,11/01/2021,HARRISON,44596,42463,2133
2021,11/01/2021,HARTLEY,2708,2667,41
2021,11/01/2021,HASKELL,3288,3150,138
2021,11/01/2021,HAYS,156297,147249,9048
2021,11/01/2021,HEMPHILL,2311,2234,77
2021,11/01/2021,HENDERSON,56342,52269,4073
2021,11/01/2021,HIDALGO,399164,377754,21410
2021,11/01/2021,HILL,24005,23231,774
2021,11/01/2021,HOCKLEY,13379,12807,572
2021,11/01/2021,HOOD,45846,43535,2311
2021,11/01/2021,HOPKINS,24119,22819,1300
2021,11/01/2021,HOUSTON,13206,12205,1001
2021,11/01/2021,HOWARD,16793,15926,867
2021,11/01/2021,HUDSPETH,2067,2062,5
2021,11/01/2021,HUNT,60593,56917,3676
2021,11/01/2021,HUTCHINSON,13223,12513,710
2021,11/01/2021,IRION,1219,1137,82
2021,11/01/2021,JACK,5427,5008,419
2021,11/01/2021,JACKSON,9420,8980,440
2021,11/01/2021,JASPER,23203,22095,1108
2021,11/01/2021,JEFF DAVIS,1616,1558,58
2021,11/01/2021,JEFFERSON,146405,138739,7666
2021,11/01/2021,JIM HOGG,3617,3380,237
2021,11/01/2021,JIM WELLS,26255,24779,1476
2021,11/01/2021,JOHNSON,110358,105952,4406
2021,11/01/2021,JONES,9960,9780,180
2021,11/01/2021,KARNES,8241,7876,365
2021,11/01/2021,KAUFMAN,86377,79862,6515
2021,11/01/2021,KENDALL,34776,33627,1149
2021,11/01/2021,KENEDY,286,230,56
2021,11/01/2021,KENT,574,562,12
2021,11/01/2021,KERR,37828,36154,1674
2021,11/01/2021,KIMBLE,3072,2943,129
2021,11/01/2021,KING,162,162,0
2021,11/01/2021,KINNEY,2216,2102,114
2021,11/01/2021,KLEBERG,18257,17214,1043
2021,11/01/2021,KNOX,2260,2084,176
2021,11/01/2021,LAMAR,31639,30017,1622
2021,11/01/2021,LAMB,7873,7499,374
2021,11/01/2021,LAMPASAS,15420,14741,679
2021,11/01/2021,LASALLE,4313,4107,206
2021,11/01/2021,LAVACA,13635,13197,438
2021,11/01/2021,LEE,11227,10863,364
2021,11/01/2021,LEON,11775,11434,341
2021,11/01/2021,LIBERTY,47573,45195,2378
2021,11/01/2021,LIMESTONE,13656,13029,627
2021,11/01/2021,LIPSCOMB,1887,1780,107
2021,11/01/2021,LIVE OAK,7434,7072,362
2021,11/01/2021,LLANO,16797,16064,733
2021,11/01/2021,LOVING,96,89,7
2021,11/01/2021,LUBBOCK,181618,166586,15032
2021,11/01/2021,LYNN,4010,3914,96
2021,11/01/2021,MADISON,7863,7437,426
2021,11/01/2021,MARION,7491,7093,398
2021,11/01/2021,MARTIN,3397,3254,143
2021,11/01/2021,MASON,3123,2998,125
2021,11/01/2021,MATAGORDA,21321,19972,1349
2021,11/01/2021,MAVERICK,33317,32401,916
2021,11/01/2021,MCCULLOCH,5249,4837,412
2021,11/01/2021,MCLENNAN,149132,135474,13658
2021,11/01/2021,MCMULLEN,659,620,39
2021,11/01/2021,MEDINA,34381,33133,1248
2021,11/01/2021,MENARD,1424,1382,42
2021,11/01/2021,MIDLAND,93661,80330,13331
2021,11/01/2021,MILAM,15855,15186,669
2021,11/01/2021,MILLS,3344,3172,172
2021,11/01/2021,MITCHELL,4373,4218,155
2021,11/01/2021,MONTAGUE,14025,13470,555
2021,11/01/2021,MONTGOMERY,384443,355376,29067
2021,11/01/2021,MOORE,9796,9288,508
2021,11/01/2021,MORRIS,8520,8118,402
2021,11/01/2021,MOTLEY,848,797,51
2021,11/01/2021,NACOGDOCHES,38181,35792,2389
2021,11/01/2021,NAVARRO,29913,28508,1405
2021,11/01/2021,NEWTON,9224,8817,407
2021,11/01/2021,NOLAN,8618,8214,404
2021,11/01/2021,NUECES,207821,184944,22877
2021,11/01/2021,OCHILTREE,5052,4795,257
2021,11/01/2021,OLDHAM,1340,1272,68
2021,11/01/2021,ORANGE,53810,51602,2208
2021,11/01/2021,PALO PINTO,18763,17907,856
2021,11/01/2021,PANOLA,16704,16112,592
2021,11/01/2021,PARKER,108342,100249,8093
2021,11/01/2021,PARMER,4458,4342,116
2021,11/01/2021,PECOS,8041,7769,272
2021,11/01/2021,POLK,40614,37997,2617
2021,11/01/2021,POTTER,56374,51840,4534
2021,11/01/2021,PRESIDIO,4306,3858,448
2021,11/01/2021,RAINS,8393,8012,381
2021,11/01/2021,RANDALL,92801,88576,4225
2021,11/01/2021,REAGAN,1858,1749,109
2021,11/01/2021,REAL,2658,2534,124
2021,11/01/2021,RED RIVER,8468,8126,342
2021,11/01/2021,REEVES,7505,7273,232
2021,11/01/2021,REFUGIO,4858,4638,220
2021,11/01/2021,ROBERTS,685,624,61
2021,11/01/2021,ROBERTSON,11817,11446,371
2021,11/01/2021,ROCKWALL,73858,71549,2309
2021,11/01/2021,RUNNELS,6588,6319,269
2021,11/01/2021,RUSK,32056,30384,1672
2021,11/01/2021,SABINE,7932,7612,320
2021,11/01/2021,SAN AUGUSTINE,5998,5800,198
2021,11/01/2021,SAN JACINTO,19133,18505,628
2021,11/01/2021,SAN PATRICIO,42841,40872,1969
2021,11/01/2021,SAN SABA,3720,3591,129
2021,11/01/2021,SCHLEICHER,1637,1561,76
2021,11/01/2021,SCURRY,9262,8840,422
2021,11/01/2021,SHACKELFORD,2278,2165,113
2021,11/01/2021,SHELBY,15616,14886,730
2021,11/01/2021,SHERMAN,1437,1337,100
2021,11/01/2021,SMITH,148158,141384,6774
2021,11/01/2021,SOMERVELL,6747,6526,221
2021,11/01/2021,STARR,32911,32578,333
2021,11/01/2021,STEPHENS,5574,5262,312
2021,11/01/2021,STERLING,901,897,4
2021,11/01/2021,STONEWALL,925,925,0
2021,11/01/2021,SUTTON,2323,2148,175
2021,11/01/2021,SWISHER,3806,3569,237
2021,11/01/2021,TARRANT,1212353,1148836,63517
2021,11/01/2021,TAYLOR,82482,71265,11217
2021,11/01/2021,TERRELL,637,618,19
2021,11/01/2021,TERRY,6269,5950,319
2021,11/01/2021,THROCKMORTON,1182,1140,42
2021,11/01/2021,TITUS,17422,16493,929
2021,11/01/2021,TOM GREEN,69046,61692,7354
2021,11/01/2021,TRAVIS,847511,816273,31238
2021,11/01/2021,TRINITY,11407,11277,130
2021,11/01/2021,TYLER,14096,13447,649
2021,11/01/2021,UPSHUR,28060,26814,1246
2021,11/01/2021,UPTON,2142,2012,130
2021,11/01/2021,UVALDE,17076,16370,706
2021,11/01/2021,VAL VERDE,28629,26879,1750
2021,11/01/2021,VAN ZANDT,38667,36713,1954
2021,11/01/2021,VICTORIA,55435,52658,2777
2021,11/01/2021,WALKER,34672,32970,1702
2021,11/01/2021,WALLER,35326,33724,1602
2021,11/01/2021,WARD,6805,6476,329
2021,11/01/2021,WASHINGTON,23878,23010,868
2021,11/01/2021,WEBB,139191,128993,10198
2021,11/01/2021,WHARTON,25535,24688,847
2021,11/01/2021,WHEELER,3319,3142,177
2021,11/01/2021,WICHITA,77168,70812,6356
2021,11/01/2021,WILBARGER,8304,7681,623
2021,11/01/2021,WILLACY,11776,10865,911
2021,11/01/2021,WILLIAMSON,393286,357089,36197
2021,11/01/2021,WILSON,35633,34444,1189
2021,11/01/2021,WINKLER,3915,3754,161
2021,11/01/2021,WISE,47128,45681,1447
2021,11/01/2021,WOOD,32291,30976,1315
2021,11/01/2021,YOAKUM,4274,4082,192
2021,11/01/2021,YOUNG,11589,11122,467
2021,11/01/2021,ZAPATA,7739,7410,329
2021,11/01/2021,ZAVALA,7750,7432,318
2021,11/01/2021,TOTALS,16995911,16007280,988631
2022,01/01/2022,ANDERSON,29101,27715,1386
2022,01/01/2022,ANDREWS,10200,9644,556
2022,01/01/2022,ANGELINA,52990,51128,1862
2022,01/01/2022,ARANSAS,18150,17096,1054
2022,01/01/2022,ARCHER,6467,6285,182
2022,01/01/2022,ARMSTRONG,1456,1383,73
2022,01/01/2022,ATASCOSA,29457,27989,1468
2022,01/01/2022,AUSTIN,20463,19707,756
2022,01/01/2022,BAILEY,3464,3185,279
2022,01/01/2022,BANDERA,17365,16608,757
2022,01/01/2022,BASTROP,53330,49985,3345
2022,01/01/2022,BAYLOR,2378,2275,103
2022,01/01/2022,BEE,15660,14590,1070
2022,01/01/2022,BELL,217701,185575,32126
2022,01/01/2022,BEXAR,1183836,1116696,67140
2022,01/01/2022,BLANCO,9717,9430,287
2022,01/01/2022,BORDEN,467,420,47
2022,01/01/2022,BOSQUE,12740,12145,595
2022,01/01/2022,BOWIE,60071,57304,2767
2022,01/01/2022,BRAZORIA,228226,220705,7521
2022,01/01/2022,BRAZOS,122667,112701,9966
2022,01/01/2022,BREWSTER,7364,6706,658
2022,01/01/2022,BRISCOE,975,941,34
2022,01/01/2022,BROOKS,5164,4717,447
2022,01/01/2022,BROWN,24128,23064,1064
2022,01/01/2022,BURLESON,12576,12078,498
2022,01/01/2022,BURNET,34381,33307,1074
2022,01/01/2022,CALDWELL,24631,23516,1115
2022,01/01/2022,CALHOUN,12788,12346,442
2022,01/01/2022,CALLAHAN,9797,9469,328
2022,01/01/2022,CAMERON,222030,212973,9057
2022,01/01/2022,CAMP,7797,7378,419
2022,01/01/2022,CARSON,4189,4022,167
2022,01/01/2022,CASS,20681,19584,1097
2022,01/01/2022,CASTRO,3659,3470,189
2022,01/01/2022,CHAMBERS,31971,31706,265
2022,01/01/2022,CHEROKEE,29293,28234,1059
2022,01/01/2022,CHILDRESS,3610,3497,113
2022,01/01/2022,CLAY,7926,7615,311
2022,01/01/2022,COCHRAN,1744,1558,186
2022,01/01/2022,COKE,2367,2361,6
2022,01/01/2022,COLEMAN,5892,5634,258
2022,01/01/2022,COLLIN,670850,606360,64490
2022,01/01/2022,COLLINGSWORTH,1888,1822,66
2022,01/01/2022,COLORADO,14169,13656,513
2022,01/01/2022,COMAL,124086,119186,4900
2022,01/01/2022,COMANCHE,9579,9198,381
2022,01/01/2022,CONCHO,1718,1644,74
2022,01/01/2022,COOKE,27746,26491,1255
2022,01/01/2022,CORYELL,41250,39557,1693
2022,01/01/2022,COTTLE,972,936,36
2022,01/01/2022,CRANE,2615,2495,120
2022,01/01/2022,CROCKETT,2293,2197,96
2022,01/01/2022,CROSBY,3524,3360,164
2022,01/01/2022,CULBERSON,1647,1546,101
2022,01/01/2022,DALLAM,2917,2718,199
2022,01/01/2022,DALLAS,1386130,1320485,65645
2022,01/01/2022,DAWSON,6989,6672,317
2022,01/01/2022,DEAF SMITH,8712,8201,511
2022,01/01/2022,DELTA,3904,3725,179
2022,01/01/2022,DENTON,576827,520294,56533
2022,01/01/2022,DEWITT,12061,11525,536
2022,01/01/2022,DICKENS,1341,1338,3
2022,01/01/2022,DIMMIT,6935,6485,450
2022,01/01/2022,DONLEY,2240,2157,83
2022,01/01/2022,DUVAL,8054,7732,322
2022,01/01/2022,EASTLAND,12110,11416,694
2022,01/01/2022,ECTOR,81737,77540,4197
2022,01/01/2022,EDWARDS,1445,1263,182
2022,01/01/2022,ELLIS,124885,120648,4237
2022,01/01/2022,EL PASO,492360,464400,27960
2022,01/01/2022,ERATH,24152,23286,866
2022,01/01/2022,FALLS,10061,9516,545
2022,01/01/2022,FANNIN,22812,21367,1445
2022,01/01/2022,FAYETTE,17562,17221,341
2022,01/01/2022,FISHER,2635,2535,100
2022,01/01/2022,FLOYD,3675,3489,186
2022,01/01/2022,FOARD,841,785,56
2022,01/01/2022,FORT BEND,502443,468102,34341
2022,01/01/2022,FRANKLIN,7012,6765,247
2022,01/01/2022,FREESTONE,12447,11991,456
2022,01/01/2022,FRIO,8813,8315,498
2022,01/01/2022,GAINES,9757,9206,551
2022,01/01/2022,GALVESTON,229389,216648,12741
2022,01/01/2022,GARZA,2612,2495,117
2022,01/01/2022,GILLESPIE,20646,19790,856
2022,01/01/2022,GLASSCOCK,797,771,26
2022,01/01/2022,GOLIAD,5711,5463,248
2022,01/01/2022,GONZALES,12547,12028,519
2022,01/01/2022,GRAY,12482,11557,925
2022,01/01/2022,GRAYSON,87303,83728,3575
2022,01/01/2022,GREGG,71938,65948,5990
2022,01/01/2022,GRIMES,18458,17688,770
2022,01/01/2022,GUADALUPE,115209,106017,9192
2022,01/01/2022,HALE,18361,17214,1147
2022,01/01/2022,HALL,1820,1725,95
2022,01/01/2022,HAMILTON,5829,5591,238
2022,01/01/2022,HANSFORD,2962,2827,135
2022,01/01/2022,HARDEMAN,2472,2392,80
2022,01/01/2022,HARDIN,40584,40424,160
2022,01/01/2022,HARRIS,2499380,2404923,94457
2022,01/01/2022,HARRISON,44913,42811,2102
2022,01/01/2022,HARTLEY,2708,2660,48
2022,01/01/2022,HASKELL,3302,3164,138
2022,01/01/2022,HAYS,158570,149627,8943
2022,01/01/2022,HEMPHILL,2321,2243,78
2022,01/01/2022,HENDERSON,56148,52143,4005
2022,01/01/2022,HIDALGO,403305,382999,20306
2022,01/01/2022,HILL,24082,23325,757
2022,01/01/2022,HOCKLEY,13403,12844,559
2022,01/01/2022,HOOD,46552,44315,2237
2022,01/01/2022,HOPKINS,24322,23055,1267
2022,01/01/2022,HOUSTON,13286,12230,1056
2022,01/01/2022,HOWARD,16849,15949,900
2022,01/01/2022,HUDSPETH,2058,2050,8
2022,01/01/2022,HUNT,61277,57805,3472
2022,01/01/2022,HUTCHINSON,13239,12570,669
2022,01/01/2022,IRION,1220,1137,83
2022,01/01/2022,JACK,5466,5035,431
2022,01/01/2022,JACKSON,9439,8982,457
2022,01/01/2022,JASPER,23403,22286,1117
2022,01/01/2022,JEFF DAVIS,1625,1568,57
2022,01/01/2022,JEFFERSON,146989,139507,7482
2022,01/01/2022,JIM HOGG,3634,3401,233
2022,01/01/2022,JIM WELLS,26331,24878,1453
2022,01/01/2022,JOHNSON,112239,107859,4380
2022,01/01/2022,JONES,10089,9900,189
2022,01/01/2022,KARNES,8299,7943,356
2022,01/01/2022,KAUFMAN,87601,81385,6216
2022,01/01/2022,KENDALL,35374,34251,1123
2022,01/01/2022,KENEDY,290,238,52
2022,01/01/2022,KENT,578,568,10
2022,01/01/2022,KERR,38215,36279,1936
2022,01/01/2022,KIMBLE,3104,2981,123
2022,01/01/2022,KING,160,156,4
2022,01/01/2022,KINNEY,2213,2074,139
2022,01/01/2022,KLEBERG,18364,17188,1176
2022,01/01/2022,KNOX,2267,2113,154
2022,01/01/2022,LAMAR,31901,30289,1612
2022,01/01/2022,LAMB,7870,7503,367
2022,01/01/2022,LAMPASAS,15554,14918,636
2022,01/01/2022,LASALLE,4324,4131,193
2022,01/01/2022,LAVACA,13709,13270,439
2022,01/01/2022,LEE,11286,10776,510
2022,01/01/2022,LEON,11825,11448,377
2022,01/01/2022,LIBERTY,48201,45894,2307
2022,01/01/2022,LIMESTONE,13747,13138,609
2022,01/01/2022,LIPSCOMB,1889,1783,106
2022,01/01/2022,LIVE OAK,7508,7118,390
2022,01/01/2022,LLANO,16967,16250,717
2022,01/01/2022,LOVING,96,89,7
2022,01/01/2022,LUBBOCK,182675,167998,14677
2022,01/01/2022,LYNN,4036,3943,93
2022,01/01/2022,MADISON,7938,7504,434
2022,01/01/2022,MARION,7504,7121,383
2022,01/01/2022,MARTIN,3384,3238,146
2022,01/01/2022,MASON,3127,3003,124
2022,01/01/2022,MATAGORDA,21406,20099,1307
2022,01/01/2022,MAVERICK,33426,32602,824
2022,01/01/2022,MCCULLOCH,5258,4842,416
2022,01/01/2022,MCLENNAN,150399,136853,13546
2022,01/01/2022,MCMULLEN,657,620,37
2022,01/01/2022,MEDINA,34658,33520,1138
2022,01/01/2022,MENARD,1413,1373,40
2022,01/01/2022,MIDLAND,94287,81357,12930
2022,01/01/2022,MILAM,16000,15333,667
2022,01/01/2022,MILLS,3374,3196,178
2022,01/01/2022,MITCHELL,4426,4274,152
2022,01/01/2022,MONTAGUE,14239,13683,556
2022,01/01/2022,MONTGOMERY,390177,362812,27365
2022,01/01/2022,MOORE,9815,9318,497
2022,01/01/2022,MORRIS,8581,8139,442
2022,01/01/2022,MOTLEY,839,787,52
2022,01/01/2022,NACOGDOCHES,38313,35846,2467
2022,01/01/2022,NAVARRO,30202,28850,1352
2022,01/01/2022,NEWTON,9260,8875,385
2022,01/01/2022,NOLAN,8626,8238,388
2022,01/01/2022,NUECES,208894,187403,21491
2022,01/01/2022,OCHILTREE,5078,4826,252
2022,01/01/2022,OLDHAM,1321,1255,66
2022,01/01/2022,ORANGE,53981,51844,2137
2022,01/01/2022,PALO PINTO,18887,18056,831
2022,01/01/2022,PANOLA,16833,16044,789
2022,01/01/2022,PARKER,110234,102375,7859
2022,01/01/2022,PARMER,4431,4322,109
2022,01/01/2022,PECOS,8015,7735,280
2022,01/01/2022,POLK,41249,38595,2654
2022,01/01/2022,POTTER,56857,51923,4934
2022,01/01/2022,PRESIDIO,4316,3877,439
2022,01/01/2022,RAINS,8475,8101,374
2022,01/01/2022,RANDALL,93766,89653,4113
2022,01/01/2022,REAGAN,1841,1744,97
2022,01/01/2022,REAL,2677,2556,121
2022,01/01/2022,RED RIVER,8526,8196,330
2022,01/01/2022,REEVES,7506,7339,167
2022,01/01/2022,REFUGIO,4854,4640,214
2022,01/01/2022,ROBERTS,686,628,58
2022,01/01/2022,ROBERTSON,11864,11395,469
2022,01/01/2022,ROCKWALL,75223,72856,2367
2022,01/01/2022,RUNNELS,6608,6327,281
2022,01/01/2022,RUSK,32286,30597,1689
2022,01/01/2022,SABINE,8018,7701,317
2022,01/01/2022,SAN AUGUSTINE,5988,5796,192
2022,01/01/2022,SAN JACINTO,19333,18721,612
2022,01/01/2022,SAN PATRICIO,43055,41235,1820
2022,01/01/2022,SAN SABA,3725,3603,122
2022,01/01/2022,SCHLEICHER,1626,1550,76
2022,01/01/2022,SCURRY,9276,8865,411
2022,01/01/2022,SHACKELFORD,2265,2140,125
2022,01/01/2022,SHELBY,15714,14996,718
2022,01/01/2022,SHERMAN,1420,1305,115
2022,01/01/2022,SMITH,149232,142604,6628
2022,01/01/2022,SOMERVELL,6769,6553,216
2022,01/01/2022,STARR,32879,32550,329
2022,01/01/2022,STEPHENS,5596,5298,298
2022,01/01/2022,STERLING,887,719,168
2022,01/01/2022,STONEWALL,937,937,0
2022,01/01/2022,SUTTON,2325,2154,171
2022,01/01/2022,SWISHER,3791,3548,243
2022,01/01/2022,TARRANT,1218512,1156709,61803
2022,01/01/2022,TAYLOR,83175,72732,10443
2022,01/01/2022,TERRELL,623,603,20
2022,01/01/2022,TERRY,6302,5990,312
2022,01/01/2022,THROCKMORTON,1195,1158,37
2022,01/01/2022,TITUS,17487,16599,888
2022,01/01/2022,TOM GREEN,69497,62315,7182
2022,01/01/2022,TRAVIS,848119,817477,30642
2022,01/01/2022,TRINITY,11448,11276,172
2022,01/01/2022,TYLER,14217,13587,630
2022,01/01/2022,UPSHUR,28236,27107,1129
2022,01/01/2022,UPTON,2125,1999,126
2022,01/01/2022,UVALDE,17199,16035,1164
2022,01/01/2022,VAL VERDE,28809,27078,1731
2022,01/01/2022,VAN ZANDT,38870,36973,1897
2022,01/01/2022,VICTORIA,55744,53046,2698
2022,01/01/2022,WALKER,34938,33220,1718
2022,01/01/2022,WALLER,35252,33668,1584
2022,01/01/2022,WARD,6837,6483,354
2022,01/01/2022,WASHINGTON,24041,23162,879
2022,01/01/2022,WEBB,140212,130715,9497
2022,01/01/2022,WHARTON,25656,24830,826
2022,01/01/2022,WHEELER,3322,3151,171
2022,01/01/2022,WICHITA,77740,71452,6288
2022,01/01/2022,WILBARGER,8303,7693,610
2022,01/01/2022,WILLACY,11781,10884,897
2022,01/01/2022,WILLIAMSON,399155,364344,34811
2022,01/01/2022,WILSON,35910,34763,1147
2022,01/01/2022,WINKLER,3913,3754,159
2022,01/01/2022,WISE,47649,46205,1444
2022,01/01/2022,WOOD,31931,31343,588
2022,01/01/2022,YOAKUM,4280,4091,189
2022,01/01/2022,YOUNG,11656,11183,473
2022,01/01/2022,ZAPATA,7777,7447,330
2022,01/01/2022,ZAVALA,7782,7478,304
2022,01/01/2022,TOTALS,17119632,16150258,969374
2022,03/01/2022,ANDERSON,29128,26864,2264
2022,03/01/2022,ANDREWS,10212,9078,1134
2022,03/01/2022,ANGELINA,53073,47898,5175
2022,03/01/2022,ARANSAS,18239,16226,2013
2022,03/01/2022,ARCHER,6490,6309,181
2022,03/01/2022,ARMSTRONG,1462,1324,138
2022,03/01/2022,ATASCOSA,29749,27387,2362
2022,03/01/2022,AUSTIN,20478,18949,1529
2022,03/01/2022,BAILEY,3477,3064,413
2022,03/01/2022,BANDERA,17401,16383,1018
2022,03/01/2022,BASTROP,53409,48686,4723
2022,03/01/2022,BAYLOR,2365,2196,169
2022,03/01/2022,BEE,15624,13798,1826
2022,03/01/2022,BELL,218892,187583,31309
2022,03/01/2022,BEXAR,1195336,1057115,138221
2022,03/01/2022,BLANCO,9741,9144,597
2022,03/01/2022,BORDEN,462,413,49
2022,03/01/2022,BOSQUE,12780,11549,1231
2022,03/01/2022,BOWIE,60080,56677,3403
2022,03/01/2022,BRAZORIA,228253,211937,16316
2022,03/01/2022,BRAZOS,122763,112077,10686
2022,03/01/2022,BREWSTER,7351,6116,1235
2022,03/01/2022,BRISCOE,985,950,35
2022,03/01/2022,BROOKS,5174,4418,756
2022,03/01/2022,BROWN,24119,22696,1423
2022,03/01/2022,BURLESON,12591,11565,1026
2022,03/01/2022,BURNET,34998,33941,1057
2022,03/01/2022,CALDWELL,24628,22360,2268
2022,03/01/2022,CALHOUN,12784,12009,775
2022,03/01/2022,CALLAHAN,9811,9486,325
2022,03/01/2022,CAMERON,222642,205066,17576
2022,03/01/2022,CAMP,7804,6997,807
2022,03/01/2022,CARSON,4186,3839,347
2022,03/01/2022,CASS,20761,18705,2056
2022,03/01/2022,CASTRO,3659,3471,188
2022,03/01/2022,CHAMBERS,31957,29791,2166
2022,03/01/2022,CHEROKEE,29345,27078,2267
2022,03/01/2022,CHILDRESS,3606,3493,113
2022,03/01/2022,CLAY,7954,7402,552
2022,03/01/2022,COCHRAN,1743,1527,216
2022,03/01/2022,COKE,2368,2360,8
2022,03/01/2022,COLEMAN,5906,5390,516
2022,03/01/2022,COLLIN,671662,602185,69477
2022,03/01/2022,COLLINGSWORTH,1886,1831,55
2022,03/01/2022,COLORADO,14127,13104,1023
2022,03/01/2022,COMAL,124080,111567,12513
2022,03/01/2022,COMANCHE,9739,9366,373
2022,03/01/2022,CONCHO,1720,1646,74
2022,03/01/2022,COOKE,27758,26434,1324
2022,03/01/2022,CORYELL,41416,39743,1673
2022,03/01/2022,COTTLE,975,836,139
2022,03/01/2022,CRANE,2605,2326,279
2022,03/01/2022,CROCKETT,2287,2107,180
2022,03/01/2022,CROSBY,3514,3354,160
2022,03/01/2022,CULBERSON,1626,1527,99
2022,03/01/2022,DALLAM,2934,2678,256
2022,03/01/2022,DALLAS,1389510,1316827,72683
2022,03/01/2022,DAWSON,6955,6301,654
2022,03/01/2022,DEAF SMITH,8699,8184,515
2022,03/01/2022,DELTA,3899,3589,310
2022,03/01/2022,DENTON,579943,522478,57465
2022,03/01/2022,DEWITT,12048,11499,549
2022,03/01/2022,DICKENS,1348,1261,87
2022,03/01/2022,DIMMIT,6979,6226,753
2022,03/01/2022,DONLEY,2244,2161,83
2022,03/01/2022,DUVAL,8114,7792,322
2022,03/01/2022,EASTLAND,12090,10666,1424
2022,03/01/2022,ECTOR,81710,77572,4138
2022,03/01/2022,EDWARDS,1445,1246,199
2022,03/01/2022,EL PASO,495098,452426,42672
2022,03/01/2022,ELLIS,125431,119809,5622
2022,03/01/2022,ERATH,24245,21403,2842
2022,03/01/2022,FALLS,10086,9403,683
2022,03/01/2022,FANNIN,22855,20601,2254
2022,03/01/2022,FAYETTE,17548,16470,1078
2022,03/01/2022,FISHER,2650,2550,100
2022,03/01/2022,FLOYD,3668,3479,189
2022,03/01/2022,FOARD,840,771,69
2022,03/01/2022,FORT BEND,503748,469784,33964
2022,03/01/2022,FRANKLIN,7049,6409,640
2022,03/01/2022,FREESTONE,12522,11311,1211
2022,03/01/2022,FRIO,8895,8154,741
2022,03/01/2022,GAINES,9754,8752,1002
2022,03/01/2022,GALVESTON,229469,212904,16565
2022,03/01/2022,GARZA,2629,2515,114
2022,03/01/2022,GILLESPIE,20619,18767,1852
2022,03/01/2022,GLASSCOCK,795,761,34
2022,03/01/2022,GOLIAD,5732,5225,507
2022,03/01/2022,GONZALES,12607,12098,509
2022,03/01/2022,GRAY,12459,11250,1209
2022,03/01/2022,GRAYSON,88540,85009,3531
2022,03/01/2022,GREGG,72104,65415,6689
2022,03/01/2022,GRIMES,18507,17264,1243
2022,03/01/2022,GUADALUPE,115107,101414,13693
2022,03/01/2022,HALE,18423,17292,1131
2022,03/01/2022,HALL,1811,1631,180
2022,03/01/2022,HAMILTON,5828,5281,547
2022,03/01/2022,HANSFORD,2967,2695,272
2022,03/01/2022,HARDEMAN,2470,2345,125
2022,03/01/2022,HARDIN,40804,40616,188
2022,03/01/2022,HARRIS,2507991,2416518,91473
2022,03/01/2022,HARRISON,44937,41086,3851
2022,03/01/2022,HARTLEY,2671,2441,230
2022,03/01/2022,HASKELL,3302,3125,177
2022,03/01/2022,HAYS,158152,135986,22166
2022,03/01/2022,HEMPHILL,2320,2170,150
2022,03/01/2022,HENDERSON,56974,50954,6020
2022,03/01/2022,HIDALGO,404404,380830,23574
2022,03/01/2022,HILL,24379,23636,743
2022,03/01/2022,HOCKLEY,13366,12816,550
2022,03/01/2022,HOOD,46623,44427,2196
2022,03/01/2022,HOPKINS,24310,21813,2497
2022,03/01/2022,HOUSTON,13282,11794,1488
2022,03/01/2022,HOWARD,16786,14724,2062
2022,03/01/2022,HUDSPETH,2061,1856,205
2022,03/01/2022,HUNT,61447,58024,3423
2022,03/01/2022,HUTCHINSON,13213,11922,1291
2022,03/01/2022,IRION,1225,1096,129
2022,03/01/2022,JACK,5484,4788,696
2022,03/01/2022,JACKSON,9445,8980,465
2022,03/01/2022,JASPER,23367,21915,1452
2022,03/01/2022,JEFF DAVIS,1618,1561,57
2022,03/01/2022,JEFFERSON,146918,130822,16096
2022,03/01/2022,JIM HOGG,3686,3208,478
2022,03/01/2022,JIM WELLS,26333,23236,3097
2022,03/01/2022,JOHNSON,112340,101830,10510
2022,03/01/2022,JONES,10089,9890,199
2022,03/01/2022,KARNES,8293,7630,663
2022,03/01/2022,KAUFMAN,88270,82189,6081
2022,03/01/2022,KENDALL,35377,34263,1114
2022,03/01/2022,KENEDY,300,245,55
2022,03/01/2022,KENT,587,561,26
2022,03/01/2022,KERR,38227,35474,2753
2022,03/01/2022,KIMBLE,3104,2893,211
2022,03/01/2022,KING,159,158,1
2022,03/01/2022,KINNEY,2176,2022,154
2022,03/01/2022,KLEBERG,18367,16093,2274
2022,03/01/2022,KNOX,2264,2072,192
2022,03/01/2022,LAMAR,31940,29714,2226
2022,03/01/2022,LAMB,7901,7376,525
2022,03/01/2022,LAMPASAS,15591,13987,1604
2022,03/01/2022,LASALLE,4378,4189,189
2022,03/01/2022,LAVACA,13763,12762,1001
2022,03/01/2022,LEE,11270,10294,976
2022,03/01/2022,LEON,11757,10988,769
2022,03/01/2022,LIBERTY,48277,45999,2278
2022,03/01/2022,LIMESTONE,13776,12461,1315
2022,03/01/2022,LIPSCOMB,1888,1730,158
2022,03/01/2022,LIVE OAK,7518,6805,713
2022,03/01/2022,LLANO,17047,15583,1464
2022,03/01/2022,LOVING,97,90,7
2022,03/01/2022,LUBBOCK,183001,168547,14454
2022,03/01/2022,LYNN,4044,3953,91
2022,03/01/2022,MADISON,7978,7501,477
2022,03/01/2022,MARION,7495,7118,377
2022,03/01/2022,MARTIN,3366,3041,325
2022,03/01/2022,MASON,3130,2917,213
2022,03/01/2022,MATAGORDA,21453,20163,1290
2022,03/01/2022,MAVERICK,33590,32142,1448
2022,03/01/2022,MCCULLOCH,5268,4711,557
2022,03/01/2022,MCLENNAN,150762,137532,13230
2022,03/01/2022,MCMULLEN,661,606,55
2022,03/01/2022,MEDINA,34714,32470,2244
2022,03/01/2022,MENARD,1416,1357,59
2022,03/01/2022,MIDLAND,94530,78369,16161
2022,03/01/2022,MILAM,16007,15349,658
2022,03/01/2022,MILLS,3380,3172,208
2022,03/01/2022,MITCHELL,4427,4275,152
2022,03/01/2022,MONTAGUE,14268,12925,1343
2022,03/01/2022,MONTGOMERY,391078,352851,38227
2022,03/01/2022,MOORE,9867,8857,1010
2022,03/01/2022,MORRIS,8587,7721,866
2022,03/01/2022,MOTLEY,834,774,60
2022,03/01/2022,NACOGDOCHES,38392,33493,4899
2022,03/01/2022,NAVARRO,30254,27257,2997
2022,03/01/2022,NEWTON,9273,8365,908
2022,03/01/2022,NOLAN,8645,8076,569
2022,03/01/2022,NUECES,209437,188400,21037
2022,03/01/2022,OCHILTREE,5078,4752,326
2022,03/01/2022,OLDHAM,1316,1188,128
2022,03/01/2022,ORANGE,54122,49545,4577
2022,03/01/2022,PALO PINTO,18914,17621,1293
2022,03/01/2022,PANOLA,16867,15343,1524
2022,03/01/2022,PARKER,110661,102928,7733
2022,03/01/2022,PARMER,4419,4277,142
2022,03/01/2022,PECOS,8041,7223,818
2022,03/01/2022,POLK,41219,36622,4597
2022,03/01/2022,POTTER,56886,48869,8017
2022,03/01/2022,PRESIDIO,4354,3744,610
2022,03/01/2022,RAINS,8490,7645,845
2022,03/01/2022,RANDALL,93913,89408,4505
2022,03/01/2022,REAGAN,1842,1677,165
2022,03/01/2022,REAL,2687,2460,227
2022,03/01/2022,RED RIVER,8563,8231,332
2022,03/01/2022,REEVES,7495,6962,533
2022,03/01/2022,REFUGIO,4863,4491,372
2022,03/01/2022,ROBERTS,688,616,72
2022,03/01/2022,ROBERTSON,11843,11365,478
2022,03/01/2022,ROCKWALL,75507,72231,3276
2022,03/01/2022,RUNNELS,6605,6329,276
2022,03/01/2022,RUSK,32221,28594,3627
2022,03/01/2022,SABINE,8051,7317,734
2022,03/01/2022,SAN AUGUSTINE,5995,5510,485
2022,03/01/2022,SAN JACINTO,19362,18066,1296
2022,03/01/2022,SAN PATRICIO,43105,38071,5034
2022,03/01/2022,SAN SABA,3722,3418,304
2022,03/01/2022,SCHLEICHER,1639,1564,75
2022,03/01/2022,SCURRY,9257,8794,463
2022,03/01/2022,SHACKELFORD,2261,2098,163
2022,03/01/2022,SHELBY,15714,14204,1510
2022,03/01/2022,SHERMAN,1418,1288,130
2022,03/01/2022,SMITH,148723,142143,6580
2022,03/01/2022,SOMERVELL,6846,6624,222
2022,03/01/2022,STARR,33017,32691,326
2022,03/01/2022,STEPHENS,5604,5279,325
2022,03/01/2022,STERLING,786,779,7
2022,03/01/2022,STONEWALL,912,912,0
2022,03/01/2022,SUTTON,2321,2036,285
2022,03/01/2022,SWISHER,3786,3403,383
2022,03/01/2022,TARRANT,1226353,1165715,60638
2022,03/01/2022,TAYLOR,83183,73031,10152
2022,03/01/2022,TERRELL,622,584,38
2022,03/01/2022,TERRY,6323,5763,560
2022,03/01/2022,THROCKMORTON,1207,1059,148
2022,03/01/2022,TITUS,17517,16066,1451
2022,03/01/2022,TOM GREEN,69502,60347,9155
2022,03/01/2022,TRAVIS,857728,826073,31655
2022,03/01/2022,TRINITY,11469,11084,385
2022,03/01/2022,TYLER,14230,13157,1073
2022,03/01/2022,UPSHUR,28280,25965,2315
2022,03/01/2022,UPTON,2136,2012,124
2022,03/01/2022,UVALDE,17174,15674,1500
2022,03/01/2022,VAL VERDE,28823,27113,1710
2022,03/01/2022,VAN ZANDT,39012,36418,2594
2022,03/01/2022,VICTORIA,55672,49609,6063
2022,03/01/2022,WALKER,34934,32087,2847
2022,03/01/2022,WALLER,35774,32332,3442
2022,03/01/2022,WARD,6855,5986,869
2022,03/01/2022,WASHINGTON,24090,22151,1939
2022,03/01/2022,WEBB,140666,128512,12154
2022,03/01/2022,WHARTON,25696,24437,1259
2022,03/01/2022,WHEELER,3319,2957,362
2022,03/01/2022,WICHITA,77689,71453,6236
2022,03/01/2022,WILBARGER,8343,7739,604
2022,03/01/2022,WILLACY,11776,10578,1198
2022,03/01/2022,WILLIAMSON,399779,365764,34015
2022,03/01/2022,WILSON,35987,33152,2835
2022,03/01/2022,WINKLER,3968,3594,374
2022,03/01/2022,WISE,47902,46485,1417
2022,03/01/2022,WOOD,32057,30124,1933
2022,03/01/2022,YOAKUM,4264,4057,207
2022,03/01/2022,YOUNG,11614,11143,471
2022,03/01/2022,ZAPATA,7841,7518,323
2022,03/01/2022,ZAVALA,7832,7532,300
2022,03/01/2022,TOTALS,17183996,15944184,1239812
2022,11/01/2022,ANDERSON,29494,26888,2606
2022,11/01/2022,ANDREWS,10369,8907,1462
2022,11/01/2022,ANGELINA,54088,49311,4777
2022,11/01/2022,ARANSAS,18821,16249,2572
2022,11/01/2022,ARCHER,6557,6206,351
2022,11/01/2022,ARMSTRONG,1445,1325,120
2022,11/01/2022,ATASCOSA,29927,26716,3211
2022,11/01/2022,AUSTIN,20848,18983,1865
2022,11/01/2022,BAILEY,3501,3067,434
2022,11/01/2022,BANDERA,17963,17037,926
2022,11/01/2022,BASTROP,55779,50597,5182
2022,11/01/2022,BAYLOR,2381,2203,178
2022,11/01/2022,BEE,15744,13468,2276
2022,11/01/2022,BELL,227727,185404,42323
2022,11/01/2022,BEXAR,1230662,1079548,151114
2022,11/01/2022,BLANCO,10137,9348,789
2022,11/01/2022,BORDEN,462,420,42
2022,11/01/2022,BOSQUE,13079,11793,1286
2022,11/01/2022,BOWIE,60986,53112,7874
2022,11/01/2022,BRAZORIA,234988,218815,16173
2022,11/01/2022,BRAZOS,126123,107744,18379
2022,11/01/2022,BREWSTER,7513,6138,1375
2022,11/01/2022,BRISCOE,994,909,85
2022,11/01/2022,BROOKS,5152,4277,875
2022,11/01/2022,BROWN,24674,22239,2435
2022,11/01/2022,BURLESON,12901,11625,1276
2022,11/01/2022,BURNET,36364,34391,1973
2022,11/01/2022,CALDWELL,25248,22096,3152
2022,11/01/2022,CALHOUN,12874,11358,1516
2022,11/01/2022,CALLAHAN,10020,9087,933
2022,11/01/2022,CAMERON,227694,205834,21860
2022,11/01/2022,CAMP,8041,7326,715
2022,11/01/2022,CARSON,4162,3842,320
2022,11/01/2022,CASS,21145,18744,2401
2022,11/01/2022,CASTRO,3637,3273,364
2022,11/01/2022,CHAMBERS,33155,31170,1985
2022,11/01/2022,CHEROKEE,30080,27741,2339
2022,11/01/2022,CHILDRESS,3675,3388,287
2022,11/01/2022,CLAY,8066,7314,752
2022,11/01/2022,COCHRAN,1738,1440,298
2022,11/01/2022,COKE,2265,2255,10
2022,11/01/2022,COLEMAN,5986,5468,518
2022,11/01/2022,COLLIN,693753,616228,77525
2022,11/01/2022,COLLINGSWORTH,1858,1849,9
2022,11/01/2022,COLORADO,14345,13079,1266
2022,11/01/2022,COMAL,130109,118261,11848
2022,11/01/2022,COMANCHE,9832,8880,952
2022,11/01/2022,CONCHO,1731,1606,125
2022,11/01/2022,COOKE,28699,26259,2440
2022,11/01/2022,CORYELL,42839,35663,7176
2022,11/01/2022,COTTLE,956,808,148
2022,11/01/2022,CRANE,2670,2418,252
2022,11/01/2022,CROCKETT,2260,2093,167
2022,11/01/2022,CROSBY,3525,3154,371
2022,11/01/2022,CULBERSON,1599,1476,123
2022,11/01/2022,DALLAM,2898,2448,450
2022,11/01/2022,DALLAS,1420223,1285815,134408
2022,11/01/2022,DAWSON,6919,6056,863
2022,11/01/2022,DEAF SMITH,8764,7600,1164
2022,11/01/2022,DELTA,3975,3644,331
2022,11/01/2022,DENTON,606275,536968,69307
2022,11/01/2022,DEWITT,12174,11092,1082
2022,11/01/2022,DICKENS,1370,1295,75
2022,11/01/2022,DIMMIT,6982,6314,668
2022,11/01/2022,DONLEY,2225,2148,77
2022,11/01/2022,DUVAL,8129,7568,561
2022,11/01/2022,EASTLAND,12282,10964,1318
2022,11/01/2022,ECTOR,83323,74408,8915
2022,11/01/2022,EDWARDS,1461,1282,179
2022,11/01/2022,EL PASO,506554,450576,55978
2022,11/01/2022,ELLIS,131057,119689,11368
2022,11/01/2022,ERATH,24860,22379,2481
2022,11/01/2022,FALLS,10302,9659,643
2022,11/01/2022,FANNIN,23363,20371,2992
2022,11/01/2022,FAYETTE,17810,16551,1259
2022,11/01/2022,FISHER,2681,2559,122
2022,11/01/2022,FLOYD,3669,3328,341
2022,11/01/2022,FOARD,824,744,80
2022,11/01/2022,FORT BEND,521611,476933,44678
2022,11/01/2022,FRANKLIN,7228,6663,565
2022,11/01/2022,FREESTONE,12749,11366,1383
2022,11/01/2022,FRIO,9114,8392,722
2022,11/01/2022,GAINES,9897,8611,1286
2022,11/01/2022,GALVESTON,235262,208473,26789
2022,11/01/2022,GARZA,2659,2333,326
2022,11/01/2022,GILLESPIE,21123,19305,1818
2022,11/01/2022,GLASSCOCK,813,782,31
2022,11/01/2022,GOLIAD,5771,5197,574
2022,11/01/2022,GONZALES,12685,11815,870
2022,11/01/2022,GRAY,12611,10956,1655
2022,11/01/2022,GRAYSON,92038,82580,9458
2022,11/01/2022,GREGG,73931,64695,9236
2022,11/01/2022,GRIMES,19170,17650,1520
2022,11/01/2022,GUADALUPE,119523,106473,13050
2022,11/01/2022,HALE,18458,16293,2165
2022,11/01/2022,HALL,1832,1610,222
2022,11/01/2022,HAMILTON,5964,5470,494
2022,11/01/2022,HANSFORD,2970,2627,343
2022,11/01/2022,HARDEMAN,2459,2261,198
2022,11/01/2022,HARDIN,41408,41081,327
2022,11/01/2022,HARRIS,2568463,2371995,196468
2022,11/01/2022,HARRISON,45789,41350,4439
2022,11/01/2022,HARTLEY,2682,2412,270
2022,11/01/2022,HASKELL,3375,3060,315
2022,11/01/2022,HAYS,167750,146716,21034
2022,11/01/2022,HEMPHILL,2303,2060,243
2022,11/01/2022,HENDERSON,58253,51902,6351
2022,11/01/2022,HIDALGO,416978,389604,27374
2022,11/01/2022,HILL,25006,24229,777
2022,11/01/2022,HOCKLEY,13510,12442,1068
2022,11/01/2022,HOOD,48651,45137,3514
2022,11/01/2022,HOPKINS,24724,22271,2453
2022,11/01/2022,HOUSTON,13472,11751,1721
2022,11/01/2022,HOWARD,16934,14446,2488
2022,11/01/2022,HUDSPETH,2097,1850,247
2022,11/01/2022,HUNT,64334,57367,6967
2022,11/01/2022,HUTCHINSON,13333,11896,1437
2022,11/01/2022,IRION,1229,1110,119
2022,11/01/2022,JACK,5603,4859,744
2022,11/01/2022,JACKSON,9552,8681,871
2022,11/01/2022,JASPER,23739,21723,2016
2022,11/01/2022,JEFF DAVIS,1584,1450,134
2022,11/01/2022,JEFFERSON,147873,133021,14852
2022,11/01/2022,JIM HOGG,3702,3289,413
2022,11/01/2022,JIM WELLS,26593,23756,2837
2022,11/01/2022,JOHNSON,116736,104817,11919
2022,11/01/2022,JONES,10294,9583,711
2022,11/01/2022,KARNES,8351,7402,949
2022,11/01/2022,KAUFMAN,93515,82606,10909
2022,11/01/2022,KENDALL,36571,33833,2738
2022,11/01/2022,KENEDY,301,240,61
2022,11/01/2022,KENT,588,559,29
2022,11/01/2022,KERR,39036,35132,3904
2022,11/01/2022,KIMBLE,3174,2957,217
2022,11/01/2022,KING,158,152,6
2022,11/01/2022,KINNEY,2183,2011,172
2022,11/01/2022,KLEBERG,18605,15720,2885
2022,11/01/2022,KNOX,2176,2041,135
2022,11/01/2022,LAMAR,32359,28854,3505
2022,11/01/2022,LAMB,7864,7137,727
2022,11/01/2022,LAMPASAS,15904,14396,1508
2022,11/01/2022,LASALLE,4311,3861,450
2022,11/01/2022,LAVACA,13986,12883,1103
2022,11/01/2022,LEE,11539,10439,1100
2022,11/01/2022,LEON,11896,10947,949
2022,11/01/2022,LIBERTY,49826,46827,2999
2022,11/01/2022,LIMESTONE,13952,12905,1047
2022,11/01/2022,LIPSCOMB,1901,1704,197
2022,11/01/2022,LIVE OAK,7677,7052,625
2022,11/01/2022,LLANO,17557,15847,1710
2022,11/01/2022,LOVING,109,82,27
2022,11/01/2022,LUBBOCK,187728,158870,28858
2022,11/01/2022,LYNN,4098,3816,282
2022,11/01/2022,MADISON,8148,7481,667
2022,11/01/2022,MARION,7630,6886,744
2022,11/01/2022,MARTIN,3350,3039,311
2022,11/01/2022,MASON,3184,2983,201
2022,11/01/2022,MATAGORDA,21681,18678,3003
2022,11/01/2022,MAVERICK,34073,30620,3453
2022,11/01/2022,MCCULLOCH,5396,4718,678
2022,11/01/2022,MCLENNAN,154088,133093,20995
2022,11/01/2022,MCMULLEN,660,595,65
2022,11/01/2022,MEDINA,35611,33074,2537
2022,11/01/2022,MENARD,1420,1290,130
2022,11/01/2022,MIDLAND,96512,79719,16793
2022,11/01/2022,MILAM,16380,15132,1248
2022,11/01/2022,MILLS,3455,3226,229
2022,11/01/2022,MITCHELL,4469,4043,426
2022,11/01/2022,MONTAGUE,14661,13323,1338
2022,11/01/2022,MONTGOMERY,409759,372760,36999
2022,11/01/2022,MOORE,9941,8866,1075
2022,11/01/2022,MORRIS,8708,7683,1025
2022,11/01/2022,MOTLEY,822,772,50
2022,11/01/2022,NACOGDOCHES,39321,34826,4495
2022,11/01/2022,NAVARRO,31135,28295,2840
2022,11/01/2022,NEWTON,9376,8588,788
2022,11/01/2022,NOLAN,8751,7911,840
2022,11/01/2022,NUECES,213925,188045,25880
2022,11/01/2022,OCHILTREE,5135,4632,503
2022,11/01/2022,OLDHAM,1318,1195,123
2022,11/01/2022,ORANGE,55008,50792,4216
2022,11/01/2022,PALO PINTO,19390,17525,1865
2022,11/01/2022,PANOLA,17176,15771,1405
2022,11/01/2022,PARKER,115621,102409,13212
2022,11/01/2022,PARMER,4452,4192,260
2022,11/01/2022,PECOS,8210,7527,683
2022,11/01/2022,POLK,42228,35974,6254
2022,11/01/2022,POTTER,58048,48911,9137
2022,11/01/2022,PRESIDIO,4399,3821,578
2022,11/01/2022,RAINS,8775,7961,814
2022,11/01/2022,RANDALL,95933,86003,9930
2022,11/01/2022,REAGAN,1816,1637,179
2022,11/01/2022,REAL,2716,2470,246
2022,11/01/2022,RED RIVER,8621,7747,874
2022,11/01/2022,REEVES,7486,6983,503
2022,11/01/2022,REFUGIO,4913,4490,423
2022,11/01/2022,ROBERTS,699,635,64
2022,11/01/2022,ROBERTSON,12001,10935,1066
2022,11/01/2022,ROCKWALL,79059,73652,5407
2022,11/01/2022,RUNNELS,6723,6430,293
2022,11/01/2022,RUSK,32951,29704,3247
2022,11/01/2022,SABINE,8215,7546,669
2022,11/01/2022,SAN AUGUSTINE,6052,5602,450
2022,11/01/2022,SAN JACINTO,19809,18452,1357
2022,11/01/2022,SAN PATRICIO,44067,39709,4358
2022,11/01/2022,SAN SABA,3780,3401,379
2022,11/01/2022,SCHLEICHER,1700,1596,104
2022,11/01/2022,SCURRY,9315,8396,919
2022,11/01/2022,SHACKELFORD,2329,2174,155
2022,11/01/2022,SHELBY,15922,14542,1380
2022,11/01/2022,SHERMAN,1380,1193,187
2022,11/01/2022,SMITH,153936,135137,18799
2022,11/01/2022,SOMERVELL,6995,6590,405
2022,11/01/2022,STARR,34065,31775,2290
2022,11/01/2022,STEPHENS,5712,4971,741
2022,11/01/2022,STERLING,775,769,6
2022,11/01/2022,STONEWALL,929,929,0
2022,11/01/2022,SUTTON,2333,2098,235
2022,11/01/2022,SWISHER,3853,3475,378
2022,11/01/2022,TARRANT,1260870,1106355,154515
2022,11/01/2022,TAYLOR,86089,73080,13009
2022,11/01/2022,TERRELL,629,600,29
2022,11/01/2022,TERRY,6354,5786,568
2022,11/01/2022,THROCKMORTON,1218,1100,118
2022,11/01/2022,TITUS,17740,15721,2019
2022,11/01/2022,TOM GREEN,70922,61004,9918
2022,11/01/2022,TRAVIS,886480,780448,106032
2022,11/01/2022,TRINITY,11650,11216,434
2022,11/01/2022,TYLER,14510,13131,1379
2022,11/01/2022,UPSHUR,28969,26691,2278
2022,11/01/2022,UPTON,2152,1954,198
2022,11/01/2022,UVALDE,17462,15794,1668
2022,11/01/2022,VAL VERDE,29351,26084,3267
2022,11/01/2022,VAN ZANDT,39954,35762,4192
2022,11/01/2022,VICTORIA,56411,50852,5559
2022,11/01/2022,WALKER,36058,31679,4379
2022,11/01/2022,WALLER,37595,33016,4579
2022,11/01/2022,WARD,6914,6125,789
2022,11/01/2022,WASHINGTON,24644,22658,1986
2022,11/01/2022,WEBB,143148,128482,14666
2022,11/01/2022,WHARTON,25890,24553,1337
2022,11/01/2022,WHEELER,3344,2972,372
2022,11/01/2022,WICHITA,78794,67394,11400
2022,11/01/2022,WILBARGER,8360,7785,575
2022,11/01/2022,WILLACY,11728,10449,1279
2022,11/01/2022,WILLIAMSON,415096,371687,43409
2022,11/01/2022,WILSON,37022,34685,2337
2022,11/01/2022,WINKLER,3984,3650,334
2022,11/01/2022,WISE,49888,45953,3935
2022,11/01/2022,WOOD,32804,30850,1954
2022,11/01/2022,YOAKUM,4264,3886,378
2022,11/01/2022,YOUNG,11884,11456,428
2022,11/01/2022,ZAPATA,7886,7270,616
2022,11/01/2022,ZAVALA,7817,6912,905
2022,11/01/2022,TOTALS,17672143,15847341,1824802
2023,01/01/2023,ANDERSON,28868,27391,1477
2023,01/01/2023,ANDREWS,10108,9015,1093
2023,01/01/2023,ANGELINA,53156,49909,3247
2023,01/01/2023,ARANSAS,18399,16572,1827
2023,01/01/2023,ARCHER,6535,6362,173
2023,01/01/2023,ARMSTRONG,1391,1334,57
2023,01/01/2023,ATASCOSA,29476,27183,2293
2023,01/01/2023,AUSTIN,20508,19179,1329
2023,01/01/2023,BAILEY,3093,3021,72
2023,01/01/2023,BANDERA,17721,17292,429
2023,01/01/2023,BASTROP,55298,51434,3864
2023,01/01/2023,BAYLOR,2338,2203,135
2023,01/01/2023,BEE,15251,13668,1583
2023,01/01/2023,BELL,230041,188086,41955
2023,01/01/2023,BEXAR,1191715,1097950,93765
2023,01/01/2023,BLANCO,10181,9615,566
2023,01/01/2023,BORDEN,453,429,24
2023,01/01/2023,BOSQUE,12875,11953,922
2023,01/01/2023,BOWIE,59575,53684,5891
2023,01/01/2023,BRAZORIA,232082,222800,9282
2023,01/01/2023,BRAZOS,123671,111661,12010
2023,01/01/2023,BREWSTER,7104,6208,896
2023,01/01/2023,BRISCOE,1000,911,89
2023,01/01/2023,BROOKS,4877,4419,458
2023,01/01/2023,BROWN,24128,22505,1623
2023,01/01/2023,BURLESON,12813,11834,979
2023,01/01/2023,BURNET,35990,34787,1203
2023,01/01/2023,CALDWELL,24720,22439,2281
2023,01/01/2023,CALHOUN,12649,11469,1180
2023,01/01/2023,CALLAHAN,9882,9252,630
2023,01/01/2023,CAMERON,222856,209013,13843
2023,01/01/2023,CAMP,7790,7386,404
2023,01/01/2023,CARSON,4129,3936,193
2023,01/01/2023,CASS,20522,18889,1633
2023,01/01/2023,CASTRO,3531,3285,246
2023,01/01/2023,CHAMBERS,33684,32008,1676
2023,01/01/2023,CHEROKEE,29749,28227,1522
2023,01/01/2023,CHILDRESS,3606,3426,180
2023,01/01/2023,CLAY,7907,7441,466
2023,01/01/2023,COCHRAN,1661,1447,214
2023,01/01/2023,COKE,2307,2295,12
2023,01/01/2023,COLEMAN,5852,5553,299
2023,01/01/2023,COLLIN,681271,629598,51673
2023,01/01/2023,COLLINGSWORTH,1870,1869,1
2023,01/01/2023,COLORADO,14166,13251,915
2023,01/01/2023,COMAL,128916,121395,7521
2023,01/01/2023,COMANCHE,9600,8980,620
2023,01/01/2023,CONCHO,1691,1611,80
2023,01/01/2023,COOKE,28170,26719,1451
2023,01/01/2023,CORYELL,42649,36571,6078
2023,01/01/2023,COTTLE,948,831,117
2023,01/01/2023,CRANE,2600,2454,146
2023,01/01/2023,CROCKETT,2222,2130,92
2023,01/01/2023,CROSBY,3434,3190,244
2023,01/01/2023,CULBERSON,1533,1496,37
2023,01/01/2023,DALLAM,2754,2486,268
2023,01/01/2023,DALLAS,1380678,1303953,76725
2023,01/01/2023,DAWSON,6698,6097,601
2023,01/01/2023,DEAF SMITH,8479,7670,809
2023,01/01/2023,DELTA,3938,3613,325
2023,01/01/2023,DENTON,596920,552626,44294
2023,01/01/2023,DEWITT,11427,11187,240
2023,01/01/2023,DICKENS,1384,1311,73
2023,01/01/2023,DIMMIT,6758,6347,411
2023,01/01/2023,DONLEY,2263,2190,73
2023,01/01/2023,DUVAL,7955,7592,363
2023,01/01/2023,EASTLAND,12350,10880,1470
2023,01/01/2023,ECTOR,80398,75109,5289
2023,01/01/2023,EDWARDS,1437,1298,139
2023,01/01/2023,ELLIS,130734,122971,7763
2023,01/01/2023,EL PASO,490097,457541,32556
2023,01/01/2023,ERATH,24260,22805,1455
2023,01/01/2023,FALLS,10391,9782,609
2023,01/01/2023,FANNIN,23019,20809,2210
2023,01/01/2023,FAYETTE,17666,16643,1023
2023,01/01/2023,FISHER,2606,2566,40
2023,01/01/2023,FLOYD,3575,3350,225
2023,01/01/2023,FOARD,796,760,36
2023,01/01/2023,FORT BEND,514163,482691,31472
2023,01/01/2023,FRANKLIN,7333,6820,513
2023,01/01/2023,FREESTONE,12564,11589,975
2023,01/01/2023,FRIO,8992,8538,454
2023,01/01/2023,GAINES,9659,8784,875
2023,01/01/2023,GALVESTON,229869,212676,17193
2023,01/01/2023,GARZA,2650,2340,310
2023,01/01/2023,GILLESPIE,20755,19572,1183
2023,01/01/2023,GLASSCOCK,815,777,38
2023,01/01/2023,GOLIAD,5823,5239,584
2023,01/01/2023,GONZALES,12780,11965,815
2023,01/01/2023,GRAY,11912,11103,809
2023,01/01/2023,GRAYSON,90892,84812,6080
2023,01/01/2023,GREGG,71938,65963,5975
2023,01/01/2023,GRIMES,19060,17928,1132
2023,01/01/2023,GUADALUPE,120935,109041,11894
2023,01/01/2023,HALE,18523,16375,2148
2023,01/01/2023,HALL,1793,1643,150
2023,01/01/2023,HAMILTON,5905,5589,316
2023,01/01/2023,HANSFORD,2879,2602,277
2023,01/01/2023,HARDEMAN,2397,2266,131
2023,01/01/2023,HARDIN,41473,41277,196
2023,01/01/2023,HARRIS,2586475,2411565,174910
2023,01/01/2023,HARRISON,44743,41746,2997
2023,01/01/2023,HARTLEY,2686,2437,249
2023,01/01/2023,HASKELL,3279,3065,214
2023,01/01/2023,HAYS,165019,152307,12712
2023,01/01/2023,HEMPHILL,2249,2086,163
2023,01/01/2023,HENDERSON,55642,53050,2592
2023,01/01/2023,HIDALGO,411143,394640,16503
2023,01/01/2023,HILL,24812,24046,766
2023,01/01/2023,HOCKLEY,13187,12585,602
2023,01/01/2023,HOOD,47890,45864,2026
2023,01/01/2023,HOPKINS,24693,22460,2233
2023,01/01/2023,HOUSTON,13206,12020,1186
2023,01/01/2023,HOWARD,16421,14682,1739
2023,01/01/2023,HUDSPETH,2102,1857,245
2023,01/01/2023,HUNT,63741,59431,4310
2023,01/01/2023,HUTCHINSON,12934,12058,876
2023,01/01/2023,IRION,1199,1133,66
2023,01/01/2023,JACK,5375,4968,407
2023,01/01/2023,JACKSON,9392,8822,570
2023,01/01/2023,JASPER,23243,22013,1230
2023,01/01/2023,JEFF DAVIS,1567,1438,129
2023,01/01/2023,JEFFERSON,143163,134509,8654
2023,01/01/2023,JIM HOGG,3565,3330,235
2023,01/01/2023,JIM WELLS,25924,24075,1849
2023,01/01/2023,JOHNSON,115619,107590,8029
2023,01/01/2023,JONES,10349,9788,561
2023,01/01/2023,KARNES,8351,7465,886
2023,01/01/2023,KAUFMAN,92754,85889,6865
2023,01/01/2023,KENDALL,36200,34515,1685
2023,01/01/2023,KENEDY,275,238,37
2023,01/01/2023,KENT,583,563,20
2023,01/01/2023,KERR,38182,35585,2597
2023,01/01/2023,KIMBLE,3135,3006,129
2023,01/01/2023,KING,155,153,2
2023,01/01/2023,KINNEY,2147,2036,111
2023,01/01/2023,KLEBERG,17962,15987,1975
2023,01/01/2023,KNOX,2155,2101,54
2023,01/01/2023,LAMAR,32633,29420,3213
2023,01/01/2023,LAMB,7689,7190,499
2023,01/01/2023,LAMPASAS,15552,14678,874
2023,01/01/2023,LASALLE,4215,3844,371
2023,01/01/2023,LAVACA,13787,12916,871
2023,01/01/2023,LEE,11361,10638,723
2023,01/01/2023,LEON,11920,11212,708
2023,01/01/2023,LIBERTY,49187,47791,1396
2023,01/01/2023,LIMESTONE,13681,13125,556
2023,01/01/2023,LIPSCOMB,1818,1715,103
2023,01/01/2023,LIVE OAK,7613,7126,487
2023,01/01/2023,LLANO,17255,16145,1110
2023,01/01/2023,LOVING,110,91,19
2023,01/01/2023,LUBBOCK,182932,164242,18690
2023,01/01/2023,LYNN,4010,3814,196
2023,01/01/2023,MADISON,7981,7649,332
2023,01/01/2023,MARION,7401,7002,399
2023,01/01/2023,MARTIN,3310,3098,212
2023,01/01/2023,MASON,3151,3021,130
2023,01/01/2023,MATAGORDA,21049,18828,2221
2023,01/01/2023,MAVERICK,33684,31012,2672
2023,01/01/2023,MCCULLOCH,5136,4717,419
2023,01/01/2023,MCLENNAN,149108,136195,12913
2023,01/01/2023,MCMULLEN,640,610,30
2023,01/01/2023,MEDINA,35591,33860,1731
2023,01/01/2023,MENARD,1411,1304,107
2023,01/01/2023,MIDLAND,91460,81799,9661
2023,01/01/2023,MILAM,16207,15378,829
2023,01/01/2023,MILLS,3410,3241,169
2023,01/01/2023,MITCHELL,4377,4083,294
2023,01/01/2023,MONTAGUE,14467,13673,794
2023,01/01/2023,MONTGOMERY,415397,380871,34526
2023,01/01/2023,MOORE,9626,8977,649
2023,01/01/2023,MORRIS,8504,7790,714
2023,01/01/2023,MOTLEY,814,764,50
2023,01/01/2023,NACOGDOCHES,37943,35195,2748
2023,01/01/2023,NAVARRO,31241,28487,2754
2023,01/01/2023,NEWTON,9131,8632,499
2023,01/01/2023,NOLAN,8776,7994,782
2023,01/01/2023,NUECES,215254,191409,23845
2023,01/01/2023,OCHILTREE,4970,4664,306
2023,01/01/2023,OLDHAM,1301,1237,64
2023,01/01/2023,ORANGE,53571,51307,2264
2023,01/01/2023,PALO PINTO,19072,17969,1103
2023,01/01/2023,PANOLA,16895,15870,1025
2023,01/01/2023,PARKER,114040,105096,8944
2023,01/01/2023,PARMER,4351,4196,155
2023,01/01/2023,PECOS,8104,7549,555
2023,01/01/2023,POLK,40977,36940,4037
2023,01/01/2023,POTTER,55752,49275,6477
2023,01/01/2023,PRESIDIO,4424,3880,544
2023,01/01/2023,RAINS,8706,8120,586
2023,01/01/2023,RANDALL,93485,87352,6133
2023,01/01/2023,REAGAN,1751,1632,119
2023,01/01/2023,REAL,2563,2521,42
2023,01/01/2023,RED RIVER,8395,7840,555
2023,01/01/2023,REEVES,7481,7022,459
2023,01/01/2023,REFUGIO,4784,4502,282
2023,01/01/2023,ROBERTS,682,645,37
2023,01/01/2023,ROBERTSON,11894,11123,771
2023,01/01/2023,ROCKWALL,79109,74879,4230
2023,01/01/2023,RUNNELS,6634,6389,245
2023,01/01/2023,RUSK,32376,30107,2269
2023,01/01/2023,SABINE,8032,7621,411
2023,01/01/2023,SAN AUGUSTINE,5945,5665,280
2023,01/01/2023,SAN JACINTO,19531,18734,797
2023,01/01/2023,SAN PATRICIO,43020,40358,2662
2023,01/01/2023,SAN SABA,3717,3470,247
2023,01/01/2023,SCHLEICHER,1711,1616,95
2023,01/01/2023,SCURRY,9114,8466,648
2023,01/01/2023,SHACKELFORD,2289,2203,86
2023,01/01/2023,SHELBY,15603,14750,853
2023,01/01/2023,SHERMAN,1325,1209,116
2023,01/01/2023,SMITH,150950,137352,13598
2023,01/01/2023,SOMERVELL,6927,6716,211
2023,01/01/2023,STARR,34167,32426,1741
2023,01/01/2023,STEPHENS,5556,5095,461
2023,01/01/2023,STERLING,778,772,6
2023,01/01/2023,STONEWALL,939,939,0
2023,01/01/2023,SUTTON,2268,2119,149
2023,01/01/2023,SWISHER,3760,3503,257
2023,01/01/2023,TARRANT,1268876,1133159,135717
2023,01/01/2023,TAYLOR,83031,73997,9034
2023,01/01/2023,TERRELL,619,605,14
2023,01/01/2023,TERRY,6177,5842,335
2023,01/01/2023,THROCKMORTON,1196,1106,90
2023,01/01/2023,TITUS,17106,15922,1184
2023,01/01/2023,TOM GREEN,68502,62279,6223
2023,01/01/2023,TRAVIS,870024,803389,66635
2023,01/01/2023,TRINITY,11638,11300,338
2023,01/01/2023,TYLER,14528,13191,1337
2023,01/01/2023,UPSHUR,28310,27211,1099
2023,01/01/2023,UPTON,2063,1967,96
2023,01/01/2023,UVALDE,17171,16068,1103
2023,01/01/2023,VAL VERDE,28522,26687,1835
2023,01/01/2023,VAN ZANDT,39288,36668,2620
2023,01/01/2023,VICTORIA,54786,51453,3333
2023,01/01/2023,WALKER,35379,32287,3092
2023,01/01/2023,WALLER,37295,34109,3186
2023,01/01/2023,WARD,6740,6221,519
2023,01/01/2023,WASHINGTON,24247,22949,1298
2023,01/01/2023,WEBB,140180,128837,11343
2023,01/01/2023,WHARTON,25972,24730,1242
2023,01/01/2023,WHEELER,3258,3020,238
2023,01/01/2023,WICHITA,75346,68409,6937
2023,01/01/2023,WILBARGER,7894,7833,61
2023,01/01/2023,WILLACY,11758,10537,1221
2023,01/01/2023,WILLIAMSON,420091,379291,40800
2023,01/01/2023,WILSON,36634,35217,1417
2023,01/01/2023,WINKLER,3995,3664,331
2023,01/01/2023,WISE,49675,46826,2849
2023,01/01/2023,WOOD,33185,31269,1916
2023,01/01/2023,YOAKUM,4169,3917,252
2023,01/01/2023,YOUNG,11888,11485,403
2023,01/01/2023,ZAPATA,7736,7409,327
2023,01/01/2023,ZAVALA,7642,6958,684
2023,01/01/2023,TOTALS,17450474,16146322,1304152
2023,11/01/2023,ANDERSON,29616,28209,1407
2023,11/01/2023,ANDREWS,10374,9317,1057
2023,11/01/2023,ANGELINA,54265,51159,3106
2023,11/01/2023,ARANSAS,19019,16919,2100
2023,11/01/2023,ARCHER,6732,6534,198
2023,11/01/2023,ARMSTRONG,1412,1353,59
2023,11/01/2023,ATASCOSA,30673,28173,2500
2023,11/01/2023,AUSTIN,21188,19755,1433
2023,11/01/2023,BAILEY,3130,3036,94
2023,11/01/2023,BANDERA,18222,17674,548
2023,11/01/2023,BASTROP,57454,53426,4028
2023,11/01/2023,BAYLOR,2371,2240,131
2023,11/01/2023,BEE,15438,13685,1753
2023,11/01/2023,BELL,225751,185826,39925
2023,11/01/2023,BEXAR,1231380,1138763,92617
2023,11/01/2023,BLANCO,10542,9983,559
2023,11/01/2023,BORDEN,457,433,24
2023,11/01/2023,BOSQUE,13116,12152,964
2023,11/01/2023,BOWIE,60658,54838,5820
2023,11/01/2023,BRAZORIA,238948,224539,14409
2023,11/01/2023,BRAZOS,126519,113841,12678
2023,11/01/2023,BREWSTER,7176,6248,928
2023,11/01/2023,BRISCOE,1020,939,81
2023,11/01/2023,BROOKS,4922,4485,437
2023,11/01/2023,BROWN,24591,23056,1535
2023,11/01/2023,BURLESON,13161,12233,928
2023,11/01/2023,BURNET,37274,35891,1383
2023,11/01/2023,CALDWELL,25410,23154,2256
2023,11/01/2023,CALHOUN,12889,11740,1149
2023,11/01/2023,CALLAHAN,10072,9360,712
2023,11/01/2023,CAMERON,229053,207039,22014
2023,11/01/2023,CAMP,8041,7685,356
2023,11/01/2023,CARSON,4188,3973,215
2023,11/01/2023,CASS,21052,19362,1690
2023,11/01/2023,CASTRO,3619,3328,291
2023,11/01/2023,CHAMBERS,35014,33314,1700
2023,11/01/2023,CHEROKEE,30794,29202,1592
2023,11/01/2023,CHILDRESS,3683,3505,178
2023,11/01/2023,CLAY,8086,7639,447
2023,11/01/2023,COCHRAN,1656,1400,256
2023,11/01/2023,COKE,2368,2320,48
2023,11/01/2023,COLEMAN,5975,5699,276
2023,11/01/2023,COLLIN,704486,624413,80073
2023,11/01/2023,COLLINGSWORTH,1870,1867,3
2023,11/01/2023,COLORADO,14356,13444,912
2023,11/01/2023,COMAL,134638,126715,7923
2023,11/01/2023,COMANCHE,9687,9142,545
2023,11/01/2023,CONCHO,1726,1607,119
2023,11/01/2023,COOKE,28850,27303,1547
2023,11/01/2023,CORYELL,44209,36903,7306
2023,11/01/2023,COTTLE,963,851,112
2023,11/01/2023,CRANE,2637,2496,141
2023,11/01/2023,CROCKETT,2222,2131,91
2023,11/01/2023,CROSBY,3482,3110,372
2023,11/01/2023,CULBERSON,1621,1575,46
2023,11/01/2023,DALLAM,2801,2531,270
2023,11/01/2023,DALLAS,1411043,1314545,96498
2023,11/01/2023,DAWSON,6670,6076,594
2023,11/01/2023,DEAF SMITH,8426,7510,916
2023,11/01/2023,DELTA,3988,3807,181
2023,11/01/2023,DENTON,621564,573100,48464
2023,11/01/2023,DEWITT,11218,10929,289
2023,11/01/2023,DICKENS,1434,1355,79
2023,11/01/2023,DIMMIT,6588,6047,541
2023,11/01/2023,DONLEY,2248,2146,102
2023,11/01/2023,DUVAL,7936,7588,348
2023,11/01/2023,EASTLAND,12060,11181,879
2023,11/01/2023,ECTOR,82690,77680,5010
2023,11/01/2023,EDWARDS,1479,1361,118
2023,11/01/2023,EL PASO,496767,453382,43385
2023,11/01/2023,ELLIS,137040,125002,12038
2023,11/01/2023,ERATH,24785,23247,1538
2023,11/01/2023,FALLS,10170,9880,290
2023,11/01/2023,FANNIN,23597,21402,2195
2023,11/01/2023,FAYETTE,17858,16907,951
2023,11/01/2023,FISHER,2664,2626,38
2023,11/01/2023,FLOYD,3596,3380,216
2023,11/01/2023,FOARD,799,770,29
2023,11/01/2023,FORT BEND,521416,469591,51825
2023,11/01/2023,FRANKLIN,7356,7059,297
2023,11/01/2023,FREESTONE,12870,11967,903
2023,11/01/2023,FRIO,9185,8656,529
2023,11/01/2023,GAINES,9991,9140,851
2023,11/01/2023,GALVESTON,235935,216600,19335
2023,11/01/2023,GARZA,2610,2320,290
2023,11/01/2023,GILLESPIE,21195,20096,1099
2023,11/01/2023,GLASSCOCK,832,803,29
2023,11/01/2023,GOLIAD,5733,5282,451
2023,11/01/2023,GONZALES,12800,12173,627
2023,11/01/2023,GRAY,12023,11103,920
2023,11/01/2023,GRAYSON,94398,88208,6190
2023,11/01/2023,GREGG,73544,65220,8324
2023,11/01/2023,GRIMES,19854,18554,1300
2023,11/01/2023,GUADALUPE,121877,109880,11997
2023,11/01/2023,HALE,17729,16445,1284
2023,11/01/2023,HALL,1836,1693,143
2023,11/01/2023,HAMILTON,6076,5792,284
2023,11/01/2023,HANSFORD,2923,2675,248
2023,11/01/2023,HARDEMAN,2415,2295,120
2023,11/01/2023,HARDIN,42054,41591,463
2023,11/01/2023,HARRIS,2590121,2328222,261899
2023,11/01/2023,HARRISON,45663,42915,2748
2023,11/01/2023,HARTLEY,2747,2504,243
2023,11/01/2023,HASKELL,3331,3055,276
2023,11/01/2023,HAYS,171683,157987,13696
2023,11/01/2023,HEMPHILL,2291,2113,178
2023,11/01/2023,HENDERSON,57062,54288,2774
2023,11/01/2023,HIDALGO,424886,388290,36596
2023,11/01/2023,HILL,25576,25294,282
2023,11/01/2023,HOCKLEY,13489,12899,590
2023,11/01/2023,HOOD,49206,46899,2307
2023,11/01/2023,HOPKINS,24452,23302,1150
2023,11/01/2023,HOUSTON,13446,12180,1266
2023,11/01/2023,HOWARD,16670,15055,1615
2023,11/01/2023,HUDSPETH,2134,1900,234
2023,11/01/2023,HUNT,67230,62615,4615
2023,11/01/2023,HUTCHINSON,13136,12275,861
2023,11/01/2023,IRION,1213,1127,86
2023,11/01/2023,JACK,5564,5132,432
2023,11/01/2023,JACKSON,9610,9051,559
2023,11/01/2023,JASPER,23736,22305,1431
2023,11/01/2023,JEFF DAVIS,1551,1462,89
2023,11/01/2023,JEFFERSON,144679,136653,8026
2023,11/01/2023,JIM HOGG,3545,3247,298
2023,11/01/2023,JIM WELLS,25741,23990,1751
2023,11/01/2023,JOHNSON,121151,112572,8579
2023,11/01/2023,JONES,10632,10108,524
2023,11/01/2023,KARNES,8248,7598,650
2023,11/01/2023,KAUFMAN,98660,90484,8176
2023,11/01/2023,KENDALL,37255,35636,1619
2023,11/01/2023,KENEDY,270,219,51
2023,11/01/2023,KENT,587,567,20
2023,11/01/2023,KERR,38807,36101,2706
2023,11/01/2023,KIMBLE,3224,3088,136
2023,11/01/2023,KING,163,154,9
2023,11/01/2023,KINNEY,2167,2028,139
2023,11/01/2023,KLEBERG,18232,16207,2025
2023,11/01/2023,KNOX,2189,2127,62
2023,11/01/2023,LAMAR,32116,30224,1892
2023,11/01/2023,LAMB,7767,7268,499
2023,11/01/2023,LAMPASAS,16111,15331,780
2023,11/01/2023,LASALLE,4141,3756,385
2023,11/01/2023,LAVACA,14020,13118,902
2023,11/01/2023,LEE,11599,10878,721
2023,11/01/2023,LEON,12197,11484,713
2023,11/01/2023,LIBERTY,51211,49379,1832
2023,11/01/2023,LIMESTONE,13966,13302,664
2023,11/01/2023,LIPSCOMB,1786,1764,22
2023,11/01/2023,LIVE OAK,7546,6730,816
2023,11/01/2023,LLANO,17782,16698,1084
2023,11/01/2023,LOVING,108,94,14
2023,11/01/2023,LUBBOCK,187556,169225,18331
2023,11/01/2023,LYNN,4142,3931,211
2023,11/01/2023,MADISON,8146,7639,507
2023,11/01/2023,MARION,7588,7086,502
2023,11/01/2023,MARTIN,3378,3151,227
2023,11/01/2023,MASON,3211,3047,164
2023,11/01/2023,MATAGORDA,21671,19528,2143
2023,11/01/2023,MAVERICK,34472,31222,3250
2023,11/01/2023,MCCULLOCH,5257,4792,465
2023,11/01/2023,MCLENNAN,152383,131309,21074
2023,11/01/2023,MCMULLEN,617,611,6
2023,11/01/2023,MEDINA,36668,34625,2043
2023,11/01/2023,MENARD,1458,1331,127
2023,11/01/2023,MIDLAND,94346,84402,9944
2023,11/01/2023,MILAM,16602,15743,859
2023,11/01/2023,MILLS,3506,3321,185
2023,11/01/2023,MITCHELL,4444,4173,271
2023,11/01/2023,MONTAGUE,14905,14089,816
2023,11/01/2023,MONTGOMERY,423577,390726,32851
2023,11/01/2023,MOORE,9818,9148,670
2023,11/01/2023,MORRIS,8672,8009,663
2023,11/01/2023,MOTLEY,811,763,48
2023,11/01/2023,NACOGDOCHES,38500,35224,3276
2023,11/01/2023,NAVARRO,31419,29766,1653
2023,11/01/2023,NEWTON,9286,8811,475
2023,11/01/2023,NOLAN,8306,8154,152
2023,11/01/2023,NUECES,211500,188710,22790
2023,11/01/2023,OCHILTREE,5091,4759,332
2023,11/01/2023,OLDHAM,1333,1245,88
2023,11/01/2023,ORANGE,54450,52419,2031
2023,11/01/2023,PALO PINTO,19213,17759,1454
2023,11/01/2023,PANOLA,17341,16171,1170
2023,11/01/2023,PARKER,119596,110685,8911
2023,11/01/2023,PARMER,4446,4270,176
2023,11/01/2023,PECOS,8214,7589,625
2023,11/01/2023,POLK,42523,38032,4491
2023,11/01/2023,POTTER,57255,50229,7026
2023,11/01/2023,PRESIDIO,4296,3907,389
2023,11/01/2023,RAINS,8952,8415,537
2023,11/01/2023,RANDALL,96083,90009,6074
2023,11/01/2023,REAGAN,1788,1600,188
2023,11/01/2023,REAL,2621,2491,130
2023,11/01/2023,RED RIVER,8423,7805,618
2023,11/01/2023,REEVES,7558,7072,486
2023,11/01/2023,REFUGIO,4810,4439,371
2023,11/01/2023,ROBERTS,695,659,36
2023,11/01/2023,ROBERTSON,12158,11371,787
2023,11/01/2023,ROCKWALL,82429,78066,4363
2023,11/01/2023,RUNNELS,6735,6488,247
2023,11/01/2023,RUSK,33067,30943,2124
2023,11/01/2023,SABINE,8172,7770,402
2023,11/01/2023,SAN AUGUSTINE,5896,5649,247
2023,11/01/2023,SAN JACINTO,19590,18745,845
2023,11/01/2023,SAN PATRICIO,43262,40671,2591
2023,11/01/2023,SAN SABA,3701,3474,227
2023,11/01/2023,SCHLEICHER,1718,1662,56
2023,11/01/2023,SCURRY,9188,8577,611
2023,11/01/2023,SHACKELFORD,2324,2220,104
2023,11/01/2023,SHELBY,15898,15102,796
2023,11/01/2023,SHERMAN,1385,1255,130
2023,11/01/2023,SMITH,155021,141380,13641
2023,11/01/2023,SOMERVELL,7080,6826,254
2023,11/01/2023,STARR,34956,33316,1640
2023,11/01/2023,STEPHENS,5685,5217,468
2023,11/01/2023,STERLING,821,781,40
2023,11/01/2023,STONEWALL,947,947,0
2023,11/01/2023,SUTTON,2303,2163,140
2023,11/01/2023,SWISHER,3830,3544,286
2023,11/01/2023,TARRANT,1256474,1147356,109118
2023,11/01/2023,TAYLOR,85733,72280,13453
2023,11/01/2023,TERRELL,628,611,17
2023,11/01/2023,TERRY,6263,5931,332
2023,11/01/2023,THROCKMORTON,1180,1099,81
2023,11/01/2023,TITUS,17420,16234,1186
2023,11/01/2023,TOM GREEN,68671,59555,9116
2023,11/01/2023,TRAVIS,883569,816774,66795
2023,11/01/2023,TRINITY,11849,11351,498
2023,11/01/2023,TYLER,14494,13806,688
2023,11/01/2023,UPSHUR,29161,28122,1039
2023,11/01/2023,UPTON,2058,1924,134
2023,11/01/2023,UVALDE,17435,16402,1033
2023,11/01/2023,VAL VERDE,28697,26858,1839
2023,11/01/2023,VAN ZANDT,39522,36784,2738
2023,11/01/2023,VICTORIA,55870,52587,3283
2023,11/01/2023,WALKER,36540,33275,3265
2023,11/01/2023,WALLER,39784,36273,3511
2023,11/01/2023,WARD,6829,6294,535
2023,11/01/2023,WASHINGTON,24836,23376,1460
2023,11/01/2023,WEBB,142954,127383,15571
2023,11/01/2023,WHARTON,25793,24888,905
2023,11/01/2023,WHEELER,3317,3093,224
2023,11/01/2023,WICHITA,77217,70097,7120
2023,11/01/2023,WILBARGER,7930,7862,68
2023,11/01/2023,WILLACY,11441,10808,633
2023,11/01/2023,WILLIAMSON,420409,375271,45138
2023,11/01/2023,WILSON,37554,36135,1419
2023,11/01/2023,WINKLER,3956,3682,274
2023,11/01/2023,WISE,52158,49411,2747
2023,11/01/2023,WOOD,33897,32374,1523
2023,11/01/2023,YOAKUM,4227,3976,251
2023,11/01/2023,YOUNG,11954,11873,81
2023,11/01/2023,ZAPATA,7835,7480,355
2023,11/01/2023,ZAVALA,7699,6983,716
2023,11/01/2023,TOTALS,17759273,16248720,1510553
2024,01/01/2024,ANDERSON,29750,26994,2756
2024,01/01/2024,ANDREWS,10436,8989,1447
2024,01/01/2024,ANGELINA,54538,48565,5973
2024,01/01/2024,ARANSAS,19140,16092,3048
2024,01/01/2024,ARCHER,6801,6596,205
2024,01/01/2024,ARMSTRONG,1411,1301,110
2024,01/01/2024,ATASCOSA,30968,27467,3501
2024,01/01/2024,AUSTIN,21377,19250,2127
2024,01/01/2024,BAILEY,3135,3034,101
2024,01/01/2024,BANDERA,18400,16635,1765
2024,01/01/2024,BASTROP,58173,51423,6750
2024,01/01/2024,BAYLOR,2385,2173,212
2024,01/01/2024,BEE,15535,13343,2192
2024,01/01/2024,BELL,228209,189517,38692
2024,01/01/2024,BEXAR,1238876,1113526,125350
2024,01/01/2024,BLANCO,10627,9669,958
2024,01/01/2024,BORDEN,459,427,32
2024,01/01/2024,BOSQUE,13239,11874,1365
2024,01/01/2024,BOWIE,60920,51077,9843
2024,01/01/2024,BRAZORIA,240631,215799,24832
2024,01/01/2024,BRAZOS,127664,106776,20888
2024,01/01/2024,BREWSTER,7169,5831,1338
2024,01/01/2024,BRISCOE,1027,911,116
2024,01/01/2024,BROOKS,4913,4179,734
2024,01/01/2024,BROWN,24721,21765,2956
2024,01/01/2024,BURLESON,13299,11920,1379
2024,01/01/2024,BURNET,37618,33695,3923
2024,01/01/2024,CALDWELL,25702,23506,2196
2024,01/01/2024,CALHOUN,12953,11466,1487
2024,01/01/2024,CALLAHAN,10135,9438,697
2024,01/01/2024,CAMERON,230531,208622,21909
2024,01/01/2024,CAMP,8069,7336,733
2024,01/01/2024,CARSON,4231,3871,360
2024,01/01/2024,CASS,21151,18322,2829
2024,01/01/2024,CASTRO,3641,3251,390
2024,01/01/2024,CHAMBERS,35387,32445,2942
2024,01/01/2024,CHEROKEE,31036,28261,2775
2024,01/01/2024,CHILDRESS,3675,3502,173
2024,01/01/2024,CLAY,8089,7333,756
2024,01/01/2024,COCHRAN,1653,1385,268
2024,01/01/2024,COKE,2362,2317,45
2024,01/01/2024,COLEMAN,5996,5417,579
2024,01/01/2024,COLLIN,712645,635425,77220
2024,01/01/2024,COLLINGSWORTH,1869,1866,3
2024,01/01/2024,COLORADO,14424,13220,1204
2024,01/01/2024,COMAL,136291,121619,14672
2024,01/01/2024,COMANCHE,9747,8667,1080
2024,01/01/2024,CONCHO,1739,1619,120
2024,01/01/2024,COOKE,29115,27412,1703
2024,01/01/2024,CORYELL,44610,33046,11564
2024,01/01/2024,COTTLE,969,811,158
2024,01/01/2024,CRANE,2637,2378,259
2024,01/01/2024,CROCKETT,2219,2059,160
2024,01/01/2024,CROSBY,3491,2942,549
2024,01/01/2024,CULBERSON,1635,1589,46
2024,01/01/2024,DALLAM,2793,2522,271
2024,01/01/2024,DALLAS,1419477,1298901,120576
2024,01/01/2024,DAWSON,6659,5772,887
2024,01/01/2024,DEAF SMITH,8482,7303,1179
2024,01/01/2024,DELTA,4009,3699,310
2024,01/01/2024,DENTON,628566,573273,55293
2024,01/01/2024,DEWITT,11166,10237,929
2024,01/01/2024,DICKENS,1431,1292,139
2024,01/01/2024,DIMMIT,6582,6059,523
2024,01/01/2024,DONLEY,2260,2056,204
2024,01/01/2024,DUVAL,7935,7590,345
2024,01/01/2024,EASTLAND,12121,10722,1399
2024,01/01/2024,ECTOR,82791,77923,4868
2024,01/01/2024,EDWARDS,1474,1315,159
2024,01/01/2024,ELLIS,138723,125187,13536
2024,01/01/2024,EL PASO,500673,453034,47639
2024,01/01/2024,ERATH,24995,23523,1472
2024,01/01/2024,FALLS,10223,9376,847
2024,01/01/2024,FANNIN,23813,20735,3078
2024,01/01/2024,FAYETTE,17962,16399,1563
2024,01/01/2024,FISHER,2673,2636,37
2024,01/01/2024,FLOYD,3591,3348,243
2024,01/01/2024,FOARD,800,725,75
2024,01/01/2024,FORT BEND,527397,477244,50153
2024,01/01/2024,FRANKLIN,7395,6788,607
2024,01/01/2024,FREESTONE,12959,11641,1318
2024,01/01/2024,FRIO,9247,8430,817
2024,01/01/2024,GAINES,10058,8841,1217
2024,01/01/2024,GALVESTON,237517,217786,19731
2024,01/01/2024,GARZA,2605,2195,410
2024,01/01/2024,GILLESPIE,21294,19306,1988
2024,01/01/2024,GLASSCOCK,828,799,29
2024,01/01/2024,GOLIAD,5759,5109,650
2024,01/01/2024,GONZALES,12882,12252,630
2024,01/01/2024,GRAY,12047,10520,1527
2024,01/01/2024,GRAYSON,95362,86057,9305
2024,01/01/2024,GREGG,74057,65998,8059
2024,01/01/2024,GRIMES,20042,18245,1797
2024,01/01/2024,GUADALUPE,123388,108441,14947
2024,01/01/2024,HALE,17845,16602,1243
2024,01/01/2024,HALL,1848,1640,208
2024,01/01/2024,HAMILTON,6108,5525,583
2024,01/01/2024,HANSFORD,2950,2609,341
2024,01/01/2024,HARDEMAN,2364,2135,229
2024,01/01/2024,HARDIN,42264,41688,576
2024,01/01/2024,HARRIS,2604124,2355414,248710
2024,01/01/2024,HARRISON,45986,40790,5196
2024,01/01/2024,HARTLEY,2774,2385,389
2024,01/01/2024,HASKELL,3349,3081,268
2024,01/01/2024,HAYS,173820,160442,13378
2024,01/01/2024,HEMPHILL,2307,2033,274
2024,01/01/2024,HENDERSON,57467,51662,5805
2024,01/01/2024,HIDALGO,428414,393086,35328
2024,01/01/2024,HILL,25699,25423,276
2024,01/01/2024,HOCKLEY,13521,12862,659
2024,01/01/2024,HOOD,49556,45570,3986
2024,01/01/2024,HOPKINS,24594,22709,1885
2024,01/01/2024,HOUSTON,13553,11896,1657
2024,01/01/2024,HOWARD,16768,15201,1567
2024,01/01/2024,HUDSPETH,2143,1915,228
2024,01/01/2024,HUNT,68246,60585,7661
2024,01/01/2024,HUTCHINSON,13199,12252,947
2024,01/01/2024,IRION,1222,1096,126
2024,01/01/2024,JACK,5623,4987,636
2024,01/01/2024,JACKSON,9663,8722,941
2024,01/01/2024,JASPER,23876,21696,2180
2024,01/01/2024,JEFF DAVIS,1554,1379,175
2024,01/01/2024,JEFFERSON,145249,131839,13410
2024,01/01/2024,JIM HOGG,3534,3042,492
2024,01/01/2024,JIM WELLS,25886,23147,2739
2024,01/01/2024,JOHNSON,122431,108166,14265
2024,01/01/2024,JONES,10705,9844,861
2024,01/01/2024,KARNES,8319,7378,941
2024,01/01/2024,KAUFMAN,100352,92245,8107
2024,01/01/2024,KENDALL,37616,36046,1570
2024,01/01/2024,KENEDY,270,212,58
2024,01/01/2024,KENT,584,565,19
2024,01/01/2024,KERR,38933,34409,4524
2024,01/01/2024,KIMBLE,3229,2977,252
2024,01/01/2024,KING,158,148,10
2024,01/01/2024,KINNEY,2161,2024,137
2024,01/01/2024,KLEBERG,18259,15081,3178
2024,01/01/2024,KNOX,2209,2149,60
2024,01/01/2024,LAMAR,32282,28857,3425
2024,01/01/2024,LAMB,7760,7026,734
2024,01/01/2024,LAMPASAS,16221,15485,736
2024,01/01/2024,LASALLE,4158,3530,628
2024,01/01/2024,LAVACA,14081,12804,1277
2024,01/01/2024,LEE,11703,10578,1125
2024,01/01/2024,LEON,12265,11322,943
2024,01/01/2024,LIBERTY,51889,46772,5117
2024,01/01/2024,LIMESTONE,14080,13444,636
2024,01/01/2024,LIPSCOMB,1784,1671,113
2024,01/01/2024,LIVE OAK,7577,6504,1073
2024,01/01/2024,LLANO,17893,15909,1984
2024,01/01/2024,LOVING,110,91,19
2024,01/01/2024,LUBBOCK,188391,156452,31939
2024,01/01/2024,LYNN,4153,3949,204
2024,01/01/2024,MADISON,8206,7423,783
2024,01/01/2024,MARION,7627,7122,505
2024,01/01/2024,MARTIN,3403,3078,325
2024,01/01/2024,MASON,3209,2958,251
2024,01/01/2024,MATAGORDA,21804,19646,2158
2024,01/01/2024,MAVERICK,34716,31582,3134
2024,01/01/2024,MCCULLOCH,5280,4565,715
2024,01/01/2024,MCLENNAN,153475,132589,20886
2024,01/01/2024,MCMULLEN,616,610,6
2024,01/01/2024,MEDINA,36975,33665,3310
2024,01/01/2024,MENARD,1453,1311,142
2024,01/01/2024,MIDLAND,95210,81447,13763
2024,01/01/2024,MILAM,16732,15585,1147
2024,01/01/2024,MILLS,3516,3234,282
2024,01/01/2024,MITCHELL,4460,3942,518
2024,01/01/2024,MONTAGUE,15062,13624,1438
2024,01/01/2024,MONTGOMERY,428859,390348,38511
2024,01/01/2024,MOORE,9881,9152,729
2024,01/01/2024,MORRIS,8695,7655,1040
2024,01/01/2024,MOTLEY,818,765,53
2024,01/01/2024,NACOGDOCHES,38524,33681,4843
2024,01/01/2024,NAVARRO,31688,29928,1760
2024,01/01/2024,NEWTON,9349,8900,449
2024,01/01/2024,NOLAN,8339,8033,306
2024,01/01/2024,NUECES,212704,190948,21756
2024,01/01/2024,OCHILTREE,5121,4525,596
2024,01/01/2024,OLDHAM,1329,1168,161
2024,01/01/2024,ORANGE,54752,49945,4807
2024,01/01/2024,PALO PINTO,19411,17700,1711
2024,01/01/2024,PANOLA,17437,15622,1815
2024,01/01/2024,PARKER,121027,106159,14868
2024,01/01/2024,PARMER,4455,4114,341
2024,01/01/2024,PECOS,8235,7234,1001
2024,01/01/2024,POLK,42809,36775,6034
2024,01/01/2024,POTTER,57545,47691,9854
2024,01/01/2024,PRESIDIO,4310,3898,412
2024,01/01/2024,RAINS,9011,8142,869
2024,01/01/2024,RANDALL,96752,84600,12152
2024,01/01/2024,REAGAN,1794,1548,246
2024,01/01/2024,REAL,2630,2392,238
2024,01/01/2024,RED RIVER,8482,7558,924
2024,01/01/2024,REEVES,7567,6899,668
2024,01/01/2024,REFUGIO,4818,4343,475
2024,01/01/2024,ROBERTS,704,632,72
2024,01/01/2024,ROBERTSON,12195,11421,774
2024,01/01/2024,ROCKWALL,83390,75772,7618
2024,01/01/2024,RUNNELS,6773,6531,242
2024,01/01/2024,RUSK,33258,29692,3566
2024,01/01/2024,SABINE,8231,7304,927
2024,01/01/2024,SAN AUGUSTINE,5911,5430,481
2024,01/01/2024,SAN JACINTO,19798,18254,1544
2024,01/01/2024,SAN PATRICIO,43645,38101,5544
2024,01/01/2024,SAN SABA,3717,3510,207
2024,01/01/2024,SCHLEICHER,1719,1631,88
2024,01/01/2024,SCURRY,9223,8197,1026
2024,01/01/2024,SHACKELFORD,2339,2154,185
2024,01/01/2024,SHELBY,15956,14518,1438
2024,01/01/2024,SHERMAN,1394,1210,184
2024,01/01/2024,SMITH,156196,142795,13401
2024,01/01/2024,SOMERVELL,7125,6584,541
2024,01/01/2024,STARR,35191,33613,1578
2024,01/01/2024,STEPHENS,5717,5073,644
2024,01/01/2024,STERLING,828,789,39
2024,01/01/2024,STONEWALL,921,921,0
2024,01/01/2024,SUTTON,2317,2092,225
2024,01/01/2024,SWISHER,3848,3385,463
2024,01/01/2024,TARRANT,1264855,1123173,141682
2024,01/01/2024,TAYLOR,86321,71622,14699
2024,01/01/2024,TERRELL,624,608,16
2024,01/01/2024,TERRY,6257,5893,364
2024,01/01/2024,THROCKMORTON,1190,1113,77
2024,01/01/2024,TITUS,17583,15727,1856
2024,01/01/2024,TOM GREEN,69225,58869,10356
2024,01/01/2024,TRAVIS,887597,806820,80777
2024,01/01/2024,TRINITY,11879,11348,531
2024,01/01/2024,TYLER,14563,13863,700
2024,01/01/2024,UPSHUR,29410,27145,2265
2024,01/01/2024,UPTON,2066,1848,218
2024,01/01/2024,UVALDE,17542,16341,1201
2024,01/01/2024,VAL VERDE,28950,27139,1811
2024,01/01/2024,VAN ZANDT,39972,37062,2910
2024,01/01/2024,VICTORIA,56100,50269,5831
2024,01/01/2024,WALKER,36857,31518,5339
2024,01/01/2024,WALLER,40205,34913,5292
2024,01/01/2024,WARD,6857,5925,932
2024,01/01/2024,WASHINGTON,24922,22895,2027
2024,01/01/2024,WEBB,143766,125929,17837
2024,01/01/2024,WHARTON,25913,24957,956
2024,01/01/2024,WHEELER,3312,2983,329
2024,01/01/2024,WICHITA,77608,66603,11005
2024,01/01/2024,WILBARGER,7966,7754,212
2024,01/01/2024,WILLACY,11474,10854,620
2024,01/01/2024,WILLIAMSON,423833,379940,43893
2024,01/01/2024,WILSON,37815,34888,2927
2024,01/01/2024,WINKLER,3962,3690,272
2024,01/01/2024,WISE,52904,47664,5240
2024,01/01/2024,WOOD,34150,31057,3093
2024,01/01/2024,YOAKUM,4246,3801,445
2024,01/01/2024,YOUNG,12021,11934,87
2024,01/01/2024,ZAPATA,7857,7275,582
2024,01/01/2024,ZAVALA,7709,7010,699
2024,01/01/2024,TOTALS,17890531,16092426,1798105
2024,03/01/2024,ANDERSON,29793,26837,2956
2024,03/01/2024,ANDREWS,10462,9055,1407
2024,03/01/2024,ANGELINA,54652,48786,5866
2024,03/01/2024,ARANSAS,19172,16176,2996
2024,03/01/2024,ARCHER,6828,6297,531
2024,03/01/2024,ARMSTRONG,1414,1306,108
2024,03/01/2024,ATASCOSA,31042,27647,3395
2024,03/01/2024,AUSTIN,21398,19318,2080
2024,03/01/2024,BAILEY,3144,2867,277
2024,03/01/2024,BANDERA,18418,16745,1673
2024,03/01/2024,BASTROP,58463,51925,6538
2024,03/01/2024,BAYLOR,2386,2199,187
2024,03/01/2024,BEE,15604,13389,2215
2024,03/01/2024,BELL,229131,180891,48240
2024,03/01/2024,BEXAR,1244216,1075680,168536
2024,03/01/2024,BLANCO,10666,9730,936
2024,03/01/2024,BORDEN,462,436,26
2024,03/01/2024,BOSQUE,13226,11873,1353
2024,03/01/2024,BOWIE,61010,51168,9842
2024,03/01/2024,BRAZORIA,241329,215770,25559
2024,03/01/2024,BRAZOS,127637,106199,21438
2024,03/01/2024,BREWSTER,7176,5854,1322
2024,03/01/2024,BRISCOE,1022,921,101
2024,03/01/2024,BROOKS,4930,4227,703
2024,03/01/2024,BROWN,24701,21867,2834
2024,03/01/2024,BURLESON,13360,12039,1321
2024,03/01/2024,BURNET,37729,34236,3493
2024,03/01/2024,CALDWELL,25774,23623,2151
2024,03/01/2024,CALHOUN,12974,11462,1512
2024,03/01/2024,CALLAHAN,10157,9242,915
2024,03/01/2024,CAMERON,231321,205817,25504
2024,03/01/2024,CAMP,8112,7321,791
2024,03/01/2024,CARSON,4243,3887,356
2024,03/01/2024,CASS,21189,18530,2659
2024,03/01/2024,CASTRO,3655,3269,386
2024,03/01/2024,CHAMBERS,35504,32381,3123
2024,03/01/2024,CHEROKEE,31096,28199,2897
2024,03/01/2024,CHILDRESS,3701,3325,376
2024,03/01/2024,CLAY,8120,7392,728
2024,03/01/2024,COCHRAN,1644,1331,313
2024,03/01/2024,COKE,2380,2350,30
2024,03/01/2024,COLEMAN,6006,5426,580
2024,03/01/2024,COLLIN,715657,624638,91019
2024,03/01/2024,COLLINGSWORTH,1852,1847,5
2024,03/01/2024,COLORADO,14437,13257,1180
2024,03/01/2024,COMAL,136840,122316,14524
2024,03/01/2024,COMANCHE,9761,8757,1004
2024,03/01/2024,CONCHO,1731,1583,148
2024,03/01/2024,COOKE,29209,27249,1960
2024,03/01/2024,CORYELL,44807,33325,11482
2024,03/01/2024,COTTLE,974,821,153
2024,03/01/2024,CRANE,2634,2380,254
2024,03/01/2024,CROCKETT,2224,2059,165
2024,03/01/2024,CROSBY,3496,2960,536
2024,03/01/2024,CULBERSON,1656,1611,45
2024,03/01/2024,DALLAM,2788,2341,447
2024,03/01/2024,DALLAS,1421371,1267604,153767
2024,03/01/2024,DAWSON,6659,5785,874
2024,03/01/2024,DEAF SMITH,8514,7302,1212
2024,03/01/2024,DELTA,4028,3718,310
2024,03/01/2024,DENTON,630984,544029,86955
2024,03/01/2024,DEWITT,11174,10207,967
2024,03/01/2024,DICKENS,1433,1291,142
2024,03/01/2024,DIMMIT,6663,5825,838
2024,03/01/2024,DONLEY,2272,2068,204
2024,03/01/2024,DUVAL,7950,7345,605
2024,03/01/2024,EASTLAND,12169,10739,1430
2024,03/01/2024,ECTOR,83420,74579,8841
2024,03/01/2024,EDWARDS,1480,1324,156
2024,03/01/2024,EL PASO,502700,434416,68284
2024,03/01/2024,ELLIS,139354,125337,14017
2024,03/01/2024,ERATH,25024,21868,3156
2024,03/01/2024,FALLS,10265,9402,863
2024,03/01/2024,FANNIN,23930,20828,3102
2024,03/01/2024,FAYETTE,17961,16471,1490
2024,03/01/2024,FISHER,2641,2531,110
2024,03/01/2024,FLOYD,3623,3331,292
2024,03/01/2024,FOARD,800,734,66
2024,03/01/2024,FORT BEND,529558,472116,57442
2024,03/01/2024,FRANKLIN,7392,6809,583
2024,03/01/2024,FREESTONE,12976,11694,1282
2024,03/01/2024,FRIO,9281,8373,908
2024,03/01/2024,GAINES,10090,8871,1219
2024,03/01/2024,GALVESTON,238006,208303,29703
2024,03/01/2024,GARZA,2605,2194,411
2024,03/01/2024,GILLESPIE,21345,19452,1893
2024,03/01/2024,GLASSCOCK,825,782,43
2024,03/01/2024,GOLIAD,5759,5132,627
2024,03/01/2024,GONZALES,12889,12107,782
2024,03/01/2024,GRAY,12050,10560,1490
2024,03/01/2024,GRAYSON,95798,85332,10466
2024,03/01/2024,GREGG,74281,66383,7898
2024,03/01/2024,GRIMES,20100,18083,2017
2024,03/01/2024,GUADALUPE,123967,109477,14490
2024,03/01/2024,HALE,17874,16645,1229
2024,03/01/2024,HALL,1851,1642,209
2024,03/01/2024,HAMILTON,6112,5523,589
2024,03/01/2024,HANSFORD,2964,2636,328
2024,03/01/2024,HARDEMAN,2349,2114,235
2024,03/01/2024,HARDIN,42330,39083,3247
2024,03/01/2024,HARRIS,2611025,2363973,247052
2024,03/01/2024,HARRISON,46085,40895,5190
2024,03/01/2024,HARTLEY,2776,2405,371
2024,03/01/2024,HASKELL,3358,3023,335
2024,03/01/2024,HAYS,174668,147953,26715
2024,03/01/2024,HEMPHILL,2314,2043,271
2024,03/01/2024,HENDERSON,57557,51755,5802
2024,03/01/2024,HIDALGO,430164,395820,34344
2024,03/01/2024,HILL,25990,25708,282
2024,03/01/2024,HOCKLEY,13588,12442,1146
2024,03/01/2024,HOOD,49702,44988,4714
2024,03/01/2024,HOPKINS,24637,22609,2028
2024,03/01/2024,HOUSTON,13569,11937,1632
2024,03/01/2024,HOWARD,16767,14197,2570
2024,03/01/2024,HUDSPETH,2110,1820,290
2024,03/01/2024,HUNT,68611,60900,7711
2024,03/01/2024,HUTCHINSON,13202,11618,1584
2024,03/01/2024,IRION,1221,1102,119
2024,03/01/2024,JACK,5639,5004,635
2024,03/01/2024,JACKSON,9670,8731,939
2024,03/01/2024,JASPER,23894,21620,2274
2024,03/01/2024,JEFF DAVIS,1552,1372,180
2024,03/01/2024,JEFFERSON,145236,128449,16787
2024,03/01/2024,JIM HOGG,3613,3153,460
2024,03/01/2024,JIM WELLS,25959,23063,2896
2024,03/01/2024,JOHNSON,122989,108574,14415
2024,03/01/2024,JONES,10718,9872,846
2024,03/01/2024,KARNES,8340,7419,921
2024,03/01/2024,KAUFMAN,101008,91945,9063
2024,03/01/2024,KENDALL,37723,35937,1786
2024,03/01/2024,KENEDY,270,215,55
2024,03/01/2024,KENT,592,564,28
2024,03/01/2024,KERR,38993,34617,4376
2024,03/01/2024,KIMBLE,3245,2994,251
2024,03/01/2024,KING,158,149,9
2024,03/01/2024,KINNEY,2180,1994,186
2024,03/01/2024,KLEBERG,18245,15112,3133
2024,03/01/2024,KNOX,2220,2062,158
2024,03/01/2024,LAMAR,32359,28889,3470
2024,03/01/2024,LAMB,7772,6959,813
2024,03/01/2024,LAMPASAS,16282,15562,720
2024,03/01/2024,LASALLE,4203,3580,623
2024,03/01/2024,LAVACA,14112,12884,1228
2024,03/01/2024,LEE,11739,10649,1090
2024,03/01/2024,LEON,12284,11348,936
2024,03/01/2024,LIBERTY,52101,47128,4973
2024,03/01/2024,LIMESTONE,14098,12868,1230
2024,03/01/2024,LIPSCOMB,1790,1681,109
2024,03/01/2024,LIVE OAK,7597,6569,1028
2024,03/01/2024,LLANO,17939,16047,1892
2024,03/01/2024,LOVING,129,110,19
2024,03/01/2024,LUBBOCK,188735,157472,31263
2024,03/01/2024,LYNN,4148,3863,285
2024,03/01/2024,MADISON,8234,7455,779
2024,03/01/2024,MARION,7652,7155,497
2024,03/01/2024,MARTIN,3422,3091,331
2024,03/01/2024,MASON,3211,2966,245
2024,03/01/2024,MATAGORDA,21838,18765,3073
2024,03/01/2024,MAVERICK,34947,30844,4103
2024,03/01/2024,MCCULLOCH,5306,4586,720
2024,03/01/2024,MCLENNAN,153924,128962,24962
2024,03/01/2024,MCMULLEN,612,612,0
2024,03/01/2024,MEDINA,37092,33659,3433
2024,03/01/2024,MENARD,1461,1305,156
2024,03/01/2024,MIDLAND,95340,81907,13433
2024,03/01/2024,MILAM,16747,15229,1518
2024,03/01/2024,MILLS,3518,3162,356
2024,03/01/2024,MITCHELL,4458,3942,516
2024,03/01/2024,MONTAGUE,15115,13712,1403
2024,03/01/2024,MONTGOMERY,431434,384893,46541
2024,03/01/2024,MOORE,9880,8751,1129
2024,03/01/2024,MORRIS,8707,7682,1025
2024,03/01/2024,MOTLEY,826,759,67
2024,03/01/2024,NACOGDOCHES,38680,33754,4926
2024,03/01/2024,NAVARRO,31829,30100,1729
2024,03/01/2024,NEWTON,9364,8488,876
2024,03/01/2024,NOLAN,8343,7802,541
2024,03/01/2024,NUECES,213622,191249,22373
2024,03/01/2024,OCHILTREE,5118,4510,608
2024,03/01/2024,OLDHAM,1329,1176,153
2024,03/01/2024,ORANGE,54848,50214,4634
2024,03/01/2024,PALO PINTO,19587,17491,2096
2024,03/01/2024,PANOLA,17494,15714,1780
2024,03/01/2024,PARKER,121535,107423,14112
2024,03/01/2024,PARMER,4458,4114,344
2024,03/01/2024,PECOS,8232,7274,958
2024,03/01/2024,POLK,42845,36355,6490
2024,03/01/2024,POTTER,57723,48044,9679
2024,03/01/2024,PRESIDIO,4327,3762,565
2024,03/01/2024,RAINS,9009,8042,967
2024,03/01/2024,RANDALL,96856,84844,12012
2024,03/01/2024,REAGAN,1804,1563,241
2024,03/01/2024,REAL,2614,2380,234
2024,03/01/2024,RED RIVER,8492,7582,910
2024,03/01/2024,REEVES,7650,6870,780
2024,03/01/2024,REFUGIO,4820,4270,550
2024,03/01/2024,ROBERTS,709,641,68
2024,03/01/2024,ROBERTSON,12286,11077,1209
2024,03/01/2024,ROCKWALL,83642,75919,7723
2024,03/01/2024,RUNNELS,6753,6514,239
2024,03/01/2024,RUSK,33292,29794,3498
2024,03/01/2024,SABINE,8249,7367,882
2024,03/01/2024,SAN AUGUSTINE,5915,5449,466
2024,03/01/2024,SAN JACINTO,19848,18151,1697
2024,03/01/2024,SAN PATRICIO,43701,38338,5363
2024,03/01/2024,SAN SABA,3728,3421,307
2024,03/01/2024,SCHLEICHER,1732,1645,87
2024,03/01/2024,SCURRY,9205,8203,1002
2024,03/01/2024,SHACKELFORD,2339,2151,188
2024,03/01/2024,SHELBY,15974,14568,1406
2024,03/01/2024,SHERMAN,1396,1214,182
2024,03/01/2024,SMITH,156695,138261,18434
2024,03/01/2024,SOMERVELL,7142,6496,646
2024,03/01/2024,STARR,35337,33784,1553
2024,03/01/2024,STEPHENS,5740,4997,743
2024,03/01/2024,STERLING,846,809,37
2024,03/01/2024,STONEWALL,923,923,0
2024,03/01/2024,SUTTON,2325,2094,231
2024,03/01/2024,SWISHER,3859,3395,464
2024,03/01/2024,TARRANT,1269019,1123277,145742
2024,03/01/2024,TAYLOR,86477,71983,14494
2024,03/01/2024,TERRELL,621,605,16
2024,03/01/2024,TERRY,6292,5819,473
2024,03/01/2024,THROCKMORTON,1187,1057,130
2024,03/01/2024,TITUS,17598,15714,1884
2024,03/01/2024,TOM GREEN,69512,59251,10261
2024,03/01/2024,TRAVIS,890646,729083,161563
2024,03/01/2024,TRINITY,11937,11352,585
2024,03/01/2024,TYLER,14565,13298,1267
2024,03/01/2024,UPSHUR,29448,27161,2287
2024,03/01/2024,UPTON,2060,1848,212
2024,03/01/2024,UVALDE,17549,15714,1835
2024,03/01/2024,VAL VERDE,29028,27107,1921
2024,03/01/2024,VAN ZANDT,40091,36580,3511
2024,03/01/2024,VICTORIA,56147,50072,6075
2024,03/01/2024,WALKER,37073,31761,5312
2024,03/01/2024,WALLER,40327,35213,5114
2024,03/01/2024,WARD,6886,5974,912
2024,03/01/2024,WASHINGTON,24955,22798,2157
2024,03/01/2024,WEBB,144365,126396,17969
2024,03/01/2024,WHARTON,25937,24982,955
2024,03/01/2024,WHEELER,3351,2929,422
2024,03/01/2024,WICHITA,77704,67145,10559
2024,03/01/2024,WILBARGER,7993,7337,656
2024,03/01/2024,WILLACY,11519,10905,614
2024,03/01/2024,WILLIAMSON,425749,375677,50072
2024,03/01/2024,WILSON,37852,35080,2772
2024,03/01/2024,WINKLER,3976,3585,391
2024,03/01/2024,WISE,53188,47916,5272
2024,03/01/2024,WOOD,34237,30632,3605
2024,03/01/2024,YOAKUM,4252,3807,445
2024,03/01/2024,YOUNG,12043,11957,86
2024,03/01/2024,ZAPATA,7957,7328,629
2024,03/01/2024,ZAVALA,7756,6736,1020
2024,03/01/2024,TOTALS,17948242,15831573,2116669
2024,11/01/2024,ANDERSON,30613,27876,2737
2024,11/01/2024,ANDREWS,10739,9488,1251
2024,11/01/2024,ANGELINA,55965,51129,4836
2024,11/01/2024,ARANSAS,19849,17284,2565
2024,11/01/2024,ARCHER,7008,6551,457
2024,11/01/2024,ARMSTRONG,1429,1336,93
2024,11/01/2024,ATASCOSA,32142,29141,3001
2024,11/01/2024,AUSTIN,22116,20446,1670
2024,11/01/2024,BAILEY,3172,2894,278
2024,11/01/2024,BANDERA,19026,17622,1404
2024,11/01/2024,BASTROP,61403,55842,5561
2024,11/01/2024,BAYLOR,2430,2257,173
2024,11/01/2024,BEE,15979,14078,1901
2024,11/01/2024,BELL,240207,198132,42075
2024,11/01/2024,BEXAR,1295580,1150317,145263
2024,11/01/2024,BLANCO,11014,10219,795
2024,11/01/2024,BORDEN,487,468,19
2024,11/01/2024,BOSQUE,13638,12444,1194
2024,11/01/2024,BOWIE,62656,53804,8852
2024,11/01/2024,BRAZORIA,249840,228481,21359
2024,11/01/2024,BRAZOS,133384,115747,17637
2024,11/01/2024,BREWSTER,7408,6250,1158
2024,11/01/2024,BRISCOE,1037,942,95
2024,11/01/2024,BROOKS,4945,4327,618
2024,11/01/2024,BROWN,25500,23179,2321
2024,11/01/2024,BURLESON,13840,12640,1200
2024,11/01/2024,BURNET,39186,36122,3064
2024,11/01/2024,CALDWELL,27097,24248,2849
2024,11/01/2024,CALHOUN,13223,11903,1320
2024,11/01/2024,CALLAHAN,10439,9540,899
2024,11/01/2024,CAMERON,238215,215281,22934
2024,11/01/2024,CAMP,8424,7767,657
2024,11/01/2024,CARSON,4297,4001,296
2024,11/01/2024,CASS,21812,19496,2316
2024,11/01/2024,CASTRO,3694,3342,352
2024,11/01/2024,CHAMBERS,37026,34207,2819
2024,11/01/2024,CHEROKEE,32121,29626,2495
2024,11/01/2024,CHILDRESS,3804,3471,333
2024,11/01/2024,CLAY,8291,7669,622
2024,11/01/2024,COCHRAN,1676,1392,284
2024,11/01/2024,COKE,2460,2433,27
2024,11/01/2024,COLEMAN,6139,5679,460
2024,11/01/2024,COLLIN,748752,669006,79746
2024,11/01/2024,COLLINGSWORTH,1887,1883,4
2024,11/01/2024,COLORADO,14775,13765,1010
2024,11/01/2024,COMAL,143696,130820,12876
2024,11/01/2024,COMANCHE,10022,9126,896
2024,11/01/2024,CONCHO,1795,1642,153
2024,11/01/2024,COOKE,30193,27847,2346
2024,11/01/2024,CORYELL,46995,36525,10470
2024,11/01/2024,COTTLE,994,871,123
2024,11/01/2024,CRANE,2674,2442,232
2024,11/01/2024,CROCKETT,2289,2137,152
2024,11/01/2024,CROSBY,3638,3171,467
2024,11/01/2024,CULBERSON,1707,1665,42
2024,11/01/2024,DALLAM,2873,2465,408
2024,11/01/2024,DALLAS,1467410,1294721,172689
2024,11/01/2024,DAWSON,6776,6038,738
2024,11/01/2024,DEAF SMITH,8756,7571,1185
2024,11/01/2024,DELTA,4112,3836,276
2024,11/01/2024,DENTON,661565,582912,78653
2024,11/01/2024,DEWITT,11357,10501,856
2024,11/01/2024,DICKENS,1433,1309,124
2024,11/01/2024,DIMMIT,6706,6037,669
2024,11/01/2024,DONLEY,2414,2258,156
2024,11/01/2024,DUVAL,8031,7454,577
2024,11/01/2024,EASTLAND,12520,11314,1206
2024,11/01/2024,ECTOR,86640,78632,8008
2024,11/01/2024,EDWARDS,1496,1368,128
2024,11/01/2024,ELLIS,147399,134346,13053
2024,11/01/2024,EL PASO,521945,461152,60793
2024,11/01/2024,ERATH,25961,23496,2465
2024,11/01/2024,FALLS,10562,9810,752
2024,11/01/2024,FANNIN,24942,22166,2776
2024,11/01/2024,FAYETTE,18353,17159,1194
2024,11/01/2024,FISHER,2705,2609,96
2024,11/01/2024,FLOYD,3660,3403,257
2024,11/01/2024,FOARD,806,753,53
2024,11/01/2024,FORT BEND,555569,505840,49729
2024,11/01/2024,FRANKLIN,7599,7114,485
2024,11/01/2024,FREESTONE,13406,12342,1064
2024,11/01/2024,FRIO,9526,8707,819
2024,11/01/2024,GAINES,10467,9411,1056
2024,11/01/2024,GALVESTON,245695,220658,25037
2024,11/01/2024,GARZA,2651,2269,382
2024,11/01/2024,GILLESPIE,21884,20282,1602
2024,11/01/2024,GLASSCOCK,840,800,40
2024,11/01/2024,GOLIAD,5833,5290,543
2024,11/01/2024,GONZALES,13174,12531,643
2024,11/01/2024,GRAY,12317,11005,1312
2024,11/01/2024,GRAYSON,100124,90046,10078
2024,11/01/2024,GREGG,76263,67486,8777
2024,11/01/2024,GRIMES,21080,19385,1695
2024,11/01/2024,GUADALUPE,130489,118382,12107
2024,11/01/2024,HALE,18272,17189,1083
2024,11/01/2024,HALL,1886,1701,185
2024,11/01/2024,HAMILTON,6260,5780,480
2024,11/01/2024,HANSFORD,3002,2724,278
2024,11/01/2024,HARDEMAN,2388,2163,225
2024,11/01/2024,HARDIN,43116,40106,3010
2024,11/01/2024,HARRIS,2693055,2413209,279846
2024,11/01/2024,HARRISON,47283,42950,4333
2024,11/01/2024,HARTLEY,2846,2523,323
2024,11/01/2024,HASKELL,3442,3072,370
2024,11/01/2024,HAYS,186198,165093,21105
2024,11/01/2024,HEMPHILL,2347,2121,226
2024,11/01/2024,HENDERSON,59479,54785,4694
2024,11/01/2024,HIDALGO,446417,408582,37835
2024,11/01/2024,HILL,26962,26670,292
2024,11/01/2024,HOCKLEY,13984,12884,1100
2024,11/01/2024,HOOD,51704,47654,4050
2024,11/01/2024,HOPKINS,25383,23590,1793
2024,11/01/2024,HOUSTON,13901,12471,1430
2024,11/01/2024,HOWARD,17198,15040,2158
2024,11/01/2024,HUDSPETH,2212,1927,285
2024,11/01/2024,HUNT,72860,66104,6756
2024,11/01/2024,HUTCHINSON,13442,12025,1417
2024,11/01/2024,IRION,1230,1133,97
2024,11/01/2024,JACK,5857,5346,511
2024,11/01/2024,JACKSON,9894,9056,838
2024,11/01/2024,JASPER,24496,22536,1960
2024,11/01/2024,JEFF DAVIS,1574,1432,142
2024,11/01/2024,JEFFERSON,147938,132727,15211
2024,11/01/2024,JIM HOGG,3548,3208,340
2024,11/01/2024,JIM WELLS,26414,23886,2528
2024,11/01/2024,JOHNSON,129287,117433,11854
2024,11/01/2024,JONES,10883,10009,874
2024,11/01/2024,KARNES,8449,7694,755
2024,11/01/2024,KAUFMAN,108165,99013,9152
2024,11/01/2024,KENDALL,38959,36382,2577
2024,11/01/2024,KENEDY,270,221,49
2024,11/01/2024,KENT,599,573,26
2024,11/01/2024,KERR,40065,36407,3658
2024,11/01/2024,KIMBLE,3318,3078,240
2024,11/01/2024,KING,165,157,8
2024,11/01/2024,KINNEY,2175,2018,157
2024,11/01/2024,KLEBERG,18689,15991,2698
2024,11/01/2024,KNOX,2230,2132,98
2024,11/01/2024,LAMAR,33110,30116,2994
2024,11/01/2024,LAMB,7883,7154,729
2024,11/01/2024,LAMPASAS,16913,16276,637
2024,11/01/2024,LASALLE,4210,3708,502
2024,11/01/2024,LAVACA,14389,13369,1020
2024,11/01/2024,LEE,12168,11227,941
2024,11/01/2024,LEON,12654,11799,855
2024,11/01/2024,LIBERTY,54530,50190,4340
2024,11/01/2024,LIMESTONE,14443,13419,1024
2024,11/01/2024,LIPSCOMB,1818,1730,88
2024,11/01/2024,LIVE OAK,7774,6878,896
2024,11/01/2024,LLANO,18455,16879,1576
2024,11/01/2024,LOVING,128,111,17
2024,11/01/2024,LUBBOCK,197198,172026,25172
2024,11/01/2024,LYNN,4385,3987,398
2024,11/01/2024,MADISON,8471,7730,741
2024,11/01/2024,MARION,7822,7048,774
2024,11/01/2024,MARTIN,3497,3213,284
2024,11/01/2024,MASON,3278,3083,195
2024,11/01/2024,MATAGORDA,22394,19738,2656
2024,11/01/2024,MAVERICK,35947,32464,3483
2024,11/01/2024,MCCULLOCH,5424,4838,586
2024,11/01/2024,MCLENNAN,159331,127388,31943
2024,11/01/2024,MCMULLEN,644,644,0
2024,11/01/2024,MEDINA,38525,35611,2914
2024,11/01/2024,MENARD,1516,1384,132
2024,11/01/2024,MIDLAND,99004,87107,11897
2024,11/01/2024,MILAM,17208,15888,1320
2024,11/01/2024,MILLS,3626,3333,293
2024,11/01/2024,MITCHELL,4526,4049,477
2024,11/01/2024,MONTAGUE,15649,14482,1167
2024,11/01/2024,MONTGOMERY,453832,413961,39871
2024,11/01/2024,MOORE,10130,9108,1022
2024,11/01/2024,MORRIS,8948,8063,885
2024,11/01/2024,MOTLEY,849,792,57
2024,11/01/2024,NACOGDOCHES,40051,35772,4279
2024,11/01/2024,NAVARRO,32955,30179,2776
2024,11/01/2024,NEWTON,9486,8744,742
2024,11/01/2024,NOLAN,8494,7996,498
2024,11/01/2024,NUECES,218753,193930,24823
2024,11/01/2024,OCHILTREE,5201,4677,524
2024,11/01/2024,OLDHAM,1340,1228,112
2024,11/01/2024,ORANGE,56232,52314,3918
2024,11/01/2024,PALO PINTO,20351,18453,1898
2024,11/01/2024,PANOLA,17836,16341,1495
2024,11/01/2024,PARKER,127635,115939,11696
2024,11/01/2024,PARMER,4549,4219,330
2024,11/01/2024,PECOS,8328,7342,986
2024,11/01/2024,POLK,44308,38369,5939
2024,11/01/2024,POTTER,59681,50959,8722
2024,11/01/2024,PRESIDIO,4429,3907,522
2024,11/01/2024,RAINS,9404,8594,810
2024,11/01/2024,RANDALL,100105,89820,10285
2024,11/01/2024,REAGAN,1803,1600,203
2024,11/01/2024,REAL,2698,2490,208
2024,11/01/2024,RED RIVER,8746,7936,810
2024,11/01/2024,REEVES,7838,6953,885
2024,11/01/2024,REFUGIO,4938,4489,449
2024,11/01/2024,ROBERTS,722,663,59
2024,11/01/2024,ROBERTSON,12600,11538,1062
2024,11/01/2024,ROCKWALL,87932,81313,6619
2024,11/01/2024,RUNNELS,6807,6231,576
2024,11/01/2024,RUSK,34277,31122,3155
2024,11/01/2024,SABINE,8446,7715,731
2024,11/01/2024,SAN AUGUSTINE,6038,5623,415
2024,11/01/2024,SAN JACINTO,20406,19011,1395
2024,11/01/2024,SAN PATRICIO,45265,40683,4582
2024,11/01/2024,SAN SABA,3795,3530,265
2024,11/01/2024,SCHLEICHER,1732,1667,65
2024,11/01/2024,SCURRY,9366,8511,855
2024,11/01/2024,SHACKELFORD,2439,2272,167
2024,11/01/2024,SHELBY,16355,15180,1175
2024,11/01/2024,SHERMAN,1448,1257,191
2024,11/01/2024,SMITH,162009,143315,18694
2024,11/01/2024,SOMERVELL,7420,6894,526
2024,11/01/2024,STARR,36420,33700,2720
2024,11/01/2024,STEPHENS,5881,5229,652
2024,11/01/2024,STERLING,892,862,30
2024,11/01/2024,STONEWALL,955,955,0
2024,11/01/2024,SUTTON,2348,2139,209
2024,11/01/2024,SWISHER,3900,3489,411
2024,11/01/2024,TARRANT,1309456,1154287,155169
2024,11/01/2024,TAYLOR,89791,77475,12316
2024,11/01/2024,TERRELL,626,612,14
2024,11/01/2024,TERRY,6412,5954,458
2024,11/01/2024,THROCKMORTON,1217,1102,115
2024,11/01/2024,TITUS,18026,16420,1606
2024,11/01/2024,TOM GREEN,72586,63995,8591
2024,11/01/2024,TRAVIS,926313,786945,139368
2024,11/01/2024,TRINITY,12283,11453,830
2024,11/01/2024,TYLER,14888,13633,1255
2024,11/01/2024,UPSHUR,30374,28468,1906
2024,11/01/2024,UPTON,2114,1926,188
2024,11/01/2024,UVALDE,17929,16301,1628
2024,11/01/2024,VAL VERDE,30117,27827,2290
2024,11/01/2024,VAN ZANDT,41749,38524,3225
2024,11/01/2024,VICTORIA,58087,52912,5175
2024,11/01/2024,WALKER,38958,34567,4391
2024,11/01/2024,WALLER,44330,39944,4386
2024,11/01/2024,WARD,7047,6271,776
2024,11/01/2024,WASHINGTON,25794,23955,1839
2024,11/01/2024,WEBB,148536,132616,15920
2024,11/01/2024,WHARTON,26422,25108,1314
2024,11/01/2024,WHEELER,3408,3055,353
2024,11/01/2024,WICHITA,79805,68766,11039
2024,11/01/2024,WILBARGER,8126,7477,649
2024,11/01/2024,WILLACY,11703,11145,558
2024,11/01/2024,WILLIAMSON,445326,397705,47621
2024,11/01/2024,WILSON,39092,36674,2418
2024,11/01/2024,WINKLER,4086,3700,386
2024,11/01/2024,WISE,55864,51216,4648
2024,11/01/2024,WOOD,35589,32693,2896
2024,11/01/2024,YOAKUM,4289,3904,385
2024,11/01/2024,YOUNG,12394,12183,211
2024,11/01/2024,ZAPATA,8182,7662,520
2024,11/01/2024,ZAVALA,7810,7036,774
2024,11/01/2024,TOTALS,18623931,16611078,2012853
2025,01/01/2025,ANDERSON,30065,28515,1550
2025,01/01/2025,ANDREWS,10297,9760,537
2025,01/01/2025,ANGELINA,54668,52075,2593
2025,01/01/2025,ARANSAS,19005,17853,1152
2025,01/01/2025,ARCHER,6907,6650,257
2025,01/01/2025,ARMSTRONG,1423,1370,53
2025,01/01/2025,ATASCOSA,31460,30027,1433
2025,01/01/2025,AUSTIN,21673,20965,708
2025,01/01/2025,BAILEY,3150,2967,183
2025,01/01/2025,BANDERA,18949,17993,956
2025,01/01/2025,BASTROP,60064,57459,2605
2025,01/01/2025,BAYLOR,2374,2287,87
2025,01/01/2025,BEE,15258,14486,772
2025,01/01/2025,BELL,226833,205826,21007
2025,01/01/2025,BEXAR,1242876,1176500,66376
2025,01/01/2025,BLANCO,10867,10498,369
2025,01/01/2025,BORDEN,469,461,8
2025,01/01/2025,BOSQUE,13298,12779,519
2025,01/01/2025,BOWIE,59262,55100,4162
2025,01/01/2025,BRAZORIA,247663,235266,12397
2025,01/01/2025,BRAZOS,135245,125490,9755
2025,01/01/2025,BREWSTER,6910,6423,487
2025,01/01/2025,BRISCOE,990,955,35
2025,01/01/2025,BROOKS,4747,4387,360
2025,01/01/2025,BROWN,24957,23647,1310
2025,01/01/2025,BURLESON,13525,12994,531
2025,01/01/2025,BURNET,39036,37063,1973
2025,01/01/2025,CALDWELL,26131,24981,1150
2025,01/01/2025,CALHOUN,12641,12157,484
2025,01/01/2025,CALLAHAN,10159,9785,374
2025,01/01/2025,CAMERON,231397,220730,10667
2025,01/01/2025,CAMP,8291,7887,404
2025,01/01/2025,CARSON,4230,4082,148
2025,01/01/2025,CASS,21027,19985,1042
2025,01/01/2025,CASTRO,3569,3384,185
2025,01/01/2025,CHAMBERS,36905,35265,1640
2025,01/01/2025,CHEROKEE,31593,30246,1347
2025,01/01/2025,CHILDRESS,3674,3493,181
2025,01/01/2025,CLAY,8060,7816,244
2025,01/01/2025,COCHRAN,1576,1435,141
2025,01/01/2025,COKE,2422,2400,22
2025,01/01/2025,COLEMAN,6042,5833,209
2025,01/01/2025,COLLIN,728053,691844,36209
2025,01/01/2025,COLLINGSWORTH,1891,1891,0
2025,01/01/2025,COLORADO,14332,13982,350
2025,01/01/2025,COMAL,141525,134807,6718
2025,01/01/2025,COMANCHE,10028,9372,656
2025,01/01/2025,CONCHO,1753,1649,104
2025,01/01/2025,COOKE,29659,28455,1204
2025,01/01/2025,CORYELL,43340,38198,5142
2025,01/01/2025,COTTLE,946,893,53
2025,01/01/2025,CRANE,2593,2480,113
2025,01/01/2025,CROCKETT,2220,2145,75
2025,01/01/2025,CROSBY,3515,3193,322
2025,01/01/2025,CULBERSON,1687,1674,13
2025,01/01/2025,DALLAM,2711,2498,213
2025,01/01/2025,DALLAS,1426375,1331892,94483
2025,01/01/2025,DAWSON,6358,6055,303
2025,01/01/2025,DEAF SMITH,8398,7751,647
2025,01/01/2025,DELTA,4018,3887,131
2025,01/01/2025,DENTON,640988,605364,35624
2025,01/01/2025,DEWITT,11362,10817,545
2025,01/01/2025,DICKENS,1376,1306,70
2025,01/01/2025,DIMMIT,6476,6121,355
2025,01/01/2025,DONLEY,2428,2299,129
2025,01/01/2025,DUVAL,7805,7478,327
2025,01/01/2025,EASTLAND,12253,11592,661
2025,01/01/2025,ECTOR,84165,80379,3786
2025,01/01/2025,EDWARDS,1463,1389,74
2025,01/01/2025,ELLIS,146165,139447,6718
2025,01/01/2025,EL PASO,506572,476829,29743
2025,01/01/2025,ERATH,25877,24764,1113
2025,01/01/2025,FALLS,10544,9995,549
2025,01/01/2025,FANNIN,24174,22785,1389
2025,01/01/2025,FAYETTE,17898,17461,437
2025,01/01/2025,FISHER,2678,2615,63
2025,01/01/2025,FLOYD,3533,3414,119
2025,01/01/2025,FOARD,796,766,30
2025,01/01/2025,FORT BEND,545402,520571,24831
2025,01/01/2025,FRANKLIN,7491,7276,215
2025,01/01/2025,FREESTONE,13064,12689,375
2025,01/01/2025,FRIO,9360,8874,486
2025,01/01/2025,GAINES,10163,9820,343
2025,01/01/2025,GALVESTON,239948,227338,12610
2025,01/01/2025,GARZA,2493,2293,200
2025,01/01/2025,GILLESPIE,21314,20614,700
2025,01/01/2025,GLASSCOCK,843,807,36
2025,01/01/2025,GOLIAD,5643,5375,268
2025,01/01/2025,GONZALES,12830,12690,140
2025,01/01/2025,GRAY,11905,11196,709
2025,01/01/2025,GRAYSON,97742,92677,5065
2025,01/01/2025,GREGG,71579,69484,2095
2025,01/01/2025,GRIMES,20925,19932,993
2025,01/01/2025,GUADALUPE,133128,123008,10120
2025,01/01/2025,HALE,17703,17455,248
2025,01/01/2025,HALL,1788,1717,71
2025,01/01/2025,HAMILTON,6108,5852,256
2025,01/01/2025,HANSFORD,2881,2758,123
2025,01/01/2025,HARDEMAN,2311,2128,183
2025,01/01/2025,HARDIN,43172,40570,2602
2025,01/01/2025,HARRIS,2707922,2466931,240991
2025,01/01/2025,HARRISON,46136,44048,2088
2025,01/01/2025,HARTLEY,2723,2557,166
2025,01/01/2025,HASKELL,3335,3124,211
2025,01/01/2025,HAYS,183452,172439,11013
2025,01/01/2025,HEMPHILL,2232,2113,119
2025,01/01/2025,HENDERSON,58907,56219,2688
2025,01/01/2025,HIDALGO,439504,418266,21238
2025,01/01/2025,HILL,26839,26677,162
2025,01/01/2025,HOCKLEY,13699,13013,686
2025,01/01/2025,HOOD,51132,48747,2385
2025,01/01/2025,HOPKINS,24881,24103,778
2025,01/01/2025,HOUSTON,13443,12803,640
2025,01/01/2025,HOWARD,16285,15486,799
2025,01/01/2025,HUDSPETH,2040,1944,96
2025,01/01/2025,HUNT,71922,67925,3997
2025,01/01/2025,HUTCHINSON,12962,12279,683
2025,01/01/2025,IRION,1203,1155,48
2025,01/01/2025,JACK,5680,5457,223
2025,01/01/2025,JACKSON,9714,9288,426
2025,01/01/2025,JASPER,24078,23010,1068
2025,01/01/2025,JEFF DAVIS,1506,1429,77
2025,01/01/2025,JEFFERSON,143941,136042,7899
2025,01/01/2025,JIM HOGG,3379,3218,161
2025,01/01/2025,JIM WELLS,25453,24333,1120
2025,01/01/2025,JOHNSON,126737,121706,5031
2025,01/01/2025,JONES,10711,10274,437
2025,01/01/2025,KARNES,8065,7802,263
2025,01/01/2025,KAUFMAN,106700,103192,3508
2025,01/01/2025,KENDALL,38373,37188,1185
2025,01/01/2025,KENEDY,244,225,19
2025,01/01/2025,KENT,585,573,12
2025,01/01/2025,KERR,38776,37184,1592
2025,01/01/2025,KIMBLE,3268,3108,160
2025,01/01/2025,KING,167,160,7
2025,01/01/2025,KINNEY,2146,2037,109
2025,01/01/2025,KLEBERG,17532,16429,1103
2025,01/01/2025,KNOX,2213,2164,49
2025,01/01/2025,LAMAR,32269,30835,1434
2025,01/01/2025,LAMB,7583,7250,333
2025,01/01/2025,LAMPASAS,16613,16551,62
2025,01/01/2025,LASALLE,4034,3776,258
2025,01/01/2025,LAVACA,14032,13604,428
2025,01/01/2025,LEE,11865,11542,323
2025,01/01/2025,LEON,12402,12048,354
2025,01/01/2025,LIBERTY,54914,51961,2953
2025,01/01/2025,LIMESTONE,14182,13611,571
2025,01/01/2025,LIPSCOMB,1826,1758,68
2025,01/01/2025,LIVE OAK,7652,7076,576
2025,01/01/2025,LLANO,18024,17260,764
2025,01/01/2025,LOVING,117,111,6
2025,01/01/2025,LUBBOCK,193265,181508,11757
2025,01/01/2025,LYNN,4289,4063,226
2025,01/01/2025,MADISON,8282,7872,410
2025,01/01/2025,MARION,7611,7174,437
2025,01/01/2025,MARTIN,3394,3274,120
2025,01/01/2025,MASON,3236,3132,104
2025,01/01/2025,MATAGORDA,21442,20157,1285
2025,01/01/2025,MAVERICK,35230,33506,1724
2025,01/01/2025,MCCULLOCH,5271,4953,318
2025,01/01/2025,MCLENNAN,152648,133393,19255
2025,01/01/2025,MCMULLEN,656,656,0
2025,01/01/2025,MEDINA,38168,36606,1562
2025,01/01/2025,MENARD,1457,1399,58
2025,01/01/2025,MIDLAND,94341,89628,4713
2025,01/01/2025,MILAM,16982,16232,750
2025,01/01/2025,MILLS,3543,3362,181
2025,01/01/2025,MITCHELL,4339,4111,228
2025,01/01/2025,MONTAGUE,15401,14949,452
2025,01/01/2025,MONTGOMERY,448058,427116,20942
2025,01/01/2025,MOORE,9832,9320,512
2025,01/01/2025,MORRIS,8625,8270,355
2025,01/01/2025,MOTLEY,823,796,27
2025,01/01/2025,NACOGDOCHES,38996,36600,2396
2025,01/01/2025,NAVARRO,32513,30861,1652
2025,01/01/2025,NEWTON,9261,8839,422
2025,01/01/2025,NOLAN,8522,8170,352
2025,01/01/2025,NUECES,211483,198772,12711
2025,01/01/2025,OCHILTREE,5046,4764,282
2025,01/01/2025,OLDHAM,1311,1243,68
2025,01/01/2025,ORANGE,55238,53241,1997
2025,01/01/2025,PALO PINTO,20054,19145,909
2025,01/01/2025,PANOLA,17468,16694,774
2025,01/01/2025,PARKER,124359,119395,4964
2025,01/01/2025,PARMER,4464,4269,195
2025,01/01/2025,PECOS,8090,7442,648
2025,01/01/2025,POLK,41841,39179,2662
2025,01/01/2025,POTTER,56385,52130,4255
2025,01/01/2025,PRESIDIO,4228,3971,257
2025,01/01/2025,RAINS,9271,8828,443
2025,01/01/2025,RANDALL,97527,92453,5074
2025,01/01/2025,REAGAN,1740,1611,129
2025,01/01/2025,REAL,2688,2528,160
2025,01/01/2025,RED RIVER,8447,8090,357
2025,01/01/2025,REEVES,7760,7265,495
2025,01/01/2025,REFUGIO,4822,4560,262
2025,01/01/2025,ROBERTS,700,669,31
2025,01/01/2025,ROBERTSON,12304,11792,512
2025,01/01/2025,ROCKWALL,86871,83439,3432
2025,01/01/2025,RUNNELS,6693,6240,453
2025,01/01/2025,RUSK,33475,31920,1555
2025,01/01/2025,SABINE,8226,7846,380
2025,01/01/2025,SAN AUGUSTINE,5902,5697,205
2025,01/01/2025,SAN JACINTO,20188,19482,706
2025,01/01/2025,SAN PATRICIO,44166,41940,2226
2025,01/01/2025,SAN SABA,3704,3619,85
2025,01/01/2025,SCHLEICHER,1724,1663,61
2025,01/01/2025,SCURRY,9122,8717,405
2025,01/01/2025,SHACKELFORD,2436,2291,145
2025,01/01/2025,SHELBY,15965,15449,516
2025,01/01/2025,SHERMAN,1301,1282,19
2025,01/01/2025,SMITH,150109,147782,2327
2025,01/01/2025,SOMERVELL,7329,6997,332
2025,01/01/2025,STARR,35595,34462,1133
2025,01/01/2025,STEPHENS,5580,5242,338
2025,01/01/2025,STERLING,883,857,26
2025,01/01/2025,STONEWALL,972,972,0
2025,01/01/2025,SUTTON,2254,2161,93
2025,01/01/2025,SWISHER,3770,3533,237
2025,01/01/2025,TARRANT,1322931,1197256,125675
2025,01/01/2025,TAYLOR,90970,80707,10263
2025,01/01/2025,TERRELL,618,591,27
2025,01/01/2025,TERRY,6234,6041,193
2025,01/01/2025,THROCKMORTON,1191,1133,58
2025,01/01/2025,TITUS,17485,16873,612
2025,01/01/2025,TOM GREEN,70029,66383,3646
2025,01/01/2025,TRAVIS,886973,812371,74602
2025,01/01/2025,TRINITY,12126,11659,467
2025,01/01/2025,TYLER,14501,13930,571
2025,01/01/2025,UPSHUR,29978,29087,891
2025,01/01/2025,UPTON,2059,1966,93
2025,01/01/2025,UVALDE,17284,16437,847
2025,01/01/2025,VAL VERDE,29286,28281,1005
2025,01/01/2025,VAN ZANDT,40937,39751,1186
2025,01/01/2025,VICTORIA,56290,53893,2397
2025,01/01/2025,WALKER,37845,35698,2147
2025,01/01/2025,WALLER,43311,41119,2192
2025,01/01/2025,WARD,6780,6467,313
2025,01/01/2025,WASHINGTON,25171,24344,827
2025,01/01/2025,WEBB,143579,135971,7608
2025,01/01/2025,WHARTON,26182,24947,1235
2025,01/01/2025,WHEELER,3256,3093,163
2025,01/01/2025,WICHITA,76411,70667,5744
2025,01/01/2025,WILBARGER,8108,7547,561
2025,01/01/2025,WILLACY,11431,11218,213
2025,01/01/2025,WILLIAMSON,437332,412547,24785
2025,01/01/2025,WILSON,38790,37559,1231
2025,01/01/2025,WINKLER,3975,3752,223
2025,01/01/2025,WISE,55297,53012,2285
2025,01/01/2025,WOOD,35054,33638,1416
2025,01/01/2025,YOAKUM,4286,3953,333
2025,01/01/2025,YOUNG,12428,12263,165
2025,01/01/2025,ZAPATA,8190,7701,489
2025,01/01/2025,ZAVALA,7421,7083,338
2025,01/01/2025,TOTALS,18258249,17098434,1159815
2025,11/01/2025,ANDERSON,30579,29010,1569
2025,11/01/2025,ANDREWS,10564,10028,536
2025,11/01/2025,ANGELINA,55440,53049,2391
2025,11/01/2025,ARANSAS,19410,17913,1497
2025,11/01/2025,ARCHER,7021,6805,216
2025,11/01/2025,ARMSTRONG,1450,1405,45
2025,11/01/2025,ATASCOSA,32049,30529,1520
2025,11/01/2025,AUSTIN,22264,21581,683
2025,11/01/2025,BAILEY,3176,2990,186
2025,11/01/2025,BANDERA,19237,18286,951
2025,11/01/2025,BASTROP,62006,59446,2560
2025,11/01/2025,BAYLOR,2394,2319,75
2025,11/01/2025,BEE,15446,14680,766
2025,11/01/2025,BELL,235698,214305,21393
2025,11/01/2025,BEXAR,1284828,1218419,66409
2025,11/01/2025,BLANCO,11098,10749,349
2025,11/01/2025,BORDEN,466,457,9
2025,11/01/2025,BOSQUE,13524,12996,528
2025,11/01/2025,BOWIE,60338,56107,4231
2025,11/01/2025,BRAZORIA,253894,241962,11932
2025,11/01/2025,BRAZOS,136657,125336,11321
2025,11/01/2025,BREWSTER,6986,6517,469
2025,11/01/2025,BRISCOE,996,961,35
2025,11/01/2025,BROOKS,4720,4416,304
2025,11/01/2025,BROWN,25365,24091,1274
2025,11/01/2025,BURLESON,13864,13340,524
2025,11/01/2025,BURNET,39351,37496,1855
2025,11/01/2025,CALDWELL,27015,25798,1217
2025,11/01/2025,CALHOUN,12806,12359,447
2025,11/01/2025,CALLAHAN,10339,9961,378
2025,11/01/2025,CAMERON,236685,225567,11118
2025,11/01/2025,CAMP,8395,8017,378
2025,11/01/2025,CARSON,4267,4146,121
2025,11/01/2025,CASS,21451,20276,1175
2025,11/01/2025,CASTRO,3437,3437,0
2025,11/01/2025,CHAMBERS,38042,36479,1563
2025,11/01/2025,CHEROKEE,32240,30389,1851
2025,11/01/2025,CHILDRESS,3680,3471,209
2025,11/01/2025,CLAY,8214,7973,241
2025,11/01/2025,COCHRAN,1479,1400,79
2025,11/01/2025,COKE,2485,2468,17
2025,11/01/2025,COLEMAN,6104,5885,219
2025,11/01/2025,COLLIN,748754,696311,52443
2025,11/01/2025,COLLINGSWORTH,1911,1910,1
2025,11/01/2025,COLORADO,14528,14130,398
2025,11/01/2025,COMAL,146287,139601,6686
2025,11/01/2025,COMANCHE,10208,9618,590
2025,11/01/2025,CONCHO,1757,1647,110
2025,11/01/2025,COOKE,30371,29216,1155
2025,11/01/2025,CORYELL,44816,39828,4988
2025,11/01/2025,COTTLE,963,911,52
2025,11/01/2025,CRANE,2688,2607,81
2025,11/01/2025,CROCKETT,2228,2156,72
2025,11/01/2025,CROSBY,3562,3266,296
2025,11/01/2025,CULBERSON,1690,1674,16
2025,11/01/2025,DALLAM,2755,2508,247
2025,11/01/2025,DALLAS,1448145,1336991,111154
2025,11/01/2025,DAWSON,6438,6121,317
2025,11/01/2025,DEAF SMITH,8623,7993,630
2025,11/01/2025,DELTA,4066,3946,120
2025,11/01/2025,DENTON,644265,607837,36428
2025,11/01/2025,DEWITT,11353,10843,510
2025,11/01/2025,DICKENS,1376,1300,76
2025,11/01/2025,DIMMIT,6527,6193,334
2025,11/01/2025,DONLEY,2453,2331,122
2025,11/01/2025,DUVAL,7774,7463,311
2025,11/01/2025,EASTLAND,12443,11850,593
2025,11/01/2025,ECTOR,85605,81272,4333
2025,11/01/2025,EDWARDS,1462,1400,62
2025,11/01/2025,ELLIS,150721,142193,8528
2025,11/01/2025,EL PASO,516144,485208,30936
2025,11/01/2025,ERATH,26288,25269,1019
2025,11/01/2025,FALLS,10626,10135,491
2025,11/01/2025,FANNIN,24708,23334,1374
2025,11/01/2025,FAYETTE,18142,17724,418
2025,11/01/2025,FISHER,2711,2659,52
2025,11/01/2025,FLOYD,3551,3439,112
2025,11/01/2025,FOARD,795,771,24
2025,11/01/2025,FORT BEND,559321,519579,39742
2025,11/01/2025,FRANKLIN,7655,7453,202
2025,11/01/2025,FREESTONE,13329,12975,354
2025,11/01/2025,FRIO,9531,9050,481
2025,11/01/2025,GAINES,10501,10169,332
2025,11/01/2025,GALVESTON,245395,233355,12040
2025,11/01/2025,GARZA,2513,2326,187
2025,11/01/2025,GILLESPIE,21819,21143,676
2025,11/01/2025,GLASSCOCK,840,803,37
2025,11/01/2025,GOLIAD,5706,5443,263
2025,11/01/2025,GONZALES,13082,12930,152
2025,11/01/2025,GRAY,12054,11338,716
2025,11/01/2025,GRAYSON,100077,95205,4872
2025,11/01/2025,GREGG,70834,69014,1820
2025,11/01/2025,GRIMES,21342,20331,1011
2025,11/01/2025,GUADALUPE,121916,112868,9048
2025,11/01/2025,HALE,17978,17752,226
2025,11/01/2025,HALL,1826,1748,78
2025,11/01/2025,HAMILTON,6149,5906,243
2025,11/01/2025,HANSFORD,2912,2800,112
2025,11/01/2025,HARDEMAN,2280,2163,117
2025,11/01/2025,HARDIN,43665,41049,2616
2025,11/01/2025,HARRIS,2681462,2475466,205996
2025,11/01/2025,HARRISON,46788,44514,2274
2025,11/01/2025,HARTLEY,2741,2577,164
2025,11/01/2025,HASKELL,3387,3194,193
2025,11/01/2025,HAYS,190095,178397,11698
2025,11/01/2025,HEMPHILL,2266,2140,126
2025,11/01/2025,HENDERSON,60094,57634,2460
2025,11/01/2025,HIDALGO,449442,429864,19578
2025,11/01/2025,HILL,27529,27355,174
2025,11/01/2025,HOCKLEY,13977,13338,639
2025,11/01/2025,HOOD,52490,50276,2214
2025,11/01/2025,HOPKINS,25316,24574,742
2025,11/01/2025,HOUSTON,13642,12997,645
2025,11/01/2025,HOWARD,16523,15725,798
2025,11/01/2025,HUDSPETH,2095,2000,95
2025,11/01/2025,HUNT,74453,69719,4734
2025,11/01/2025,HUTCHINSON,13150,12479,671
2025,11/01/2025,IRION,1203,1159,44
2025,11/01/2025,JACK,5810,5604,206
2025,11/01/2025,JACKSON,9831,9421,410
2025,11/01/2025,JASPER,24386,23365,1021
2025,11/01/2025,JEFF DAVIS,1520,1448,72
2025,11/01/2025,JEFFERSON,145749,138113,7636
2025,11/01/2025,JIM HOGG,3365,3195,170
2025,11/01/2025,JIM WELLS,25746,24690,1056
2025,11/01/2025,JOHNSON,130664,125550,5114
2025,11/01/2025,JONES,10942,10535,407
2025,11/01/2025,KARNES,8157,7898,259
2025,11/01/2025,KAUFMAN,111617,107049,4568
2025,11/01/2025,KENDALL,39450,38141,1309
2025,11/01/2025,KENEDY,251,219,32
2025,11/01/2025,KENT,598,588,10
2025,11/01/2025,KERR,39225,37599,1626
2025,11/01/2025,KIMBLE,3316,3166,150
2025,11/01/2025,KING,170,163,7
2025,11/01/2025,KINNEY,2181,2051,130
2025,11/01/2025,KLEBERG,17792,16733,1059
2025,11/01/2025,KNOX,2245,2199,46
2025,11/01/2025,LAMAR,32826,31447,1379
2025,11/01/2025,LAMB,7651,7307,344
2025,11/01/2025,LAMPASAS,17065,17007,58
2025,11/01/2025,LASALLE,4000,3761,239
2025,11/01/2025,LAVACA,14334,13905,429
2025,11/01/2025,LEE,12035,11717,318
2025,11/01/2025,LEON,12629,12199,430
2025,11/01/2025,LIBERTY,56889,54036,2853
2025,11/01/2025,LIMESTONE,14372,13849,523
2025,11/01/2025,LIPSCOMB,1852,1788,64
2025,11/01/2025,LIVE OAK,7705,7114,591
2025,11/01/2025,LLANO,18272,17528,744
2025,11/01/2025,LOVING,140,129,11
2025,11/01/2025,LUBBOCK,197870,186386,11484
2025,11/01/2025,LYNN,4410,4179,231
2025,11/01/2025,MADISON,8448,8038,410
2025,11/01/2025,MARION,7725,7271,454
2025,11/01/2025,MARTIN,3508,3356,152
2025,11/01/2025,MASON,3265,3171,94
2025,11/01/2025,MATAGORDA,21944,20748,1196
2025,11/01/2025,MAVERICK,36219,34671,1548
2025,11/01/2025,MCCULLOCH,5325,4990,335
2025,11/01/2025,MCLENNAN,156303,134735,21568
2025,11/01/2025,MCMULLEN,660,660,0
2025,11/01/2025,MEDINA,39314,37868,1446
2025,11/01/2025,MENARD,1467,1412,55
2025,11/01/2025,MIDLAND,95754,90561,5193
2025,11/01/2025,MILAM,17264,16521,743
2025,11/01/2025,MILLS,3595,3417,178
2025,11/01/2025,MITCHELL,4418,4209,209
2025,11/01/2025,MONTAGUE,15466,15233,233
2025,11/01/2025,MONTGOMERY,464930,440818,24112
2025,11/01/2025,MOORE,10019,9524,495
2025,11/01/2025,MORRIS,8731,8393,338
2025,11/01/2025,MOTLEY,831,804,27
2025,11/01/2025,NACOGDOCHES,39480,36840,2640
2025,11/01/2025,NAVARRO,33326,31839,1487
2025,11/01/2025,NEWTON,9400,9003,397
2025,11/01/2025,NOLAN,8700,8374,326
2025,11/01/2025,NUECES,215017,203054,11963
2025,11/01/2025,OCHILTREE,5116,4847,269
2025,11/01/2025,OLDHAM,1348,1279,69
2025,11/01/2025,ORANGE,55996,54205,1791
2025,11/01/2025,PALO PINTO,20512,19664,848
2025,11/01/2025,PANOLA,17733,16980,753
2025,11/01/2025,PARKER,128563,121545,7018
2025,11/01/2025,PARMER,4496,4292,204
2025,11/01/2025,PECOS,8263,7597,666
2025,11/01/2025,POLK,42981,39890,3091
2025,11/01/2025,POTTER,57772,53168,4604
2025,11/01/2025,PRESIDIO,4322,4073,249
2025,11/01/2025,RAINS,9473,9023,450
2025,11/01/2025,RANDALL,100290,95073,5217
2025,11/01/2025,REAGAN,1780,1664,116
2025,11/01/2025,REAL,2702,2546,156
2025,11/01/2025,RED RIVER,8552,8220,332
2025,11/01/2025,REEVES,7897,7388,509
2025,11/01/2025,REFUGIO,4891,4621,270
2025,11/01/2025,ROBERTS,714,690,24
2025,11/01/2025,ROBERTSON,12528,12013,515
2025,11/01/2025,ROCKWALL,89886,86472,3414
2025,11/01/2025,RUNNELS,6717,6280,437
2025,11/01/2025,RUSK,34067,32566,1501
2025,11/01/2025,SABINE,8330,7980,350
2025,11/01/2025,SAN AUGUSTINE,5949,5750,199
2025,11/01/2025,SAN JACINTO,20614,19941,673
2025,11/01/2025,SAN PATRICIO,45092,42944,2148
2025,11/01/2025,SAN SABA,3760,3679,81
2025,11/01/2025,SCHLEICHER,1727,1689,38
2025,11/01/2025,SCURRY,9241,8872,369
2025,11/01/2025,SHACKELFORD,2462,2290,172
2025,11/01/2025,SHELBY,16245,15755,490
2025,11/01/2025,SHERMAN,1325,1299,26
2025,11/01/2025,SMITH,142997,140252,2745
2025,11/01/2025,SOMERVELL,7526,7207,319
2025,11/01/2025,STARR,36130,35077,1053
2025,11/01/2025,STEPHENS,5760,5473,287
2025,11/01/2025,STERLING,869,846,23
2025,11/01/2025,STONEWALL,975,975,0
2025,11/01/2025,SUTTON,2293,2197,96
2025,11/01/2025,SWISHER,3802,3585,217
2025,11/01/2025,TARRANT,1289698,1216018,73680
2025,11/01/2025,TAYLOR,83280,76934,6346
2025,11/01/2025,TERRELL,616,591,25
2025,11/01/2025,TERRY,6371,6202,169
2025,11/01/2025,THROCKMORTON,1193,1140,53
2025,11/01/2025,TITUS,17824,17249,575
2025,11/01/2025,TOM GREEN,71493,67968,3525
2025,11/01/2025,TRAVIS,907355,833810,73545
2025,11/01/2025,TRINITY,12239,11647,592
2025,11/01/2025,TYLER,14719,14162,557
2025,11/01/2025,UPSHUR,30611,29767,844
2025,11/01/2025,UPTON,2065,1973,92
2025,11/01/2025,UVALDE,17497,16623,874
2025,11/01/2025,VAL VERDE,30167,29222,945
2025,11/01/2025,VAN ZANDT,41887,40578,1309
2025,11/01/2025,VICTORIA,57011,54756,2255
2025,11/01/2025,WALKER,38672,36597,2075
2025,11/01/2025,WALLER,44650,42540,2110
2025,11/01/2025,WARD,6896,6554,342
2025,11/01/2025,WASHINGTON,25665,24847,818
2025,11/01/2025,WEBB,144584,137391,7193
2025,11/01/2025,WHARTON,26631,25545,1086
2025,11/01/2025,WHEELER,3327,3163,164
2025,11/01/2025,WICHITA,77389,72063,5326
2025,11/01/2025,WILBARGER,8159,7635,524
2025,11/01/2025,WILLACY,11532,11327,205
2025,11/01/2025,WILLIAMSON,450901,412891,38010
2025,11/01/2025,WILSON,39504,38356,1148
2025,11/01/2025,WINKLER,4106,3903,203
2025,11/01/2025,WISE,57285,54982,2303
2025,11/01/2025,WOOD,34933,33483,1450
2025,11/01/2025,YOAKUM,4336,4029,307
2025,11/01/2025,YOUNG,12563,12314,249
2025,11/01/2025,ZAPATA,8105,7796,309
2025,11/01/2025,ZAVALA,7460,7146,314
2025,11/01/2025,TOTALS,18488166,17349980,1138186
2026,03/01/2026,ANDERSON,30678,29166,1512
2026,03/01/2026,ANDREWS,10637,10113,524
2026,03/01/2026,ANGELINA,55445,53198,2247
2026,03/01/2026,ARANSAS,19411,17970,1441
2026,03/01/2026,ARCHER,7005,6808,197
2026,03/01/2026,ARMSTRONG,1441,1399,42
2026,03/01/2026,ATASCOSA,32209,30774,1435
2026,03/01/2026,AUSTIN,22371,20916,1455
2026,03/01/2026,BAILEY,3102,2921,181
2026,03/01/2026,BANDERA,19234,18361,873
2026,03/01/2026,BASTROP,62653,59723,2930
2026,03/01/2026,BAYLOR,2410,2336,74
2026,03/01/2026,BEE,15491,14313,1178
2026,03/01/2026,BELL,234576,213473,21103
2026,03/01/2026,BEXAR,1293128,1229127,64001
2026,03/01/2026,BLANCO,11110,10793,317
2026,03/01/2026,BORDEN,468,459,9
2026,03/01/2026,BOSQUE,13504,12992,512
2026,03/01/2026,BOWIE,60472,56278,4194
2026,03/01/2026,BRAZORIA,254533,242972,11561
2026,03/01/2026,BRAZOS,138990,127281,11709
2026,03/01/2026,BREWSTER,7018,6564,454
2026,03/01/2026,BRISCOE,1000,972,28
2026,03/01/2026,BROOKS,4730,4444,286
2026,03/01/2026,BROWN,25461,24196,1265
2026,03/01/2026,BURLESON,13967,13465,502
2026,03/01/2026,BURNET,39586,37701,1885
2026,03/01/2026,CALDWELL,27268,26049,1219
2026,03/01/2026,CALHOUN,12841,12415,426
2026,03/01/2026,CALLAHAN,10371,9967,404
2026,03/01/2026,CAMERON,238192,227639,10553
2026,03/01/2026,CAMP,8424,8136,288
2026,03/01/2026,CARSON,4214,4049,165
2026,03/01/2026,CASS,21620,20345,1275
2026,03/01/2026,CASTRO,3488,3488,0
2026,03/01/2026,CHAMBERS,38164,36651,1513
2026,03/01/2026,CHEROKEE,32215,30478,1737
2026,03/01/2026,CHILDRESS,3668,3466,202
2026,03/01/2026,CLAY,8220,7985,235
2026,03/01/2026,COCHRAN,1477,1408,69
2026,03/01/2026,COKE,2508,2491,17
2026,03/01/2026,COLEMAN,6105,5896,209
2026,03/01/2026,COLLIN,752502,696527,55975
2026,03/01/2026,COLLINGSWORTH,1936,1936,0
2026,03/01/2026,COLORADO,14523,13745,778
2026,03/01/2026,COMAL,147503,140940,6563
2026,03/01/2026,COMANCHE,10226,9610,616
2026,03/01/2026,CONCHO,1748,1641,107
2026,03/01/2026,COOKE,30493,29369,1124
2026,03/01/2026,CORYELL,45909,41029,4880
2026,03/01/2026,COTTLE,965,893,72
2026,03/01/2026,CRANE,2732,2655,77
2026,03/01/2026,CROCKETT,2236,2162,74
2026,03/01/2026,CROSBY,3586,3298,288
2026,03/01/2026,CULBERSON,1703,1688,15
2026,03/01/2026,DALLAM,2774,2533,241
2026,03/01/2026,DALLAS,1463708,1334693,129015
2026,03/01/2026,DAWSON,6432,6112,320
2026,03/01/2026,DEAF SMITH,8722,8104,618
2026,03/01/2026,DELTA,4080,3962,118
2026,03/01/2026,DENTON,644341,588597,55744
2026,03/01/2026,DEWITT,11480,10984,496
2026,03/01/2026,DICKENS,1363,1293,70
2026,03/01/2026,DIMMIT,6550,6221,329
2026,03/01/2026,DONLEY,2453,2338,115
2026,03/01/2026,DUVAL,7839,7536,303
2026,03/01/2026,EASTLAND,12510,11928,582
2026,03/01/2026,ECTOR,85664,81372,4292
2026,03/01/2026,EDWARDS,1467,1408,59
2026,03/01/2026,EL PASO,152671,139382,13289
2026,03/01/2026,ELLIS,518817,471781,47036
2026,03/01/2026,ERATH,26306,25331,975
2026,03/01/2026,FALLS,10665,10185,480
2026,03/01/2026,FANNIN,24815,23477,1338
2026,03/01/2026,FAYETTE,18167,17758,409
2026,03/01/2026,FISHER,2741,2688,53
2026,03/01/2026,FLOYD,3578,3474,104
2026,03/01/2026,FOARD,788,764,24
2026,03/01/2026,FORT BEND,567664,524289,43375
2026,03/01/2026,FRANKLIN,7697,7530,167
2026,03/01/2026,FREESTONE,13398,13074,324
2026,03/01/2026,FRIO,9584,9113,471
2026,03/01/2026,GAINES,10574,10058,516
2026,03/01/2026,GALVESTON,246657,235112,11545
2026,03/01/2026,GARZA,2493,2312,181
2026,03/01/2026,GILLESPIE,21928,21240,688
2026,03/01/2026,GLASSCOCK,842,802,40
2026,03/01/2026,GOLIAD,5684,5435,249
2026,03/01/2026,GONZALES,13160,13009,151
2026,03/01/2026,GRAY,12112,11406,706
2026,03/01/2026,GRAYSON,100887,92649,8238
2026,03/01/2026,GREGG,73217,70125,3092
2026,03/01/2026,GRIMES,21519,20483,1036
2026,03/01/2026,GUADALUPE,128124,118631,9493
2026,03/01/2026,HALE,18103,17884,219
2026,03/01/2026,HALL,1835,1757,78
2026,03/01/2026,HAMILTON,6181,5925,256
2026,03/01/2026,HANSFORD,2952,2842,110
2026,03/01/2026,HARDEMAN,2269,2158,111
2026,03/01/2026,HARDIN,43555,41005,2550
2026,03/01/2026,HARRIS,2702952,2504583,198369
2026,03/01/2026,HARRISON,47042,44866,2176
2026,03/01/2026,HARTLEY,2768,2603,165
2026,03/01/2026,HASKELL,3405,3222,183
2026,03/01/2026,HAYS,193013,180935,12078
2026,03/01/2026,HEMPHILL,2272,2151,121
2026,03/01/2026,HENDERSON,60148,57822,2326
2026,03/01/2026,HIDALGO,451612,432860,18752
2026,03/01/2026,HILL,27498,27331,167
2026,03/01/2026,HOCKLEY,14077,13446,631
2026,03/01/2026,HOOD,52728,50597,2131
2026,03/01/2026,HOPKINS,25317,24620,697
2026,03/01/2026,HOUSTON,13691,12988,703
2026,03/01/2026,HOWARD,16618,15840,778
2026,03/01/2026,HUDSPETH,2121,2025,96
2026,03/01/2026,HUNT,74838,70295,4543
2026,03/01/2026,HUTCHINSON,13169,12514,655
2026,03/01/2026,IRION,1205,1159,46
2026,03/01/2026,JACK,5811,5612,199
2026,03/01/2026,JACKSON,9914,9508,406
2026,03/01/2026,JASPER,24411,23441,970
2026,03/01/2026,JEFF DAVIS,1546,1477,69
2026,03/01/2026,JEFFERSON,146331,138861,7470
2026,03/01/2026,JIM HOGG,3410,3254,156
2026,03/01/2026,JIM WELLS,25864,24835,1029
2026,03/01/2026,JOHNSON,132109,127159,4950
2026,03/01/2026,JONES,10967,10578,389
2026,03/01/2026,KARNES,8210,7695,515
2026,03/01/2026,KAUFMAN,113504,109083,4421
2026,03/01/2026,KENDALL,39850,38574,1276
2026,03/01/2026,KENEDY,268,241,27
2026,03/01/2026,KENT,601,591,10
2026,03/01/2026,KERR,39293,37682,1611
2026,03/01/2026,KIMBLE,3312,3171,141
2026,03/01/2026,KING,180,173,7
2026,03/01/2026,KINNEY,2197,2076,121
2026,03/01/2026,KLEBERG,17784,16772,1012
2026,03/01/2026,KNOX,2244,2199,45
2026,03/01/2026,LAMAR,33012,31676,1336
2026,03/01/2026,LAMB,7676,7343,333
2026,03/01/2026,LAMPASAS,17188,17137,51
2026,03/01/2026,LASALLE,4044,3825,219
2026,03/01/2026,LAVACA,14399,13993,406
2026,03/01/2026,LEE,12068,11253,815
2026,03/01/2026,LEON,12551,12237,314
2026,03/01/2026,LIBERTY,57715,54813,2902
2026,03/01/2026,LIMESTONE,14376,13885,491
2026,03/01/2026,LIPSCOMB,1871,1809,62
2026,03/01/2026,LIVE OAK,7663,6764,899
2026,03/01/2026,LLANO,18267,17546,721
2026,03/01/2026,LOVING,149,138,11
2026,03/01/2026,LUBBOCK,199184,188098,11086
2026,03/01/2026,LYNN,4444,4201,243
2026,03/01/2026,MADISON,8436,8000,436
2026,03/01/2026,MARION,7759,7318,441
2026,03/01/2026,MARTIN,3572,3425,147
2026,03/01/2026,MASON,3266,3176,90
2026,03/01/2026,MATAGORDA,22085,20921,1164
2026,03/01/2026,MAVERICK,36539,35034,1505
2026,03/01/2026,MCCULLOCH,5346,5029,317
2026,03/01/2026,MCLENNAN,158055,128724,29331
2026,03/01/2026,MCMULLEN,657,657,0
2026,03/01/2026,MEDINA,39520,38125,1395
2026,03/01/2026,MENARD,1473,1413,60
2026,03/01/2026,MIDLAND,97651,92405,5246
2026,03/01/2026,MILAM,17179,16475,704
2026,03/01/2026,MILLS,3596,3423,173
2026,03/01/2026,MITCHELL,4457,4257,200
2026,03/01/2026,MONTAGUE,15522,15299,223
2026,03/01/2026,MONTGOMERY,469174,421537,47637
2026,03/01/2026,MOORE,10080,9600,480
2026,03/01/2026,MORRIS,8731,8167,564
2026,03/01/2026,MOTLEY,838,814,24
2026,03/01/2026,NACOGDOCHES,39731,37025,2706
2026,03/01/2026,NAVARRO,33638,32202,1436
2026,03/01/2026,NEWTON,9447,9055,392
2026,03/01/2026,NOLAN,8746,8431,315
2026,03/01/2026,NUECES,216123,201963,14160
2026,03/01/2026,OCHILTREE,5129,4876,253
2026,03/01/2026,OLDHAM,1370,1257,113
2026,03/01/2026,ORANGE,56206,54454,1752
2026,03/01/2026,PALO PINTO,20521,19763,758
2026,03/01/2026,PANOLA,17755,17076,679
2026,03/01/2026,PARKER,129537,122649,6888
2026,03/01/2026,PARMER,4523,4322,201
2026,03/01/2026,PECOS,8319,7603,716
2026,03/01/2026,POLK,43352,39202,4150
2026,03/01/2026,POTTER,57952,53205,4747
2026,03/01/2026,PRESIDIO,4395,4157,238
2026,03/01/2026,RAINS,9549,9115,434
2026,03/01/2026,RANDALL,100698,95483,5215
2026,03/01/2026,REAGAN,1792,1676,116
2026,03/01/2026,REAL,2670,2403,267
2026,03/01/2026,RED RIVER,8547,8239,308
2026,03/01/2026,REEVES,7880,7392,488
2026,03/01/2026,REFUGIO,4895,4639,256
2026,03/01/2026,ROBERTS,718,666,52
2026,03/01/2026,ROBERTSON,12589,12097,492
2026,03/01/2026,ROCKWALL,90726,87393,3333
2026,03/01/2026,RUNNELS,6748,6322,426
2026,03/01/2026,RUSK,34313,32795,1518
2026,03/01/2026,SABINE,8332,8000,332
2026,03/01/2026,SAN AUGUSTINE,5988,5699,289
2026,03/01/2026,SAN JACINTO,20745,20118,627
2026,03/01/2026,SAN PATRICIO,45066,43036,2030
2026,03/01/2026,SAN SABA,3758,3683,75
2026,03/01/2026,SCHLEICHER,1749,1713,36
2026,03/01/2026,SCURRY,9226,8886,340
2026,03/01/2026,SHACKELFORD,2459,2291,168
2026,03/01/2026,SHELBY,16329,15846,483
2026,03/01/2026,SHERMAN,1333,1308,25
2026,03/01/2026,SMITH,160066,157566,2500
2026,03/01/2026,SOMERVELL,7561,7242,319
2026,03/01/2026,STARR,36051,35045,1006
2026,03/01/2026,STEPHENS,5834,5560,274
2026,03/01/2026,STERLING,903,879,24
2026,03/01/2026,STONEWALL,978,978,0
2026,03/01/2026,SUTTON,2282,2192,90
2026,03/01/2026,SWISHER,3834,3615,219
2026,03/01/2026,TARRANT,1306427,1233360,73067
2026,03/01/2026,TAYLOR,85075,78526,6549
2026,03/01/2026,TERRELL,614,592,22
2026,03/01/2026,TERRY,6420,6263,157
2026,03/01/2026,THROCKMORTON,1181,1144,37
2026,03/01/2026,TITUS,17979,17429,550
2026,03/01/2026,TOM GREEN,72329,68999,3330
2026,03/01/2026,TRAVIS,920645,849641,71004
2026,03/01/2026,TRINITY,12255,11685,570
2026,03/01/2026,TYLER,14814,14258,556
2026,03/01/2026,UPSHUR,30686,29880,806
2026,03/01/2026,UPTON,2079,1986,93
2026,03/01/2026,UVALDE,17599,16758,841
2026,03/01/2026,VAL VERDE,30490,29577,913
2026,03/01/2026,VAN ZANDT,42052,40804,1248
2026,03/01/2026,VICTORIA,57085,54930,2155
2026,03/01/2026,WALKER,38969,36968,2001
2026,03/01/2026,WALLER,44615,42306,2309
2026,03/01/2026,WARD,6946,6613,333
2026,03/01/2026,WASHINGTON,25667,24727,940
2026,03/01/2026,WEBB,146897,137918,8979
2026,03/01/2026,WHARTON,26568,25529,1039
2026,03/01/2026,WHEELER,3348,3185,163
2026,03/01/2026,WICHITA,77505,72189,5316
2026,03/01/2026,WILBARGER,8192,7686,506
2026,03/01/2026,WILLACY,11567,11375,192
2026,03/01/2026,WILLIAMSON,455181,419131,36050
2026,03/01/2026,WILSON,39755,38641,1114
2026,03/01/2026,WINKLER,4130,3935,195
2026,03/01/2026,WISE,57826,55502,2324
2026,03/01/2026,WOOD,35376,32002,3374
2026,03/01/2026,YOAKUM,4323,4054,269
2026,03/01/2026,YOUNG,12672,12432,240
2026,03/01/2026,ZAPATA,8119,7845,274
2026,03/01/2026,ZAVALA,7513,7226,287
2026,03/01/2026,TOTALS,18657918,17429000,1228918
